a	/ə/
a.	/ˈeɪ/
a.'s	/ˈeɪz/
a.d.	/ˌeɪˈdi/
a.m.	/ˌeɪˈɛm/
a.s	/ˈeɪz/
a's	/ˈeɪz/
aaa	/ˌtɹɪpəˈleɪ/
aaberg	/ˈɑbɚɡ/
aachen	/ˈɑkən/
aachener	/ˈɑkənɚ/
aaker	/ˈɑkɚ/
aalborg	/ˈɔlbɔɹɡ#place,danish/
aalburg	/ˈælbɚɡ#place,dutch/
aalen	/ˈælən#place,german/
aaliyah	/ˌɑˈliˌɑ/
aalseth	/ˈɑlsɛθ/
aalsmeer	/ˈɑlsmɪɹ#place,dutch/
aalto	/ˈɑlˌtoʊ#name,finnish/
aamodt	/ˈɑmət/
aancor	/ˈɑnˌkɔɹ/
aardema	/ɑɹˈdɛmə/
aardvark	/ˈɑɹdˌvɑɹk/
aardvarks	/ˈɑɹdˌvɑɹks/
aargh	/ˈɑɹɡ/
aarhus	/ˌɑˈhus/
aaron	/ˈɛɹən/
aaron's	/ˈɛɹənz/
aarons	/ˈɛɹənz/
aaronson	/ˈɛɹənsən/
aaronson's	/ˈɛɹənsənz/
aarti	/ˈɑɹˌti/
aase	/ˈɑs/
aasen	/ˈɑsən/
ab	/ˈæb/
aba	/ˌeɪˌbiˈeɪ/
ababa	/əˈbɑbə/
abacha	/ˈæbəkə/
aback	/əˈbæk/
abaco	/ˈæbəˌkoʊ/
abacus	/ˈæbəkəs/
abad	/əˈbɑd/
abadaka	/əˈbædəkə/
abadi	/əˈbædi/
abadie	/əˈbædi/
abair	/əˈbɛɹ/
abalkin	/əˈbɑlkɪn/
abalone	/ˌæbəˈloʊni/
abalones	/ˌæbəˈloʊniz/
abalos	/ɑˈbɑloʊz/
abandon	/əˈbændən/
abandoned	/əˈbændənd/
abandoning	/əˈbændənɪŋ/
abandonment	/əˈbændənmənt/
abandonments	/əˈbændənmənts/
abandons	/əˈbændənz/
abanto	/əˈbæntoʊ/
abarca	/əˈbɑɹkə/
abare	/ɑˈbɑɹi/
abascal	/ˈæbəskəl/
abash	/əˈbæʃ/
abashed	/əˈbæʃt/
abasia	/əˈbeɪʒjə/
abate	/əˈbeɪt/
abated	/əˈbeɪtɪd/
abatement	/əˈbeɪtmənt/
abatements	/əˈbeɪtmənts/
abates	/əˈbeɪts/
abating	/əˈbeɪtɪŋ/
abattoir	/ˌæbəˈtwɑɹ/
abba	/ˈæbə/
abbado	/əˈbɑdoʊ/
abbas	/əˈbɑs/
abbasi	/ɑˈbɑsi/
abbate	/ˈɑbeɪt/
abbatiello	/ɑbɑtiˈɛloʊ/
abbe	/ˈæbi/
abbenhaus	/ˈæbənˌhaʊs/
abbett	/əˈbɛt/
abbeville	/ˈæbvɪl/
abbey	/ˈæbi/
abbey's	/ˈæbiz/
abbie	/ˈæbi/
abbitt	/ˈæbɪt/
abbot	/ˈæbət/
abbotstown	/ˈæbətˈstaʊn/
abbott	/ˈæbət/
abbott's	/ˈæbəts/
abbottstown	/ˈæbətˈstaʊn/
abboud	/əˈbud/
abbreviate	/əˈbɹiviˌeɪt/
abbreviated	/əˈbɹiviˌeɪtɪd/
abbreviates	/əˈbɹiviˌeɪts/
abbreviating	/əˈbɹiviˌeɪtɪŋ/
abbreviation	/əˌbɹiviˈeɪʃən/
abbreviations	/əˌbɹiviˈeɪʃənz/
abbruzzese	/ɑbɹutˈseɪzi/
abbs	/ˈæbz/
abby	/ˈæbi/
abc	/ˈeɪˌbiˌsi/
abc's	/ˈeɪˌbiˌsiz/
abco	/ˈæbkoʊ/
abcotek	/ˈæbkoʊˌtɛk/
abcs	/ˈeɪˌbiˌsiz/
abd	/ˌeɪˌbiˈdi/
abdalla	/ˌæbˈdælə/
abdallah	/ˌæbˈdælə/
abdel	/ˈæbˌdɛl/
abdella	/ˌæbˈdɛlə/
abdicate	/ˈæbdəˌkeɪt/
abdicated	/ˈæbdəˌkeɪtɪd/
abdicates	/ˈæbdəˌkeɪts/
abdicating	/ˈæbdɪˌkeɪtɪŋ/
abdication	/ˌæbdɪˈkeɪʃən/
abdnor	/ˈæbdnɚ/
abdo	/ˈæbdoʊ/
abdollah	/ˌæbˈdɑlə/
abdomen	/æbˈdoʊmən/
abdominal	/æbˈdɑmənəl/
abduct	/æbˈdʌkt/
abducted	/æbˈdʌktɪd/
abductee	/æbˌdʌkˈti/
abductees	/æbˌdʌkˈtiz/
abducting	/æbˈdʌktɪŋ/
abduction	/æbˈdʌkʃən/
abductions	/æbˈdʌkʃənz/
abductor	/æbˈdʌktɚ/
abductors	/æbˈdʌktɚz/
abducts	/æbˈdʌkts/
abdul	/æbˈdul/
abdulaziz	/æbˌduləˈziz/
abdulla	/ɑbˈdulə/
abdullah	/ˌæbˈdʌlə/
abe	/ˈeɪb/
abed	/əˈbɛd/
abedi	/əˈbɛdi/
abee	/əˈbi/
abel	/ˈeɪbəl/
abela	/ɑˈbɛlə/
abelard	/ˈæbɪlɚd/
abele	/əˈbɛl/
abeles	/əˈbɛlz/
abell	/ˈeɪbəl/
abella	/əˈbɛlə/
abeln	/ˈæbɪln/
abelow	/ˈæbəloʊ/
abels	/ˈeɪbəlz/
abelson	/ˈæbɪlsən/
abend	/ˈæbɛnd/
abendroth	/ˈæbɪndɹɔθ/
aber	/ˈeɪbɚ/
abercrombie	/ˌæbɚˈkɹɑmbi/
aberdeen	/ˈæbɚˌdin/
aberford	/ˈeɪbɚfɚd/
aberg	/ˈæbɚɡ/
aberle	/ˈæbɚəl/
abermin	/ˈæbɚmɪn/
abernathy	/ˈæbɚˌnæθi/
abernethy	/ˈæbɚˌnɛθi/
aberrant	/æˈbɛɹənt/
aberration	/ˌæbɚˈeɪʃən/
aberrational	/ˌæbɚˈeɪʃənəl/
aberrations	/ˌæbɚˈeɪʃənz/
abert	/ˈæbɚt/
abet	/əˈbɛt/
abetted	/əˈbɛtɪd/
abetting	/əˈbɛtɪŋ/
abex	/ˈeɪbɛks/
abeyance	/əˈbeɪəns/
abeyta	/ɑˈbeɪtə/
abhor	/æbˈhɔɹ/
abhorred	/əbˈhɔɹd/
abhorrence	/əbˈhɔɹəns/
abhorrent	/æbˈhɔɹənt/
abhors	/əbˈhɔɹz/
abiam	/ˈeɪbiəm/
abiam's	/ˈeɪbiəmz/
abid	/ˈeɪbɪd/
abide	/əˈbaɪd/
abided	/əˈbaɪdɪd/
abides	/əˈbaɪdz/
abiding	/əˈbaɪdɪŋ/
abidjan	/æbɪˈdʒɑn/
abie	/ˈæbi/
abigail	/ˈæbəˌɡeɪl/
abila	/ɑˈbilə/
abilene	/ˈæbɪˌlin/
abilities	/əˈbɪləˌtiz/
ability	/əˈbɪləˌti/
abimael	/ˌæbɪˈmeɪl/
abimaels	/ˌæbɪˈmeɪlz/
abingdon	/ˈæbɪŋdən/
abington	/ˈæbɪŋtən/
abio	/ˈɑbioʊ/
abiola	/ˌɑbiˈoʊlə/
abiola's	/ˌɑbiˈoʊləz/
abiomed	/eɪˈbiəmɛd/
abiquiu	/əˈbɪkju/
abitibi	/ˌæbɪˈtibi/
abitz	/ˈæbɪts/
abject	/ˈæbdʒɛkt/
abkhazia	/æbˈkɑzjə/
abkhazian	/æbˈkɑziən/
abkhazians	/æbˈkɑziənz/
ablate	/ˌʌˈbleɪt/
ablation	/ˌʌˈbleɪʃən/
ablaze	/əˈbleɪz/
able	/ˈeɪbəl/
able-bodied	/ˈeɪbəlˈbɑdid/
abled	/ˈeɪbəld/
abler	/ˈeɪbəlɚ/
ables	/ˈeɪbəlz/
ablest	/ˈeɪbəlst/
abloom	/əˈblum/
ablution	/əˈbluʃən/
ablutions	/əˈbluʃənz/
ably	/ˈeɪbli/
abnegation	/ˌæbnɛˈɡeɪʃən/
abner	/ˈæbnɚ/
abney	/ˈæbni/
abnormal	/æbˈnɔɹməl/
abnormalities	/ˌæbnɔɹˈmælətiz/
abnormality	/ˌæbnɔɹˈmæləti/
abnormally	/æbˈnɔɹməli/
abo	/ˈɑboʊ/
abo's	/ˈɑboʊz/
aboard	/əˈbɔɹd/
abode	/əˈboʊd/
abohalima	/æbəhəˈlimə/
abolish	/əˈbɑlɪʃ/
abolished	/əˈbɑlɪʃt/
abolishes	/əˈbɑlɪʃɪz/
abolishing	/əˈbɑlɪʃɪŋ/
abolition	/ˌæbəˈlɪʃən/
abolitionism	/ˌæbəˈlɪʃəˌnɪzəm/
abolitionist	/ˌæbəˈlɪʃənəst/
abolitionists	/ˌæbəˈlɪʃənəsts/
abominable	/əˈbɑmənəbəl/
abomination	/əˌbɑməˈneɪʃən/
abominations	/əˌbɑməˈneɪʃənz/
abood	/əˈbud/
aboodi	/əˈbudi/
abor	/əˈbɔɹ/
aboriginal	/ˌæbɚˈɪdʒənəl/
aborigine	/ˌæbɚˈɪdʒəni/
aborigines	/ˌæbɚˈɪdʒəniz/
aborn	/əˈbɔɹn/
abort	/əˈbɔɹt/
aborted	/əˈbɔɹtɪd/
abortifacient	/əˌbɔɹtəˈfeɪʃənt/
abortifacients	/əˌbɔɹtəˈfeɪʃənts/
aborting	/əˈbɔɹtɪŋ/
abortion	/əˈbɔɹʃən/
abortionist	/əˈbɔɹʃənɪst/
abortionists	/əˈbɔɹʃənɪsts/
abortions	/əˈbɔɹʃənz/
abortive	/əˈbɔɹtɪv/
aborts	/əˈbɔɹts/
abott	/əˈbɑt/
abou	/əˈbu/
aboud	/ɑˈbud/
abouhalima	/ˌɑbuhɑˈlimə/
abouhalima's	/ˌɑbuhɑˈliməz/
abound	/əˈbaʊnd/
abounded	/əˈbaʊndɪd/
abounding	/əˈbaʊndɪŋ/
abounds	/əˈbaʊndz/
about	/əˈbaʊt/
about's	/əˈbaʊts/
above	/əˈbʌv/
above's	/əˈbʌvz/
aboveboard	/əˈbʌvˌbɔɹd/
abplanalp	/ˈæbplənælp/
abra	/ˈɑbɹə/
abracadabra	/ˌæbɹəkəˈdæbɹə/
abrade	/æˈbɹeɪd/
abraded	/æˈbɹeɪdɪd/
abrades	/æˈbɹeɪdz/
abraham	/ˈeɪbɹəˌhæm/
abrahamian	/ˌæbɹəˈheɪmiən/
abrahams	/ˈeɪbɹəˌhæmz/
abrahamsen	/æbɹəˈhæmsən/
abrahamson	/əˈbɹæhəmsən/
abram	/əˈbɹæm/
abram's	/ˈeɪbɹəmz/
abramczyk	/ˈɑbɹəmtʃɪk/
abramo	/ɑˈbɹɑmoʊ/
abramovitz	/əˈbɹɑməvɪts/
abramowicz	/əˈbɹɑməvɪtʃ/
abramowitz	/əˈbɹɑməwɪts/
abrams	/ˈeɪbɹəmz/
abrams's	/ˈeɪbɹəmzɪz/
abramson	/ˈeɪbɹəmsən/
abrasion	/əˈbɹeɪʒən/
abrasions	/əˈbɹeɪʒənz/
abrasive	/əˈbɹeɪsɪv/
abrasives	/əˈbɹeɪsɪvz/
abraxa	/əˈbɹæksə/
abraxa's	/əˈbɹæksəz/
abraxas	/əˈbɹæksəz/
abreast	/əˈbɹɛst/
abrego	/ɑˈbɹɛɡoʊ/
abreu	/əˈbɹu/
abridge	/əˈbɹɪdʒ/
abridged	/əˈbɹɪdʒd/
abridgement	/əˈbɹɪdʒmənt/
abridges	/əˈbɹɪdʒəz/
abridging	/əˈbɹɪdʒɪŋ/
abril	/əˈbɹɪl/
abroad	/əˈbɹɔd/
abrogate	/ˈæbɹəˌɡeɪt/
abrogated	/ˈæbɹəˌɡeɪtɪd/
abrogating	/ˈæbɹəˌɡeɪtɪŋ/
abrogation	/ˌæbɹəˈɡeɪʃən/
abrol	/əˈbɹoʊl/
abron	/əˈbɹɑn/
abrupt	/əˈbɹʌpt/
abruptly	/əˈbɹʌptli/
abruptness	/əˈbɹʌptnəs/
abrutyn	/ˈeɪbɹutɪn/
abruzzese	/ɑbɹutˈseɪzi/
abruzzo	/ɑˈbɹuzoʊ/
abs	/ˈeɪˈbiˈɛs/
absalom	/ˈæbsələm/
absaraka	/æbˈsɑɹəkə/
abscam	/ˈæbskæm/
abscess	/ˈæbˌsɛs/
abscond	/æbˈskɑnd/
absconded	/æbˈskɑndɪd/
absconding	/æbˈskɑndɪŋ/
absconds	/æbˈskɑndz/
absecon	/ˈæbsəkɔn/
absence	/ˈæbsəns/
absences	/ˈæbsənsɪz/
absent	/ˈæbsənt/
absentee	/ˌæbsənˈti/
absenteeism	/ˌæbsənˈtiɪzəm/
absentees	/ˌæbsənˈtiz/
absentia	/æbˈsɛnʃə/
absher	/ˈæbʃɚ/
abshier	/ˈæbʃiɚ/
abshire	/ˈæbˌʃaɪɹ/
absinthe	/ˈæbsɪnθ/
abso	/ˈæbsoʊ/
absolom	/ˈæbsələm/
absolut	/ˌæbsəˈlut/
absolut's	/ˌæbsəˈluts/
absolute	/ˈæbsəˌlut/
absolutely	/ˌæbsəˈlutli/
absoluteness	/ˈæbsəˌlutnəs/
absolutes	/ˈæbsəˌluts/
absolution	/ˌæbsəˈluʃən/
absolutism	/ˈæbsəˌluˌtɪzəm/
absolutist	/æbsəˈlutɪst/
absolve	/əbˈzɑlv/
absolved	/əbˈzɑlvd/
absolves	/əbˈzɑlvz/
absolving	/əbˈzɑlvɪŋ/
absorb	/əbˈzɔɹb/
absorbed	/əbˈzɔɹbd/
absorbency	/əbˈzɔɹbənsi/
absorbent	/əbˈzɔɹbənt/
absorber	/əbˈzɔɹbɚ/
absorbers	/əbˈzɔɹbɚz/
absorbing	/əbˈzɔɹbɪŋ/
absorbs	/əbˈzɔɹbz/
absorption	/əbˈzɔɹpʃən/
abstain	/əbˈsteɪn/
abstained	/əbˈsteɪnd/
abstaining	/əbˈsteɪnɪŋ/
abstention	/əbˈstɛntʃən/
abstentions	/əbˈstɛntʃənz/
abstinence	/ˈæbstənəns/
abstinent	/ˈæbstənənt/
abston	/ˈæbstən/
abstract	/æbˈstɹækt/
abstracted	/ˈæbˌstɹæktɪd/
abstraction	/æbˈstɹækʃən/
abstractions	/æbˈstɹækʃənz/
abstracts	/ˈæbstɹækts/
abstruse	/əbˈstɹus/
absurd	/əbˈsɝd/
absurdist	/əbˈsɝdɪst/
absurdities	/əbˈsɝdətiz/
absurdity	/əbˈsɝdəti/
absurdly	/əbˈsɝdli/
abt	/ˈæbt/
abts	/ˈæbts/
abu	/ˈæbu/
abudrahm	/əˈbʌdɹəm/
abuellah	/əbˈwɛlə/
abuellah's	/əbˈwɛləz/
abuladze	/ˌæbjuˈlædzi/
abundance	/əˈbʌndəns/
abundant	/əˈbʌndənt/
abundantly	/əˈbʌndəntli/
aburto	/əˈbʊɹˌtoʊ/
aburto's	/əˈbʊɹˌtoʊz/
abuse	/əbˈjus/
abused	/əbˈjuzd/
abuser	/əbˈjuzɚ/
abusers	/əbˈjuzɚz/
abuses	/əbˈjusɪz/
abusing	/əbˈjuzɪŋ/
abusive	/əbˈjusɪv/
abut	/əˈbʌt/
abuts	/əˈbʌts/
abutted	/əˈbʌtɪd/
abutting	/əˈbʌtɪŋ/
abuzz	/əˈbʌz/
abysmal	/əˈbɪzməl/
abysmally	/əˈbɪzməli/
abyss	/əˈbɪs/
abyssinia	/æbˈsɪˌniə/
abyssinian	/æbˈsɪˌniən/
abzug	/ˈæbˌzʌɡ/
ac	/ˈeɪˈsi/
aca	/ˈækə/
acacia	/əˈkeɪʃə/
academe	/ˈækəˌdim/
academia	/ˌækəˈdimiə/
academic	/ˌækəˈdɛmɪk/
academically	/ˌækəˈdɛmɪkli/
academician	/ˌækədəˈmɪʃən/
academicians	/ˌækədəˈmɪʃənz/
academics	/ˌækəˈdɛmɪks/
academies	/əˈkædəmiz/
academy	/əˈkædəmi/
academy's	/əˈkædəmiz/
acadia	/əˈkeɪdiə/
acaena	/əˈsinə/
acampo	/əˈkɑmpoʊ/
acampora	/əˈkæmpɚə/
acampsia	/əˈkæmpsjə/
acantha	/ɑˈkɑnðə/
acapulco	/ˌækəˈpʊlkoʊ/
acary	/ˈækɚi/
acc	/ˌaɪˌsiˈsi/
accardi	/ɑˈkɑɹdi/
accardo	/ɑˈkɑɹdoʊ/
accede	/ækˈsid/
acceded	/ækˈsidɪd/
accedes	/ækˈsidz/
acceding	/ækˈsidɪŋ/
accel	/əkˈsɛl/
accelerant	/ækˈsɛlɚənt/
accelerants	/ækˈsɛlɚənts/
accelerate	/ækˈsɛlɚˌeɪt/
accelerated	/ækˈsɛlɚˌeɪtɪd/
accelerates	/ækˈsɛlɚˌeɪts/
accelerating	/ækˈsɛlɚˌeɪtɪŋ/
acceleration	/ˌækˌsɛlɚˈeɪʃən/
accelerator	/ækˈsɛlɚˌeɪtɚ/
accelerators	/ækˈsɛlɚˌeɪtɚz/
accelerometer	/ækˌsɛlɚˈɑmətɚ/
accelerometers	/ækˌsɛlɚˈɑmətɚz/
accent	/əkˈsɛnt/
accented	/ˈæksɛntɪd/
accenting	/ˈæksɛntɪŋ/
accents	/ˈæksɛnts/
accentuate	/ækˈsɛntʃueɪt/
accentuated	/ækˈsɛntʃuˌeɪtɪd/
accentuates	/ækˈsɛntʃuˌeɪts/
accentuating	/ækˈsɛntʃuˌeɪtɪŋ/
accenture	/ækˈsɛntʃɚ/
accept	/ækˈsɛpt/
acceptability	/əkˌsɛptəˈbɪləti/
acceptable	/ækˈsɛptəbəl/
acceptably	/ækˈsɛptəbli/
acceptance	/ækˈsɛptəns/
acceptances	/ækˈsɛptənsɪz/
accepted	/ækˈsɛptɪd/
accepting	/ækˈsɛptɪŋ/
accepts	/ækˈsɛpts/
access	/ˈækˌsɛs/
accessed	/ˈækˌsɛst/
accessibility	/ˌæksɛsəˈbɪlɪti/
accessible	/ækˈsɛsəbəl/
accessing	/ˈækˌsɛsɪŋ/
accession	/əkˈsɛʃən/
accessories	/ækˈsɛsɚiz/
accessorize	/ækˈsɛsɚˌaɪz/
accessorized	/ækˈsɛsɚˌaɪzd/
accessory	/ækˈsɛsɚi/
accetta	/ɑˈtʃɛtə/
accident	/ˈæksədənt/
accident's	/ˈæksədənts/
accidental	/ˌæksəˈdɛntəl/
accidentally	/ˌæksəˈdɛntəli/
accidently	/ˈæksədəntli/
accidents	/ˈæksədənts/
accion	/ˈætʃiən/
accival	/ˈæsɪˌvɑl/
acclaim	/əˈkleɪm/
acclaim's	/əˈkleɪmz/
acclaimed	/əˈkleɪmd/
acclaiming	/əˈkleɪmɪŋ/
acclaims	/əˈkleɪmz/
acclamation	/ˌækləˈmeɪʃən/
acclimate	/ˈækləˌmeɪt/
acclimated	/ˈækləˌmeɪtɪd/
acclimation	/ˌækləˈmeɪʃən/
acco	/ˈækoʊ/
accokeek	/ˈækoʊkik/
accola	/ɑˈkoʊlə/
accolade	/ˈækəˌleɪd/
accolades	/ˈækəˌleɪdz/
accomando	/ɑkoʊˈmɑndoʊ/
accommodate	/əˈkɑməˌdeɪt/
accommodated	/əˈkɑməˌdeɪtɪd/
accommodates	/əˈkɑməˌdeɪts/
accommodating	/əˈkɑməˌdeɪtɪŋ/
accommodation	/əˌkɑməˈdeɪʃən/
accommodations	/əˌkɑməˈdeɪʃənz/
accommodative	/əˈkɑməˌdeɪtɪv/
accompanied	/əˈkʌmpənid/
accompanies	/əˈkʌmpəniz/
accompaniment	/əˈkʌmpnɪmənt/
accompaniments	/əˈkʌmpnɪmənts/
accompanist	/əˈkʌmpənəst/
accompany	/əˈkʌmpəni/
accompanying	/əˈkʌmpəniɪŋ/
accompli	/ˌɑˈkɑmpli/
accomplice	/əˈkɑmpləs/
accomplices	/əˈkɑmpləsəz/
accomplish	/əˈkɑmplɪʃ/
accomplished	/əˈkɑmplɪʃt/
accomplishes	/əˈkɑmplɪʃɪz/
accomplishing	/əˈkɑmplɪʃɪŋ/
accomplishment	/əˈkɑmplɪʃmənt/
accomplishments	/əˈkɑmplɪʃmənts/
accor	/ˈæˌkɔɹ/
accor's	/ˈækɚz/
accord	/əˈkɔɹd/
accord's	/əˈkɔɹdz/
accordance	/əˈkɔɹdəns/
accorded	/əˈkɔɹdɪd/
according	/əˈkɔɹdɪŋ/
accordingly	/əˈkɔɹdɪŋli/
accordion	/əˈkɔɹdiən/
accordions	/əˈkɔɹdiənz/
accords	/əˈkɔɹdz/
accost	/əˈkɔst/
accosted	/əˈkɑstɪd/
accosting	/əˈkɑstɪŋ/
account	/əˈkaʊnt/
account's	/əˈkaʊnts/
accountability	/əˈkaʊntəˌbɪlɪti/
accountable	/əˈkaʊntəbəl/
accountancy	/əˈkaʊntənsi/
accountant	/əˈkaʊntənt/
accountant's	/əˈkaʊntənts/
accountants	/əˈkaʊntənts/
accountants'	/əˈkaʊntənts/
accounted	/əˈkaʊntɪd/
accountemp	/əˈkaʊnˌtɛmp/
accountemps	/əˈkaʊnˌtɛmps/
accounting	/əˈkaʊntɪŋ/
accounts	/əˈkaʊnts/
accouterment	/əˈkutɚmənt/
accouterments	/əˈkutɚmənts/
accoutrement	/əˈkutɚmənt/
accoutrements	/əˈkutɚmənts/
accra	/ˈɑˌkɹɑ/
accredit	/əˌkɹɛdət/
accreditation	/əˌkɹɛdəˈteɪʃən/
accreditations	/əˌkɹɛdəˈteɪʃənz/
accredited	/əˈkɹɛdɪtɪd/
accrediting	/əˈkɹɛdətɪŋ/
accreted	/əˈkɹitɪd/
accretion	/əˈkɹiʃən/
accrual	/əˈkɹuəl/
accruals	/əˈkɹuəlz/
accrue	/əˈkɹu/
accrued	/əˈkɹud/
accrues	/əˈkɹuz/
accruing	/əˈkɹuɪŋ/
accu	/ˈækju/
accuhealth	/ˈækjuˌhɛlθ/
accumulate	/əkˈjumjəˌleɪt/
accumulated	/əkˈjumjəˌleɪtɪd/
accumulates	/əkˈjumjəˌleɪts/
accumulating	/əkˈjumjəˌleɪtɪŋ/
accumulation	/əkˌjumjəˈleɪʃən/
accumulations	/əkˌjumjəˈleɪʃənz/
accumulative	/əkˈjumjəˌleɪtɪv/
accumulatively	/əkˈjumjəˌleɪtɪvli/
accumulator	/əkˈjumjəˌleɪtɚ/
accumulators	/əkˈjumjəˌleɪtɚz/
accuracies	/ˈækjɚəsiz/
accuracy	/ˈækjɚəsi/
accurate	/ˈækjɚət/
accurately	/ˈækjɚətli/
accuray	/ˈækjɚˌeɪ/
accuray's	/ˈækjɚˌeɪz/
accuride	/ˈækjɚˌaɪd/
accursed	/ˌæˈkɝst/
accurso	/ɑˈkʊɹsoʊ/
accusation	/ˌækjəˈzeɪʃən/
accusations	/ˌækjəˈzeɪʃənz/
accusative	/əkˈjuzətɪv/
accusatory	/əkˈjuzəˌtɔɹi/
accuse	/əkˈjuz/
accused	/əkˈjuzd/
accuser	/əkˈjuzɚ/
accusers	/əkˈjuzɚz/
accuses	/əkˈjuzɪz/
accusing	/əkˈjuzɪŋ/
accusingly	/əkˈjuzɪŋli/
accustom	/əˈkʌstəm/
accustomed	/əˈkʌstəmd/
accutane	/ˈækjuˌteɪn/
ace	/ˈeɪs/
acecomm	/ˈeɪskɑm/
aced	/ˈeɪst/
acer	/ˈeɪsɚ/
acerbic	/əˈsɛɹbɪk/
acero	/əˈsɛɹoʊ/
acerra	/əˈsɛɹə/
aces	/ˈeɪsɪz/
acetaminophen	/əˌsitəˈmɪnəfən/
acetate	/ˈæsəˌteɪt/
acetic	/əˈsɛtɪk/
aceto	/ɑˈsɛtoʊ/
acetochlor	/ɑˈsɛtoʊˌklɔɹ/
acetone	/ˈæsəˌtoʊn/
acetosyringone	/əˌsɛtoʊˈsɪɹɪŋɡɔn/
acetylcholine	/əˌsɛtəlˈkoʊlin/
acetylene	/əˈsɛtəˌlin/
acevedo	/æsəˈveɪdoʊ/
aceves	/ɑˈseɪvɛs/
acey	/ˈeɪsi/
ach	/ˈeɪˈsiˈeɪtʃ/
achaean	/əˈtʃiən/
achatz	/ˈækəts/
ache	/ˈeɪk/
achebe	/ɑˈtʃeɪbi/
ached	/ˈeɪkt/
achee	/əˈtʃi/
achenbach	/ˈækɪnbɑk/
achenbaum	/ˈækənˌbaʊm/
achene	/əˈkin/
achenes	/əˈkinz/
aches	/ˈeɪks/
acheson	/ˈætʃəsən/
acheson's	/ˈætʃəsənz/
achesons	/ˈætʃəsənz/
achey	/ˈætʃi/
achieva	/əˈtʃivə/
achievable	/əˈtʃivəbəl/
achieve	/əˈtʃiv/
achieved	/əˈtʃivd/
achievement	/əˈtʃivmənt/
achievements	/əˈtʃivmənts/
achiever	/əˈtʃivɚ/
achievers	/əˈtʃivɚz/
achieves	/əˈtʃivz/
achieving	/əˈtʃivɪŋ/
achill	/ˈækɪl#place,irish/
achill's	/ˈækɪlz/
achille	/əˈkɪli/
achilles	/əˈkɪliz/
achilles'	/əˈkɪliz/
aching	/ˈeɪkɪŋ/
achingly	/ˈeɪkɪŋli/
achmed	/ˈɑhmɛd/
achoa	/əˈtʃoʊə/
achoa's	/əˈtʃoʊəz/
achoo	/ˌɑˈtʃu/
achor	/ˈeɪkɚ/
achord	/ˈækɔɹd/
achorn	/ˈækɚn/
achtenberg	/ˈæktɛnbɚɡ/
achterberg	/ˈæktɚbɚɡ/
achy	/ˈeɪki/
acid	/ˈæsəd/
acidic	/əˈsɪdɪk/
acidification	/əˌsɪdəfəˈkeɪʃən/
acidified	/əˈsɪdəˌfaɪd/
acidifies	/əˈsɪdəˌfaɪz/
acidify	/əˈsɪdəˌfaɪ/
acidity	/əˈsɪdəti/
acidly	/ˈæsədli/
acidosis	/ˌæsəˈdoʊsəs/
acids	/ˈæsədz/
aciduria	/ˌæsəˈdʊɹiə/
acierno	/ɑˈsɪɹnoʊ/
ack	/ˈæk/
acker	/ˈækɚ/
acker's	/ˈækɚz/
ackerley	/ˈækɚli/
ackerly	/ˈækɚli/
ackerman	/ˈækɚmən/
ackermann	/ˈækɚmən/
ackermanville	/ˈækɚmənvɪl/
ackerson	/ˈækɚsən/
ackert	/ˈækɚt/
ackhouse	/ˈækˌhaʊs/
ackland	/ˈæklənd/
ackles	/ˈækəlz/
ackley	/ˈækli/
acklin	/ˈæklɪn/
ackman	/ˈækmən/
acknowledge	/ækˈnɑlɪdʒ/
acknowledgeable	/ækˈnɑlɪdʒəbəl/
acknowledged	/ækˈnɑlɪdʒd/
acknowledgement	/ækˈnɑlɪdʒmənt/
acknowledgements	/ækˈnɑlɪdʒmənts/
acknowledges	/ækˈnɑlɪdʒɪz/
acknowledging	/ækˈnɑlɪdʒɪŋ/
acknowledgment	/ækˈnɑlɪdʒmənt/
acknowledgments	/ækˈnɑlɪdʒmənts/
ackroyd	/ˈæˌkɹɔɪd/
ackroyd's	/ˈæˌkɹɔɪdz/
acm	/ˌeɪˌsiˈɛm/
acmat	/ˈækmæt/
acmat's	/ˈækmæts/
acme	/ˈækmi/
acme's	/ˈækmiz/
acne	/ˈækni/
acocella	/ɑkoʊˈtʃɛlə/
acoff	/ˈækɔf/
acog	/əˈkɔɡ/
acolyte	/ˈækəˌlaɪt/
acolytes	/ˈækəˌlaɪts/
acomb	/ˈeɪkəm/
acord	/əˈkɔɹd/
acordia	/əˈkɔɹdiə/
acorn	/ˈeɪkɔɹn/
acorn's	/ˈeɪkɔɹnz/
acorns	/ˈeɪkɔɹnz/
acosta	/əˈkɔstə/
acott	/ˈeɪkɔt/
acoustic	/əˈkustɪk/
acoustical	/əˈkustɪkəl/
acoustically	/əˈkustɪkli/
acoustics	/əˈkustɪks/
acquaint	/əˈkweɪnt/
acquaintance	/əˈkweɪntəns/
acquaintances	/əˈkweɪntənsɪz/
acquaintanceship	/əˈkweɪntənsʃɪp/
acquainted	/əˈkweɪntɪd/
acquaviva	/ɑkwɑˈvivə/
acquiesce	/ˌækwiˈɛs/
acquiesced	/ˌækwiˈɛst/
acquiescence	/ˌækwiˈɛsəns/
acquiescent	/ˌækwiˈɛsənt/
acquiescing	/ˌækwiˈɛsɪŋ/
acquire	/əˈkwaɪɚ/
acquired	/əˈkwaɪɚd/
acquirer	/əˈkwaɪɚɚ/
acquirer's	/əˈkwaɪɚɚz/
acquirers	/əˈkwaɪɚɚz/
acquires	/əˈkwaɪɚz/
acquiring	/əˈkwaɪɹɪŋ/
acquisition	/ˌækwəˈzɪʃən/
acquisition's	/ˌækwəˈzɪʃənz/
acquisitions	/ˌækwəˈzɪʃənz/
acquisitive	/əˈkwɪzətɪv/
acquit	/əˈkwɪt/
acquitaine	/ˈækwɪˌteɪn/
acquits	/əˈkwɪts/
acquittal	/əˈkwɪtəl/
acquittals	/əˈkwɪtəlz/
acquitted	/əˈkwɪtɪd/
acquitting	/əˈkwɪtɪŋ/
acre	/ˈeɪkɚ/
acreage	/ˈeɪkɚɪdʒ/
acree	/əˈkɹi/
acres	/ˈeɪkɚz/
acrey	/ˈækɹi/
acri	/ˈɑkɹi/
acrid	/ˈækɹɪd/
acrimonious	/ˌækɹəˈmoʊniəs/
acrimony	/ˈækɹɪˌmoʊni/
acro	/ˈækɹoʊ/
acrobat	/ˈækɹəˌbæt/
acrobatic	/ˌækɹəˈbætɪk/
acrobatics	/ˌækɹəˈbætɪks/
acrobats	/ˈækɹəˌbæts/
acrolein	/ˈækɹoʊˌlin/
acronym	/ˈækɹənɪm/
acronyms	/ˈækɹənɪmz/
acropolis	/əˈkɹɑpələs/
across	/əˈkɹɔs/
acrylic	/əˈkɹɪlɪk/
acrylics	/əˈkɹɪlɪks/
act	/ˈækt/
act's	/ˈækts/
acta	/ˈæktɑ/
actava	/ˌækˈtɑvə/
actava's	/ˌækˈtɑvəz/
actavas	/ˌækˈtɑvəz/
acted	/ˈæktɪd/
actel	/ˈæktɛl/
actigall	/ˈæktɪɡɔl/
actin	/ˈæktən/
acting	/ˈæktɪŋ/
actinide	/ˈæktɪˌnaɪd/
actinidia	/ˌæktɪˈnɪdiə/
actinomycosis	/ˌækˌtɪnoʊˌmaɪˈkoʊsɪs/
action	/ˈækʃən/
action's	/ˈækʃənz/
actionable	/ˈækʃənəbəl/
actions	/ˈækʃənz/
activase	/ˈæktɪˌveɪz/
activate	/ˈæktəˌveɪt/
activated	/ˈæktəˌveɪtɪd/
activates	/ˈæktəˌveɪts/
activating	/ˈæktəˌveɪtɪŋ/
activation	/ˌæktəˈveɪʃən/
activator	/ˈæktəˌveɪtɚ/
active	/ˈæktɪv/
active's	/ˈæktɪvz/
actively	/ˈæktɪvli/
actives	/ˈæktɪvz/
activision	/ˈæktɪˌvɪʒən/
activism	/ˈæktɪˌvɪzəm/
activist	/ˈæktəvəst/
activists	/ˈæktəvəsts/
activists'	/ˈæktɪvɪsts/
activities	/ækˈtɪvətiz/
activity	/ækˈtɪvəti/
actmedia	/æktˈmidiə/
actodine	/ˈæktoʊˌdaɪn/
acton	/ˈæktən/
actor	/ˈæktɚ/
actor's	/ˈæktɚz/
actors	/ˈæktɚz/
actors'	/ˈæktɚz/
actress	/ˈæktɹəs/
actress's	/ˈæktɹəsɪz/
actresses	/ˈæktɹəsɪz/
acts	/ˈækts/
actual	/ˈæktʃəwəl/
actuality	/ˌæktʃuˈæləˌti/
actualize	/ˈækˌtʃuəˌlaɪz/
actually	/ˈækˌtʃuəli/
actuarial	/ˌækˌtʃuˈɛɹiəl/
actuaries	/ˈækˌtʃuˈɛˌɹiz/
actuary	/ˈæktʃuˈɛˌɹi/
actuate	/ˈækˌtʃuˈeɪt/
actuator	/ˈæktjuˌeɪtɚ/
actuators	/ˈæktjuˌeɪtɚz/
actus	/ˈæktəs/
acuff	/əˈkʌf/
acuity	/əkˈjuəti/
acumen	/əkˈjumən/
acuna	/ɑˈkunə/
acupuncture	/ˈækjuˌpʌŋktʃɚ/
acura	/ˈækjɚə/
acura's	/ˈækjɚəz/
acuras	/ˈækjɚəz/
acuson	/ˌækˈjusən/
acustar	/ˈækjuˌstɑɹ/
acusyst	/ˈækjusɪst/
acute	/əkˈjut/
acutely	/əkˈjutli/
acuteness	/əkˈjutnəs/
acyclovir	/əˈsɪkloʊˌvɪɹ/
ad	/ˈæd/
ad-hoc	/ˈædˈhɑk/
ad-lib	/ˈædˈlɪb/
ad-nauseam	/ˈædˈnɔziɑm/
ad-nauseum	/ˈædˈnɔziəm/
ad's	/ˈædz/
ada	/ˈeɪdə/
ada's	/ˈeɪdəz/
adabel	/ˈædəbɛl/
adabelle	/ˈædəbəl/
adachi	/ɑˈdɑki/
adage	/ˈædədʒ/
adagio	/əˈdɑʒiˌoʊ/
adah	/ˈædɑ/
adair	/əˈdɛɹ/
adaire	/ɑˈdɛɹ/
adak	/əˈdæk/
adalah	/ɑˈdɑlə/
adalia	/ɑˈdɑliə/
adam	/ˈædəm/
adam's	/ˈædəmz/
adamant	/ˈædəmənt/
adamantly	/ˈædəməntli/
adamcik	/ˈɑdəmtʃɪk/
adamczak	/ˈɑdəmtʃæk/
adamczyk	/ˈɑdəmtʃɪk/
adame	/ɑˈdɑmi/
adamec	/əˈdɑmɪk/
adamek	/əˈdɑmɛk/
adames	/əˈdeɪmz/
adami	/ɑˈdɑmi/
adamik	/əˈdɑmɪk/
adamina	/ɑdɑˈminə/
adamkus	/ˈædəmkəs/
adamo	/ɑˈdɑmoʊ/
adamowicz	/əˈdɑməvɪtʃ/
adams	/ˈædəmz/
adams'	/ˈædəmz/
adams's	/ˈædəmzɪz/
adamski	/əˈdæmˌski/
adamson	/ˈædəmsən/
adamstown	/ˈædəmˌstaʊn/
adan	/ˈeɪdən/
adapso	/əˈdæpsoʊ/
adapt	/əˈdæpt/
adaptability	/əˌdæptəˈbɪləti/
adaptable	/əˈdæptəbəl/
adaptaplex	/əˈdæptəˌplɛks/
adaptation	/ˌædəpˈteɪʃən/
adaptations	/ˌædæpˈteɪʃənz/
adaptec	/əˈdæpˌtɛk/
adaptec's	/əˈdæpˌtɛks/
adapted	/əˈdæptɪd/
adapter	/əˈdæptɚ/
adapters	/əˈdæptɚz/
adapting	/əˈdæptɪŋ/
adaptive	/əˈdæptɪv/
adaptor	/əˈdæptɚ/
adaptors	/əˈdæptɚz/
adapts	/əˈdæpts/
adar	/əˈdɑɹ/
adarand	/ˈædəˌɹænd/
adare	/əˈdɛɹ/
adas	/ˈeɪdəz/
aday	/əˈdeɪ/
adaza	/əˈdɑzə/
adblock	/ˈædˌblɑk/
adcock	/ədˈkɑk/
adcox	/ədˈkɑks/
add	/ˈæd/
addair	/əˈdɛɹ/
addams	/ˈædəmz/
added	/ˈædəd/
addendum	/əˈdɛndəm/
addendums	/əˈdɛndəmz/
addeo	/ˈɑdioʊ/
adder	/ˈædɚ/
adderley	/əˈdɝli/
addicks	/ˈædɪks/
addict	/əˈdɪkt/
addicted	/əˈdɪktɪd/
addicting	/əˈdɪktɪŋ/
addiction	/əˈdɪkʃən/
addictions	/əˈdɪkʃənz/
addictive	/əˈdɪktɪv/
addicts	/əˈdɪkts/
addidas	/əˈdidəs/
addidas'	/əˈdidəs/
addidas's	/əˈdidəsɪz/
addidases	/əˈdidəsɪz/
addie	/ˈædi/
adding	/ˈædɪŋ/
addington	/ˈædɪŋtən/
addis	/ˈɑdɪs/
addis-ababa	/ˈɑdɪsəˈbɑbɑ/
addison	/ˈædəsən/
addison's	/ˈædɪsənz/
addition	/əˈdɪʃən/
additional	/əˈdɪʃənəl/
additionally	/əˈdɪʃəˌnʌli/
additions	/əˈdɪʃənz/
additive	/ˈædətɪv/
additives	/ˈædətɪvz/
addle	/ˈædəl/
addled	/ˈædəld/
addleman	/ˈædəlmən/
address	/ˈæˌdɹɛs/
addressable	/əˈdɹɛsəbəl/
addressed	/əˈdɹɛst/
addressee	/ˌædɹɛˈsi/
addresses	/ˈæˈdɹɛsɪz/
addressing	/əˈdɹɛsɪŋ/
adds	/ˈædz/
adduci	/ɑˈdutʃi/
adduct	/ˈædəkt/
addwest	/ˌæˈdwɛst/
addy	/ˈædi/
addyston	/ˈædistən/
ade	/ˈeɪd/
adee	/əˈdi/
adel	/əˈdɛl/
adela	/əˈdɛlə/
adelaar	/ˈædəˌlɑɹ/
adelaide	/ˈædəˌleɪd/
adelanto	/ædəˈlɑntoʊ/
adelbert	/əˈdɛlbɚt/
adele	/əˈdɛl/
adele's	/əˈdɛlz/
adeline	/ˈædəˌlaɪn/
adelizzi	/ˌædəˈlizi/
adell	/əˈdɛl/
adell's	/əˈdɛlz/
adelle	/əˈdɛl/
adelman	/ˈædəlmən/
adelmann	/ˈædəlmən/
adelpha	/əˈdɛlfə/
adelphi	/əˈdɛlfi/
adelphia	/əˈdɛlfiə/
adelphia's	/əˈdɛlfiəz/
adelsberger	/ˈædɪlzbɚɡɚ/
adelson	/ˈædəlsən/
adelstein	/ˈædəlstaɪn/
aden	/ˈeɪdən/
adena	/ˈædɪnə/
adenauer	/ˈeɪdəˌnaʊɹ/
adenine	/ˈædəˌnin/
adenoid	/ˈædəˌnɔɪd/
adenoids	/ˈædəˌnɔɪdz/
adenoscan	/əˈdɛnəˌskæn/
adenosine	/əˈdɛnəˌsin/
adenovirus	/əˈdɛnəˌvaɪɹəs/
adept	/əˈdɛpt/
adequacy	/ˈædəkwəsi/
adequate	/ˈædəkwət/
adequately	/ˈædəkwətli/
ader	/ˈeɪdɚ/
aderhold	/ˈædɚhoʊld/
aderholt	/ˈædɚhoʊlt/
aderman	/ˈædɚmən/
ades	/ˈeɪdz/
adey	/ˈeɪdi/
adger	/ˈædʒɚ/
adham	/ˈædhæm/
adhd	/ˌeɪˌdiˌeɪtʃˈdi/
adhere	/ədˈhɪɹ/
adhered	/ædˈhɪɹd/
adherence	/ədˈhɪɹəns/
adherent	/ədˈhɪɹənt/
adherents	/ædˈhɪɹənts/
adheres	/ədˈhɪɹz/
adhering	/ədˈhɪɹɪŋ/
adhesion	/ædˈhiʒən/
adhesive	/ædˈhisɪv/
adhesives	/ædˈhisɪvz/
adia	/ˈɑdiə/
adid	/əˈdɪd/
adidas	/əˈdidəs/
adidas's	/əˈdidəsɪz/
adieu	/əˈdu/
adin	/əˈdɪn/
adina	/ɑˈdinə/
adine	/ɑˈdini/
adinolfi	/ɑdiˈnoʊlfi/
adios	/ˌɑdiˈoʊs/
adipose	/ˈædəˌpoʊs/
adirondack	/ˌædɚˈɑndæk/
adisq	/əˈdɪsk/
adjacent	/əˈdʒeɪsənt/
adjani	/ædˈdʒɑni/
adjective	/ˈædʒɪktɪv/
adjectives	/ˈædʒɪktɪvz/
adjoin	/əˈdʒɔɪn/
adjoining	/əˈdʒɔɪnɪŋ/
adjoins	/əˈdʒɔɪnz/
adjourn	/əˈdʒɝn/
adjourned	/əˈdʒɝnd/
adjourning	/əˈdʒɝnɪŋ/
adjournment	/əˈdʒɝnmənt/
adjourns	/əˈdʒɝnz/
adjudge	/əˈdʒʌdʒ/
adjudged	/əˈdʒʌdʒd/
adjudicate	/əˈdʒudɪˌkeɪt/
adjudicated	/əˈdʒudəˌkeɪtɪd/
adjudicating	/əˈdʒudɪˌkeɪtɪŋ/
adjudication	/əˌdʒudəˈkeɪʃən/
adjunct	/ˈæˌdʒʌŋkt/
adjuncts	/ˈæˌdʒʌŋkts/
adjust	/əˈdʒʌst/
adjustable	/əˈdʒʌstəbəl/
adjustables	/əˈdʒʌstəbəlz/
adjusted	/əˈdʒʌstɪd/
adjuster	/əˈdʒʌstɚ/
adjusters	/əˈdʒʌstɚz/
adjusting	/əˈdʒʌstɪŋ/
adjustment	/əˈdʒʌstmənt/
adjustments	/əˈdʒʌstmənts/
adjusts	/əˈdʒʌsts/
adjutant	/ˈædʒətənt/
adkins	/ˈædkɪnz/
adkinson	/ˈædkɪnsən/
adkison	/ˈædkɪsən/
adkisson	/ˈædkɪsən/
adl-tabataba	/ˌɑdəlˌtɑbəˈtɑbə/
adl-tabatabai	/ˌɑdəlˌtɑbəˌtʌˈbaɪ/
adlai	/ɑdˈlɑi/
adler	/ˈædlɚ/
adler's	/ˈædlɚz/
adlers	/ˈædlɚz/
adley	/ˈædli/
adlon	/ˈædlɑn/
adlong	/ˈædlɔŋ/
adman	/ˈædmən/
admen	/ˈædmən/
admin	/ˈædmɪn/
administer	/ədˈmɪnəstɚ/
administered	/ədˈmɪnəstɚd/
administering	/ædˈmɪnɪˌstɝɪŋ/
administers	/ædˈmɪnɪstɚz/
administrate	/ædˈmɪnɪˌstɹeɪt/
administrating	/ədˈmɪnəˌstɹeɪtɪŋ/
administration	/ædˌmɪnɪˈstɹeɪʃən/
administration's	/ædˌmɪnɪˈstɹeɪʃənz/
administrations	/ædˌmɪnɪˈstɹeɪʃənz/
administrations'	/ædˌmɪnɪˈstɹeɪʃənz/
administrative	/ədˈmɪnəˌstɹeɪtɪv/
administratively	/ædˌmɪnəˈstɹeɪtɪvli/
administrator	/ədˈmɪnəˌstɹeɪtɚ/
administrator's	/ædˈmɪnɪˌstɹeɪtɚz/
administrators	/ædˈmɪnɪˌstɹeɪtɚz/
administrators'	/ædˈmɪnəˌstɹeɪtɚz/
admins	/ədˈmɪnz/
admira	/ædˈmaɪɹə/
admira's	/ædˈmaɪɹəz/
admirable	/ˈædmɚəbəl/
admirably	/ˈædmɚəbli/
admiral	/ˈædmɚəl/
admiral's	/ˈædmɚəlz/
admirals	/ˈædmɚəlz/
admiralty	/ˈædmɚəlti/
admiration	/ˌædmɚˈeɪʃən/
admirations	/ˌædmɚˈeɪʃənz/
admire	/ædˈmaɪɹ/
admired	/ədˈmaɪɚd/
admirer	/ædˈmaɪɹɚ/
admirers	/ədˈmaɪɹɚz/
admires	/ædˈmaɪɹz/
admiring	/ædˈmaɪɹɪŋ/
admiringly	/ædˈmaɪɹɪŋli/
admissibility	/ədˌmɪsəˈbɪləti/
admissible	/ədˈmɪsəbəl/
admission	/ædˈmɪʃən/
admissions	/ædˈmɪʃənz/
admit	/ədˈmɪt/
admits	/ədˈmɪts/
admittance	/ədˈmɪtəns/
admitted	/ədˈmɪtɪd/
admittedly	/ædˈmɪtɪdli/
admitting	/ædˈmɪtɪŋ/
admonish	/ædˈmɑnɪʃ/
admonished	/ədˈmɑnɪʃt/
admonishes	/ædˈmɑnɪʃɪz/
admonishing	/ædˈmɑnɪʃɪŋ/
admonishment	/ædˈmɑnɪʃmɛnt/
admonition	/ˌædməˈnɪʃən/
admonitions	/ˌædməˈnɪʃənz/
admonitory	/ˌædˈmɔnɪˌtɔɹi/
adnan	/ˈædnən/
adney	/ˈædni/
ado	/əˈdu/
adobe	/əˈdoʊbi/
adobe's	/əˈdoʊbiz/
adolescence	/ˌædəˈlɛsəns/
adolescent	/ˌædəˈlɛsənt/
adolescents	/ˌædəˈlɛsənts/
adolf	/ˈeɪdɑlf/
adolf's	/ˈeɪdɑlfs/
adolfo	/əˈdɑlˌfoʊ/
adolph	/ˈeɪdɔlf/
adolpha	/ɑˈdoʊlfə/
adolphson	/ˈædoʊlfsən/
adolphus	/əˈdɔlfəs/
adon	/ɑˈdɔn/
adonia	/ɑˈdoʊniə/
adonis	/əˈdɑnəs/
adopt	/əˈdɑpt/
adoptable	/əˈdɑptəbəl/
adopted	/əˈdɑptɪd/
adoptee	/əˈdɑpˈti/
adoptees	/əˈdɑpˈtiz/
adopter	/əˈdɑptɚ/
adopters	/əˈdɑptɚz/
adopting	/əˈdɑptɪŋ/
adoption	/əˈdɑpʃən/
adoptions	/əˈdɑpʃənz/
adoptive	/əˈdɑptɪv/
adopts	/əˈdɑpts/
ador	/ɑˈdɔɹ/
adora	/ɑˈdɔɹə/
adorabelle	/ˈædɚəbəl/
adorable	/əˈdɔɹəbəl/
adoration	/ˌædɚˈeɪʃən/
adore	/əˈdɔɹ/
adored	/əˈdɔɹd/
adoree	/ædɚˈi/
adorees	/ædɚˈiz/
adores	/əˈdɔɹz/
adoring	/əˈdɔɹɪŋ/
adorn	/əˈdɔɹn/
adorna	/ɑˈdɔɹnə/
adorned	/əˈdɔɹnd/
adorning	/əˈdɔɹnɪŋ/
adornment	/əˈdɔɹnmənt/
adorno	/ɑˈdɔɹnoʊ/
adorns	/əˈdɔɹnz/
adra	/ˈeɪdɹə/
adragna	/ɑˈdɹɑɡnə/
adrda	/ˈeɪdɚdə/
adrea	/ˈɑdɹiə/
adrenal	/əˈdɹinəl/
adrenalin	/əˈdɹɛnəlɪn/
adrenaline	/əˈdɹɛnələn/
adrenergic	/ədɹɛˈnɛɹdʒɪk/
adria	/ˈɑdɹiə/
adrian	/ˈeɪdɹiən/
adriana	/ˌeɪdɹiˈænə/
adriance	/ɑˈdɹiəns/
adriano	/ɑdɹiˈɑnoʊ/
adriatic	/ˌeɪdɹiˈætɪk/
adriel	/əˈdɹil/
adrienne	/ɑdɹiˈɛn/
adrift	/əˈdɹɪft/
adroit	/əˈdɹɔɪt/
adroitly	/əˈdɹɔɪtli/
ads	/ˈædz/
ads'	/ˈædz/
adsit	/ˈædsɪt/
adsl	/ˌeɪˌdiˌɛˈsɛl/
adsorption	/ədˈsɔɹpʃən/
adss	/ˈæds/
adstar	/ˈædstɑɹ/
adsteam	/ˈædstim/
adtec	/ˈædˌtɛk/
adulate	/ˈædʒəˌleɪt/
adulation	/ˌædʒəˈleɪʃən/
aduliadae	/əˌduliˈɑdeɪ/
adult	/əˈdʌlt/
adulterate	/əˈdʌltɚˌeɪt/
adulterated	/əˈdʌltɚˌeɪtɪd/
adulterates	/əˈdʌltɚˌeɪts/
adulteration	/əˌdʌltɚˈeɪʃən/
adulterer	/əˈdʌltɚɚ/
adulterers	/əˈdʌltɚɚz/
adulterous	/əˈdʌltɚəs/
adultery	/əˈdʌltɚi/
adulthood	/əˈdʌltˌhʊd/
adults	/əˈdʌlts/
adults'	/əˈdʌlts/
adusdur	/ˈædəsdɚ/
advacare	/ˈædvəˌkɛɹ/
advalue	/ˈædvəˌlu/
advance	/ədˈvæns/
advance's	/ədˈvænsəz/
advanced	/ədˈvænst/
advancement	/ədˈvænsmənt/
advancements	/ədˈvænsmənts/
advancer	/ədˈvænsɚ/
advancers	/ədˈvænsɚz/
advances	/ədˈvænsəz/
advancing	/ədˈvænsɪŋ/
advani	/ædˈvɑni/
advanta	/ædˈvæntə/
advanta's	/ædˈvæntəz/
advantage	/ædˈvæntɪdʒ/
advantaged	/ædˈvæntɪdʒd/
advantageous	/ˌædvənˈteɪdʒəs/
advantages	/ædˈvæntɪdʒɪz/
advantest	/ædˈvæntəst/
advection	/ædˈvɛkʃən/
advent	/ˈædˌvɛnt/
adventist	/ˈædˌvɛntɪst/
adventists	/ˈædˌvɛntɪsts/
adventure	/ædˈvɛntʃɚ/
adventurer	/ædˈvɛntʃɚɚ/
adventurers	/ædˈvɛntʃɚɚz/
adventures	/ædˈvɛntʃɚz/
adventuresome	/ædˈvɛntʃɚsəm/
adventurism	/ædˈvɛntʃɚˌɪzəm/
adventurous	/ædˈvɛntʃɚəs/
adverb	/ˈædvɚb/
adverbial	/ædˈvɝbiəl/
adverbs	/ˈædvɚbz/
adversarial	/ˌædvɚˈsɛɹiəl/
adversaries	/ˈædvɚˌsɛɹiz/
adversary	/ˈædvɚˌsɛɹi/
adverse	/ædˈvɝs/
adversely	/ædˈvɝsli/
adversity	/ædˈvɝsɪˌti/
advert	/ˈædvɚt/
advertise	/ˈædvɚˌtaɪz/
advertised	/ˈædvɚˌtaɪzd/
advertisement	/ædˈvɝtəzmənt/
advertisements	/ˈædvɚˌtaɪzmənts/
advertiser	/ˈædvɚˌtaɪzɚ/
advertiser's	/ˈædvɚˌtaɪzɚz/
advertisers	/ˈædvɚˌtaɪzɚz/
advertisers'	/ˈædˌvɝˌtaɪzɚz/
advertises	/ˈædvɚˌtaɪzɪz/
advertising	/ˈædvɚˌtaɪzɪŋ/
advertising's	/ˈædvɚˌtaɪzɪŋz/
advertorial	/ˌædvɚˈtɔɹiəl/
advertorials	/ˌædvɚˈtɔɹiəlz/
advest	/ˈædvɛst/
advice	/ædˈvaɪs/
advil	/ˈædˌvɪl/
advil's	/ˈædˌvɪlz/
advisability	/ˌædˌvaɪzəˈbɪlɪti/
advisable	/ədˈvaɪzəbəl/
advise	/ædˈvaɪz/
advised	/ædˈvaɪzd/
advisedly	/ædˈvaɪzədli/
advisement	/ədˈvaɪzmənt/
adviser	/ædˈvaɪzɚ/
adviser's	/ədˈvaɪzɚz/
advisers	/ædˈvaɪzɚz/
advisers'	/ˌædˈvaɪzɚz/
advises	/ædˈvaɪzɪz/
advising	/ædˈvaɪzɪŋ/
advisor	/ædˈvaɪzɚ/
advisories	/ədˈvaɪzɚiz/
advisors	/ædˈvaɪzɚz/
advisory	/ædˈvaɪzɚi/
advo	/ˈædvoʊ/
advocacy	/ˈædvəkəsi/
advocate	/ˈædvəkət/
advocate's	/ˈædvəkəts/
advocated	/ˈædvəˌkeɪtɪd/
advocates	/ˈædvəkəts/
advocating	/ˈædvəˌkeɪtɪŋ/
advocation	/ˌædvəˈkeɪʃən/
adweek	/ˈædwik/
adwell	/əˈdwɛl/
adwords	/ˈæˌdwɝdz/
ady	/ˈeɪdi/
adz	/ˈædz/
ae	/ˈeɪ/
aegean	/ɪˈdʒiən/
aegerter	/ˈɛɡɚtɚ/
aegis	/ˈidʒəs/
aegon	/ˈeɪɡɑn/
aeltus	/ˈæltəs/
aeneas	/ˈæniəs/
aeneid	/əˈniɪd/
aeolus	/ˈɛoʊlʊs/
aequitron	/ˈeɪkwɪtɹɑn/
aer	/ˈɛɹ/
aerial	/ˈɛɹiəl/
aerials	/ˈɛɹiəlz/
aerie	/ˈɛɹi/
aerien	/ˈɛɹiən/
aeriens	/ˈɛɹiənz/
aeritalia	/ˌɛɹɪˈtæljə/
aero	/ˈɛɹoʊ/
aerobatic	/ˌɛɹəˈbætɪk/
aerobatics	/ˌɛɹəˈbætɪks/
aerobic	/ɛˈɹoʊbɪk/
aerobically	/ɛˈɹoʊbɪkli/
aerobics	/ɚˈoʊbɪks/
aerodrome	/ˈɛɹəˌdɹoʊm/
aerodromes	/ˈɛɹəˌdɹoʊmz/
aerodynamic	/ˌɛɹoʊdaɪˈnæmɪk/
aerodynamically	/ˌɛɹoʊdaɪˈnæmɪkli/
aerodynamicist	/ˌɛɹoʊdaɪˈnæmɪsɪst/
aerodynamicists	/ˌɛɹoʊdaɪˈnæmɪsɪsts/
aerodynamics	/ˌɛɹoʊdaɪˈnæmɪks/
aerodyne	/ˈɛɹəˌdaɪn/
aerodyne's	/ˈɛɹəˌdaɪnz/
aeroflot	/ˈɛɹoʊˌflɑt/
aeroflot's	/ˈɛɹoʊˌflɑts/
aerogenosa	/ˈɛɹədʒəˌnoʊsə/
aerojet	/ˈɛɹoʊˌdʒɛt/
aerojets	/ˈɛɹoʊˌdʒɛts/
aerolift	/ˈɛɹoʊˌlɪft/
aerolifts	/ˈɛɹoʊˌlɪfts/
aerolineas	/ˌɛɹoʊˈlɪniəs/
aeromar	/ˈɛɹəmɑɹ/
aeromexico	/ˌɛɹoʊˈmɛksɪˌkoʊ/
aeromexico's	/ˌɛɹoʊˈmɛksɪˌkoʊz/
aeronautic	/ˌɛɹoʊˈnɑtək/
aeronautical	/ˌɛɹoʊˈnɑtəkəl/
aeronauticas	/ˌɛɹoʊˈnɔtɪkəs/
aeronautics	/ˌɛɹəˈnɔtɪks/
aeroperu	/ˌɛɹoʊpeɪˈɹu/
aeroperu's	/ˌɛɹoʊpeɪˈɹuz/
aeroquip	/ˈɛɹəˌkwɪp/
aeroscience	/ˌɛɹoʊˈsaɪəs/
aerosmith	/ˈɛɹoʊˌsmɪθ/
aerosmith's	/ˈɛɹoʊˌsmɪθs/
aerosol	/ˈɛɹəˌsɑl/
aerosols	/ˈɛɹəˌsɑlz/
aerospace	/ˈɛɹoʊˌspeɪs/
aerospace's	/ˈɛɹoʊˌspeɪsɪz/
aerospatiale	/ˌɛɹoʊˌspɑsiˈɑl/
aerospatiale's	/ˌɛɹoʊˌspɑsiˈɑlz/
aerostar	/ˈɛɹoʊˌstɑɹ/
aerostar's	/ˈɛɹoʊˌstɑɹz/
aerostars	/ˈɛɹoʊˌstɑɹz/
aerostat	/ˈɛɹoʊˌstæt/
aerostat's	/ˈɛɹoʊˌstæts/
aerostats	/ˈɛɹoʊˌstæts/
aerotech	/ˈɛɹoʊˌtɛk/
aerovias	/ɛɹoʊˈviəz/
aerts	/ˈɛɹts/
aeschelus	/ˈɛskələs/
aeschliman	/ˈɛʃlimən/
aesop	/ˈiˌsɑp/
aesop's	/ˈiˌsɑps/
aesthenopia	/æsθəˈnɔpjə/
aesthete	/ˈɛsθit/
aesthete's	/ˈɛsθits/
aesthetes	/ˈɛsθits/
aesthetic	/ɛsˈθɛtɪk/
aesthetically	/ɛsˈθɛtɪkli/
aesthetics	/ɛsˈθɛtɪks/
aetna	/ˈɛtnə/
aetna's	/ˈɛtnəz/
afanasyev	/ˌæfəˈneɪsiɛv/
afar	/əˈfɑɹ/
affable	/ˈæfəbəl/
affably	/ˈæfəbli/
affair	/əˈfɛɹ/
affair's	/əˈfɛɹz/
affairs	/əˈfɛɹz/
affect	/əˈfɛkt/
affectation	/ˌæfɛkˈteɪʃən/
affected	/əˈfɛktɪd/
affecting	/əˈfɛktɪŋ/
affection	/əˈfɛkʃən/
affectionate	/əˈfɛkʃənət/
affectionately	/əˈfɛkʃənətli/
affections	/əˈfɛkʃənz/
affective	/əˈfɛktɪv/
affectively	/əˈfɛktɪvli/
affects	/əˈfɛkts/
affeldt	/ˈæfɪlt/
afferent	/ˈæfɚənt/
affiant	/ˈæfiənt/
affidavit	/ˌæfəˈdeɪvət/
affidavits	/ˌæfɪˈdeɪvɪts/
affiliate	/əˈfɪliˌeɪt/
affiliate's	/əˈfɪliˌeɪts/
affiliated	/əˈfɪliˌeɪtɪd/
affiliated's	/əˈfɪliˌeɪtɪdz/
affiliates	/əˈfɪliəts/
affiliates'	/əˈfɪliɪts/
affiliating	/əˈfɪliˌeɪtɪŋ/
affiliation	/əˌfɪliˈeɪʃən/
affiliations	/əˌfɪliˈeɪʃənz/
affine	/əˈfaɪn/
affined	/əˈfaɪnd/
affines	/əˈfaɪnz/
affining	/əˈfaɪnɪŋ/
affinities	/əˈfɪnətiz/
affinity	/əˈfɪnəti/
affirm	/əˈfɝm/
affirmation	/ˌæfɚˈmeɪʃən/
affirmations	/ˌæfɚˈmeɪʃənz/
affirmative	/əˈfɝmətɪv/
affirmatively	/əˈfɝmətɪvli/
affirmed	/əˈfɝmd/
affirming	/əˈfɝmɪŋ/
affirms	/əˈfɝmz/
affix	/ˈæfɪks/
affixed	/əˈfɪkst/
affixes	/ˈæfɪksɪz/
affixing	/əˈfɪksɪŋ/
affleck	/ˈæflɪk/
afflerbach	/ˈæflɚˌbɑk/
afflict	/əˈflɪkt/
afflicted	/əˈflɪktɪd/
afflicting	/əˈflɪktɪŋ/
affliction	/əˈflɪkʃən/
afflictions	/əˈflɪkʃənz/
afflicts	/əˈflɪkts/
afflik	/ˌæˈflɪk/
affluence	/ˈæfluəns/
affluent	/ˈæfluənt/
affolter	/ˈæfoʊltɚ/
afford	/əˈfɔɹd/
affordability	/əˌfɔɹdəˈbɪləti/
affordable	/əˈfɔɹdəbəl/
affordably	/əˈfɔɹdəbli/
afforded	/əˈfɔɹdəd/
affording	/əˈfɔɹdɪŋ/
affords	/əˈfɔɹdz/
affricate	/ˈæfɹəkət/
affricates	/ˈæfɹəkəts/
affrication	/ˌæfɹəˈkeɪʃən/
affront	/əˈfɹʌnt/
affronted	/əˈfɹʌntɪd/
affronting	/əˈfɹʌntɪŋ/
affronts	/əˈfɹʌnts/
affymax	/ˈæfiˌmæks/
afghan	/ˈæfˌɡæn/
afghani	/æfˈɡɑni/
afghani's	/æfˈɡæniz/
afghanis	/æfˈɡæniz/
afghanistan	/æfˈɡænəˌstæn/
afghanistan's	/æfˈɡænəˌstænz/
afghanistans	/æfˈɡænəˌstænz/
afghans	/ˈæfˌɡænz/
afheldt	/ˈæˌfɛlt/
aficionado	/əˌfiʃjəˈnɑˌdoʊ/
aficionados	/əˌfɪʃəˈnɑdoʊz/
afield	/əˈfild/
afire	/əˈfaɪɹ/
afl	/ˌeɪˌɛˈfɛl/
aflame	/əˈfleɪm/
aflatoxin	/ˌæfləˈtɑksɪn/
afloat	/əˈfloʊt/
aflutter	/əˈflʌtɚ/
afmed	/ˈæfmɛd/
afonso	/əˈfɑnsoʊ/
afoot	/əˈfʊt/
aforementioned	/əˈfɔɹˌmɛnʃənd/
aforesaid	/əˈfɔɹˌsɛd/
aforethought	/əˈfɔɹˌθɑt/
afoul	/əˈfaʊl/
afraid	/əˈfɹeɪd/
afresh	/əˈfɹɛʃ/
africa	/ˈæfɹəkɑ/
africa's	/ˈæfɹəkəz/
african	/ˈæfɹəkən/
african-american	/ˈæfɹəkənəˈmɛɹəkən/
african-americans	/ˈæfɹɪkənəˈmɛɹɪkənz/
africanist	/ˈæfɹɪkənɪst/
africanist's	/ˈæfɹɪkɑnɪsts/
africanists	/ˈæfɹɪkɑnɪsts/
africanize	/ˈæfɹəkəˌnaɪz/
africanized	/ˈæfɹəkəˌnaɪzd/
africans	/ˈæfɹəkənz/
afridi	/əˈfɹidi/
afrikaans	/ˌæfɹəˈkɑnz/
afrikaner	/ˌæfɹəˈkɑnɚ/
afrikanerdom	/ˌæfɹəˈkɑnɚdəm/
afrikaners	/ˌæfɹɪˈkɑnɚz/
afro	/ˈæfɹoʊ/
afroamerican	/ˈæfɹoʊəˈmɛɹəkən/
afroamericans	/ˈæfɹoʊəˈmɛɹəkənz/
afrocentric	/ˈæfɹoʊˈsɛntɹɪk/
afsane	/ɑfˈsɑˌneɪ/
afsane's	/ɑfˈsɑˌneɪz/
afshar	/ˈæfʃɚ/
afshar's	/ˈæfʃɚz/
aft	/ˈæft/
after	/ˈæftɚ/
after-room	/ˈæftɚˌɹum/
afterall	/ˈæftɚˌɑl/
afterburner	/ˈæftɚˌbɝnɚ/
afterburners	/ˈæftɚˌbɝnɚz/
aftereffect	/ˈæftɚəˌfɛkt/
aftereffects	/ˈæftɚəˌfɛkts/
afterglow	/ˈæftɚˌɡloʊ/
afterglows	/ˈæftɚˌɡloʊz/
afterhours	/ˈæftɚˌhaʊɚz/
afterimage	/ˈæftɚˌɪmɪdʒ/
afterimages	/ˈæftɚˌɪmɪdʒəz/
afterlife	/ˈæftɚˌlaɪf/
afterlives	/ˈæftɚˌlaɪvz/
aftermarket	/ˈæftɚˌmɑɹkɪt/
aftermarkets	/ˈæftɚˌmɑɹkɪts/
aftermath	/ˈæftɚˌmæθ/
aftermaths	/ˈæftɚˌmæθs/
afternoon	/ˌæftɚˈnun/
afternoon's	/ˌæftɚˈnunz/
afternoons	/ˌæftɚˈnunz/
aftershave	/ˌæftɚˈʃeɪv/
aftershaves	/ˌæftɚˈʃeɪvz/
aftershock	/ˈæftɚˌʃɑk/
aftershocks	/ˈæftɚˌʃɑks/
aftertaste	/ˈæftɚˌteɪst/
aftertastes	/ˈæftɚˌteɪsts/
aftertax	/ˈæftɚˌtæks/
afterthought	/ˈæftɚˌθɑt/
afterthoughts	/ˈæftɚˌθɑts/
afterward	/ˈæftɚwɚd/
afterwards	/ˈæftɚwɚdz/
afula	/əˈfulə/
afula's	/əˈfuləz/
ag	/ˈæɡ/
ag's	/ˈæɡz/
aga	/ˈɑɡə/
agache	/ˈæɡætʃ/
agache's	/ˈæɡætʃəz/
agaches	/ˈæɡætʃəz/
again	/əˈɡɛn/
against	/əˈɡɛnst/
agamemnon	/ˌæɡəˈmɛmˌnɑn/
agamemnon's	/ˌæɡəˈmɛmˌnɑnz/
agan	/ˈeɪɡən/
agana	/əˈɡɑnə/
aganbegyan	/ˌæɡənˈbɛɡjən/
agans	/ˈɑɡɑnz/
agape	/əˈɡeɪp/
agar	/ˈeɪɡɚ/
agard	/ˈæɡɚd/
agarwal	/ˈɑɡɑɹwɑl/
agasp	/əˈɡæsp/
agassi	/ˈæɡəsi/
agassiz	/əˈɡæsɪz/
agate	/ˈæɡət/
agates	/ˈæɡəts/
agatha	/ˈæɡəθə/
agawam	/ˈæɡəˌwɑm/
agco	/ˈæɡˌkoʊ/
age	/ˈeɪdʒ/
age's	/ˈeɪdʒɪz/
aged	/ˈeɪdʒd/
agee	/ˈeɪˈdʒi/
agee's	/ˈeɪdʒiz/
ageless	/ˈeɪdʒləs/
agematsu	/ˈæɡəˈmætsu/
agence	/ˈædʒəns/
agencies	/ˈeɪdʒənsiz/
agencies'	/ˈeɪdʒənsiz/
agency	/ˈeɪdʒənsi/
agency's	/ˈeɪdʒənsiz/
agenda	/əˈdʒɛndə/
agendas	/əˈdʒɛndəz/
agent	/ˈeɪdʒənt/
agent's	/ˈeɪdʒənts/
agents	/ˈeɪdʒənts/
agents'	/ˈeɪdʒənts/
ager	/ˈeɪdʒɚ/
ageratum	/əˈdʒɛɹətəm/
ageratums	/əˈdʒɛɹətəmz/
agers	/ˈeɪdʒɚz/
agers'	/ˈeɪdʒɚz/
agerton	/ˈeɪɡɚtən/
ages	/ˈeɪdʒəz/
agfa	/ˈæɡfə/
aggarwal	/əˈɡɑɹwəl/
aggie	/ˈæɡi/
aggies	/ˈæɡiz/
agglomerate	/əˈɡlɑmɚˌeɪt/
agglomeration	/əˌɡlɑmɚˈeɪʃən/
agglutinate	/əˈɡlutɪˌneɪt/
aggrandize	/əˈɡɹænˌdaɪz/
aggrandizement	/ˈæɡɹənˌdaɪzmənt/
aggrandizing	/ˈæɡɹənˌdaɪzɪŋ/
aggravate	/ˈæɡɹəˌveɪt/
aggravated	/ˈæɡɹəˌveɪtɪd/
aggravates	/ˈæɡɹəˌveɪts/
aggravating	/ˈæɡɹəˌveɪtɪŋ/
aggravation	/ˌæɡɹəˈveɪʃən/
aggregate	/ˈæɡɹəɡət/
aggregated	/ˈæɡɹəˌɡeɪtɪd/
aggregates	/ˈæɡɹəɡɪts/
aggregation	/ˌæɡɹəˈɡeɪʃən/
aggress	/əˈɡɹɛs/
aggression	/əˈɡɹɛʃən/
aggressions	/əˈɡɹɛʃənz/
aggressive	/əˈɡɹɛsɪv/
aggressively	/əˈɡɹɛsɪvli/
aggressiveness	/əˈɡɹɛsɪvnəs/
aggressivity	/əɡɹɛˈsɪvɪti/
aggressor	/əˈɡɹɛsɚ/
aggressors	/əˈɡɹɛsɚz/
aggrey	/æˈɡɹeɪ/
aggrieve	/əˈɡɹiv/
aggrieved	/əˈɡɹivd/
aggy	/ˈæɡi/
aghast	/əˈɡæst/
aghazadeh	/ˌæɡəˈzɑˌdɛ/
agie	/ˈæɡi/
agildo	/əˈɡɪldoʊ/
agile	/ˈædʒəl/
agilis	/əˈdʒɪləs/
agility	/əˈdʒɪləti/
agin	/ɑˈdʒin/
agincourt	/ˈædʒənˌkɔɹt/
aging	/ˈeɪdʒɪŋ/
agins	/ˈeɪɡɪnz/
agip	/ˈeɪɡɪp/
agitate	/ˈædʒəˌteɪt/
agitated	/ˈædʒəˌteɪtɪd/
agitating	/ˈædʒəˌteɪtɪŋ/
agitation	/ˌædʒəˈteɪʃən/
agitator	/ˈædʒəˌteɪtɚ/
agitators	/ˈædʒɪˌteɪtɚz/
agitprop	/ˈædʒətˌpɹɔp/
agius	/ˈeɪdʒiɪs/
agleam	/əˈɡlim/
agler	/ˈæɡlɚ/
aglitter	/əˈɡlɪtɚ/
aglo	/əˈɡloʊ/
aglow	/əˈɡloʊ/
agna	/ˈæɡnɑ/
agne	/ˈæɡnɪ/
agnella	/ˌæɡˈnɛlɑ/
agnelli	/ˈæɡˌnɛli/
agnelli's	/ˈæɡˌnɛliz/
agnellis	/ˈæɡˌnɛliz/
agnello	/ˌæɡˈnɛloʊ/
agner	/ˈæɡnɚ/
agnes	/ˈæɡnɪs/
agneta	/ɑɡˈnɛtə/
agnew	/ˈæɡnu/
agnico	/ˈæɡnɪˌkoʊ/
agnor	/ˈæɡnɚ/
agnos	/ˈæɡnoʊs/
agnosio	/æɡˈnoʊsioʊ/
agnostic	/æɡˈnɑstɪk/
agnostically	/æɡˈnɑstɪˌkli/
agnostics	/æɡˈnɑstɪks/
ago	/əˈɡoʊ/
agog	/əˈɡɑɡ/
agoglia	/əˈɡɑɡliə/
agonies	/ˈæɡəniz/
agonist	/ˈæɡənɪst/
agonists	/ˈæɡənɪsts/
agonize	/ˈæɡəˌnaɪz/
agonized	/ˈæɡəˌnaɪzd/
agonizes	/ˈæɡəˌnaɪzɪz/
agonizing	/ˈæɡənaɪzɪŋ/
agonizingly	/ˈæɡəˌnaɪzɪŋˌli/
agony	/ˈæɡəni/
agora	/ˈæɡɚə/
agoraphobia	/əˌɡɔɹəˈfoʊbiə/
agosta	/ɑˈɡoʊstə/
agostinelli	/ɑɡoʊstiˈnɛli/
agostini	/ɑɡoʊˈstini/
agostino	/ɑɡɔˈstinoʊ/
agosto	/ɑˈɡoʊstoʊ/
agoura	/əˈɡuɹə/
agouron	/əˈɡuɹɑn/
agra	/ˈæɡɹə/
agrarian	/əˈɡɹɛɹiən/
agrarianism	/əˈɡɹɛɹiəˌnɪzəm/
agrawal	/əˈɡɹæwəl/
agree	/əˈɡɹi/
agreeable	/əˈɡɹiəbəl/
agreed	/əˈɡɹid/
agreeing	/əˈɡɹiɪŋ/
agreement	/əˈɡɹimənt/
agreement's	/əˈɡɹimənts/
agreements	/əˈɡɹimənts/
agrees	/əˈɡɹiz/
agregable	/əˈɡɹɛdʒəbəl/
agregious	/əˈɡɹidʒiəs/
agresource	/ˈɑɡɹɛˌsɔɹs/
agresta	/ɑˈɡɹɛstə/
agresti	/ɑˈɡɹɛsti/
agrexco	/ɑˈɡɹɛkskoʊ/
agri	/ˈæɡɹi/
agribank	/ˈæɡɹɪˌbæŋk/
agribusiness	/ˈæɡɹəˌbɪznəs/
agrico	/əˈɡɹikoʊ/
agricola	/ˌæɡɹɪˈkoʊlə/
agricole	/ˈæɡɹɪˌkoʊl/
agricultural	/ˌæɡɹəˈkʌltʃɚəl/
agriculturalist	/ˌæɡɹəˈkʌltʃɚələst/
agriculturally	/ˌæɡɹɪˈkʌltʃɚəli/
agriculture	/ˈæɡɹɪˌkʌltʃɚ/
agriculture's	/ˈæɡɹɪˌkʌltʃɚz/
agrifuel	/ˈæɡɹəfˌjul/
agrifuels	/ˈæɡɹəfˌjulz/
agrigenetics	/ˌæɡɹədʒəˈnɛtɪks/
agrippa	/əˈɡɹɪpə/
agrivisor	/ˈæɡɹəˌvaɪzɚ/
agro	/ˈæɡɹoʊ/
agrochemical	/ˌæɡɹoʊˈkɛməkəl/
agrochemicals	/ˌæɡɹoʊˈkɛmɪkəlz/
agroindustrial	/ˌæɡɹoʊɪˈdʌstɹiəl/
agrokomerc	/ˈæɡɹəkoʊˌmɝk/
agronomist	/əˈɡɹɑnəmɪst/
agronomists	/əˈɡɹɑnəmɪsts/
agronomy	/əˈɡɹɑnəˌmɪ/
agrosiand	/əˈɡɹoʊsiənd/
aground	/əˈɡɹaʊnd/
agrusa	/ɑˈɡɹusə/
agua	/ˈɑɡwə/
aguacate	/ˈæɡwəˌkeɪt/
aguadilla	/ˌɑɡwəˈdɪlə/
aguado	/ɑˈɡwɑdoʊ/
aguanga	/əˈɡwɑnɡə/
aguascalientes	/ˌɑɡwəskælˈjɛntɛs/
aguayo	/ɑˈɡweɪoʊ/
agudelo	/ɑɡuˈdeɪloʊ/
ague	/ˈeɪɡˌju/
aguero	/ɑˈɡɛɹoʊ/
aguiar	/ˈɑɡwiɚ/
aguila	/ɑˈɡwilə/
aguilar	/ˈæɡəlɑɹ/
aguilera	/ɑɡwiˈlɛɹə/
aguillar	/ˈæɡəlɑɹ/
aguillard	/ˈæɡɪlɚd/
aguillon	/ɑɡwiˈlɔn/
aguilo	/əˈɡwiloʊ/
aguinaga	/ɑɡuiˈnɑɡə/
aguirra	/əˈɡwɪɹə/
aguirra's	/əˈɡwɪɹəz/
aguirre	/ɑˈɡwɪɹeɪ/
aguirre's	/ɑˈɡwɪɹeɪz/
agustin	/əˈɡɔstɪn/
ah	/ˈɑ/
aha	/ˌɑˈhɑ/
ahab	/ˈeɪˌhæb/
ahah	/ˈɑhɑ/
aharon	/ˈæhɚɑn/
ahart	/əˈhɑɹt/
ahasuerus	/əˌhæʃəˈwɛɹəs/
ahaulsie	/əˈhɑlsi/
ahead	/əˈhɛd/
ahearn	/əˈhɝn/
aherin	/ˈɑɚɪn/
ahern	/əˈhɝn/
aherne	/əˈhɝn/
ahh	/ˈɑ/
ahl	/ˈɑl/
ahlberg	/ˈɑlbɚɡ/
ahlborn	/ˈɑlbɚn/
ahlen	/əˈleɪn/
ahlers	/ˈɑlɚz/
ahles	/ˈeɪəlz/
ahlf	/ˈɑlf/
ahlgren	/ˈɑlɡɹɛn/
ahlgrim	/ˈɑlɡɹɪm/
ahlin	/ˈɑlɪn/
ahlman	/ˈɑlmən/
ahlquist	/ˈɑlˌkwɪst/
ahlquist's	/ˈɑlˌkwɪsts/
ahlquists	/ˈɑlˌkwɪsts/
ahlstrand	/ˈɑlstɹənd/
ahlstrom	/ˈɑlstɹəm/
ahluwalia	/əluˈɑljə/
ahmad	/ˈɑmɑd/
ahmadi	/ɑˈmɑdi/
ahmann	/ˈɑmən/
ahmanson	/ˈɑmənsən/
ahmanson's	/ˈɑmənsənz/
ahmansons	/ˈɑmənsənz/
ahmed	/ˈɑməd/
ahmeek	/ˈʌmik/
ahmoudi	/ɑˈmudi/
ahn	/ˈæn/
ahnell	/ɑˈnɛl/
ahner	/ˈɑnɚ/
aho	/ˈɑhoʊ/
ahola	/ˈæhələ/
ahold	/əˈhoʊld/
ahold's	/əˈhoʊldz/
aholds	/əˈhoʊldz/
ahonen	/əˈhoʊnən/
ahoskie	/əˈhɔski/
ahoy	/əˈhɔɪ/
ahr	/ˈɑɹ/
ahranat	/əˈɹɑnət/
ahren	/ˈɑɹən/
ahrendt	/ˈɑɹɪnt/
ahrens	/ˈɑɹɪnz/
ahs	/ˈɑz/
ahsahka	/ɑˈsɑkə/
ahuja	/ɑˈhujə/
ahumada	/ɑjuˈmɑdə/
ahwahnee	/əˈwɑni/
ai	/ˈaɪ/
aichele	/ˈaɪkəl/
aicher	/ˈaɪkɚ/
aichi	/ɑˈitʃi/
aickin	/ˈeɪkɪn/
aid	/ˈeɪd/
aid's	/ˈeɪdz/
aida	/aɪˈidə/
aidan	/ˈeɪdɑn/
aide	/ˈeɪd/
aide's	/ˈeɪdz/
aided	/ˈeɪdəd/
aiden	/ˌeɪˈdɛn/
aidenn	/ˌeɪˈdɛn/
aides	/ˈeɪdz/
aides'	/ˈeɪdz/
aidid	/ˌaɪˈdid/
aidid's	/ˌaɪˈdidz/
aiding	/ˈeɪdɪŋ/
aids	/ˈeɪdz/
aiello	/ˌaɪˈɛloʊ/
aiesha	/ˈaɪʃə/
aigner	/ˈeɪnɚ/
aiguebelle	/ˈaɪɡəˌbɛl/
aiken	/ˈeɪkɪn/
aikens	/ˈeɪkɪnz/
aikey	/ˈeɪki/
aikin	/ˈeɪkɪn/
aikins	/ˈaɪkɪnz/
aikman	/ˈeɪkmən/
aikoff	/ˈaɪˌkɔf/
ail	/ˈeɪl/
ailee	/ˈeɪˈli/
aileen	/aɪˈlin/
ailene	/aɪˈlin/
aileron	/ˈeɪlɚˌɑn/
ailerons	/ˈeɪlɚˌɑnz/
ailes	/ˈaɪlz/
ailey	/ˈeɪli/
ailing	/ˈeɪlɪŋ/
ailment	/ˈeɪlmənt/
ailments	/ˈeɪlmənts/
ailor	/ˈeɪlɚ/
ails	/ˈeɪlz/
ailsa	/ˈeɪlsə/
ailurophile	/eɪˈlʊɹəfaɪl/
aim	/ˈeɪm/
aim's	/ˈeɪmz/
aimal	/ˈaɪməl/
aiman	/ˈaɪmən/
aime	/ˈeɪm/
aimed	/ˈeɪmd/
aimee	/ˈeɪˈmi/
aimetti	/eɪˈmɛti/
aiming	/ˈeɪmɪŋ/
aimless	/ˈeɪmləs/
aimlessly	/ˈeɪmləsli/
aimone	/ˈeɪˌmoʊn/
aims	/ˈeɪmz/
ain't	/ˈeɪnt/
aine	/ˈeɪn/
ainge	/ˈeɪŋ/
ainley	/ˈeɪnli/
ainsberg	/ˈeɪnzbɚɡ/
ainsley	/ˈeɪnsli/
ainslie	/ˈeɪnzli/
ainsworth	/ˈeɪnswɚθ/
ainsworth's	/ˈeɪnzwɚθs/
ainu	/ˈeɪˌnu/
aipac	/ˈaɪˌpæk/
aipac's	/ˈaɪˌpæks/
air	/ˈɛɹ/
air-conditioning	/ˈɛɹkənˌdɪʃənɪŋ/
air-force	/ˈɛɹfɔɹs/
air's	/ˈɛɹz/
airbag	/ˈɛɹˌbæɡ/
airbags	/ˈɛɹˌbæɡz/
airbase	/ˈɛɹˌbeɪs/
airbases	/ˈɛɹˌbeɪsɪs/
airboat	/ˈɛɹboʊt/
airboats	/ˈɛɹboʊts/
airborne	/ˈɛɹˌbɔɹn/
airborne's	/ˈɛɹˌbɔɹnz/
airbus	/ˈɛɹbəs/
airbus's	/ˈɛɹbəsɪz/
aircal	/ˈɛɹkɑl/
aircal's	/ˈɛɹˌkælz/
airco	/ˈɛɹkoʊ/
aircoa	/ˌɛɹˈkoʊə/
aircondition	/ˈɛɹkənˌdɪʃən/
airconditioned	/ˈɛɹkənˌdɪʃənd/
airconditioner	/ˈɛɹkənˌdɪʃənɚ/
airconditioning	/ˈɛɹkənˌdɪʃənɪŋ/
airconditions	/ˈɛɹkənˌdɪʃənz/
aircraft	/ˈɛɹˌkɹæft/
aircraft's	/ˈɛɹˌkɹæfts/
aircrafts	/ˈɛɹˌkɹæfts/
aircrew	/ˈɛɹˌkɹu/
aird	/ˈɛɹd/
airdrop	/ˈɛɹdɹɑp/
airdrops	/ˈɛɹdɹɑps/
aired	/ˈɛɹd/
airedale	/ˈɛɹˌdeɪl/
airedales	/ˈɛɹˌdeɪlz/
aires	/ˈɛɹiz/
airey	/ˈɛɹi/
airfare	/ˈɛɹˌfɛɹ/
airfares	/ˈɛɹˌfɛɹz/
airfield	/ˈɛɹˌfild/
airfields	/ˈɛɹˌfildz/
airflow	/ˈɛɹfloʊ/
airflows	/ˈɛɹfloʊz/
airfoil	/ˈɛɹˌfɔɪl/
airfoils	/ˈɛɹˌfɔɪlz/
airfone	/ˈɛɹˌfoʊn/
airfones	/ˈɛɹˌfoʊnz/
airforce	/ˈɛɹfɔɹs/
airforces	/ˈɛɹfɔɹsɪz/
airframe	/ˈɛɹˌfɹeɪm/
airframes	/ˈɛɹˌfɹeɪmz/
airfreight	/ˈɛɹˌfɹeɪt/
airgas	/ˈɛɹˌɡæs/
airglow	/ˈɛɹˌɡloʊ/
airhart	/ˈɛɹhɑɹt/
airhead	/ˈɛɹˌhɛd/
airheadz	/ˈɛɹˌhɛdz/
airing	/ˈɛɹɪŋ/
airington	/ˈɛɹɪŋtən/
airless	/ˈɛɹləs/
airlia	/ˈɛɹliə/
airlie	/ˈɛɹli/
airlift	/ˈɛɹˌlɪft/
airlifted	/ˈɛɹˌlɪftɪd/
airlifter	/ˈɛɹˌlɪftɚ/
airlifters	/ˈɛɹˌlɪftɚz/
airlifting	/ˈɛɹˌlɪftɪŋ/
airlifts	/ˈɛɹˌlɪfts/
airline	/ˈɛɹˌlaɪn/
airline's	/ˈɛɹˌlaɪnz/
airliner	/ˈɛɹˌlaɪnɚ/
airliner's	/ˈɛɹˌlaɪnɚz/
airliners	/ˈɛɹˌlaɪnɚz/
airlines	/ˈɛɹˌlaɪnz/
airlines'	/ˈɛɹˌlaɪnz/
airlink	/ˈɛɹˌlɪŋk/
airlinks	/ˈɛɹˌlɪŋks/
airlock	/ˈɛɹˌlɔk/
airlocks	/ˈɛɹˌlɔks/
airmail	/ˈɛɹˌmeɪl/
airman	/ˈɛɹmən/
airman's	/ˈɛɹmənz/
airmen	/ˈɛɹˌmɛn/
airmotive	/ˌɛɹˈmoʊtɪv/
airplane	/ˈɛɹˌpleɪn/
airplane's	/ˈɛɹpleɪnz/
airplanes	/ˈɛɹpleɪnz/
airport	/ˈɛɹˌpɔɹt/
airport's	/ˈɛɹˌpɔɹts/
airporter	/ˈɛɹˌpɔɹtɚ/
airporters	/ˈɛɹˌpɔɹtɚz/
airports	/ˈɛɹˌpɔɹts/
airpower	/ˈɛɹˌpaʊɚ/
airs	/ˈɛɹz/
airshare	/ˈɛɹʃɛɹ/
airship	/ˈɛɹˌʃɪp/
airships	/ˈɛɹˌʃɪps/
airspace	/ˈɛɹˌspeɪs/
airspaces	/ˈɛɹˌspeɪsɪz/
airspeed	/ˈɛɹˌspid/
airstrike	/ˈɛɹˌstɹaɪk/
airstrikes	/ˈɛɹˌstɹaɪks/
airstrip	/ˈɛɹˌstɹɪp/
airstrips	/ˈɛɹˌstɹɪps/
airtight	/ˈɛɹˌtaɪt/
airtime	/ˈɛɹˌtaɪm/
airtouch	/ˈɛɹˌtʌtʃ/
airtran	/ˈɛɹˌtɹæn/
airwave	/ˈɛɹˌweɪv/
airwaves	/ˈɛɹˌweɪvz/
airway	/ˈɛɹˌweɪ/
airway's	/ˈɛɹˌweɪz/
airways	/ˈɛɹˌweɪz/
airways'	/ˈɛɹˌweɪz/
airways's	/ˈɛɹˌweɪzɪz/
airwing	/ˈɛɹwɪŋ/
airwings	/ˈɛɹwɪŋz/
airworthiness	/ˈɛɹˌwɝðinəs/
airworthy	/ˈɛɹˌwɝði/
airy	/ˈɛɹi/
ais	/ˈaɪz/
aisa	/aɪˈisə/
aisha	/ˈaɪʃə/
aisle	/ˈaɪl/
aisles	/ˈaɪlz/
aisling	/ˈeɪslɪŋ/
aislinn	/ˈeɪslɪn/
aist	/ˈeɪst/
aitchison	/ˈeɪtʃɪsən/
aithne	/ˈeɪθn/
aitken	/ˈaɪtkən/
aiton	/ɑˈitoʊn/
aiwa	/ˈaɪwə/
aix	/ˈɛks/
aix-en-provence	/ˈeɪksɑnpɹəˈvɔns/
aix-la-chapelle	/ˈeɪkˌslɑʃəˈpɛl/
aja	/ˈaɪə/
ajaj	/əˈdʒɑdʒ/
ajaj's	/əˈdʒɑdʒɪz/
ajami	/ˌeɪˈdʒɑmi/
ajar	/əˈdʒɑɹ/
ajax	/ˈeɪˌdʒæks/
ajax's	/ˈeɪˌdʒæksəz/
ajay	/ˈɛdʒeɪ/
ajinomoto	/əˌdʒɪnəˈmoʊtoʊ/
ajito	/əˈdʒitoʊ/
aka	/ˈɑkə/
akai	/əˈkaɪ/
akaka	/əˈkɑkə/
akali	/əˈkɑli/
akamine	/ˈækəˌmaɪn/
akana	/ɑˈkɑnə/
akao	/əˈkeɪoʊ/
akard	/ˈækɚd/
akashi	/əˈkɑʃi/
akashi's	/əˈkɑʃiz/
akbar	/ˈækbɚ/
akbash	/ˈækbæʃ/
akc	/ˈæk/
ake	/ˈeɪk/
akebono	/ˌækiˈboʊnoʊ/
akel	/əˈkɛl/
akella	/əˈkɛlə/
aken	/ˈeɪkən/
akens	/ˈeɪkənz/
aker	/ˈækɚ/
akerley	/əˈkɝli/
akerman	/ˈækɚmən/
akers	/ˈeɪkɚz/
akers's	/ˈeɪkɚzɪz/
akerson	/ˈækɚsən/
akey	/əˈki/
akhtar	/ˈæktɚ/
aki	/ˈɑki/
akiba	/əˈkibə/
akihito	/ˌɑkiˈhiˌtoʊ/
akiko	/əˈkikoʊ/
akimbo	/əˈkɪmˌboʊ/
akin	/əˈkɪn/
akins	/əˈkɪnz/
akio	/ˈɑkioʊ/
akira	/əˈkiɹə/
akita	/əˈkitə/
akita's	/əˈkitəz/
akiva	/əˈkivə/
akiyama	/ɑkiˈjɑmə/
akkadian	/əˈkeɪdiən/
akkerman	/ˈækɚmən/
akre	/ˈækɚ/
akridge	/əˈkɹɪdʒ/
akron	/ˈækɹən/
aksamit	/ˈæksəmɪt/
aksler	/ˈækslɚ/
akst	/ˈækst/
akyanama	/ˌækˈjɑnɑmə/
akzo	/ˈækzoʊ/
akzo's	/ˈækzoʊz/
akzos	/ˈækzoʊz/
al	/ˈæl/
al-amein	/ˈæləˌmeɪn/
al-qaeda	/ˌɑlˈkaɪdɑ/
al.	/ˈæl/
al's	/ˈælz/
ala	/ˈælə/
alabama	/ˌæləˈbæmə/
alabama's	/ˌæləˈbæməz/
alabaman	/ˌæləˈbæmən/
alabamans	/ˌæləˈbæmənz/
alabaster	/ˈæləˌbæstɚ/
alachlor	/əˈlæklɚ/
alachua	/əˈlætʃuə/
alacrity	/əˈlækɹəti/
aladdin	/æˈlædɪn/
aladeen	/æləˈdin/
alafi	/əˈlɑfi/
alagappan	/ɑləˈɡɑpən/
alagem	/ˈælədʒɛm/
alagna	/ɑˈlɑɡnə/
alagoas	/ˈæləˌɡoʊz/
alai	/əˈlaɪ/
alaimo	/əˈleɪmoʊ/
alain	/əˈleɪn/
alaine	/əˈleɪn/
alair	/əˈlɛɹ/
alam	/əˈlæm/
alamance	/ˌæləˈmæns/
alamco	/əˈlæmkoʊ/
alameda	/ˌæləˈmidə/
alamein	/ˈæləˌmeɪn/
alamillo	/ˌæləˈmɪloʊ/
alamito	/ˌæləˈmitoʊ/
alamitos	/ˌæləˈmitoʊs/
alamo	/ˈæləmoʊ/
alamodome	/ˈæləmoʊˌdoʊm/
alamos	/ˈæləmoʊz/
alamosa	/ˌæləˈmoʊsə/
alamoud	/ˈæləˌmud/
alamoudi	/ˌɑlɑˈmudi/
alan	/ˈælən/
alan's	/ˈælənz/
alana	/ɑˈlænə/
alanco	/əˈlænkoʊ/
aland	/ˈælənd/
alane	/əˈleɪn/
alanis	/ɑˈlɑnɪs/
alaniz	/ˈælənɪz/
alann	/ˈælæn/
alanna	/ɑˈlɑnə/
alar	/ˈeɪˌlɑɹ/
alarcon	/əˈlɑɹˌkɑn/
alard	/əˈlɑɹd/
alaric	/ˈælɚɪk/
alarica	/ɑlɑˈɹikə/
alarice	/ɑˈlɑɹɪs/
alarid	/əˈlɛɹɪd/
alarie	/əˈlɛɹi/
alarm	/əˈlɑɹm/
alarm's	/əˈlɑɹmz/
alarmed	/əˈlɑɹmd/
alarming	/əˈlɑɹmɪŋ/
alarmingly	/əˈlɑɹmɪŋli/
alarmist	/əˈlɑɹməst/
alarmists	/əˈlɑɹmɪsts/
alarms	/əˈlɑɹmz/
alaron	/əˈlɛɹən/
alas	/əˈlæs/
alaska	/əˈlæskə/
alaska's	/əˈlæskəz/
alaskamen	/əˈlæskəmən/
alaskan	/əˈlæskən/
alaskans	/əˈlæskənz/
alastair	/ˈæləˌstɛɹ/
alaster	/ˈæləstɚ/
alatas	/əˈlɑtəs/
alatorre	/ɑlɑˈtɔɹi/
alayne	/əˈleɪn/
alba	/ˈælbə/
albach	/ˈælbɑk/
albacore	/ˈælbəˌkɔɹ/
alban	/ˈɑlbən/
albanese	/ɑlbɑˈneɪzi/
albani	/ælˈbɑni/
albani's	/ælˈbɑniz/
albania	/ælˈbeɪniə/
albania's	/ælˈbeɪniəz/
albanian	/ælˈbeɪniən/
albanians	/ælˈbeɪniənz/
albank	/ɑlˈbæŋk/
albano	/ɑlˈbɑnoʊ/
albans	/ˈælbænz/
albany	/ˈɔlbəni/
albany's	/ˈɔlbəniz/
albarado	/ɑlbɑˈɹɑdoʊ/
albarran	/ˌælˈbæɹən/
albashaun	/ˈælbəˌʃɑn/
albatross	/ˈælbəˌtɹɑs/
albatrosses	/ˈælbəˌtɹɑsɪz/
albaugh	/əlˈbɔ/
albea	/ˈælbiə/
albee	/əlˈbi/
albeit	/ɔlˈbiɪt/
albemarle	/ˈælbəˌmɑɹl/
alben	/ˈɔlbən/
albendazole	/ˌɑlbəndəˈzoʊli/
alber	/ˈælbɚ/
alberding	/ˈælbɚdɪŋ/
alberg	/ˈælbɚɡ/
albergo	/ɑlˈbɛɹɡoʊ/
alberico	/ɑlbɚˈikoʊ/
albern	/ˈælbɚn/
albers	/ˈɔlbɚz/
alberson	/ˈælbɚsən/
albert	/ˈælbɚt/
albert's	/ˈælbɚts/
alberta	/ælˈbɝtə/
alberthal	/ˈælbɚˌθɔl/
alberti	/ɑlˈbɛɹti/
albertina	/ɑlbɚˈtinə/
albertine	/ˈælbɚˌtin/
albertini	/ɑlbɚˈtini/
alberto	/ælˈbɝtoʊ/
alberts	/ˈælbɚts/
albertsen	/ˈælbɚtsən/
albertson	/ˈælbɚtsən/
albertson's	/ˈælbɚtsənz/
albertus	/ælˈbɝtəs/
albertville	/ˈælbɚtˌvɪl/
alberty	/əlˈbɝti/
albie	/ˈɔlbi/
albin	/ˈælbɪn/
albina	/ɑlˈbinə/
albini	/ɑlˈbini/
albinia	/ɑlˈbiniə/
albino	/ælˈbaɪˌnoʊ/
albion	/ˈælbiən/
albiric	/ɑlˈbaɪɹɪk/
albo	/ˈælboʊ/
albrecht	/ˈɔlˌbɹɛkt/
albright	/ˈɔlˌbɹaɪt/
albright's	/ˈɔlˌbɹaɪts/
albrightsville	/ˈɔlˌbɹaɪtsvɪl/
albritton	/ˈælbɹɪtɑn/
albro	/ˈælbɹoʊ/
albukhari	/ɑlbjuˈkɑɹi/
album	/ˈælbəm/
album's	/ˈælbəmz/
albumin	/ælbˈjumən/
albums	/ˈælbəmz/
albunex	/ˌælbˈjunɛks/
albuquerque	/ˈælbəkɚki/
albury	/ˈælbɛɹi/
albus	/ˈælbəs/
albuterol	/ˌælbˈjutɚɔl/
alcala	/ɑlˈkɑlə/
alcan	/ˈælˌkæn/
alcan's	/ˈælˌkænz/
alcantar	/ˌælˈkæntɚ/
alcantara	/ɑlkɑnˈtɑɹə/
alcaraz	/ɑlˈkɑɹɑz/
alcasa	/ælˈkɑsə/
alcatel	/ˈælkəˌtɛl/
alcatel's	/ˈælkəˌtɛlz/
alcatraz	/ˌælkəˈtɹæz/
alcazar	/ˈɑlkəˌzɑɹ/
alcee	/ˈælsi/
alcester	/ˈɑltʃɛstɚ/
alchemically	/ælˈkɛməkli/
alchemist	/ˈæltʃəmɪst/
alchemy	/ˈælkəmi/
alcide	/ˈælˌsaɪd/
alcids	/ˈælsɪdz/
alcina	/ɑlˈtʃinə/
alco	/ˈælkoʊ/
alco's	/ˈælkoʊz/
alcoa	/ˈælkoʊə/
alcoa's	/ælˈkoʊəz/
alcocer	/əlˈkoʊsɚ/
alcock	/əlˈkɑk/
alcohol	/ˈælkəˌhɑl/
alcohol-drenched	/ˈælkəˌhɑlˈdɹɛntʃt/
alcoholic	/ˌælkəˈhɑlɪk/
alcoholics	/ˌælkəˈhɑlɪks/
alcoholism	/ˈælkəˌhɔˌlɪzəm/
alcohols	/ˈælkəˌhɑlz/
alcon	/əlˈkɑn/
alcorn	/ɑlˈkɔɹn/
alcorta	/ɑlˈkɔɹtə/
alcott	/ˈælˌkɑt/
alcove	/ˈælˌkoʊv/
alcoves	/ˈælˌkoʊvz/
alda	/ˈɑldə/
aldaco	/ɑlˈdɑkoʊ/
aldama	/ɑlˈdɑmə/
aldana	/ɑlˈdænə/
aldape	/ɑlˈdɑpeɪ/
alday	/ˈældeɪ/
aldebaran	/ælˈdɛbɚən/
aldeburgh	/ˈældˌbɝɡ/
alden	/ˈɑldən/
aldenville	/ˈɑldənvɪl/
alder	/ˈɔldɚ/
aldercy	/əlˈdɝki/
alderete	/ˈældɚit/
alderfer	/ˈældɚfɚ/
alderidge	/ˈɑldɚɪdʒ/
alderman	/ˈɔldɚmən/
aldermen	/ˈɔldɚmɪn/
alderson	/ˈɔldɚsən/
alderton	/ˈɔldɚtən/
aldi	/ˈɑldi/
aldicarb	/ˈɔldɪˌkɑɹb/
aldila	/ˌælˈdɪlə/
aldin	/ɑlˈdin/
aldinger	/ˈɔldɪŋɚ/
aldis	/ˈɑldɪs/
aldo	/ˈɑldoʊ/
aldora	/ɑlˈdɔɹə/
aldous	/ˈɑldəs/
aldred	/ˈældɚd/
aldredge	/ˈɔldɹɛdʒ/
aldrete	/ˈɔldɹit/
aldric	/ˈældɹɪk/
aldrich	/ˈɔldɹɪtʃ/
aldrich's	/ˈɔldɹɪtʃəz/
aldridge	/ˈɔldɹɪdʒ/
aldrin	/ˈɔldɹɪn/
aldrin's	/ˈɔldɹɪnz/
aldus	/ˈɑldɪs/
aldus's	/ˈɑldɪsɪz/
aldwin	/ˈɔldwɪn/
aldwyn	/ˈɔldwɪn/
aldys	/ˈɑldiz/
ale	/ˈeɪl/
aleatory	/ˈeɪliəˌtɔɹi/
alec	/ˈælɪk/
aleda	/ɑˈleɪdə/
aledo	/əˈlidoʊ/
aleen	/əˈlin/
alegre	/ɑˈlɛɡɹi/
alegrett	/ˈæləɡɹət/
alegria	/əˈlɛɡɹiə/
alehouse	/ˈeɪlˌhaʊs/
aleichem	/əˈlɛhɛm/
alejandre	/ɑleɪˈjɑndɹeɪ/
alejandro	/ɑleɪˈjɑndɹoʊ/
alejo	/ɑˈleɪjoʊ/
alejos	/ɑˈleɪjoʊz/
aleksander	/ˌæləkˈsændɚ/
aleksandr	/ˌæləkˈsændɚ/
alem	/əˈlɛm/
aleman	/ˈeɪlmən/
alena	/ɑˈleɪnə/
alendrin	/əˈlɛndɹɪn/
alene	/əˈlin/
alenia	/əˈliniə/
aleo	/ˈɑlioʊ/
aleph	/ˈɑləf/
aleria	/əˈliɹiə/
aleron	/ɑlɛˈɹɔn/
alert	/əˈlɝt/
alerted	/əˈlɝtɪd/
alerting	/əˈlɝtɪŋ/
alertly	/əˈlɝtli/
alertness	/əˈlɝtnəs/
alerts	/əˈlɝts/
ales	/ˈeɪlz/
aleshire	/ɑleɪˈʃɪɹeɪ/
alesi	/ɑˈlɛsi/
alessandra	/ˌælɛˈsændɹɑ/
alessandra's	/ˌælɛˈsændɹəz/
alessandrini	/ˌɑlɛsɑnˈdɹiˌni/
alessandro	/ɑleɪˈzɑndɹoʊ/
alessi	/əˈlɛsi/
alessio	/əˈlɛsioʊ/
aleta	/ɑˈlɛtə/
aletha	/əˈliθə/
alethea	/ˌæləˈθiə/
aletti	/əˈlɛti/
aleutian	/əˈluʃən/
aleutians	/əˈluʃənz/
aleve	/əˈliv/
alewife	/ˈeɪlˌwaɪf/
alewine	/ˈeɪlˌwaɪn/
alewives	/ˈeɪlˌwaɪvz/
alex	/ˈæləks/
alex's	/ˈæləksɪz/
alexa	/əˈlɛksə/
alexander	/ˌæləɡˈzændɚ/
alexander's	/ˌæləɡˈzændɚz/
alexanders	/ˌælɪɡˈzændɚz/
alexandra	/ˌælɛɡˈzændɹə/
alexandre	/ælɪkˈsɑndɚ/
alexandria	/ˌæləɡˈzændɹiə/
alexandrine	/ˌæləɡˈzændɹin/
alexandrines	/ˌæləɡˈzændɹinz/
alexandrov	/ˌæləkˈsændɹəv/
alexei	/əˈlɛkˌseɪ/
alexi	/əˈlɛksi/
alexi's	/əˈlɛksiz/
alexia	/əˈlɛksiə/
alexine	/əˈlɛksaɪn/
alexis	/əˈlɛksɪs/
alexopoulos	/ælɪɡˈzɑpəlɪs/
alexs	/ˈæləks/
alexy	/əˈlɛksi/
aley	/ˈeɪli/
alf	/ˈælf/
alfa	/ˈælfə/
alfa's	/ˈælfəz/
alfalfa	/ˌælˈfælfə/
alfano	/ɑlˈfɑnoʊ/
alfareda	/ˌælfəˈɹɛdə/
alfaro	/ɑlˈfɑɹoʊ/
alfavilli	/ˌælfəˈvɪli/
alfie	/ˈælfi/
alfieri	/ɑlˈfɪɹi/
alfiero	/ˌælfiˈɛɹoʊ/
alfin	/ˈælfɪn/
alfin's	/ˈælfɪnz/
alfono	/ælˈfoʊnoʊ/
alfons	/ˈɑlfoʊnz/
alfonse	/ˈælfɑns/
alfonsin	/ˌælˈfɑnsɪn/
alfonsin's	/ˌælˈfɑnsɪnz/
alfonsine	/ɑlfoʊnˈsini/
alfonso	/ˌælˈfɑnsoʊ/
alfonzo	/ˌælˈfɑnzoʊ/
alford	/ˈælfɚd/
alfre	/ˈælfɚ/
alfred	/ˈælfɹəd/
alfredo	/ˌælˈfɹeɪdoʊ/
alfredson	/ˈælfɹɪdsən/
alfredsson	/ˈælfɹɪdsən/
alfrey	/ˈælfɹi/
algae	/ˈældʒi/
algal	/ˈælɡəl/
algamaa	/ælˈɡɑmə/
algar	/ɑlˈɡɑɹ/
algarin	/ˈælɡɚɪn/
algata	/ælˈɡɑtə/
algebra	/ˈældʒəbɹə/
algebraic	/ˌældʒəˈbɹeɪɪk/
algebraically	/ˌældʒəˈbɹeɪɪkli/
algemene	/ˈælɡəˌmin/
algeo	/ˈældʒioʊ/
alger	/ˈældʒɚ/
algeria	/ælˈdʒɪɹiə/
algeria's	/ælˈdʒiɹiəz/
algerian	/ælˈdʒɪɹiən/
algerians	/ælˈdʒiɹiənz/
algernon	/ˈældʒɚnɑn/
algie	/ˈɔlɡi/
algiers	/ælˈdʒɪɹz/
algodones	/ˌɑɡəˈdoʊnəz/
algol	/ˈælɡɑl/
algom	/ˈælɡəm/
algoma	/ælˈɡoʊmə/
algonquian	/ælˈɡɑŋkiən/
algonquin	/ælˈɡɑŋkwɪn/
algorithm	/ˈælɡɚˌɪðəm/
algorithmic	/ˈælɡɚˌɪðəmɪk/
algorithms	/ˈælɡɚˌɪðəmz/
alguire	/ɑlˈɡwɪɹeɪ/
algy	/ˈældʒi/
alhadeff	/ˈælədɛf/
alhambra	/ælˈhæmbɹə/
alhausie	/ælˈhaʊsi/
ali	/ˈɑli/
ali-reza	/ˈɑliˈɹɛzə/
ali's	/ˈɑliz/
aliano	/ɑliˈɑnoʊ/
alianza	/ˌæliˈænzə/
alias	/ˈeɪliəs/
aliases	/ˈeɪliəsɪz/
aliberti	/ɑliˈbɛɹti/
alibi	/ˈæləˌbaɪ/
alibis	/ˈæləˌbaɪz/
alibrandi	/ˌælɪˈbɹændi/
alice	/ˈæləs/
alice's	/ˈæləsəz/
alicea	/əˈlɪsiə/
alices	/ˈæləsəz/
alicia	/əˈlɪʃə/
alicia's	/əˈlɪʃəz/
alida	/ɑˈlidə/
alie	/ˈæli/
alien	/ˈeɪliən/
alienate	/ˈeɪljəˌneɪt/
alienated	/ˈeɪliəˌneɪtɪd/
alienates	/ˈeɪliəˌneɪts/
alienating	/ˈeɪliəˌneɪtɪŋ/
alienation	/ˌeɪliəˈneɪʃən/
aliens	/ˈeɪliənz/
aliff	/ˈælɪf/
alig	/ˈælɪɡ/
alight	/əˈlaɪt/
align	/əˈlaɪn/
aligned	/əˈlaɪnd/
aligning	/əˈlaɪnɪŋ/
alignment	/əˈlaɪnmənt/
alignments	/əˈlaɪnmənts/
aligns	/əˈlaɪnz/
alihan	/ˈælɪˌhæn/
alija	/əˈlaɪdʒə/
alija's	/əˈlaɪdʒəz/
alike	/əˈlaɪk/
alikes	/əˈlaɪks/
alima	/ɑˈlimə/
alimenies	/ˈælɪˌmɛniz/
alimentary	/ˌæləˈmɛntɚi/
alimony	/ˈæləˌmoʊni/
alina	/əˈlinə/
aline	/əˈlaɪn/
alines	/əˈlaɪnz/
alioto	/ɑliˈoʊtoʊ/
aliquippa	/ˌæləˈkwɪpə/
aliquippa's	/ˌæləˈkwɪpəz/
aliquippas	/ˌæləˈkwɪpəz/
alire	/ɑˈlɪɹeɪ/
alirio	/əˈlɪɹioʊ/
alisa	/əˈlisə/
alisha	/ɑˈliʃə/
alisky	/əˈlɪski/
alislamiyya	/ˌæləsləˈmiə/
alison	/ˈælɪsən/
alissa	/əˈlɪsə/
alistair	/ˈælɪˌstɛɹ/
alister	/ˈælɪstɚ/
alita	/ɑˈlitə/
alitalia	/ˌælɪˈteɪliə/
alitalia's	/ˌælɪˈteɪliəz/
alithia	/əˈlɪθiə/
alito	/əˈlitoʊ/
alive	/əˈlaɪv/
alix	/ˈælɪks/
aliyah	/əˈliə/
alizac	/ˈælɪzæk/
alka	/ˈælkə/
alkahest	/ˈælkəˌhɛst/
alkali	/ˈælkəˌlaɪ/
alkalies	/ˈælkəˌlaɪz/
alkaline	/ˈælkəˌlaɪn/
alkalinity	/ˌælkəˈlɪnəti/
alkaloid	/ˈælkəˌlɔɪd/
alkaloidal	/ælkəˈlɔɪdəl/
alkaloids	/ˈælkəˌlɔɪdz/
alkanes	/ˈælˌkeɪnz/
alkema	/ˈælkɪmə/
alkene	/ˈælˌkin/
alkenes	/ˈælˌkinz/
alkermes	/ɑlˈkɝmiz/
alkire	/əlˈkaɪɹ/
all	/ˈɔl/
all-out	/ˈɔˈlaʊt/
all-purpose	/ˈɔlˈpɝpəs/
all-star	/ˌɔlˈstɑɹ/
all-time	/ˌɔlˈtaɪm/
all's	/ˈɔlz/
alla	/ˈɑlə/
allah	/ˈɑlə/
allahabad	/əˈlɑhəˌbɑd/
allain	/əˈleɪn/
allaire	/ɑˈlɛɹ/
allais	/əˈleɪ/
allamuchy	/ˌɑləˈmutʃi/
allan	/ˈælən/
allante	/ˌæˈlɑnteɪ/
allar	/əˈlɑɹ/
allard	/ˈælɚd/
allardt	/ˈælɚt/
allay	/əˈleɪ/
allayed	/əˈleɪd/
allaying	/əˈleɪɪŋ/
allays	/əˈleɪz/
allbaugh	/əlˈbɔ/
allbee	/ˈɔlˌbi/
allbright	/ˈɔlˌbɹaɪt/
allbritten	/ˈælbɹɪtən/
allbritton	/ˈælbɹɪtɑn/
allcock	/ˈɔlˌkɑk/
allcorn	/əlˈkɔɹn/
allday	/ˈɔlˌdeɪ/
allderdice	/ˈɑldɚˌdaɪs/
alldredge	/əlˈdɹɛdʒ/
allebach	/ˈælɪbɑk/
alleco	/ˌæˈlɛkoʊ/
allee	/əˈli/
allegation	/ˌæləˈɡeɪʃən/
allegations	/ˌæləˈɡeɪʃənz/
allege	/əˈlɛdʒ/
alleged	/əˈlɛdʒd/
allegedly	/əˈlɛdʒədli/
alleges	/əˈlɛdʒəz/
alleghany	/ˈæləˌɡeɪni/
alleghenies	/ˌæləˈɡeɪniz/
allegheny	/ˌæləˈɡeɪni/
allegheny's	/ˌæləˈɡeɪniz/
allegiance	/əˈlidʒəns/
allegiances	/ˌæˈlidʒiˌænsɪz/
alleging	/əˈlɛdʒɪŋ/
allegis	/ˌæˈleɪdʒɪs/
allegis'	/ˌæˈleɪdʒɪs/
allegis's	/ˌæˈleɪdʒɪsɪz/
allegorical	/ˌæləˈɡɔɹəkəl/
allegories	/ˈæləˌɡɔɹiz/
allegory	/ˈæləˌɡɔɹi/
allegra	/ɑˈlɛɡɹə/
allegretti	/ɑlɛˈɡɹɛti/
allegro	/əˈlɛˌɡɹoʊ/
allele	/əˈlɛli/
alleles	/əˈlɛliz/
allelic	/əˈlɛlɪk/
alleluia	/ˌælɛˈlujɑ/
alleluja	/ˌælɛˈlujɑ/
alleman	/ˈeɪlmən/
allemand	/ˈælɪmənd/
allen	/ˈælən/
allen's	/ˈælənz/
allenbaugh	/əˈlɛnbɔ/
allenby	/ˈælənbi/
allenby's	/ˈælənbiz/
allendale	/ˈælənˌdeɪl/
allende	/ˌɑˈjɛndeɪ/
allender	/ɑlˈjɛndeɪɚ/
allendorf	/ˈælɪndɔɹf/
allene	/ˈæˌlin/
allenhurst	/ˈælənˌhɝst/
allens	/ˈælənz/
allensbach	/ˈælənzˌbɑk/
allensworth	/ˈælənzwɚθ/
allenton	/ˈæləntən/
allentown	/ˈælənˌtaʊn/
allenwood	/ˈælənˌwʊd/
aller	/ˈɔlɚ/
allergan	/ˈælɚdʒən/
allergen	/ˈælɚdʒən/
allergenic	/ˈælɚdʒənɪk/
allergens	/ˈælɚdʒənz/
allergic	/əˈlɝdʒɪk/
allergies	/ˈælɚdʒiz/
allergist	/ˈælɚdʒəst/
allergist's	/ˈælɚdʒəsts/
allergists	/ˈælɚdʒəsts/
allergy	/ˈælɚdʒi/
allers	/ˈɔlɚz/
allert	/ˈælɚt/
allerton	/ˈælɚtən/
alles	/ˈeɪlz/
alleva	/ɑˈleɪvə/
alleviate	/əˈliviˌeɪt/
alleviated	/əˈliviˌeɪtɪd/
alleviates	/əˈlivieɪts/
alleviating	/əˈliviˌeɪtɪŋ/
alleviation	/əˌliviˈeɪʃən/
alley	/ˈæli/
alley's	/ˈæliz/
alleyne	/ˈæˌleɪn/
alleyoop	/æliˈup/
alleys	/ˈæliz/
alleyway	/ˈæliˌweɪ/
alleyways	/ˈæliˌweɪz/
allgaier	/ˈælɡaɪɚ/
allgeier	/ˈælɡaɪɚ/
allgemeine	/ˈɔlɡəˌmaɪn/
allgemeines	/ˈɔlɡəˌmaɪnz/
allgeyer	/ˈælɡiɚ/
allgood	/ˈɔlˌɡʊd/
alli	/ˈæli/
alliance	/əˈlaɪəns/
alliance's	/əˈlaɪənsɪz/
alliances	/əˈlaɪənsəz/
alliant	/əˈlaɪənt/
alliant's	/əˈlaɪənts/
allianz	/ˈæliənz/
allianz's	/ˈæliənzɪz/
allick	/ˈælɪk/
allie	/ˈæli/
allied	/əˈlaɪd/
allied's	/ˈæˌlaɪdz/
alliedsignal	/ˈæˌlaɪdˈsɪɡnəl/
alliedsignal's	/ˈæˌlaɪdˈsɪɡnəlz/
allies	/ˈælaɪz/
allies'	/ˈælaɪz/
alligator	/ˈæləˌɡeɪtɚ/
alligators	/ˈæləˌɡeɪtɚz/
alligood	/ˈælɪˌɡʊd/
allin	/əˈlɪn/
allinder	/ˈælɪndɚ/
alling	/ˈɔlɪŋ/
allinger	/ˈɔlɪŋɚ/
allingham	/ˈɔlɪŋˌhæm/
allington	/ˈɔlɪŋtən/
allinson	/ˈælɪnsən/
allis	/ˈælɪs/
allison	/ˈæləsən/
allison's	/ˈælɪsənz/
allister	/ˈɔlɪstɚ/
alliston	/ˈælɪstɑn/
alliteration	/əˈlɪtɚˌeɪʃən/
alliterative	/əˈlɪtɚətɪv/
allman	/ˈɔlmən/
allmendinger	/ˈælmɛndɪŋɚ/
allmon	/ˈɔlmən/
allmond	/əlˈmɑnd/
allnet	/ˈɔlˌnɛt/
allnutt	/əlˈnʌt/
allocate	/ˈæləˌkeɪt/
allocated	/ˈæləˌkeɪtɪd/
allocates	/ˈæləˌkeɪts/
allocating	/ˈæləˌkeɪtɪŋ/
allocation	/ˌæləˈkeɪʃən/
allocations	/ˌæləˈkeɪʃənz/
allocator	/ˈæləˌkeɪtɚ/
allocators	/ˈæləˌkeɪtɚz/
allocca	/ˌæˈlɑkə/
allocco	/ˌæˈlɑkoʊ/
allograph	/ˈæləˌɡɹæf/
allographs	/ˈæləˌɡɹæfs/
allomorph	/ˈæləmɔɹf/
allomorphs	/ˈæləmɔɹfs/
allophone	/ˈæləˌfoʊn/
allophones	/ˈæləˌfoʊnz/
allophonic	/ˌæləˈfɑnɪk/
allor	/ˈɔlɚ/
allot	/əˈlɑt/
alloted	/əˈlɑtɪd/
allotment	/əˈlɑtmənt/
allotments	/əˈlɑtmənts/
allotrope	/ˈæləˌtɹoʊp/
allotropes	/ˈæləˌtɹoʊps/
allots	/əˈlɑts/
allotted	/əˈlɑtɪd/
allotting	/əˈlɑtɪŋ/
allow	/əˈlaʊ/
allowable	/əˈlaʊəbəl/
allowance	/əˈlaʊəns/
allowances	/əˈlaʊənsɪz/
alloway	/ˈæloʊˌweɪ/
allowed	/əˈlaʊd/
allowing	/əˈlaʊɪŋ/
allows	/əˈlaʊz/
alloy	/ˈæˌlɔɪ/
alloys	/ˈæˌlɔɪz/
allphin	/əlˈfɪn/
allport	/ˈɔlˌpɔɹt/
allred	/ˈælɹɪd/
allright	/ɑlˈɹaɪt/
alls	/ˈɔlz/
allsbrook	/ˈɔlzˌbɹʊk/
allset	/ɔlˈsɛt/
allshouse	/ˈɔlzˌhaʊs/
allsop	/ˈɔlˌsɑp/
allsopp	/ˈɔlˌsɑp/
allspice	/ˈɔlˌspaɪs/
allstate	/ˈɔlˌsteɪt/
allstate's	/ˈɔlˌsteɪts/
allston	/ˈɔlstən/
allsup	/ˈælsəp/
alltel	/ˈɔlˌtɛl/
alltime	/ˈɔlˌtaɪm/
allton	/ˈɔltən/
alltop	/ˈɔlˌtɑp/
allude	/əˈlud/
alluded	/əˈludɪd/
alludes	/əˈludz/
alluding	/əˈludɪŋ/
allum	/ˈæləm/
allums	/ˈæləmz/
allure	/əˈlʊɹ/
allured	/əˈlʊɹd/
alluring	/əˈlʊɹɪŋ/
allusion	/əˈluʒən/
allusions	/əˈluʒənz/
allusive	/əˈlusɪv/
alluvial	/ˌæˈluviəl/
alluvium	/ˌæˈluviəm/
allwaste	/ˈɔlˌweɪst/
allweiss	/ˈɑlˌwis/
allweiss's	/ˈɑlˌwisɪz/
ally	/ˈælaɪ/
ally's	/əˈlaɪz/
allying	/ˈælaɪɪŋ/
allyn	/ˈælɪn/
allys	/ˈælaɪz/
allyson	/ˈælɪsən/
alm	/ˈɑlm/
alma	/ˈɑlmə/
almada	/ɑlˈmɑdə/
almadani	/ˌɑlməˈdɑni/
almaden	/ˈɑlməˌdɛn/
almaguer	/ɑlmɑˈɡwɛɹ/
almal	/ˈɑlməl/
alman	/ˈælmən/
almanac	/ˈɑlməˌnæk/
almand	/ˈælmənd/
almanza	/ɑlˈmɑnzə/
almanzar	/ɑlmɑnˈzɑɹ/
almaraz	/ɑlˈmɑɹɑz/
almas	/ˈælməz/
almasy	/ˈælməsi/
almaty	/ˌɑˈmɑˌti/
almay	/ˈɑlmeɪ/
almazan	/ɑlmɑˈzɑn/
almeda	/ɑlˈmeɪdə/
almeida	/ɑlˈmidə/
almelund	/ɑlməˈlʌnd/
almendarez	/ɑlmeɪnˈdɑɹɛz/
almer	/ˈɔlmɚ/
almeria	/ɑlˈmɝiə/
almgren	/ˈælmɡɹɛn/
almighty	/ɔlˈmaɪti/
almira	/ɑlˈmɪɹə/
almo	/ˈɑlmoʊ/
almodovar	/ˌɑlmoʊdoʊˈvɑɹ/
almon	/ˈɑlmən/
almond	/ˈɑmənd/
almonds	/ˈɑlməndz/
almoner	/ˈɑlmənɚ/
almonte	/ɑlˈmoʊnteɪ/
almos	/ˈɑlmoʊs/
almost	/ˈɔlˌmoʊst/
almquist	/ˈælmkwɪst/
alms	/ˈɑlmz/
almy	/ˈɔmi/
almys	/ˈælmiz/
alodie	/əˈlɑdi/
aloe	/ˈæˌloʊ/
aloft	/əˈlɔft/
aloha	/əˈloʊhɑ/
aloi	/ˈɑlɔɪ/
aloia	/ɑˈloʊjə/
alois	/ɑˈlɔɪs/
aloisa	/ɑˈlɔɪsə/
aloisi	/ɑˈlɔɪsi/
aloisia	/ɑˈlɔɪsiə/
aloisio	/ɑˈlɔɪsioʊ/
aloka	/əˈloʊkə/
alomar	/ˈæləˌmɑɹ/
alon	/əˈlɑn/
alone	/əˈloʊn/
along	/əˈlɔŋ/
alonge	/ˈæləndʒ/
alongi	/ɑˈloʊŋɡi/
alongs	/əˈlɔŋz/
alongside	/əˈlɔŋˈsaɪd/
aloni	/əˈloʊni/
alonso	/əˈlɑnsoʊ/
alonza	/əˈlɑnzə/
alonzo	/əˈlɑnzoʊ/
aloof	/əˈluf/
aloofness	/əˈlufnəs/
alot	/əˈlɑt/
aloud	/əˈlaʊd/
aloys	/əˈlɔɪz/
aloyse	/əˈlɔɪs/
aloysia	/ɑˈlɔɪsiə/
aloysius	/ˌæloʊˈɪʃɪs/
alpa	/ˈælpə/
alpaca	/ælˈpækə/
alpaugh	/əlˈpɔ/
alper	/ˈælpɚ/
alperin	/ˈælpɚˌɪn/
alpern	/əlˈpɝn/
alpers	/ˈælpɚz/
alpert	/ˈælpɚt/
alpex	/ˈælpɛks/
alpha	/ˈælfə/
alpha's	/ˈælfəz/
alphabet	/ˈælfəˌbɛt/
alphabetic	/ˌælfəˈbɛtɪk/
alphabetical	/ˌælfəˈbɛtɪkəl/
alphabetically	/ˌælfəˈbɛtɪkli/
alphabetization	/ˌælfəˌbɛtəˈzeɪʃən/
alphabetize	/ˈælfəbəˌtaɪz/
alphabetized	/ˈælfəbəˌtaɪzd/
alphabetizes	/ˈælfəbəˌtaɪzɪz/
alphabetizing	/ˈælfəbəˌtaɪzɪŋ/
alphagraphics	/ælfəˈɡɹæfɪks/
alphametric	/ˈælfəˌmɛtɹɪk/
alphametrics	/ˈælfəˌmɛtɹɪks/
alphandery	/ˌælˈfædɚi/
alphanumeric	/ˌælfənuˈmɛɹɪk/
alphaphotographic	/ˌælfəˌfoʊtəˈɡɹæfɪk/
alpharel	/ˈælfɚˌɛl/
alpharetta	/ˌælfɚˈɛtə/
alphin	/ˈælfɪn/
alphonse	/ælˈfɑnz/
alphonsine	/əlˈfɑnsin/
alphonso	/ælˈfɑnsoʊ/
alpin	/əlˈpɪn/
alpine	/ˈælˌpaɪn/
alpirez	/ˈælpɪɹɛz/
alpo	/ˈælpoʊ/
alps	/ˈælps/
alquist	/ˈælkwɪst/
alread	/ˈɑlɹid/
already	/ɔlˈɹɛdi/
alred	/ˈɔlɹɪd/
alright	/ˌɔlˈɹaɪt/
alrighty	/ˌɔlˈɹaɪti/
alrosa	/ɑlˈɹoʊsə/
alroy	/əlˈɹɔɪ/
als	/ˈælz/
alsace	/ælˈsɑs/
alsatian	/ælˈseɪʃən/
alsbrook	/ˈælzbɹʊk/
alsbrook's	/ˈælzbɹʊks/
alsbrooks	/ˈælzbɹʊks/
alsbrooks'	/ˈælzbɹʊks/
alsbury	/ˈɔlzbɛɹi/
alsdorf	/ˈɔlzdɔɹf/
alsgaard	/ˈɑlzɡɑɹd/
alshelhah	/ɑlˈʃɛlhə/
alsip	/ˈælsɪp/
also	/ˈɔlsoʊ/
alsobrook	/ˈælsəbɹʊk/
alsobrooks	/ˈælsəbɹʊks/
alsop	/ˈælsɑp/
alspach	/ˈælspək/
alspaugh	/əlˈspɔ/
alsthom	/ˈælsθəm/
alston	/ˈɔlstən/
alsup	/ˈælsəp/
alt	/ˈɑlt/
alta	/ˈɑltə/
altadena	/ˌɑltəˈdinə/
altai	/ælˈtaɪ/
altaic	/ælˈteɪɪk/
altair	/ɑlˈtɛɹ/
altamira	/ˌɑltɑˈmɪɹə/
altamirano	/ˌɑltɑmɪˈɹɑnoʊ/
altamont	/ˈɑltəˌmɔnt/
altamuro	/ˌɔltəˈmʊɹoʊ/
altar	/ˈɔltɚ/
altarpiece	/ˈɔltɚˌpis/
altars	/ˈɔltɚz/
altavista	/ˌɔltəˈvɪstə/
altay	/ˈɔltaɪ/
altemose	/ˈæltɪmoʊs/
altemus	/ˈæltɪmɪs/
altenburg	/ˈɔltənbɚɡ/
altenhofen	/ˈæltɪnhəfən/
alteon	/ˈɑltiɔn/
alter	/ˈɔltɚ/
altera	/ˌɔlˈtɛɹə/
alteration	/ˌɔltɚˈeɪʃən/
alterations	/ˌɔltɚˈeɪʃənz/
altercation	/ˌɑltɚˈkeɪʃən/
altercations	/ˌɑltɚˈkeɪʃənz/
altered	/ˈɔltɚd/
altergott	/ˈæltɚɡət/
altering	/ˈɔltɚɪŋ/
alterman	/ˈɔltɚmən/
alternacare	/ɔlˈtɝnəˌkɛɹ/
alternate	/ˈɔltɚnət/
alternated	/ˈɔltɚˌneɪtɪd/
alternately	/ˈɔltɚnətli/
alternates	/ˈɔltɚˌneɪts/
alternating	/ˈɔltɚˌneɪtɪŋ/
alternation	/ˈɔltɚˌneɪʃən/
alternative	/ɔlˈtɝnətɪv/
alternatively	/ɔlˈtɝnətɪvli/
alternatives	/ɔlˈtɝnətɪvz/
alternator	/ˈɔltɚˌneɪtɚ/
alters	/ˈɔltɚz/
altfest	/ˈɑltˌfɛst/
althaus	/ˈælthaʊs/
althaver	/ˌælˈθeɪvɚ/
althea	/ælˈθiə/
altherr	/ˈɑlθɚ/
althoff	/ˈælthɔf/
althorp	/ˈælθɔɹp/
although	/ˌɔlˈðoʊ/
althouse	/ˈɔltˌhaʊs/
altice	/ˈɑltɪs/
altier	/ˈɔltiɚ/
altieri	/ɑlˈtɪɹi/
altima	/ˈɑlˌtɪmə/
altima's	/ˈɑlˌtɪməz/
altimeter	/ælˈtɪmətɚ/
altimeters	/ælˈtɪmətɚz/
altimetry	/ælˈtɪmətɹi/
altimorano	/ˌɑlˌtiˌmɔˈɹɑnoʊ/
altiplano	/ˌæltəˈplɑˌnoʊ/
altitude	/ˈæltəˌtud/
altitudes	/ˈæltɪˌtudz/
altizer	/ˈæltaɪzɚ/
altland	/ˈæltlənd/
altman	/ˈɔltmən/
altman's	/ˈɔltmənz/
altmann	/ˈɔltmən/
altmeyer	/ˈæltmaɪɚ/
alto	/ˈæltoʊ/
altobelli	/ɑltoʊˈbɛli/
altogether	/ˌɔltəˈɡɛðɚ/
altoid	/ˈɑltɔɪd/
altom	/əlˈtɑm/
altomare	/ɑltoʊˈmɑɹi/
alton	/ˈɔltən/
altoona	/ˌælˈtunə/
altos	/ˈæltoʊz/
altra	/ˈɑltɹə/
altron	/ˈɔltɹɑn/
altruism	/ˈæltɹuˌɪzəm/
altruistic	/ˌɔltɹuˈɪstɪk/
altschiller	/ˈɔltʃɪlɚ/
altschul	/ˈæltʃəl/
altschuler	/ˈæltʃjulɚ/
altshuler	/ˈæltʃjulɚ/
altucher	/ælˈtʌkɚ/
alturas	/ɑlˈtʊɹəs/
altus	/ˈæltəs/
altvater	/ˈæltvətɚ/
altzheimer	/ˈɑltsˌhaɪmɚ/
altzheimer's	/ˈɑltsˌhaɪmɚz/
alu	/ˈɑlu/
alum	/ˈæləm/
alumax	/ˈælumæks/
alumbaugh	/əˈlʌmbɔ/
alumina	/əˈlumənə/
aluminio	/ˌæluˈminioʊ/
aluminium	/əˈlumɪnəm/
aluminize	/əˈluməˌnaɪz/
aluminized	/əˈluməˌnaɪzd/
aluminosilicate	/əˌlumənoʊˈsɪləˌkeɪt/
aluminum	/əˈlumənəm/
aluminum's	/əˈlumənəmz/
alumna	/əˈlʌmnə/
alumnae	/əˈlʌmˌneɪ/
alumni	/əˈlʌmˌnaɪ/
alumnus	/əˈlʌmnəs/
alums	/ˈæləmz/
alun	/ˈeɪlən/
alura	/ɑˈlʊɹə/
alusuisse	/ˌæljuˈswɪs/
alva	/ˈælvə/
alvah	/ælˈvɑ/
alvan	/ˈælvən/
alvarado	/ˌælvɚˈɑdoʊ/
alvardo	/ɑlˈvɑɹdoʊ/
alvare	/ˌælˈveɪɹ/
alvarenga	/ɑlvɑˈɹɛŋɡə/
alvares	/ɑlˈvɑɹɛs/
alvarez	/ˈælvɚˌɛz/
alvarez's	/ˈælvɚˌɛzɪz/
alvaro	/əlˈvɑɹoʊ/
alvear	/ɑlˈvɪɹ/
alveolar	/ælˈviəlɚ/
alveoli	/ælˈviəˌlaɪ/
alverez	/ɑlˈvɛɹɛz/
alvero	/ælˈvɛɹoʊ/
alverson	/ˈɑlvɚsən/
alverton	/ˈɑlvɚtən/
alves	/ˈɑlvɛs/
alvey	/ˈælvi/
alvidrez	/ɑlˈvidɹɛz/
alvin	/ˈælvɪn/
alvina	/ælˈvaɪnə/
alvino	/ɑlˈvinoʊ/
alvis	/ˈɑlvɪs/
alvita	/ɑlˈvitə/
alvite	/ˈælˌvaɪt/
alvord	/ælˈvɔɹd/
alwaleed	/ˌælwəˈlid/
alward	/ælˈwɝd/
always	/ˈɔlˌweɪz/
alwin	/ˈælwɪn/
alwine	/ˈælˌwaɪn/
alwood	/ˈælwʊd/
alwyn	/ˈælwɪn/
aly	/ˈeɪli/
alyce	/ˈælɪs/
alyea	/æˈliə/
alyeska	/æliˈɛskə/
alyeska's	/ˌælˈjɛskəz/
alys	/ˈæliz/
alysheba	/ˌælɪˈʃibə/
alysia	/əˈlɪsiə/
alyssa	/əˈlɪsə/
alza	/ˈælzə/
alza's	/ˈælzəz/
alzado	/ɑlˈzædoʊ/
alzena	/ɑlˈzɛnə/
alzene	/ɑlˈzin/
alzheimer	/ˈælzˌhaɪmɚ/
alzheimer's	/ˈælzˌhaɪmɚz/
alzona	/ˌælˈzoʊnə/
am	/ˈæm/
am's	/ˈæmz/
ama	/ˌeɪˌɛˈmeɪ/
amabel	/ˈæməˌbɛl/
amabelle	/ˈæməbəl/
amabile	/ɑˈmɑbəl/
amacher	/ˈæməkɚ/
amacker	/ˈæməkɚ/
amadea	/ɑˈmɑdiə/
amadeo	/ɑˈmɑdioʊ/
amadeus	/ˌæməˈdeɪəs/
amado	/ɑˈmɑdoʊ/
amadon	/ɑmɑˈdɔn/
amador	/ˈæməˌdɔɹ/
amadou	/ˈæməˌdu/
amagansett	/əˈmæɡənˌsɛt/
amaker	/ˈæmeɪkɚ/
amakudari	/ˌæməkjuˈdɑɹi/
amal	/əˈmɑl/
amal's	/əˈmɑlz/
amalea	/ˌæməˈliə/
amalfitano	/ɑmɑlfiˈtɑnoʊ/
amalgam	/əˈmælɡəm/
amalgamate	/əˈmælɡəˌmeɪt/
amalgamated	/əˈmælɡəˌmeɪtɪd/
amalgamated's	/əˈmælɡəˌmeɪtɪdz/
amalgamates	/əˈmælɡəˌmeɪts/
amalgamating	/əˈmælɡəˌmeɪtɪŋ/
amalgamation	/əˌmælɡəˈmeɪʃən/
amalgams	/əˈmælɡəmz/
amalia	/əˈmɑljə/
amalie	/ˈæməli/
amalya	/əˈmɑljə/
aman	/ˈɑmən/
amana	/əˈmænə/
amanda	/əˈmændə/
amanda's	/əˈmændəz/
amandas	/əˈmændəz/
amandime	/ˈæmənˌdaɪm/
amann	/ˈæmən/
amano	/əˈmɑnoʊ/
amanpour	/ˌɑˌmɑnˈpʊɹ/
amanpour's	/ˌɑˌmɑnˈpʊɹz/
amante	/ɑˈmɑnti/
amar	/əˈmɑɹ/
amar's	/əˈmɑɹz/
amara	/ɑˈmɑɹə/
amaral	/ɑmɑˈɹæl/
amarante	/ɑmɑˈɹɑnti/
amaranth	/ˈæmɚˌænθ/
amaretto	/æməˈɹɛtoʊ/
amargosa	/əmɑɹˈɡoʊsə/
amari	/ɑˈmɑɹi/
amarilla	/ˌæmɚˈɪlə/
amarillo	/ˌæmɚˈɪloʊ/
amarillo's	/ˌæmɚˈɪloʊz/
amarillos	/ˌæmɚˈɪloʊz/
amarin	/ˈæmɚɪn/
amaris	/ˈæmɚɪs/
amaro	/ɑˈmɑɹoʊ/
amaryllis	/ˌæmɚˈɪləs/
amaryllises	/ˌæmɚˈɪləsəz/
amasa	/ˈæməsə/
amason	/ˈæməsən/
amass	/əˈmæs/
amassed	/əˈmæst/
amasses	/əˈmæsɪz/
amassing	/əˈmæsɪŋ/
amateur	/ˈæməˌtɝ/
amateurish	/ˈæməˌtʃɝɪʃ/
amateurism	/ˈæməˌtʃɝɪzəm/
amateurs	/ˈæməˌtɝz/
amati	/əˈmɑti/
amatil	/ˈæmətɪl/
amato	/ɑˈmɑˌtoʊ/
amato's	/ɑˈmɑˌtoʊz/
amauligak	/əˈmaʊlɪɡæk/
amax	/ˈeɪˌmæks/
amax's	/ˈeɪˌmæksɪz/
amaya	/ɑˈmɑjə/
amaze	/əˈmeɪz/
amazed	/əˈmeɪzd/
amazement	/əˈmeɪzmənt/
amazes	/əˈmeɪzɪz/
amazing	/əˈmeɪzɪŋ/
amazingly	/əˈmeɪzɪŋli/
amazon	/ˈæməˌzɑn/
amazon's	/ˈæməˌzɑnz/
amazonia	/ˌæməˈzoʊniə/
amazonian	/ˌæməˈzoʊniən/
amazonians	/ˌæməˈzoʊniənz/
amazons	/ˈæməˌzɑnz/
ambac	/ˈæmbæk/
ambase	/ˈæmˌbeɪs/
ambassador	/æmˈbæsədɚ/
ambassador's	/æmˈbæsədɚz/
ambassadorial	/æmˌbæsəˈdɔɹiəl/
ambassadors	/æmˈbæsədɚz/
ambassadorship	/æmˈbæsədɚˌʃɪp/
ambassadorships	/æmˈbæsədɚˌʃɪps/
ambassadress	/æmˈbæsədɹəs/
amber	/ˈæmbɚ/
amber's	/ˈæmbɚz/
amberg	/ˈæmbɚɡ/
amberger	/ˈæmbɚɡɚ/
ambergris	/ˈæmbɚɡɹɪs/
ambers	/ˈæmbɚz/
amberson	/ˈæmbɚsən/
ambery	/ˈæmbɚi/
ambiance	/ˈæmbiəns/
ambidextrous	/ˌæmbəˈdɛkstɹəs/
ambien	/ˈæmbiˌɛn/
ambience	/ˈæmbiəns/
ambient	/ˈæmbiənt/
ambiguities	/æmbəɡˈjuətiz/
ambiguity	/ˌæmbɪɡˈjuəti/
ambiguous	/æmˈbɪɡjuəs/
ambisone	/ˈæmbəˌsoʊn/
ambition	/æmˈbɪʃən/
ambitions	/æmˈbɪʃənz/
ambitious	/æmˈbɪʃəs/
ambitiously	/æmˈbɪʃəsli/
ambivalence	/æmˈbɪvələns/
ambivalent	/æmˈbɪvələnt/
amble	/ˈæmbəl/
ambled	/ˈæmbəld/
ambler	/ˈæmblɚ/
ambles	/ˈæmbəlz/
amblin	/ˈæmblɪn/
ambling	/ˈæmbəlɪŋ/
amborn	/əmˈbɔɹn/
amboy	/ˈæmbɔɪ/
ambra	/ˈæmbɹə/
ambriano	/ˌæmbɹiˈɑnoʊ/
ambrit	/ˈæmbɹɪt/
ambriz	/ˈæmbɹɪz/
ambrogio	/ˌæmˈbɹoʊdʒioʊ/
ambrose	/ˈæmˌbɹoʊz/
ambrosia	/æmˈbɹoʊʒə/
ambrosial	/æmˈbɹoʊʒəl/
ambrosian	/æmˈbɹoʊzən/
ambrosiano	/æmˌbɹoʊsiˈɑnoʊ/
ambrosine	/ɑmbɹoʊˈsini/
ambrosini	/ɑmbɹoʊˈsini/
ambrosino	/ɑmbɹoʊˈsinoʊ/
ambrosio	/ˌæmˈbɹoʊsioʊ/
ambrosius	/ˈæmbɹəsiɪs/
ambs	/ˈæmz/
ambuehl	/ˈæmbʊl/
ambulance	/ˈæmbjələns/
ambulances	/ˈæmbjələnsəz/
ambulate	/ˈæmbjəˌleɪt/
ambulator	/ˈæmbjəˌleɪtɚ/
ambulatory	/ˈæmbjələˌtɔɹi/
amburgey	/ˈæmbɚɡi/
amburn	/əmˈbɝn/
ambush	/ˈæmˌbʊʃ/
ambushed	/ˈæmˌbʊʃt/
ambushes	/ˈæmbʊʃɪz/
ambushing	/ˈæmˌbʊʃɪŋ/
amc	/ˈeɪˌɛmˈsi/
amca	/ˈæmkə/
amcast	/ˈæmˌkæst/
amcole	/ˈæmˌkoʊl/
amcor	/ˈæmˌkɔɹ/
amcore	/ˈæmˌkɔɹ/
amd	/ˈeɪˌɛmˈdi/
amdahl	/ˈæmˌdɑl/
amdahl's	/ˈæmˌdɑlz/
amdec	/ˈæmˌdɛk/
amdek	/ˈæmdɛk/
amdur	/ˈæmdɚ/
amdura	/æmˈdʊɹə/
ame	/ˈeɪm/
ameche	/əˈmitʃi/
amedco	/əˈmɛdkoʊ/
amedee	/ˈæmɪdi/
ameen	/əˈmin/
amelia	/əˈmiljə/
amelie	/ˌɑmɛˈli/
amelinda	/ˌɑmɛˈlində/
ameline	/ˌɑmɛˈlini/
amelio	/əˈmilioʊ/
ameliorate	/əˈmiljɚˌeɪt/
ameliorated	/əˈmiljɚˌeɪtɪd/
amelioration	/əˌmiljɚˈeɪʃən/
amelita	/ɑmɛˈlitə/
amell	/ɑˈmeɪl/
amen	/eɪˈmɛn/
amenable	/əˈmɛnəbəl/
amenaces	/əˈmɛnəsəz/
amend	/əˈmɛnd/
amendable	/əˈmɛndəbəl/
amended	/əˈmɛndɪd/
amending	/əˈmɛndɪŋ/
amendment	/əˈmɛndmənt/
amendment's	/əˈmɛndmənts/
amendments	/əˈmɛndmənts/
amendola	/ɑmɛnˈdoʊlə/
amends	/əˈmɛndz/
amenities	/əˈmɛnətiz/
amenity	/əˈmɛnəti/
ament	/ˈæmɪnt/
amenta	/əˈmɛntə/
amer	/ˈeɪmɚ/
amerada	/ˌæmɛˈɹɑdə/
amerco	/əˈmɛɹkoʊ/
amerford	/ˈeɪmɚfɚd/
ameri	/əˈmɛɹi/
ameribanc	/əˈmɛɹɪˌbæŋk/
america	/əˈmɛɹəkə/
america's	/əˈmɛɹəkəz/
american	/əˈmɛɹəkən/
american's	/əˈmɛɹɪkənz/
americana	/əˌmɛɹəˈkænə/
americana's	/əˌmɛɹəˈkænəz/
americanas	/əˌmɛɹəˈkænəz/
americanism	/əˈmɛɹɪkəˌnɪzəm/
americanization	/əˌmɛɹəkənəˈzeɪʃən/
americanize	/əˈmɛɹəkəˌnaɪz/
americanized	/əˈmɛɹɪkəˌnaɪzd/
americano	/əˌmɛɹɪˈkɑnoʊ/
americanos	/əˌmɛɹɪˈkɑnoʊz/
americans	/əˈmɛɹəkənz/
americans'	/əˈmɛɹɪkənz/
americar	/əˈmɛɹɪˌkɑɹ/
americare	/əˈmɛɹɪˌkɛɹ/
americares	/əˈmɛɹɪˌkɛɹz/
americas	/əˈmɛɹəkəz/
americas'	/əˈmɛɹɪˌkʌz/
americium	/əmɛˈɹɪˌsiəm/
americo	/əˈmɝəkoʊ/
americold	/əˈmɛɹɪˌkoʊld/
americorp	/əˈmɛɹɪˌkɔɹ/
americorps	/əˈmɛɹɪˌkɔɹ/
americus	/əˈmɛɹɪkəs/
ameridata	/əˈmɛɹəˌdætə/
amerifirst	/əˈmɛɹɪfɚst/
amerifirst's	/əˈmɛɹɪfɚsts/
amerigas	/əˈmɛɹɪˌɡæs/
amerigo	/ɑmɚˈiɡoʊ/
amerihost	/əˈmɛɹəˌhoʊst/
amerika	/əˈmɛɹɪkə/
amerindian	/ˌæmɚˈɪndiən/
amerine	/ɑmɚˈini/
ameritech	/əˈmɛɹɪˌtɛk/
ameritech's	/əˈmɛɹɪˌtɛks/
ameritrust	/əˈmɛɹɪˌtɹʌst/
amerman	/ˈæmɚmən/
amero	/ɑˈmɛɹoʊ/
ameron	/ˈæmɚɑn/
ameron's	/ˈæmɚɑnz/
amerongen	/ˌæmɚˈɔndʒən/
amersham	/ˈæmɚˌʃæm/
amerson	/ˈæmɚsən/
amery	/ˈæmɚi/
ames	/ˈeɪmz/
ames'	/ˈeɪmz/
ames's	/ˈeɪmzɪz/
amesville	/ˈeɪmzvɪl/
ametek	/ˈæməˌtɛk/
ametek's	/ˈæməˌtɛks/
amethyst	/ˈæmɪθɪst/
amev	/ˈæmɛv/
amex	/ˈæˌmɛks/
amex's	/ˈæmɛksɪz/
amexco	/əˈmɛkskoʊ/
amexco's	/əˈmɛkskoʊz/
amey	/ˈeɪmi/
amezcua	/əˈmɛzkjuə/
amezquita	/ɑmɛzˈkwitə/
amfac	/ˈæmfæk/
amfesco	/æmˈfɛskoʊ/
amgen	/ˈæmdʒɛn/
amgen's	/ˈæmdʒɛnz/
amharic	/ɑmˈhɑɹɪk/
amherst	/ˈæmɚst/
amherstdale	/ˈæmɚstˌdeɪl/
amhoist	/æmˈhɔɪst/
ami	/ˈɑmi/
amiability	/ˌeɪmiəˈbɪləti/
amiable	/ˈeɪmiəbəl/
amiably	/ˈeɪmiəbli/
amicable	/ˈæmɪkəbəl/
amicably	/ˈæmɪkəbli/
amick	/ˈæmɪk/
amico	/ɑˈmikoʊ/
amicone	/ˈæmɪˌkoʊn/
amicus	/əˈmikəs/
amid	/əˈmɪd/
amide	/ˈeɪˌmaɪd/
amides	/ˈeɪˌmaɪdz/
amidi	/ɑˈmidi/
amidon	/ˈæmɪdɑn/
amidships	/əˈmɪdʃɪps/
amidst	/əˈmɪdst/
amie	/ˈæmi/
amiga	/əˈmiɡə/
amigo	/əˈmiˌɡoʊ/
amigos	/əˈmiˌɡoʊz/
amilia	/ɑˈmiliə/
amin	/ɑˈmin/
amine	/ˌeɪˈmin/
amino	/əˈminoʊ/
aminta	/əˈmɪntə/
amiot	/ˈeɪmiət/
amiprilose	/əˈmɪpɹəˌloʊs/
amir	/əˈmɪɹ/
amir's	/əˈmɪɹz/
amiram	/ˈæmɚæm/
amiran	/ˈæmɪɹən/
amirault	/ˈæmaɪɹaʊlt/
amirav	/ˈæmɪˌɹæv/
amiri	/ɑˈmɪɹi/
amis	/ˈæmɪs/
amish	/ˈɑmɪʃ/
amison	/ˈæmɪsən/
amiss	/əˈmɪs/
amistad	/ˈæməˌstæd/
amit	/ˌɑˈmit/
amitabha	/əˌmiˈtɑbə/
amitai	/ˈæmɪˌtaɪ/
amity	/ˈæmɪti/
amityville	/ˈæmɪtiˌvɪl/
amman	/ˈæmən/
ammann	/ˈæmən/
ammeen	/əˈmin/
ammerman	/ˈæmɚmən/
ammeter	/ˈæˌmitɚ/
ammeters	/ˈæˌmitɚz/
ammirati	/ɑmɪˈɹɑti/
ammo	/ˈæˌmoʊ/
ammon	/ˈæmən/
ammonia	/əˈmoʊnjə/
ammonite	/ˈæməˌnaɪt/
ammonites	/ˈæməˌnaɪts/
ammonium	/əˈmoʊniəm/
ammons	/ˈæmənz/
ammunition	/ˌæmjəˈnɪʃən/
ammunitions	/ˌæmjəˈnɪʃənz/
amnesia	/æmˈniʒə/
amnesiac	/æmˈniziˌæk/
amnesties	/ˈæmnəstiz/
amnesty	/ˈæmnəsti/
amnio	/ˈæmnioʊ/
amniocentesis	/ˌæmnioʊˌsɛnˈtisɪs/
amniotic	/ˈæmniɔtɪk/
amo	/ˈɑmoʊ/
amoco	/ˈæməkoʊ/
amoco's	/ˈæməkoʊz/
amoeba	/əˈmibə/
amoebas	/əˈmibəz/
amoebic	/əˈmibɪk/
amok	/əˈmʌk/
amon	/ɑˈmɔn/
among	/əˈmʌŋ/
amongst	/əˈmʌŋst/
amoolya	/əˈmuljə/
amor	/ˈæmɚ/
amoral	/eɪˈmɔɹəl/
amore	/ˈɑmɔɹ/
amorette	/ˈæmɚˌɛt/
amorist	/ˈæmɚəst/
amorita	/ɑmɔˈɹitə/
amorosi	/ɑmɔˈɹoʊsi/
amoroso	/ɑmɔˈɹoʊsoʊ/
amorous	/ˈæmɚəs/
amorphous	/əˈmɔɹfəs/
amortization	/ˌæmɚtɪˈzeɪʃən/
amortize	/ˈæmɚˌtaɪz/
amortized	/ˈæmɚˌtaɪzd/
amortizing	/ˈæmɚˌtaɪzɪŋ/
amoruso	/ˌæmɚˈusoʊ/
amory	/ˈeɪmɚi/
amos	/ˈeɪməs/
amos's	/ˈeɪməsɪz/
amoskeag	/ˈæməˌskeɪɡ/
amoskeag's	/ˈæməˌskeɪɡz/
amoss	/əˈmɔs/
amount	/əˈmaʊnt/
amounted	/əˈmaʊntɪd/
amounting	/əˈmaʊntɪŋ/
amounts	/əˈmaʊnts/
amour	/ˌɑˈmuɹ/
amoxicillin	/əˈmɔksəˌsɪlɪn/
amp	/ˈæmp/
ampad	/ˈæmpæd/
ampal	/ˈæmpəl/
amparan	/ˈæmpɚən/
ampato	/ˌɑmˈpɑtoʊ/
ampco	/ˈæmpkoʊ/
amperage	/ˈæmˌpɝɪdʒ/
ampere	/ˈæmˌpɝ/
amperes	/ˈæmˌpɝz/
ampersand	/ˈæmpɚˌsænd/
ampex	/ˈæmˌpɛks/
amphenol	/ˈæmfənɔl/
amphetamine	/æmˈfɛtəˌmin/
amphetamines	/æmˈfɛtəˌminz/
amphibian	/æmˈfɪbiən/
amphibians	/æmˈfɪbiənz/
amphibious	/æmˈfɪbiəs/
amphibole	/ˈæmfəˌboʊl/
amphitheater	/ˈæmfəθiˈeɪtɚ/
amphitheaters	/ˈæmfəθiˈeɪtɚz/
amphitheatre	/ˈæmfəθiˈeɪtɚ/
amphophilic	/ˌæmfəˈfɪlɪk/
amphora	/ˈæmfɚə/
amphorae	/ˈæmfɚˌi/
ample	/ˈæmpəl/
amplicons	/ˈæmplɪkɔnz/
amplification	/ˌæmpləfəˈkeɪʃən/
amplifications	/ˌæmpləfəˈkeɪʃənz/
amplified	/ˈæmpləˌfaɪd/
amplifier	/ˈæmpləˌfaɪɚ/
amplifiers	/ˈæmpləˌfaɪɚz/
amplifies	/ˈæmpləˌfaɪz/
amplify	/ˈæmpləˌfaɪ/
amplifying	/ˈæmpləˌfaɪɪŋ/
ampligen	/ˈæmplɪdʒɛn/
amplitude	/ˈæmpləˌtud/
amplocore	/ˈæmpləˌkɔɹ/
amply	/ˈæmpli/
ampol	/ˈæmpɔl/
amputate	/ˈæmpjəˌteɪt/
amputated	/ˈæmpjəˌteɪtɪd/
amputation	/ˌæmpjəˈteɪʃən/
amputations	/ˌæmpjuˈteɪʃənz/
amputee	/ˈæmpjəˈti/
amputees	/ˈæmpjəˈtiz/
amr	/ˈɑmɚ/
amraam	/æmˈɹɑm/
amre	/ˈæmɹə/
amrein	/ˈæmɹaɪn/
amrep	/ˈæmɹɛp/
amrhein	/ˈæmɚˌhaɪn/
amrine	/ˈæmɹin/
amritsar	/æmˈɹɪtsɚ/
amro	/ˈæmɹoʊ/
ams	/ˈæmz/
amsbaugh	/ˈæmzˌbɔ/
amsco	/ˈæmskoʊ/
amsden	/ˈæmzdən/
amsler	/ˈæmzlɚ/
amsouth	/ˈæmˌsaʊθ/
amspacher	/ˈæmspəkɚ/
amstar	/ˈæmˌstɑɹ/
amster	/ˈæmstɚ/
amsterdam	/ˈæmstɚˌdæm/
amsterdam's	/ˈæmstɚˌdæmz/
amstrad	/ˈæmˌstɹæd/
amstutz	/ˈæmstəts/
amtech	/ˈæmˌtɛk/
amtrack	/ˈæmˌtɹæk/
amtrak	/ˈæmtɹæk/
amtrak's	/ˈæmˌtɹæks/
amuck	/əˈmʌk/
amulet	/ˈæmjələt/
amulets	/ˈæmjələts/
amundsen	/ˈeɪməndsən/
amundson	/ˈæməndsən/
amuse	/əmˈjuz/
amused	/əmˈjuzd/
amusement	/əmˈjuzmənt/
amusements	/əmˈjuzmənts/
amusements'	/əmˈjuzmənts/
amuses	/əmˈjuzɪz/
amusing	/əmˈjuzɪŋ/
amusingly	/əmˈjuzɪŋli/
amvest	/ˈæmvɛst/
amvestor	/ˌæmˈvɛstɚ/
amvestors	/ˌæmˈvɛstɚz/
amway	/ˈæmˌweɪ/
amy	/ˈeɪmi/
amy's	/ˈeɪmiz/
amygdala	/ˌæmɪɡˈdɑlə/
amylin	/ˈæmɪˌlɪn/
amyloid	/ˈæmɪˌlɔɪd/
amyotrophic	/ˌæmaɪəˈtɹoʊfɪk/
amyx	/ˈæmɪks/
an	/ˈæn/
ana	/ˈɑnə/
anabaptist	/ˌænəˈbæptəst/
anable	/ˈeɪnəbəl/
anabolic	/ˌænəˈbɑlɪk/
anac	/ˈænæk/
anachronism	/əˈnækɹəˌnɪzəm/
anachronisms	/əˈnækɹəˌnɪzəmz/
anachronistic	/əˌnækɹəˈnɪstɪk/
anacin	/ˈænəsɪn/
anacker	/ˈænəkɚ/
anacomp	/ˈænəˌkɑmp/
anaconda	/ˌænəˈkɑndə/
anacortes	/ˌænəˈkɔɹtəs/
anacostia	/ˌænəˈkɑstiə/
anacostia's	/ˌænəˈkɑstiəz/
anadarko	/ˌænəˈdɑɹkoʊ/
anadarko's	/ˌænəˈdɑɹkoʊz/
anaerobe	/ˈænɚˌoʊb/
anaerobes	/ˈænɚˌoʊbz/
anaerobic	/ˌænɚˈoʊbɪk/
anaesthesia	/ˌænəsˈθiʒə/
anaesthesiologist	/ˌænəsˌθiziˈɑlədʒɪst/
anaesthesiologists	/ˌænəsˌθiziˈɑlədʒɪsts/
anaesthesiology	/ˌænəsθiziˈɑlədʒi/
anaesthetic	/ˌænəsˈθɛtɪk/
anaesthetics	/ˌænəsˈθɛtɪks/
anaesthetist	/əˈnɛsθɛtɪst/
anafranil	/əˈnæfɹəˌnɪl/
anagnos	/ɑˈnɑɡnoʊz/
anagram	/ˈænəˌɡɹæm/
anaheim	/ˈænəˌhaɪm/
anakin	/ˈænɑˌkɪn/
anal	/ˈeɪnəl/
analgesic	/ˌænəlˈdʒisɪk/
analgesics	/ˌænəlˈdʒizɪks/
analog	/ˈænəˌlɔɡ/
analogic	/ˌænəˈlɑdʒɪk/
analogies	/əˈnælədʒiz/
analogous	/əˈnæləɡəs/
analogue	/ˈænəˌlɔɡ/
analogy	/əˈnælədʒi/
analysand	/æˈnælɪˌzænd/
analyses	/əˈnæləˌsiz/
analysis	/əˈnæləsəs/
analyst	/ˈænəlɪst/
analyst's	/ˈænəlɪsts/
analysts	/ˈænəlɪsts/
analysts'	/ˈænəlɪsts/
analytic	/ˌænəˈlɪtɪk/
analytical	/ˌænəˈlɪtɪkəl/
analytically	/ˌænəˈlɪtɪkli/
analyticity	/ˌænələˈtɪsəti/
analytics	/ˌænəˈlɪtɪks/
analyzable	/ˈænəˌlaɪzəbəl/
analyzand	/ˌæˈnɑˌlizɑnd/
analyze	/ˈænəˌlaɪz/
analyzed	/ˈænəˌlaɪzd/
analyzer	/ˈænəˌlaɪzɚ/
analyzers	/ˈænəˌlaɪzɚz/
analyzes	/ˈænəˌlaɪzɪz/
analyzing	/ˈænəˌlaɪzɪŋ/
anamaria	/ˌænəməˈɹiə/
anand	/ˈænənd/
anandale	/ˈænənˌdeɪl/
anandeep	/ˌɑnɑnˈdip/
anania	/ɑˈnɑniə/
anantha	/əˈnænθə/
anaphora	/əˈnæfɚə/
anaphylaxis	/ˌænəfəˈlæksɪs/
anaplasia	/ˌænəˈpleɪʒjə/
anaplastic	/ˌænəˈplæstɪk/
anarchic	/æˈnɑɹkɪk/
anarchical	/æˈnɑɹkɪkəl/
anarchist	/ˈænɚˌkɪst/
anarchists	/ˈænɚˌkɪsts/
anarchy	/ˈænɚˌki/
anaren	/ˈænɚən/
anas	/ˈænəs/
anasazi	/ˌænəˈsæzi/
anasquan	/ˈænəskwɑn/
anast	/ˈɑnɑst/
anastas	/ˈænəstəz/
anastasi	/ɑnɑˈstɑsi/
anastasia	/ænəˈsteɪʒə/
anastasio	/ɑnɑˈstɑsioʊ/
anastos	/ˈænəstoʊz/
anathema	/əˈnæθəmə/
anatola	/ɑnɑˈtoʊlə/
anatole	/ˈænəˌtoʊl/
anatoli	/ˌænəˈtoʊli/
anatolia	/ˌænəˈtoʊliə/
anatolian	/ˌænəˈtoʊliən/
anatoly	/ˌænəˈtoʊli/
anatomic	/ˌænəˈtɑmɪk/
anatomical	/ˌænəˈtɑməkəl/
anatomically	/ˌænəˈtɑməkli/
anatomist	/əˈnætəməst/
anatomy	/əˈnætəmi/
anawalt	/ˌænəˈwɑlt/
anaya	/ɑˈnɑjə/
anbari	/ænˈbɑɹi/
ancel	/ənˈsɛl/
ancell	/ɑnˈseɪl/
ancestor	/ˈænˌsɛstɚ/
ancestor's	/ˈænˌsɛstɚz/
ancestors	/ˈænˌsɛstɚz/
ancestors'	/ˈænˌsɛstɚz/
ancestral	/ænˈsɛstɹəl/
ancestry	/ˈænsɛstɹi/
ancheta	/ɑnˈkɛtə/
ancho	/ˈæntʃoʊ/
anchondo	/ɑnˈkoʊndoʊ/
anchor	/ˈæŋkɚ/
anchor's	/ˈæŋkɚz/
anchorage	/ˈæŋkɚədʒ/
anchored	/ˈæŋkɚd/
anchoring	/ˈæŋkɚɪŋ/
anchorman	/ˈæŋkɚˌmæn/
anchormen	/ˈæŋkɚˈmɛn/
anchors	/ˈæŋkɚz/
anchovies	/ænˈtʃoʊviz/
anchovy	/ænˈtʃoʊvi/
ancient	/ˈeɪntʃənt/
ancients	/ˈeɪntʃənts/
ancillary	/ˈænsəˌlɛɹi/
ancira	/ɑnˈtʃɪɹə/
ancona	/ɑnˈkoʊnə/
ancrum	/ənˈkɹʌm/
anctil	/ˈæŋktɪl/
and	/ənd/
andal	/ˈændəl/
andalusia	/ˌændəˈluʒə/
andalusian	/ˌændəˈluʃən/
andante	/ɑnˈdɑnteɪ/
andantino	/ˌɑnˌdɑnˈtinoʊ/
andean	/ˈændiən/
andel	/ˈændəl/
ander	/ˈændɚ/
andera	/ˈændɚə/
anderberg	/ˈændɚbɚɡ/
anderegg	/ˈændɚɪɡ/
anderle	/ˈændɚəl/
anderlini	/ˌændɚˈlini/
anderman	/ˈændɚmən/
anders	/ˈændɚz/
andersen	/ˈændɚsən/
andersen's	/ˈændɚsənz/
anderson	/ˈændɚsən/
anderson's	/ˈændɚsənz/
andersons	/ˈændɚsənz/
andersonville	/ˈændɚsənvɪl/
andersson	/ˈændɚsən/
andert	/ˈændɚt/
anderton	/ˈændɚtən/
andes	/ˈændiz/
andesite	/ˈændɪˌsaɪt/
andi	/ˈændi/
andie	/ˈændi/
anding	/ˈændɪŋ/
andino	/ɑnˈdinoʊ/
andiron	/ˈænˌdaɪɚn/
andis	/ˈændɪs/
andler	/ˈændlɚ/
ando	/ˈændoʊ/
andolina	/ɑndoʊˈlinə/
andonian	/ˌænˈdoʊniən/
andoras	/ænˈdɔɹəz/
andorra	/ænˈdɔɹə/
andover	/ˈændoʊvɚ/
andrada	/ɑnˈdɹɑdə/
andrade	/ˈænˌdɹeɪd/
andrae	/ˈɑndɹaɪ/
andraki	/ænˈdæki/
andras	/ˈɑndɹəs/
andre	/ˈɑnˌdɹeɪ/
andrea	/ˈænˌdɹiə/
andrea's	/ˈænˌdɹiəz/
andreae	/ɑnˈdɹeɪɑ/
andreana	/ˌænˌdɹiˈɑnɑ/
andreani	/ˌænˌdɹiˈɑni/
andreano	/ˌænˌdɹiˈɑnoʊ/
andreas	/ɑnˈdɹeɪəs/
andreasen	/ˈændɹisən/
andreason	/ˌænˈdɹisən/
andreassen	/ˈændɹəsən/
andree	/ənˈdɹi/
andreen	/ənˈdɹin/
andrei	/ˈænˌdɹeɪ/
andreini	/ɑndɹeɪˈini/
andrej	/ˈɑndɹeɪ/
andren	/ˈændɚən/
andreoli	/ɑndɹeɪˈoʊli/
andreoni	/ɑndɹeɪˈoʊni/
andreotti	/ɑndɹiˈɑti/
andreozzi	/ɑndɹiˈɑtsi/
andrepont	/ɑnˈdɹeɪpoʊnt/
andres	/ˈɑndɹeɪz/
andresen	/ænˈdɹisən/
andreski	/ænˈdɹɛski/
andress	/ˈɑndɹɛs/
andretti	/ˌænˈdɹɛti/
andretti's	/ˌænˈdɹɛtiz/
andreu	/ˈændɹu/
andrew	/ˈændɹu/
andrew's	/ˈænˌdɹuz/
andrews	/ˈænˌdɹuz/
andrews'	/ˈænˌdɹuz/
andrey	/ˈændɹi/
andrezak	/ˈændɹəzæk/
andria	/ˈændɹiə/
andriana	/ɑndɹiˈænə/
andriano	/ɑndɹiˈɑnoʊ/
andric	/ˈændɹɪk/
andrich	/ˈændɹɪk/
andrick	/ˈændɹɪk/
andries	/ənˈdɹiz/
andriessen	/ˌænˈdɹisən/
andringa	/ɑnˈdɹiŋɡə/
andriola	/ɑndɹiˈoʊlə/
andrist	/ˈændɹɪst/
androgynous	/ænˈdɹɔdʒənəs/
androgyny	/ænˈdɹɔdʒəni/
android	/ˈænˌdɹɔɪd/
androids	/ˈænˌdɹɔɪdz/
andromeda	/ænˈdɹɑmədə/
andropov	/ænˈdɹɑˌpɑv/
andros	/ˈændɹɑs/
andrus	/ˈændɹəs/
andruskevich	/ˌændɹəˈsɛvɪtʃ/
andry	/ˈændɹi/
andrzej	/ˈɑnˌdɹeɪ/
andrzejewski	/əndʒeɪˈɛfski/
ands	/ˈændz/
andujar	/ɑnduˈjɑɹ/
andy	/ˈændi/
andy's	/ˈændiz/
ane	/ˈeɪn/
anecdotal	/ˌænəkˈdoʊtəl/
anecdotally	/ˌænəkˈdoʊtəli/
anecdote	/ˈænəkˌdoʊt/
anecdotes	/ˈænəkˌdoʊts/
anello	/əˈnɛloʊ/
anemia	/əˈnimiə/
anemias	/əˈnimiəz/
anemic	/əˈnimɪk/
anemometer	/ˌænəˈmɑmətɚ/
anemone	/ˈænɪˌmoʊn/
anencephalic	/æˌnɛnsəˈfælɪk/
anencephaly	/ænɪnˈsɛfəli/
anestachio	/ˌænɪˈstætʃioʊ/
anesthesia	/ˌænɪsˈθiʒə/
anesthesiologist	/ˌænəsˌθiziˈɑlədʒəst/
anesthesiologists	/ˌænəsˌθiziˈɑlədʒəsts/
anesthesiology	/ˌænəsθiziˈɑlədʒi/
anesthetic	/ˌænəsˈθɛtɪk/
anesthetics	/ˌænəsˈθɛtɪks/
anesthetist	/əˈnɛsθətəst/
anette	/əˈnɛt/
aneurism	/ˈænjʊˌɹɪzəm/
aneurysm	/ˈænjʊˌɹɪzəm/
anew	/əˈnu/
anfal	/ˈeɪˈɛˈnɛˈfeɪˈɛl/
anfinson	/ˈænfɪnsən/
ang	/ˈæŋ/
ange	/ˈeɪndʒ/
angel	/ˈeɪndʒəl/
angel's	/ˈeɪndʒəlz/
angela	/ˈændʒələ/
angela's	/ˈændʒələz/
angeleno	/ˌændʒəˈlɛnoʊ/
angelenos	/ˌændʒəˈlɛnoʊz/
angeles	/ˈændʒəlɪs/
angeles'	/ˈændʒəˌliz/
angeles's	/ˈændʒəlɪsɪz/
angeletti	/ɑŋɡɛˈlɛti/
angelfish	/ˈeɪndʒəlˌfɪʃ/
angeli	/ɑŋˈɡɛli/
angelic	/ˌænˈdʒɛlɪk/
angelica	/ænˈdʒɛlɪkə/
angelically	/ænˈdʒɛlɪkli/
angelicas	/ænˈdʒɛlɪkəz/
angelico	/ɑŋɡɛˈlikoʊ/
angelika	/ænˈdʒɛˌlɪkə/
angelillo	/ɑŋɡɛˈlɪloʊ/
angelina	/ændʒɛˈlinə/
angeline	/ˈeɪŋɡɪlaɪn/
angelini	/ɑŋɡɛˈlini/
angelino	/ˌændʒəˈlinoʊ/
angelino's	/ˌændʒəˈlinoʊz/
angelinos	/ˌændʒəˈlinoʊz/
angelique	/ˌændʒɛˈlik/
angelita	/ɑŋɡɛˈlitə/
angell	/ˈeɪndʒəl/
angelle	/eɪŋˈɡɛl/
angello	/ˌænˈdʒɛloʊ/
angelo	/ˈændʒəˌloʊ/
angelo's	/ˈændʒəˌloʊz/
angeloff	/ˈeɪŋɡɪlɔf/
angelone	/ɑŋɡɛˈloʊni/
angeloni	/ɑŋɡɛˈloʊni/
angelos	/ˈændʒəˌloʊz/
angelou	/ˈændʒəˌlu/
angeloz	/ˈændʒəˌloʊz/
angels	/ˈeɪndʒəlz/
angels'	/ˈeɪndʒəlz/
angelucci	/ɑŋɡɛˈlutʃi/
anger	/ˈæŋɡɚ/
angered	/ˈæŋɡɚd/
angerer	/ˈæŋɡɚɚ/
angering	/ˈæŋɡɚɪŋ/
angerman	/ˈæŋɚmən/
angermeier	/ˈeɪŋɡɚmaɪɚ/
angers	/ˈæŋɡɚz/
angert	/ˈeɪŋɡɚt/
angevine	/ˈeɪŋɡɪvaɪn/
angi	/ˈændʒi/
angie	/ˈændʒi/
angier	/ˈændʒiɚ/
angina	/ænˈdʒaɪnə/
angio	/ˈænˌdʒioʊ/
angiogenesis	/ˌændʒioʊˈdʒɛnəsəs/
angiogram	/ˈænˌdʒioʊˌɡɹæm/
angiomedic	/ˌænˌdʒioʊˈmɛdɪk/
angiomedics	/ˌænˌdʒioʊˈmɛdɪks/
angioplasty	/ˌænˌdʒiəˈplæsti/
angiotensin	/ˌænˌdʒioʊˈtɛnsɪn/
angle	/ˈæŋɡəl/
angled	/ˈæŋɡəld/
anglemyer	/ˈæŋɡəlˌmaɪɚ/
anglen	/ˈæŋɡələn/
angler	/ˈæŋɡlɚ/
anglers	/ˈæŋɡlɚz/
angles	/ˈæŋɡəlz/
angleton	/ˈæŋɡəltən/
angley	/ˈæŋɡli/
anglia	/ˈæŋɡliə/
anglican	/ˈæŋɡləkən/
anglicans	/ˈæŋɡlɪkənz/
anglicize	/ˈæŋlɪˌsaɪz/
anglicized	/ˈæŋlɪˌsaɪzd/
anglim	/ˈæŋɡlɪm/
anglin	/ˈæŋɡlɪn/
angling	/ˈæŋɡlɪŋ/
anglo	/ˈæŋɡloʊ/
anglo-catholicism	/ˈæŋɡloʊkəˈθɔləˌsɪzəm/
anglophile	/ˈænɡləˌfaɪl/
anglophone	/ˈænɡləˌfoʊn/
anglophones	/ˈænɡləˌfoʊnz/
anglos	/ˈæŋɡloʊz/
angola	/æŋˈɡoʊlə/
angola's	/æŋˈɡoʊləz/
angolan	/ˈæŋɡoʊlən/
angolans	/ˈæŋɡoʊlənz/
angora	/æŋˈɡɔɹə/
angoras	/æŋˈɡɔɹəz/
angotti	/ɑŋˈɡoʊti/
angove	/ɑŋˈɡoʊvi/
angrier	/ˈæŋɡɹiɚ/
angriest	/ˈæŋɡɹiəst/
angrily	/ˈæŋɡɹəli/
angriness	/ˈæŋɡɹiˌnɛs/
angry	/ˈæŋɡɹi/
angst	/ˈɑŋkst/
angstadt	/ˈæŋʃtæt/
angstrom	/ˈæŋstɹəm/
angstroms	/ˈæŋstɹəmz/
anguiano	/ɑŋɡiˈɑnoʊ/
anguilla	/ˌæŋˈwɪlə/
anguish	/ˈæŋɡwɪʃ/
anguished	/ˈæŋɡwɪʃt/
anguishing	/ˈæŋɡwɪʃɪŋ/
angular	/ˈæŋɡjəlɚ/
angulate	/ˈæŋɡjuˌleɪt/
angulated	/ˈæŋɡjuˌleɪtɪd/
angulo	/ɑŋˈɡuloʊ/
angus	/ˈæŋɡəs/
angy	/ˈændʒi/
anhalt	/ˈænhəlt/
anheuser	/ˈænˌhaɪzɚ/
anheuser's	/ˌænhˈjuzɚz/
anhydride	/ænˈhaɪdɹɪd/
aniak	/ˈæniæk/
anibal	/ˈænɪbəl/
anikst	/ˈænɪkst/
aniline	/ˈænəˌlin/
animal	/ˈænəməl/
animal's	/ˈænəməlz/
animals	/ˈænəməlz/
animals'	/ˈænəməlz/
animate	/ˈænəmət/
animated	/ˈænəˌmeɪtɪd/
animates	/ˈænəməts/
animating	/ˌænəˈmeɪtɪŋɡ/
animation	/ˌænəˈmeɪʃən/
animations	/ˌænəˈmeɪʃənz/
animator	/ˈænəˌmeɪtɚ/
animators	/ˈænəˌmeɪtɚz/
anime	/ˌænɪˈmeɪ/
animism	/ˈænəˌmɪzəm/
animist	/ˈænəməst/
animists	/ˈænəməsts/
animosities	/ˌænəˈmɑsətiz/
animosity	/ˌænəˈmɑsəti/
animous	/ˈænɪməs/
animus	/ˈænɪməs/
aninat	/ˈænɪnæt/
anion	/ˈæˌnaɪɔn/
anions	/ˈæˌnaɪɔnz/
anisa	/æˈnisə/
anise	/ˈænəs/
aniseed	/ˈænəˌsid/
anisette	/ˌænəˈsɛt/
aniston	/ˈænəstən/
anita	/əˈnitə/
anitec	/ˈænɪˌtɛk/
anitole	/ˈænɪtoʊl/
anixter	/ˈænɪkstɚ/
anja	/ˈɑndʒə/
anjelica	/ænˈdʒɛləkə/
ankara	/ˈæŋkɚə/
ankara's	/ˈæŋkɚəz/
ankeney	/əŋˈkɛni/
ankeny	/əŋˈkini/
anker	/ˈæŋkɚ/
ankerium	/æŋˈkɝiəm/
ankh	/ˈænk/
ankita	/ˌænˈkitə/
anklam	/ˈæŋkləm/
ankle	/ˈæŋkəl/
anklebone	/ˈæŋkəlˌboʊn/
ankles	/ˈæŋkəlz/
anklet	/ˈæŋklɪt/
anklets	/ˈæŋkləts/
ankney	/ˈæŋkni/
ankrom	/ˈæŋkɹəm/
ankrum	/ˈæŋkɹəm/
ann	/ˈæn/
ann's	/ˈænz/
anna	/ˈænə/
anna's	/ˈænəz/
annabel	/ˈænəˌbɛl/
annabella	/ˌænəˈbɛlə/
annabelle	/ˈænəbəl/
annabeth	/ˈænəˌbɛθ/
annable	/ˈænəbəl/
annal	/ˈænəl/
annals	/ˈænəlz/
annamese	/ˌænəˈmiz/
annan	/ˈænən/
annandale	/ˈænənˌdeɪl/
annapolis	/əˈnæpəlɪs/
annapolis's	/əˈnæpəlɪsɪz/
annas	/ˈænəz/
annaud	/əˈnoʊd/
anne	/ˈæn/
anne's	/ˈænz/
anneal	/əˈnil/
annealing	/əˈnilɪŋ/
annelid	/ˈænəlɪd/
annelids	/ˈænəlɪdz/
annen	/ˈænən/
annenberg	/ˈænənbɚɡ/
annese	/ɑˈneɪzi/
annett	/əˈnɛt/
annette	/əˈnɛt/
annex	/ˈæˌnɛks/
annexation	/ˌænɛkˈseɪʃən/
annexed	/ˈænɛkst/
annexes	/ˈæˌnɛksɪz/
annexing	/əˈnɛksɪŋ/
annick	/ˈænɪk/
annie	/ˈæni/
annie's	/ˈæˌniz/
annihilate	/əˈnaɪəˌleɪt/
annihilated	/əˈnaɪəˌleɪtɪd/
annihilating	/əˈnaɪəˌleɪtɪŋ/
annihilation	/əˌnaɪəˈleɪʃən/
annis	/ˈæniz/
annissa	/æˈnisə/
anniston	/ˈænəstən/
anniversaries	/ˌænəˈvɝsɚiz/
anniversary	/ˌænəˈvɝsɚi/
anno	/ˈænoʊ/
annotate	/ˈænəˌteɪt/
annotated	/ˌænəˈteɪtɪd/
annotates	/ˌænəˈteɪts/
annotating	/ˌænəˈteɪtɪŋ/
annotation	/ˌænəˈteɪʃən/
annotations	/ˌænəˈteɪʃənz/
annotator	/ˌænəˈteɪtɚ/
annotators	/ˌænəˈteɪtɚz/
announce	/əˈnaʊns/
announced	/əˈnaʊnst/
announcement	/əˈnaʊnsmənt/
announcements	/əˈnaʊnsmənts/
announcer	/əˈnaʊnsɚ/
announcers	/əˈnaʊnsɚz/
announces	/əˈnaʊnsɪz/
announcing	/əˈnaʊnsɪŋ/
announcment	/əˈnaʊnsmənt/
annoy	/əˈnɔɪ/
annoyance	/əˈnɔɪəns/
annoyances	/əˈnɔɪənsɪz/
annoyed	/əˈnɔɪd/
annoying	/əˈnɔɪɪŋ/
annoys	/əˈnɔɪz/
annual	/ˈænjuəl/
annualize	/ˈænjuwəˌlaɪz/
annualized	/ˈænjuwəˌlaɪzd/
annually	/ˈænjuəli/
annuals	/ˈænuəlz/
annuit	/əˈnuɪt/
annuities	/əˈnuɪtiz/
annuity	/əˈnuəti/
annul	/ˈænəl/
annular	/ˈænjəlɚ/
annulled	/ˈænəld/
annulment	/ˈænəlmənt/
annum	/ˈænəm/
annunciata	/ɑnunˈtʃɑtə/
annunziata	/ɑnunˌziˈɑtə/
annunziato	/ɑnunˌziˈɑtoʊ/
annunzio	/əˈnʌnzioʊ/
anny	/ˈæni/
ano	/ˈænoʊ/
anode	/ˈæˌnoʊd/
anodes	/ˈæˌnoʊdz/
anoint	/əˈnɔɪnt/
anointed	/əˈnɔɪntɪd/
anomalies	/əˈnɑməliz/
anomalous	/əˈnɑmələs/
anomaly	/əˈnɑməli/
anomie	/ˈænəmi/
anon	/ˌæˈnɔn/
anona	/ɑˈnoʊnə/
anonymity	/ˌænəˈnɪmɪti/
anonymize	/əˈnɑnəˌmaɪz/
anonymized	/əˈnɑnəˌmaɪzd/
anonymous	/əˈnɑnəməs/
anonymously	/əˈnɑnəməsli/
anopheles	/ɑˈnɔfɪˌliz/
anora	/ɑˈnɔɹə/
anorak	/ˈænɚˌæk/
anorexia	/ˌænɚˈɛksiə/
anorexic	/ˌænɚˈɛksɪk/
anorexics	/ˌænɚˈɛksɪks/
anorthite	/æˈnɔɹˌθaɪt/
another	/əˈnʌðɚ/
another's	/əˈnʌðɚz/
anova	/əˈnoʊvɑ/
anreder	/ˈænˌɹɛdɚ/
anrig	/ˈænɹɪɡ/
ansa	/ˈænsə/
ansa's	/ˈænsəz/
ansaid	/ˈænˌseɪd/
ansaldo	/ænˈsɑldoʊ/
ansang	/ˈænsæŋ/
ansari	/ɑnˈsɑɹi/
ansbacher	/ˈænzˌbɑkɚ/
anschel	/ˈænʃəl/
anschluss	/ˈænʃləs/
anschutz	/ˈænʃəts/
anscom	/ənˈskɑm/
anscomb	/ənˈskɑm/
anse	/ˈæns/
ansel	/ənˈsɛl/
ansell	/ˈænˌsɛl/
anselm	/ˈænsɛlm/
anselma	/ɑnˈsɛlmə/
anselmi	/ɑnˈsɛlmi/
anselmo	/ɑnˈsɛlmoʊ/
ansett	/ˈænˌsɛt/
ansgar	/ˈænsɡɑɹ/
ansgar's	/ˈænsɡɑɹz/
anshan	/ˈænʃən/
ansi	/ˌænˈsi/
ansin	/ˈænsɪn/
ansley	/ˈænsli/
ansohn	/ˈænsən/
anson	/ˈænsən/
ansonia	/ænˈsoʊniə/
anspach	/ˈænˌspɑk/
anspaugh	/ənˈspɔ/
anstead	/ˈænˌstɛd/
anstett	/ənˈstɛt/
anstey	/ˈænsti/
anstice	/ˈɑnstɪs/
anstine	/ɑnˈstini/
anstiss	/ˈænstɪs/
answer	/ˈænsɚ/
answer's	/ˈænsɚz/
answerable	/ˈænsɚəbəl/
answered	/ˈænsɚd/
answering	/ˈænsɚɪŋ/
answers	/ˈænsɚz/
ant	/ˈænt/
antacid	/ænˈtæsəd/
antacids	/ænˈtæsədz/
antagonism	/ænˈtæɡəˌnɪzəm/
antagonisms	/ænˈtæɡəˌnɪzəmz/
antagonist	/ænˈtæɡənəst/
antagonistic	/ænˌtæɡəˈnɪstɪk/
antagonists	/ænˈtæɡənəsts/
antagonize	/ænˈtæɡəˌnaɪz/
antagonized	/ænˈtæɡəˌnaɪzd/
antagonizing	/ænˈtæɡəˌnaɪzɪŋ/
antal	/ˈæntəl/
antar	/ˈæntɚ/
antar's	/ˈæntɚz/
antarctic	/ænˈtɑɹktɪk/
antarctica	/ˌænˈtɑɹktɪkə/
antarctica's	/ˌænˈtɑɹktɪkəz/
antares	/ænˈtɛɹiz/
antaya	/ɑnˈteɪə/
antczak	/ˈænttʃæk/
ante	/ˈænti/
anteater	/ˈænˌtitɚ/
anteaters	/ˈænˌtitɚz/
antebellum	/ˌæntɪˈbɛləm/
antec	/ˈænˌtɛk/
antecedent	/ˌænˈtɛsədənt/
antecedents	/ˌæntɪˈsidənts/
antechamber	/ˈæntɛˌtʃeɪmbɚ/
anted	/ˈæntɪd/
antell	/ænˈtɛl/
antelope	/ˈæntəˌloʊp/
antemeridian	/ˌæntəmɛˈɹɪdiən/
antemortem	/æntəˈmɔɹtəm/
antenna	/ænˈtɛnə/
antenna's	/ænˈtɛnəz/
antennae	/ænˈtɛni/
antennas	/ænˈtɛnəz/
antenne	/ænˈtɛn/
antenucci	/æntɪˈnutʃi/
anterior	/ænˈtɪɹiɚ/
anteriormost	/ænˈtɪɹiɚˌmoʊst/
antes	/ˈæntiz/
anthea	/ˈænθiə/
anthem	/ˈænθəm/
anthems	/ˈænθəmz/
anthes	/ˈænðəz/
anthiel	/ˈænθiəl/
anthill	/ˈæntˌhɪl/
anthills	/ˈæntˌhɪlz/
anthis	/ˈænθɪs/
anthologies	/ænˈθɑlədʒiz/
anthologist	/ænˈθɔləˌɡɪst/
anthologists	/ænˈθɔləˌɡɪsts/
anthology	/ænˈθɑlədʒi/
anthon	/ˈænθən/
anthony	/ˈænθəni/
anthony's	/ˈænθəniz/
anthracite	/ˈænθɹəˌsaɪt/
anthrax	/ˈænθɹæks/
anthrobot	/ˈænθɹoʊˌbʌt/
anthropocentric	/ˌænθɹəpəˈsɛntɹɪk/
anthropogenic	/ˌænθɹəpəˈdʒɛnɪk/
anthropological	/ˌænθɹəpəˈlɑdʒəkəl/
anthropologist	/ˌænθɹəˈpɑlədʒəst/
anthropologists	/ˌænθɹəˈpɑlədʒəsts/
anthropology	/ˌænθɹəˈpɑlədʒi/
anthropomorphic	/ˌænθɹəpəˈmɔɹfɪk/
anthropomorphism	/ˌænθɹəpəˈmɔɹfɪzəm/
anti	/ˈænˌti/
anti-catholicism	/ˈæntikəˈθɔləˌsɪzəm/
anti-doping	/ˌæntiˈdoʊpɪŋ/
anti-federalist	/ˌæntiˈfɛdɹəlɪst/
anti-federalists	/ˌæntiˈfɛdɹələsts/
anti-infective	/ˈæntiɪnˈfɛktɪv/
anti-war	/ˌæntiˈwɔɹ/
antiabortion	/ˈæntiəˈbɔɹʃən/
antiaircraft	/ˌæntiˈɛɹˌkɹæft/
antibacterial	/ˌæntibækˈtɪɹiəl/
antiballistic	/ˌæntibəˈlɪstɪk/
antibiotic	/ˌæntibaɪˈɑtɪk/
antibioticos	/ˌæntibaɪˈɑtɪkoʊs/
antibiotics	/ˌæntibaɪˈɑtɪks/
antibodies	/ˈæntɪˌbɑdiz/
antibody	/ˈæntɪˌbɑdi/
antic	/ˈæntɪk/
anticancer	/ˌænˌtaɪˈkænsɚ/
anticipate	/ænˈtɪsəˌpeɪt/
anticipated	/ænˈtɪsəˌpeɪtɪd/
anticipates	/ænˈtɪsəˌpeɪts/
anticipating	/ænˈtɪsəˌpeɪtɪŋ/
anticipation	/ænˌtɪsəˈpeɪʃən/
anticipations	/ænˌtɪsəˈpeɪʃənz/
anticipatory	/ænˈtɪsəpəˌtɔɹi/
anticlimactic	/ˌæntiklaɪˈmæktɪk/
anticline	/ˈæntɪˌklaɪn/
antico	/ɑnˈtikoʊ/
anticommunist	/ˌæntiˈkɑmjənɪst/
anticompetitive	/ˌæntɪkəmˈpɛtɪtɪv/
anticorruption	/ˌænˌtaɪkɚˈʌpʃən/
anticrime	/ˈæntiˈkɹaɪm/
antics	/ˈæntɪks/
anticyclone	/ˌæntiˈsaɪˌkloʊn/
anticyclones	/ˌæntiˈsaɪˌkloʊnz/
antidepressant	/ˌæntidɪˈpɹɛsənt/
antidepressants	/ˌænˌtaɪdɪˈpɹɛsənts/
antidiscrimination	/ˌæntidɪˌskɹɪməˈneɪʃən/
antidisestablishmentarianism	/ˌæntaɪˌdɪsəˌstæblɪʃmənˈtɛɹiəˌnɪzəm/
antidote	/ˈæntɪˌdoʊt/
antidrug	/ˌæntɪˈdɹʌɡ/
antidumping	/ˌæntiˈdʌmpɪŋ/
antietam	/ˌænˈtitəm/
antifraud	/ˈæntiˌfɹɑd/
antifreeze	/ˈæntiˌfɹiz/
antifungal	/ˌænˌtaɪˈfʌŋɡəl/
antigay	/ˌænˌtaɪˈɡeɪ/
antigen	/ˈæntədʒən/
antigens	/ˈæntɪdʒənz/
antigone	/æˈtɪɡəni/
antigone's	/ænˈtɪɡəˌniz/
antigones	/ænˈtɪɡəˌniz/
antigovernment	/ˌæntiˈɡʌvɚmənt/
antigua	/ænˈtiɡwə/
antihistamine	/ˌæntiˈhɪstəmən/
antihistamines	/ˌæntiˈhɪstəmənz/
antiknock	/ˌæntiˈnɑk/
antill	/ænˈtɪl/
antilla	/ɑnˈtɪlə/
antilles	/ænˈtɪliz/
antilock	/ˈæntiˈlɑk/
antimatter	/ætaɪˈmætɚ/
antimissile	/ˌænˌtaɪˈmɪsəl/
antinomy	/æˈtɪnoʊˌmi/
antioch	/ˈæntiˌɑk/
antiochus	/ænˈtaɪəkəs/
antioxidant	/ˌæntiˈɑksədənt/
antioxidants	/ˌæntiˈɑksədənts/
antipasto	/ˌæntiˈpɑstoʊ/
antipathies	/ænˈtɪpəθiz/
antipathy	/ænˈtɪpəθi/
antipersonnel	/ˌæntipɚsəˈnɛl/
antiphon	/ˈæntəˌfɑn/
antiphons	/ˈæntəˌfɑnz/
antipodal	/ænˈtɪpədəl/
antipode	/ˌæntɪˌpoʊd/
antipodes	/ˌæntɪˌpoʊdiz/
antipoverty	/ˌæntaɪˈpɑvɚti/
antiquate	/ˈæntəˌkweɪt/
antiquated	/ˈæntəˌkweɪtɪd/
antique	/ænˈtik/
antiques	/ænˈtiks/
antiquities	/ænˈtɪkwətiz/
antiquity	/ænˈtɪkwəti/
antireformer	/ˌæntiɹɪˈfɔɹmɚ/
antireformers	/ˌæntiɹɪˈfɔɹmɚz/
antis	/ˈæntaɪz/
antisense	/ˈæntiˌsɛns/
antiseptic	/ˌæntəˈsɛptɪk/
antismoking	/ˈæntiˈsmoʊkɪŋ/
antisocial	/ˌæntɪˈsoʊʃəl/
antisubmarine	/ˌæntɪˈsʌbmɚˌin/
antitakeover	/ˌæntiˈteɪˌkoʊvɚ/
antitank	/ˌæntiˈtæŋk/
antitax	/ˌænˌtaɪˈtæks/
antitheft	/ˌænˌtaɪˈθɛft/
antithesis	/ænˈtɪθəsəs/
antithetical	/ˌæntəˈθɛtɪkəl/
antitoxin	/ˌæntiˈtɑksən/
antitoxins	/ˌæntiˈtɑksənz/
antitrust	/ˌæntaɪˈtɹʌst/
antiviral	/ˌæntiˈvaɪɹəl/
antivirus	/ˌæntiˈvaɪɹəs/
antiwar	/ˌæntaɪˈwɔɹ/
antkowiak	/əntˈkaʊiæk/
antle	/ˈæntəl/
antler	/ˈæntlɚ/
antlered	/ˈæntlɚd/
antlers	/ˈæntlɚz/
antley	/ˈæntli/
antoine	/ɑnˈtwɑn/
antoinette	/ˌæntwəˈnɛt/
antol	/ɑnˈtɔl/
antolik	/ˈæntəlɪk/
antolini	/ˌæntoʊˈlini/
anton	/ˈænˌtɔn/
antonacci	/ɑntoʊˈnɑtʃi/
antone	/ɑnˈtoʊni/
antonelli	/ɑntoʊˈnɛli/
antonellis	/æntəˈnɛlɪs/
antonetti	/ɑntoʊˈnɛti/
antoni	/ɑnˈtoʊni/
antonia	/ænˈtoʊniə/
antonin	/ˈæntənɪn/
antonini	/ɑntoʊˈnini/
antonini's	/ɑntoʊˈniniz/
antonino	/ˌæntoʊˈninoʊ/
antonio	/ænˈtoʊˌnioʊ/
antonio's	/ænˈtoʊˌniˌoʊz/
antonios	/ænˈtoʊˌniˌoʊz/
antoniou	/ɑntoʊˈniu/
antoniu	/ˌænˈtoʊniu/
antoniu's	/ænˈtoʊniuz/
antonius	/ænˈtoʊniəs/
antonopoulos	/æntəˈnɑpəlɪs/
antonovich	/ˌænˈtɑnəvɪtʃ/
antonsen	/ənˈtɑnsən/
antonson	/ˈæntənsən/
antonucci	/ɑntoʊˈnutʃi/
antony	/ˈæntəni/
antoon	/ˌænˈtun/
antos	/ˈɑntoʊz/
antosh	/ənˈtɑʃ/
antril	/ˈæntɹɪl/
antrim	/ˈæntɹɪm/
antrobus	/ˈæntɹəbɪs/
antroscope	/ˈæntɹəˌskoʊp/
ants	/ˈænts/
antsy	/ˈæntsi/
anttila	/ɑnˈtilə/
antuna	/ɑnˈtunə/
antunes	/ɑnˈtunɛs/
antunez	/ɑnˈtunɛz/
antwerp	/ˈæntwɚp/
antwine	/ˈænˌtwaɪn/
anubis	/əˈnubɪs/
anuradhapura	/ˌɑnuˈɹɑdəˌpuɹɑ/
anus	/ˈeɪnəs/
anvil	/ˈænvəl/
anwar	/ˈænwɑɹ/
anway	/ənˈweɪ/
anwell	/ənˈwɛl/
anwyl	/ˈænwɪl/
anwyll	/ˈænwɪl/
anxieties	/æŋˈzaɪətiz/
anxiety	/æŋˈzaɪəti/
anxious	/ˈæŋkʃəs/
anxiously	/ˈæŋkʃəsli/
any	/ˈɛni/
anybody	/ˈɛnibədi/
anybody's	/ˈɛnibədiz/
anyhow	/ˈɛniˌhaʊ/
anymore	/ˌɛniˈmɔɹ/
anyon	/ˈɛniɑn/
anyone	/ˈɛniˌwʌn/
anyone'll	/ˈɛniˌwʌnəl/
anyone's	/ˈɛniˌwʌnz/
anyplace	/ˈɛniˌpleɪs/
anything	/ˈɛniˌθɪŋ/
anything's	/ˈɛniˌθɪŋz/
anytime	/ˈɛniˌtaɪm/
anytime'll	/ˈɛniˌtaɪməl/
anytime's	/ˈɛniˌtaɪmz/
anyway	/ˈɛniˌweɪ/
anyways	/ˈɛniˌweɪz/
anywhere	/ˈɛniˌwɛɹ/
anza	/ˈænzə/
anzac	/ˈænzæk/
anzaldua	/ɑnzɑlˈduə/
anzalone	/ˈænzəˌloʊn/
anzelmo	/ɑnˈzɛlmoʊ/
anzio	/ˈænˌzioʊ/
anzus	/ˈænzəs/
aoi	/ˈaʊi/
aoki	/eɪˈoʊki/
aol	/ˈeɪˈoʊˈɛl/
aon	/ˈeɪoʊn/
aorta	/eɪˈɔɹtə/
aortic	/eɪˈɔɹtɪk/
aoshima	/ˌaʊˈʃimə/
aoun	/ˈaʊən/
aoun's	/ˈaʊənz/
aouzou	/ˌaʊˈjuzu/
aoyama	/ˌaʊˈjɑmə/
ap	/ˌeɪˈpi/
apace	/əˈpeɪs/
apache	/əˈpætʃi/
apache's	/əˈpætʃiz/
apaches	/əˈpætʃiz/
apacs	/ˈeɪpæks/
apalachicola	/ˌæpəˌlætʃəˈkoʊlə/
apalachicola's	/ˌæpəˌlætʃəˈkoʊləz/
aparicio	/ˌæpɚˈɪsioʊ/
apart	/əˈpɑɹt/
apartheid	/əˈpɑɹˌtaɪt/
apartheid's	/əˈpɑɹˌtaɪts/
apartment	/əˈpɑɹtmənt/
apartment's	/əˈpɑɹtmənts/
apartments	/əˈpɑɹtmənts/
apathetic	/ˌæpəˈθɛtɪk/
apathy	/ˈæpəθi/
apatite	/ˈæpəˌtaɪt/
apatites	/ˈæpəˌtaɪts/
apc	/ˈeɪˈpiˈsi/
apc's	/ˈeɪˈpiˈsiz/
apcar	/ˈæpkɑɹ/
ape	/ˈeɪp/
apec	/ˈeɪˌpɛk/
apec's	/ˈeɪˌpɛks/
apel	/ɑˈpɛl/
apelike	/ˈeɪˌplaɪk/
apennine	/ˈæpəˌnin/
apercu	/ˈæpɚˌsu/
aperitif	/əˌpɛɹəˈtif/
aperture	/ˈæpɚtʃɚ/
apes	/ˈeɪps/
apex	/ˈeɪˌpɛks/
apex's	/ˈeɪˌpɛksɪz/
apfel	/ˈæpfəl/
apfelbaum	/ˈæpfəlˌbaʊm/
apgar	/ˈæpɡɚ/
aphasia	/əˈfeɪʒə/
aphid	/ˈæfəd/
aphids	/ˈæfɪdz/
aphorism	/ˈæfɚˌɪzəm/
aphorisms	/ˈæfɚˌɪzəmz/
aphrodisiac	/ˌæfɹoʊˈdiziæk/
aphrodite	/ˌæfɹəˈdaɪti/
aphrodite's	/ˌæfɹəˈdaɪtiz/
aphrodites	/ˌæfɹəˈdaɪtiz/
api	/ˌeɪˌpiˈaɪ/
apia	/ˈɑpɪˌɑ/
apical	/ˈæpɪkəl/
apicella	/ˌæpɪˈsɛlə/
apiece	/əˈpis/
aping	/ˈeɪpɪŋ/
aplenty	/əˈplɛnti/
aplin	/ˈæplɪn/
aplomb	/əˈplɑm/
apnea	/ˈæpniə/
apo	/ˌeɪˌpiˈoʊ/
apocalypse	/əˈpɑkəˌlɪps/
apocalyptic	/əˌpɑkəˈlɪptɪk/
apocryphal	/əˈpɑkɹəfəl/
apodaca	/ɑpoʊˈdɑkə/
apogee	/ˈæpəˌdʒi/
apolitical	/ˌeɪpəˈlɪtɪkəl/
apolline	/ˈæpəˌlaɪn/
apollinian	/ˌæpəˈlɪniən/
apollo	/əˈpɑloʊ/
apollo's	/əˈpɑloʊz/
apollonian	/ˌæpəˈloʊniən/
apologetic	/əˌpɑləˈdʒɛtɪk/
apologetically	/əˌpɑləˈdʒɛtɪˌkli/
apologies	/əˈpɑləˌdʒiz/
apologise	/əˈpɑləˌdʒaɪz/
apologised	/əˈpɑləˌdʒaɪzd/
apologises	/əˈpɑləˌdʒaɪzɪz/
apologising	/əˈpɑləˌdʒaɪzɪŋ/
apologist	/əˈpɑlədʒəst/
apologists	/əˈpɑlədʒəsts/
apologize	/əˈpɑləˌdʒaɪz/
apologized	/əˈpɑləˌdʒaɪzd/
apologizes	/əˈpɑləˌdʒaɪzɪz/
apologizing	/əˈpɑləˌdʒaɪzɪŋ/
apology	/əˈpɑləˌdʒi/
aponte	/əˈpɑnti/
apopa	/əˈpoʊpə/
apopka	/əˈpɔpkə/
apoplectic	/ˌæpəˈplɛktɪk/
apoplexy	/ˈæpəˌplɛksi/
apoptosis	/ˌæpɔpˈtoʊsɪz/
apostate	/əˈpɔsteɪt/
apostle	/əˈpɑsəl/
apostles	/əˈpɑsəlz/
apostol	/ˈæpəstəl/
apostolic	/ˌæpəˈstɔlɪk/
apostolopoul	/əˌpɑstoʊloʊˈpul/
apostrophe	/əˈpɑstɹəˌfi/
apostrophes	/əˈpɑstɹəˌfiz/
apothecary	/əˈpɑθəˌkɛɹi/
apotheosis	/əˌpɑθiˈoʊsəs/
app	/ˈæp/
appalachia	/ˌæpəˈlætʃiə/
appalachian	/ˌæpəˈleɪtʃən/
appalachians	/ˌæpəˈleɪtʃənz/
appall	/əˈpɔl/
appalled	/əˈpɔld/
appalling	/əˈpɔlɪŋ/
appallingly	/əˈpɔlɪŋli/
appalls	/əˈpɔlz/
apparatchik	/ˌæpɚˈætʃɪk/
apparatchiks	/ˌæpɚˈætʃɪks/
apparatus	/ˌæpɚˈætəs/
apparatuses	/ˌæpɚˈætəsəz/
apparel	/əˈpæɹəl/
apparent	/əˈpɛɹənt/
apparently	/əˈpɛɹəntli/
apparition	/ˌæpɚˈɪʃən/
apparitions	/ˌæpɚˈɪʃənz/
appeal	/əˈpil/
appealable	/əˈpiləbəl/
appealed	/əˈpild/
appealing	/əˈpilɪŋ/
appealingly	/əˈpilɪŋli/
appeals	/əˈpilz/
appear	/əˈpɪɹ/
appearance	/əˈpɪɹəns/
appearances	/əˈpɪɹənsəz/
appeared	/əˈpɪɹd/
appearing	/əˈpɪɹɪŋ/
appears	/əˈpɪɹz/
appease	/əˈpiz/
appeased	/əˈpizd/
appeasement	/əˈpizmənt/
appeasing	/əˈpizɪŋ/
appel	/ˈæpəl/
appelbaum	/ˈæpəlˌbaʊm/
appelhans	/ˈæpɪlhənz/
appell	/ˈæpəl/
appellant	/əˈpɛlɪnt/
appellants	/əˈpɛlɪnts/
appellate	/əˈpɛlɪt/
appellation	/ˌæpəˈleɪʃən/
appellations	/ˌæpəˈleɪʃənz/
appelman	/ˈæpəlmən/
appelt	/ˈæpɪlt/
append	/əˈpɛnd/
appendage	/əˈpɛndɪdʒ/
appendages	/əˈpɛndɪdʒɪz/
appendectomies	/ˌæpənˈdɛktəmiz/
appendectomy	/ˌæpɪnˈdɛktəmi/
appended	/əˈpɛndɪd/
appendices	/əˈpɛndɪˌsiz/
appendicitis	/əˌpɛnˌdɪˈsaɪtɪz/
appendix	/əˈpɛndɪks/
appendixes	/əˈpɛndɪksɪz/
appenzeller	/ˈæpɪnzəlɚ/
apperson	/ˈæpɚsən/
appert	/ˈæpɚt/
appetite	/ˈæpəˌtaɪt/
appetites	/ˈæpəˌtaɪts/
appetito	/ˌæpəˈtiˌtoʊ/
appetizer	/ˈæpəˌtaɪzɚ/
appetizers	/ˈæpəˌtaɪzɚz/
appetizing	/ˈæpɪˌtaɪzɪŋ/
appia	/ˈæpiə/
appian	/ˈæpiən/
applaud	/əˈplɔd/
applauded	/əˈplɔdɪd/
applauding	/əˈplɔdɪŋ/
applauds	/əˈplɔdz/
applause	/əˈplɔz/
apple	/ˈæpəl/
apple's	/ˈæpəlz/
appleans	/əˈplinz/
applebaum	/ˈæpəlˌbaʊm/
applebee	/ˈæpəlˌbi/
applebee's	/ˈæpəlˌbiz/
appleberry	/ˈæpəlˌbɛɹi/
appleby	/ˈæpəlˌbi/
applegarth	/ˈæpləˌɡɑɹθ/
applegate	/ˈæpəlˌɡeɪt/
appleman	/ˈæpəlmən/
applequist	/ˈæpəlkwɪst/
apples	/ˈæpəlz/
applesauce	/ˈæpəlˌsɔs/
appleseed	/ˈæpəlˌsid/
appleshare	/ˈæpəlˌʃɛɹ/
applet	/ˈæplət/
appleton	/ˈæpəltən/
applewhite	/ˈæpəlˌwaɪt/
appleyard	/ˈæpəlˌjɑɹd/
appliance	/əˈplaɪəns/
appliances	/əˈplaɪənsəz/
applicability	/ˌæpləkəˈbɪləti/
applicable	/ˈæpləkəbəl/
applicant	/ˈæplɪkənt/
applicant's	/ˈæplɪkənts/
applicants	/ˈæplɪkənts/
applicants'	/ˈæpləkənts/
application	/ˌæpləˈkeɪʃən/
applications	/ˌæpləˈkeɪʃənz/
applicator	/ˈæpləˌkeɪtɚ/
applicators	/ˈæpləˌkeɪtɚz/
applied	/əˈplaɪd/
applies	/əˈplaɪz/
applin	/ˈæplɪn/
appling	/ˈæpəlɪŋ/
apply	/əˈplaɪ/
applying	/əˈplaɪɪŋ/
appoint	/əˈpɔɪnt/
appointed	/əˈpɔɪntɪd/
appointee	/əpɔɪnˈti/
appointees	/əpɔɪnˈtiz/
appointing	/əˈpɔɪntɪŋ/
appointive	/əˈpɔɪntɪv/
appointment	/əˈpɔɪntmənt/
appointments	/əˈpɔɪntmənts/
appoints	/əˈpɔɪnts/
apportion	/əˈpɔɹʃən/
apportioned	/əˈpɔɹʃənd/
apportioning	/əˈpɔɹʃənɪŋ/
apportionment	/əˈpɔɹʃənmənt/
appraisal	/əˈpɹeɪzəl/
appraisals	/əˈpɹeɪzəlz/
appraise	/əˈpɹeɪz/
appraised	/əˈpɹeɪzd/
appraiser	/əˈpɹeɪzɚ/
appraisers	/əˈpɹeɪzɚz/
appraises	/əˈpɹeɪzɪz/
appraising	/əˈpɹeɪzɪŋ/
appreciable	/əˈpɹiʃəbəl/
appreciably	/əˈpɹiʃəbli/
appreciate	/əˈpɹiʃiˌeɪt/
appreciated	/əˈpɹiʃiˌeɪtɪd/
appreciates	/əˈpɹiʃiˌeɪts/
appreciating	/əˈpɹiʃiˌeɪtɪŋ/
appreciation	/əˌpɹiʃiˈeɪʃən/
appreciative	/əˈpɹiʃiˌeɪtɪv/
appreciatively	/əˈpɹiʃiˌeɪtɪvli/
apprehend	/ˌæpɹɪˈhɛnd/
apprehended	/ˌæpɹɪˈhɛndɪd/
apprehending	/ˌæpɹɪˈhɛndɪŋ/
apprehension	/ˌæpɹɪˈhɛnʃən/
apprehensions	/ˌæpɹɪˈhɛnʃənz/
apprehensive	/ˌæpɹɪˈhɛnsɪv/
apprentice	/əˈpɹɛntəs/
apprenticed	/əˈpɹɛntəst/
apprentices	/əˈpɹɛntəsɪz/
apprenticeship	/əˈpɹɛntəsˌʃɪp/
apprenticeships	/əˈpɹɛntəsˌʃɪps/
apprise	/əˈpɹaɪz/
apprised	/əˈpɹaɪzd/
apprises	/əˈpɹaɪzɪz/
appro	/ˈæpɹoʊ/
approach	/əˈpɹoʊtʃ/
approachable	/əˈpɹoʊtʃəbəl/
approached	/əˈpɹoʊtʃt/
approaches	/əˈpɹoʊtʃəz/
approaching	/əˈpɹoʊtʃɪŋ/
approbation	/ˌæpɹəˈbeɪʃən/
appropriate	/əˈpɹoʊpɹiət/
appropriated	/əˈpɹoʊpɹiˌeɪtɪd/
appropriately	/əˈpɹoʊpɹiɪtli/
appropriateness	/əˈpɹoʊpɹiətnəs/
appropriates	/əˈpɹoʊpɹiˌeɪts/
appropriating	/əˈpɹoʊpɹiˌeɪtɪŋ/
appropriation	/əˌpɹoʊpɹiˈeɪʃən/
appropriations	/əˌpɹoʊpɹiˈeɪʃənz/
appropriator	/əˈpɹoʊpɹiˌeɪtɚ/
appropriators	/əˈpɹoʊpɹiˌeɪtɚz/
approvable	/əˈpɹuvəbəl/
approval	/əˈpɹuvəl/
approvals	/əˈpɹuvəlz/
approve	/əˈpɹuv/
approved	/əˈpɹuvd/
approves	/əˈpɹuvz/
approving	/əˈpɹuvɪŋ/
approvingly	/əˈpɹuvɪŋli/
approximate	/əˈpɹɑksəmət/
approximated	/əˈpɹɑksəˌmeɪtɪd/
approximately	/əˈpɹɑksəmətli/
approximates	/əˈpɹɑksəməts/
approximating	/əˈpɹɑksɪˌmeɪtɪŋ/
approximation	/əˌpɹɑksəˈmeɪʃən/
approximations	/əˌpɹɑksəˈmeɪʃənz/
apps	/ˈæps/
apra	/ˈeɪpɹə/
aprea	/ˈɑpɹiə/
apricot	/ˈeɪpɹəˌkɑt/
apricots	/ˈæpɹəˌkɑts/
april	/ˈeɪpɹəl/
april's	/ˈeɪpɹəlz/
aprile	/ˈɑpɹəl/
apriori	/əpɹiˈɔɹi/
aprodiva	/ˌæpɹɔˈdivə/
apron	/ˈeɪpɹən/
aprons	/ˈeɪpɹənz/
apropos	/ˌæpɹəˈpoʊ/
apsell	/ˈæpsəl/
apsey	/ˈæpsi/
apso	/ˈæpsoʊ/
apstar	/ˈæpˌstɑɹ/
apt	/ˈæpt/
apter	/ˈæptɚ/
aptitude	/ˈæptəˌtud/
aptitudes	/ˈæptəˌtudz/
aptiva	/ˌæpˈtivə/
aptly	/ˈæptli/
apuzzo	/ɑˈpuzoʊ/
aqaba	/əˈkɑbə/
aqazadeh	/ˌækəˈzɑˌdɛ/
aqua	/ˈækwə/
aquaculture	/ˈækwəˌkʌltʃɚ/
aqualung	/ˈækwələŋ/
aquamarine	/ˌɑkwəmɚˈin/
aquanaut	/ˈɑkwəˌnɑt/
aquanauts	/ˈɑkwəˌnɑts/
aquarist	/əˈkwɛɹɪst/
aquarists	/əˈkwɛɹɪsts/
aquarium	/əˈkwɛɹiəm/
aquariums	/əˈkwɛɹiəmz/
aquarius	/əˈkwɛɹiəs/
aquatic	/əˈkwɑtɪk/
aqueduct	/ˈækwəˌdʌkt/
aqueducts	/ˈækwəˌdʌkts/
aqueous	/ˈeɪkwiəs/
aquifer	/ˈækwəfɚ/
aquifers	/ˈækwəfɚz/
aquila	/ˈækwələ/
aquilar	/ɑkwiˈlɑɹ/
aquilina	/ɑkwiˈlinə/
aquilino	/ɑkwiˈlinoʊ/
aquinas	/əˈkwaɪnəs/
aquino	/əˈkinoʊ/
aquino's	/əˈkinoʊz/
aquirre	/ˈækwɚ/
aquitaine	/ˌækwɪˈteɪn/
ar	/ˈɑɹ/
ara	/ˈæɹə/
arab	/ˈæɹəb/
arabe	/ɑˈɹɑbeɪ/
arabella	/ˌæɹəˈbɛlə/
arabia	/əˈɹeɪbiə/
arabia's	/əˈɹeɪbiəz/
arabian	/əˈɹeɪbiən/
arabians	/əˈɹeɪbiənz/
arabic	/ˈæɹəbɪk/
arabica	/ɚˈæbɪkə/
arabichon	/əˈɹæbɪˌʃɔn/
arabichon's	/əˈɹæbɪˌʃɔnz/
arabicon	/əˈɹæbəˌkɔn/
arabie	/ˈæɹəbi/
arable	/ˈæɹəbəl/
arabs	/ˈæɹəbz/
arabs'	/ˈæɹəbz/
araby	/ˈæɹəˌbi/
arachnid	/əˈɹæknəd/
arachnids	/ɚˈæknədz/
arafat	/ˈɛɹəfæt/
arafat's	/ˈɑɹəˌfɑts/
aragon	/ˈɛɹəˌɡɑn/
aragona	/ɑɹɑˈɡoʊnə/
arai	/ɑˈɹɑi/
araiza	/ɚˈeɪzə/
arakaki	/ɑɹɑˈkɑki/
arakawa	/ˌɑɹɑˈkɑwə/
arakelian	/æɹəˈkɛljən/
araki	/ɑˈɹɑki/
aral	/ˈɑɹɑl/
aramaic	/ˌɑɹɑˈmɛjɪk/
arambula	/ɑɹɑmˈbulə/
aramco	/ɚˈæmkoʊ/
aramid	/ˈɛɹəmɪd/
araminta	/ˌæɹəˈmɪntə/
aramis	/ˈɛɹəmɪs/
aramony	/ˈɑɹəˌmoʊni/
aran	/ˈɛɹən/
arana	/ɑˈɹænə/
aranda	/ɚˈændə/
arango	/ɑˈɹɑŋɡoʊ/
aransas	/ɚˈænsəs/
arant	/ˈɑɹənt/
arantxa	/ˈɑˌɹætsɑ/
arantza	/əˈɹɑntzə/
aranyos	/ɚˈɑnˌjoʊs/
arapaho	/ɚˈæpəˌhoʊ/
arapahoe	/ɚˈæpəˌhoʊ/
ararat	/ˈæɹəˌɹɑt/
araskog	/ɚˈæsɑɡ/
arata	/ɑˈɹɑtə/
arau	/əˈɹaʊ/
araujo	/ɑˈɹaʊjoʊ/
aravind	/ˈɑɹvənd/
arawak	/ˈɑɹɑˌwɑk/
araya	/ɚˈaɪə/
arb	/ˈɑɹb/
arba	/ˈɑɹbə/
arbat	/ˈɑɹbæt/
arbaugh	/ˈɑɹˌbɔ/
arbed	/ˈɑɹbɪd/
arbeiter	/ˈɑɹbaɪtɚ/
arbel	/ˈɑɹbəl/
arbella	/ˌɑɹˈbɛlə/
arbenz	/ˈɑɹbɛnz/
arbiter	/ˈɑɹbɪtɚ/
arbiters	/ˈɑɹbətɚz/
arbitrage	/ˈɑɹbɪˌtɹɑʒ/
arbitrager	/ˈɑɹbɪˌtɹɑʒɚ/
arbitragers	/ˈɑɹbɪˌtɹɑʒɚz/
arbitragers'	/ˈɑɹbɪˌtɹɑʒɚz/
arbitrageur	/ˈɑɹbɪˌtɹɑʒɚ/
arbitrageurs	/ˌɑɹbəˌtɹɑˈʒɝz/
arbitraging	/ˈɑɹbəˌtɹɑdʒɪŋ/
arbitrarily	/ˈɑɹbɪˌtɹɛɹəli/
arbitrariness	/ˈɑɹbəˌtɹɛɹinəs/
arbitrary	/ˈɑɹbəˌtɹɛɹi/
arbitrate	/ˈɑɹbəˌtɹeɪt/
arbitrated	/ˈɑɹbəˌtɹeɪtɪd/
arbitrates	/ˈɑɹbɪˌtɹeɪts/
arbitrating	/ˈɑɹbəˌtɹeɪtɪŋ/
arbitration	/ˌɑɹbɪˈtɹeɪʃən/
arbitrations	/ˌɑɹbɪˈtɹeɪʃənz/
arbitrator	/ˈɑɹbɪˌtɹeɪtɚ/
arbitrator's	/ˈɑɹbəˌtɹeɪtɚz/
arbitrators	/ˈɑɹbɪˌtɹeɪtɚz/
arbitrators'	/ˈɑɹbəˌtɹeɪtɚz/
arbitron	/ˈɑɹbəˌtɹɑn/
arbo	/ˈɑɹboʊ/
arbogast	/ɑɹˈboʊɡɑst/
arboleda	/ɑɹboʊˈlɛdə/
arbor	/ˈɑɹbɚ/
arboreal	/ɑɹˈbɔɹiəl/
arboretum	/ˌɑɹbɚˈitəm/
arborville	/ˈɑɹbɚvɪl/
arbothnott	/ˌɑɹˈbɔθnɔt/
arbour	/ˈɑɹbɚ/
arbs	/ˈɑɹbz/
arbuckle	/ˈɑɹbəkəl/
arbuckles	/ˈɑɹbəkəlz/
arbuthnot	/ɑɹˈbʌθnət/
arby	/ˈɑɹbi/
arby's	/ˈɑɹbiz/
arc	/ˈɑɹk/
arcade	/ɑɹˈkeɪd/
arcades	/ɑɹˈkeɪdz/
arcadia	/ɑɹˈkeɪdiə/
arcadian	/ˌɑɹˈkeɪdiən/
arcadians	/ˌɑɹˈkeɪdiənz/
arcana	/ɑɹˈkænə/
arcand	/ˈɑɹkənd/
arcane	/ˌɑɹˈkeɪn/
arcanum	/ˈɑɹkənəm/
arcanum's	/ˈɑɹkənəmz/
arcaro	/ɑɹˈkɑɹoʊ/
arcata	/ɑɹˈkɑtə/
arce	/ˈɑɹs/
arcement	/ɑɹˈseɪmənt/
arceneaux	/ˈɑɹsɪnoʊ/
arceo	/ˈɑɹsioʊ/
arch	/ˈɑɹtʃ/
archaeological	/ˌɑɹkiəˈlɑdʒɪkəl/
archaeologist	/ˌɑɹkiˈɑlədʒɪst/
archaeologists	/ˌɑɹkiˈɑlədʒɪsts/
archaeology	/ˌɑɹkiˈɑlədʒi/
archaic	/ɑɹˈkeɪɪk/
archambault	/ˈɑɹʃəmboʊ/
archambeau	/ˈɑɹʃəmˌboʊ/
archambeault	/ˈɑɹʃəmboʊ/
archangel	/ˌɑɹˈkeɪndʒəl/
archangels	/ˌɑɹˈkeɪndʒəlz/
archard	/ɑɹˈʃɑɹd/
archbishop	/ˈɑɹtʃˈbɪʃəp/
archbold	/ˈɑɹtʃˌboʊld/
archdiocese	/ˈɑɹtʃˈdaɪəsəs/
archduke	/ˈɑɹtʃˌduk/
arched	/ˈɑɹtʃt/
archenemy	/ˈɑɹˈtʃɛnəmi/
archeological	/ˌɑɹkiəˈlɑdʒɪkəl/
archeology	/ˌɑɹkiˈɑlədʒi/
archer	/ˈɑɹtʃɚ/
archer's	/ˈɑɹtʃɚz/
archerd	/ˈɑɹkɚd/
archers	/ˈɑɹtʃɚz/
archery	/ˈɑɹtʃɚi/
arches	/ˈɑɹtʃəz/
archetypal	/ˈɑɹkˈtaɪpəl/
archetype	/ˈɑɹkɪˌtaɪp/
archetypes	/ˈɑɹkɪˌtaɪps/
archey	/ˈɑɹki/
archibald	/ˈɑɹtʃəˌbɔld/
archibeque	/ˈɑɹʃɪbik/
archie	/ˈɑɹtʃi/
archimedes	/ˌɑɹkəˈmidiz/
arching	/ˈɑɹtʃɪŋ/
archipelago	/ˌɑɹkəˈpɛləˌɡoʊ/
archippus	/ˌæɹˈkɪpəs/
architect	/ˈɑɹkəˌtɛkt/
architect's	/ˈɑɹkəˌtɛkts/
architects	/ˈɑɹkəˌtɛkts/
architectural	/ˌɑɹkəˈtɛktʃɚəl/
architecturally	/ˌɑɹkɪˈtɛktʃɚəli/
architecture	/ˈɑɹkəˌtɛktʃɚ/
architecture's	/ˈɑɹkəˌtɛktʃɚz/
architectures	/ˈɑɹkəˌtɛktʃɚz/
architrave	/ˈɑɹkəˌtɹeɪv/
architraves	/ˈɑɹkəˌtɹeɪvz/
archival	/ɑɹˈkaɪvəl/
archive	/ˈɑɹˌkaɪv/
archived	/ˈɑɹˌkaɪvd/
archives	/ˈɑɹˌkaɪvz/
archivist	/ˈɑɹkəvɪst/
archivists	/ˈɑɹkəvɪsts/
archly	/ˈɑɹtʃli/
archrival	/ˈɑɹtʃˌɹaɪvəl/
archrivals	/ˈɑɹtʃˌɹaɪvəlz/
archuleta	/ɑɹkuˈlɛtə/
archuletta	/ɑɹkuˈlɛtə/
archway	/ˈɑɹtʃˌweɪ/
arcidiacono	/ɑɹtʃiˌdiɑˈkoʊˌnoʊ/
arcieri	/ɑɹˈtʃɪɹi/
arciniega	/ɑɹtʃiˈniɡə/
arco	/ˈɑɹkoʊ/
arco's	/ˈɑɹkoʊz/
arcola	/ɑɹˈkoʊlə/
arcos	/ˈɑɹkoʊz/
arcosanti	/ˌɑɹkəˈsænti/
arcs	/ˈɑɹks/
arctic	/ˈɑɹktɪk/
arcturus	/ˌɑɹkˈtʊɹəs/
arcuri	/ɑɹˈkʊɹi/
ard	/ˈɑɹd/
arda	/ˈɑɹdə/
ardath	/ˈɑɹdəθ/
ardeen	/ɑɹˈdin/
ardelia	/ɑɹˈdɛliə/
ardella	/ˌɑɹˈdɛlə/
ardelle	/ɑɹˈdɛl/
arden	/ˈɑɹdən/
arden's	/ˈɑɹdənz/
ardene	/ˈɑɹˌdin/
ardent	/ˈɑɹdənt/
ardently	/ˈɑɹdəntli/
ardin	/ˈɑɹdɪn/
ardine	/ɑɹˈdini/
ardis	/ˈɑɹdɪs/
ardith	/ˈɑɹdɪθ/
ardito	/ɑɹˈditoʊ/
ardley	/ˈɑɹdli/
ardmore	/ˈɑɹdˌmɔɹ/
ardoin	/ɑɹˈdɔɪn/
ardolino	/ɑɹdoʊˈlinoʊ/
ardolph	/ˈɑɹˌdoʊlf/
ardor	/ˈɑɹdɚ/
ardoyne	/ˈɑɹdɔɪn/
ardra	/ˈɑɹdɹə/
ardrey	/ˈɑɹdɹi/
ardshiel	/ˈɑɹdˌʃil/
ardsley	/ˈɑɹdzli/
arduini	/ɑɹduˈini/
arduino	/ˈɑɹˈdwinoʊ/
arduous	/ˈɑɹdʒuəs/
are	/ˈɑɹ/
area	/ˈɛɹiə/
area's	/ˈɛɹiəz/
areas	/ˈɛɹiəz/
arebalo	/ɑɹɛˈbɑloʊ/
arechiga	/ɑɹɛˈkiɡə/
arehart	/ˈæɹɪhɑɹt/
arel	/ɑˈɹɛl/
arellanes	/ˈæɹɪˌleɪnz/
arellano	/ɑɹɛˈlɑnoʊ/
aren	/ˈɑɹən/
aren't	/ˈɑɹənt/
arena	/ɚˈinə/
arena's	/ɚˈinəz/
arenaball	/ɚˈinəˌbɔl/
arenas	/ɚˈinəz/
arencibia	/ɑɹɛnˈtʃibiə/
arend	/ɚˈɛnd/
arends	/ɚˈɛndz/
arendsee	/ɚˈɛndˌsi/
arendt	/ˈɛɹɪnt/
arenella	/ˌɑɹəˈnɛlə/
arenella's	/ˌɑɹəˈnɛləz/
arens	/ˈɛɹənz/
arenson	/ˈæɹɪnsən/
arent	/ˈɑɹənt/
arentz	/ˈæɹɪnts/
arenz	/ˈɑɹeɪnz/
arequipa	/ˌɑɹɛˈkipɑ/
ares	/ˈɑɹz/
areta	/ɑˈɹɛtə/
aretha	/ɚˈiθə/
aretina	/ɑɹɛˈtinə/
aretsky	/ɛˈɹɛtˈski/
aretta	/ɑˈɹɛtə/
arevalo	/ɑɹeɪˈvɑloʊ/
arey	/ˈæɹi/
argabright	/ˈɑɹɡəˌbɹaɪt/
argall	/ˈɑɹɡəl/
arganbright	/ɑɹˈɡænbɹaɪt/
argenbright	/ˈɑɹɡɪnbɹaɪt/
argent	/ˈɑɹdʒɪnt/
argenta	/ˌɑɹˈdʒɛntə/
argentieri	/ɑɹdʒɛnˈtɪɹi/
argentina	/ˌɑɹdʒənˈtinə/
argentina's	/ˌɑɹdʒənˈtinəz/
argentinas	/ˌɑɹdʒənˈtinəz/
argentine	/ˈɑɹdʒənˌtin/
argentines	/ˈɑɹdʒənˌtinz/
argentinian	/ˌɑɹdʒənˈtɪniən/
argentinians	/ˌɑɹdʒənˈtɪniənz/
argento	/ˌɑɹˈdʒɛntoʊ/
argh	/ˈɑɹɡ/
argiro	/ɑɹˈdʒɪɹoʊ/
argo	/ˈɑɹɡoʊ/
argo's	/ˈɑɹɡoʊz/
argon	/ˈɑɹˌɡɑn/
argonaut	/ˈɑɹɡəˌnɔt/
argonaut's	/ˈɑɹɡəˌnɔts/
argonauts	/ˈɑɹɡəˌnɔts/
argonne	/ˈɑɹˌɡɑn/
argosy	/ˈɑɹɡəsi/
argosystem	/ˈɑɹɡoʊˌsɪstəm/
argosystems	/ˈɑɹɡoʊˌsɪstəmz/
argot	/ˈɑɹɡət/
arguable	/ˈɑɹɡjuəbəl/
arguably	/ˈɑɹɡjuəbli/
argue	/ˈɑɹɡju/
argued	/ˈɑɹɡjud/
arguelles	/ɑɹˈɡeɪlɛs/
arguello	/ɑɹˈɡɛloʊ/
argues	/ˈɑɹɡjuz/
argueta	/ɑɹˈɡeɪtə/
arguijo	/ɑɹˈɡwijoʊ/
arguing	/ˈɑɹɡjuɪŋ/
argument	/ˈɑɹɡjəmənt/
argument's	/ˈɑɹɡjəmənts/
argumentation	/ˌɑɹɡjəmɛnˈteɪʃən/
argumentative	/ˌɑɹɡjəˈmɛntətɪv/
arguments	/ˈɑɹɡjəmənts/
argus	/ˈɑɹɡəs/
argyle	/ˈɑɹˌɡaɪl/
argyll	/ɑɹˈɡaɪl/
argyropoulos	/ˌɑɹdʒɪˈɹɑpoʊləs/
ari	/ˈɑɹi/
aria	/ˈɑɹiə/
ariadne	/ˌɛɹiˈædni/
arial	/ˈɛˌɹiəl/
arian	/ˈæɹiən/
ariana	/ɑɹiˈænə/
ariane	/ˌɛɹiˈæn/
arianespace	/ˌɛɹiˈænˈspeɪs/
arianism	/ˈæɹiəˌnɪzəm/
arianna	/ɑɹiˈænə/
arianna's	/ɑɹiˈænəz/
arias	/ˈɑɹiəz/
arias's	/ˈɑɹiəsɪz/
aric	/ˈæɹɪk/
arico	/ɑˈɹikoʊ/
arid	/ˈæɹəd/
arida	/əˈɹidə/
arie	/ˈɛɹi/
ariel	/ˈɛɹiəl/
ariela	/ɑɹiˈɛlə/
ariella	/ɑɹiˈɛlə/
aries	/ˈɛɹiz/
arington	/ˈɑɹɪŋtən/
ariola	/ɑɹiˈoʊlə/
aris	/ɚˈis/
arise	/ɚˈaɪz/
arisen	/ɚˈɪzən/
arises	/ɚˈaɪzəz/
arising	/ɚˈaɪzɪŋ/
arison	/ˈɛɹɪsən/
arispe	/ɑˈɹispi/
arista	/ɚˈɪstə/
aristech	/ˈɛɹɪˌstɛk/
aristede	/ˌɑɹɪˈstid/
aristede's	/ˌɑɹɪˈstidz/
aristide	/ˌɑɹɪˈstid/
aristide's	/ˌɑɹɪˈstidz/
aristocracy	/ˌɛɹəˈstɑkɹəsi/
aristocrat	/ɚˈɪstəˌkɹæt/
aristocratic	/ɚˌɪstəˈkɹætɪk/
aristocrats	/ɚˈɪstəˌkɹæts/
aristophanes	/ˌæɹəˈstɔfəniz/
aristotelian	/ɚˌɪstəˈtiliən/
aristotle	/ˈɛɹəˌstɑtəl/
aristotle's	/ˈɛɹəˌstɑtəlz/
arithmetic	/ˌɛɹɪθˈmɛtɪk/
ariza	/ɑˈɹizə/
arizmendi	/ɑɹizˈmɛndi/
arizona	/ˌɛɹɪˈzoʊnə/
arizona's	/ˌɛɹɪˈzoʊnəz/
arizonan	/ɚˈɪzoʊnən/
arizonans	/ɚˈɪzoʊnənz/
arjo	/ˈɑɹdʒoʊ/
arjun	/ˈɑɹdʒən/
ark	/ˈɑɹk/
arkadelphia	/ˌɑɹkəˈdɛlfiə/
arkadi	/ˈɑɹkədi/
arkady	/ˌɑɹˈkeɪdi/
arkansan	/ˌɑɹˈkænzən/
arkansans	/ˌɑɹˈkænzənz/
arkansas	/ˈɑɹkənˌsɑ/
arkansas'	/ˈɑɹkənˌsɑz/
arkansas's	/ˈɑɹkənˌsɑz/
arkarow	/ˈɑɹkəɹoʊ/
arkin	/ˈɑɹkɪn/
arkin's	/ˈɑɹkɪnz/
arkla	/ˈɑɹklə/
arkla's	/ˈɑɹkləz/
arko	/ˈɑɹkoʊ/
arkose	/ɑɹˈkoʊs/
arkwright	/ˈɑɹˌkɹaɪt/
arlana	/ɑɹˈlænə/
arlauskas	/ɑɹˈlɔskəs/
arledge	/ˈɑɹlɪdʒ/
arleen	/ɑɹˈlin/
arlen	/ˈɑɹlən/
arlena	/ˈɑɹlɪnə/
arlene	/ˈɑɹˌlin/
arlene's	/ˈɑɹˌlinz/
arleta	/ˈɑɹlɪtə/
arlette	/ˌɑɹˈlɛt/
arley	/ˈɑɹli/
arlie	/ˈɑɹli/
arlin	/ˈɑɹlɪn/
arlinda	/ˌɑɹˈlɪndə/
arline	/ˈɑɹˌlaɪn/
arlington	/ˈɑɹlɪŋtən/
arlington's	/ˈɑɹlɪŋtənz/
arlt	/ˈɑɹlt/
arlyne	/ˈɑɹˌlaɪn/
arm	/ˈɑɹm/
arm's	/ˈɑɹmz/
armacost	/ˈɑɹməˌkɔst/
armacost's	/ˈɑɹməˌkɔsts/
armada	/ɑɹˈmɑdə/
armadillo	/ˌɑɹməˈdɪloʊ/
armadillos	/ˌɑɹməˈdɪloʊz/
armageddon	/ˌɑɹməˈɡɛdən/
armagost	/ɑɹˈmɑɡoʊst/
armament	/ˈɑɹməmənt/
armaments	/ˈɑɹməmənts/
arman	/ˈɑɹmən/
armand	/ˈɑɹmənd/
armando	/ɑɹˈmɑndoʊ/
armandt	/ˈɑɹmænt/
armani	/ˌɑɹˈmɑni/
armantrout	/ˈɑɹmənˌtɹaʊt/
armaro	/ˌɑɹˈmɑɹoʊ/
armas	/ˈɑɹməz/
armato	/ɑɹˈmɑtoʊ/
armband	/ˈɑɹmˌbænd/
armbands	/ˈɑɹmˌbændz/
armbrister	/ˈɑɹmbɚɪstɚ/
armbrust	/ˈɑɹmbɹəst/
armbruster	/ˈɑɹmbɹəstɚ/
armchair	/ˈɑɹmˌtʃɛɹ/
armchairs	/ˈɑɹmˌtʃɛɹz/
armco	/ˈɑɹmˌkoʊ/
armco's	/ˈɑɹmkoʊz/
armed	/ˈɑɹmd/
armel	/ɑɹˈmɛl/
armellino	/ˌɑɹmɛˈlinoʊ/
armen	/ˈɑɹmən/
armendarez	/ɑɹmeɪnˈdɑɹɛz/
armendariz	/ɑɹmeɪnˈdɑɹiz/
armenia	/ɑɹˈminiə/
armenia's	/ɑɹˈminiəz/
armenian	/ɑɹˈminiən/
armenians	/ɑɹˈminiənz/
arment	/ˈɑɹmənt/
armenta	/ɑɹˈmɛntə/
armentor	/ɑɹmənˈtɔɹ/
armentrout	/ˈɑɹmənˌtɹaʊt/
armer	/ˈɑɹmɚ/
armes	/ˈɑɹmz/
armested	/ˈɑɹmɪˌstɛd/
armetta	/ɑɹˈmɛtə/
armey	/ˈɑɹmi/
armey's	/ˈɑɹmiz/
armfield	/ˈɑɹmˌfild/
armida	/ɑɹˈmidə/
armies	/ˈɑɹmiz/
armiger	/ˈɑɹmɪɡɚ/
armijo	/ɑɹˈmijoʊ/
armilla	/ɑɹˈmɪlə/
armin	/ˈɑɹmən/
armina	/ɑɹˈminə/
armine	/ɑɹˈmini/
arming	/ˈɑɹmɪŋ/
armington	/ˈɑɹmɪŋtən/
arminie	/ˈɑɹmɪni/
armistead	/ˈɑɹmɪˌstɛd/
armistice	/ˈɑɹməstəs/
armitage	/ˈɑɹmɪtɪdʒ/
armoire	/ˈɑmwɑɹ/
armoires	/ˈɑmwɑɹz/
armold	/ˈɑɹˌmoʊld/
armon	/ˈɑɹmən/
armond	/ˈɑɹmənd/
armonk	/ˈɑɹməŋk/
armor	/ˈɑɹmɚ/
armored	/ˈɑɹmɚd/
armories	/ˈɑɹmɚiz/
armory	/ˈɑɹmɚi/
armour	/ˈɑɹmɚ/
armpit	/ˈɑɹmˌpɪt/
armpits	/ˈɑɹmˌpɪts/
armrest	/ˈɑɹmˌɹɛst/
armrests	/ˈɑɹmˌɹɛsts/
arms	/ˈɑɹmz/
armstead	/ˈɑɹmˌstɛd/
armstrad	/ˈɑɹmˌstɹæd/
armstrong	/ˈɑɹmˌstɹɑŋ/
armstrong's	/ˈɑɹmˌstɹɔŋz/
armtec	/ˈɑɹmˌtɛk/
armtek	/ˈɑɹmˌtɛk/
armtek's	/ˈɑɹmˌtɛks/
armwood	/ˈɑɹmˌwʊd/
army	/ˈɑɹmi/
army's	/ˈɑɹmiz/
arn	/ˈɑɹn/
arnal	/ˈɑɹnəl/
arnalda	/ɑɹˈnɑldə/
arnaldo	/ɑɹˈnɑldoʊ/
arnall	/ˈɑɹnəl/
arnatt	/ɑɹˈnæt/
arnaud	/ɑɹˈnoʊ/
arnault	/ˌɑɹˈnoʊ/
arnaz	/ˌɑɹˈnɛz/
arndt	/ˈɑɹnt/
arne	/ˈɑɹn/
arnell	/ˈɑɹnəl/
arnelle	/ˌɑɹˈnɛl/
arnelle's	/ˌɑɹˈnɛlz/
arner	/ˈɑɹnɚ/
arnesen	/ɑɹˈnizən/
arneson	/ˈɑɹnɪsən/
arnett	/ɑɹˈnɛt/
arnette	/ɑɹˈnɛt/
arney	/ˈɑɹni/
arnhold	/ˈɑɹnˌhoʊld/
arnholt	/ˈɑɹnˌhoʊlt/
arnie	/ˈɑɹni/
arnn	/ˈɑɹn/
arno	/ˈɑɹnoʊ/
arnold	/ˈɑɹnəld/
arnold's	/ˈɑɹnəldz/
arnoldi	/ɑɹˈnoʊldi/
arnolds	/ˈɑɹnəldz/
arnoldy	/ˈɑɹnoʊldi/
arnolphe	/ɑɹˈnɑlfi/
arnone	/ɑɹˈnoʊni/
arnot	/ˈɑɹnət/
arnott	/ˈɑɹnɑt/
arnotts	/ˈɑɹnɑts/
arnow	/ˈɑɹnoʊ/
arnox	/ˈɑɹnɑks/
arns	/ˈɑɹnz/
arnst	/ˈɑɹnst/
arnstein	/ˈɑɹnstaɪn/
arntson	/ˈɑɹntsən/
arntz	/ˈɑɹnts/
arntzen	/ˈɑɹntzən/
arnulfo	/ɑɹˈnʌlfoʊ/
arnwine	/ˈɑɹnˌwaɪn/
arnzen	/ˈɑɹnzən/
aro	/ˈɑɹoʊ/
arocha	/ɑˈɹoʊkə/
arocho	/ɑˈɹoʊkoʊ/
aroma	/ɚˈoʊmə/
aromas	/ɚˈoʊməz/
aromatherapy	/əˌɹoʊməˈθɝəpi/
aromatic	/ˌɛɹəˈmætɪk/
aron	/ˈɛɹən/
arone	/ɚˈoʊn/
aronhalt	/ˈæɹənhəlt/
aronie	/ɚˈoʊni/
aronoff	/ˈɛɹənɔf/
aronow	/ɚˈoʊnoʊ/
aronowitz	/ɚˈɑnəwɪts/
arons	/ˈɑɹoʊnz/
aronson	/ˈɛɹənsən/
aronstein	/ˈɛɹənˌstin/
arora	/ɑˈɹɔɹɑ/
aros	/ˈɑɹoʊz/
arose	/ɚˈoʊz/
around	/ɚˈaʊnd/
arousal	/ɚˈaʊzəl/
arouse	/ɚˈaʊz/
aroused	/ɚˈaʊzd/
arouses	/ɚˈaʊzɪz/
arousing	/ɚˈaʊzɪŋ/
arp	/ˈɑɹp/
arpa	/ˈɑɹpə/
arpanet	/ˈɑɹpəˌnɛt/
arpin	/ˈɑɹpɪn/
arpino	/ɑɹˈpinoʊ/
arps	/ˈɑɹps/
arquette	/ɑɹˈkɛt/
arquilla	/ˌɑɹˈkwɪlə/
arraign	/ɚˈeɪn/
arraigned	/ɚˈeɪnd/
arraignment	/ɚˈeɪnmənt/
arraignments	/ɚˈeɪnmənts/
arrange	/ɚˈeɪndʒ/
arranged	/ɚˈeɪndʒd/
arrangement	/ɚˈeɪndʒmənt/
arrangements	/ɚˈeɪndʒmənts/
arranger	/ɚˈeɪndʒɚ/
arranges	/ɚˈeɪndʒɪz/
arranging	/ɚˈeɪndʒɪŋ/
arrant	/ˈæɹənt/
arrants	/ˈæɹənts/
arrasmith	/ˈɛɹəˌsmɪθ/
array	/ɚˈeɪ/
arrayed	/ɚˈeɪd/
arraying	/ɚˈeɪɪŋ/
arrays	/ɚˈeɪz/
arrearage	/ɚˈiɹɪdʒ/
arrearages	/ɚˈɪɹɪdʒɪz/
arrears	/ɚˈɪɹz/
arredondo	/ɑɹɛˈdoʊndoʊ/
arreguin	/ɑɹeɪˈɡwin/
arrendondo	/ɑɹɛnˈdoʊndoʊ/
arreola	/ɑɹiˈɑlə/
arrest	/ɚˈɛst/
arrested	/ɚˈɛstɪd/
arresting	/ɚˈɛstɪŋ/
arrests	/ɚˈɛsts/
arrhythmia	/ɚˈɪðmiə/
arrhythmias	/ɚˈɪðmiəz/
arriaga	/ˌɑɹiˈɑɡə/
arrick	/ˈæɹɪk/
arrieta	/ɑˈɹitə/
arrigo	/ˌɑˈɹiɡoʊ/
arrigoni	/ɑɹiˈɡoʊni/
arrington	/ˈɛɹɪŋtən/
arriola	/ˌɑɹiˈoʊlə/
arriortua	/ˌɑɹiɔɹˈtuə/
arris	/ˈæɹəs/
arrival	/ɚˈaɪvəl/
arrivals	/ɚˈaɪvəlz/
arrive	/ɚˈaɪv/
arrived	/ɚˈaɪvd/
arrives	/ɚˈaɪvz/
arriving	/ɚˈaɪvɪŋ/
arrogance	/ˈɛɹəɡəns/
arrogant	/ˈɛɹəɡənt/
arrogantly	/ˈɛɹəɡəntli/
arrogate	/ˈæɹoʊˌɡeɪt/
arrow	/ˈæɹoʊ/
arrow's	/ˈæɹoʊz/
arrowhead	/ˈæɹoʊˌhɛd/
arrowheads	/ˈæɹoʊˌhɛdz/
arrowood	/ˈæɹoʊˌwʊd/
arrowroot	/ˈɛɹoʊˌɹut/
arrows	/ˈæɹoʊz/
arrowsmith	/ˈæɹoʊˌsmɪθ/
arrowsmith's	/ˈæɹoʊˌsmɪθs/
arroyo	/ɚˈɔɪoʊ/
arroyo's	/ɚˈɔɪoʊz/
arruda	/ɑˈɹudə/
arrupe	/ˈæˌɹup/
arsdale	/ˈɑɹzˌdeɪl/
arse	/ˈɑɹs/
arsehole	/ˈɑɹsˌhoʊl/
arsenal	/ˈɑɹsənəl/
arsenals	/ˈɑɹsənəlz/
arsenault	/ˈɑɹsɪnoʊ/
arseneau	/ˈɑɹsɪnoʊ/
arseneault	/ˈɑɹsɪnoʊ/
arsenic	/ˈɑɹsənɪk/
arsenide	/ˈɑɹsəˌnaɪd/
arsenio	/ˌɑɹˈsinioʊ/
arses	/ˈɑɹsɪz/
arshia	/ˈɑɹʃjə/
arslanian	/ˌɑɹˈsleɪniən/
arson	/ˈɑɹsən/
arsonist	/ˈɑɹsənəst/
arsonists	/ˈɑɹsənəsts/
arsons	/ˈɑɹsənz/
arsov	/ˈɑɹsəv/
art	/ˈɑɹt/
art's	/ˈɑɹts/
artale	/ɑɹˈtɑli/
artcarve	/ˈɑɹtˌkɑɹv/
artcarved	/ˈɑɹtˌkɑɹvd/
arteaga	/ˌɑɹˈtiɡə/
artemas	/ˈɑɹtɪməz/
artemus	/ˈɑɹtəməs/
arter	/ˈɑɹtɚ/
arterberry	/ˈɑɹtɚˌbɛɹi/
arterburn	/ˈɑɹtɚˌbɝn/
arterial	/ɑɹˈtɪɹiəl/
arteries	/ˈɑɹtɚiz/
arteriosclerosis	/ɑɹˌtɪɹioʊsklɚˈoʊsəs/
artery	/ˈɑɹtɚi/
artes	/ˈɑɹtiz/
artesian	/ˌɑɹˈtiʒən/
artful	/ˈɑɹtfəl/
artfully	/ˈɑɹtfəli/
arth	/ˈɑɹθ/
arthotec	/ˈɑɹθətɛk/
arthritic	/ɑɹˈθɹɪtɪk/
arthritis	/ɑɹˈθɹaɪtəs/
arthropod	/ˈɑɹθɹəˌpɑd/
arthropods	/ˈɑɹθɹəˌpɑdz/
arthur	/ˈɑɹθɚ/
arthur's	/ˈɑɹθɚz/
arthurian	/ɑɹˈθʊɹiən/
arthurs	/ˈɑɹθɚz/
artichoke	/ˈɑɹtəˌtʃoʊk/
artichokes	/ˈɑɹtɪˌtʃoʊks/
article	/ˈɑɹtəkəl/
article's	/ˈɑɹtɪkəlz/
articles	/ˈɑɹtəkəlz/
articular	/ɑɹˈtɪkjəˌlɝ/
articulate	/ɑɹˈtɪkjəˌleɪt/
articulated	/ɑɹˈtɪkjəˌleɪtɪd/
articulates	/ɑɹˈtɪkjələts/
articulating	/ɑɹˈtɪkjəˌleɪtɪŋ/
articulation	/ˌɑɹtɪkjəˈleɪʃən/
articulatory	/ɑɹˈtɪkjələˌtɔɹi/
artie	/ˈɑɹti/
artifact	/ˈɑɹtəˌfækt/
artifacts	/ˈɑɹtəˌfækts/
artifice	/ˈɑɹtəfɪs/
artificial	/ˌɑɹtəˈfɪʃəl/
artificially	/ˌɑɹtəˈfɪʃəli/
artillery	/ɑɹˈtɪlɚi/
artino	/ɑɹˈtinoʊ/
artiodactyl	/ˌɑɹtioʊˈdæktəl/
artiodactyls	/ˌɑɹtioʊˈdæktəlz/
artis	/ˈɑɹtɪs/
artisan	/ˈɑɹtəzən/
artisanal	/ˌɑɹˈtɪzənəl/
artisans	/ˈɑɹtəzənz/
artist	/ˈɑɹtəst/
artist's	/ˈɑɹtəsts/
artistic	/ɑɹˈtɪstɪk/
artistically	/ɑɹˈtɪstɪkli/
artistry	/ˈɑɹtɪstɹi/
artists	/ˈɑɹtɪsts/
artists'	/ˈɑɹtɪsts/
artley	/ˈɑɹtli/
artman	/ˈɑɹtmən/
artois	/ɑɹˈtwɑ/
arton	/ˈɑɹˌtɑn/
artra	/ˈɑɹtɹə/
artra's	/ˈɑɹtɹəz/
artrip	/ˈɑɹtɹɪp/
arts	/ˈɑɹts/
artsy	/ˈɑɹtˈsi/
artur	/ˈɑɹtʊɹ/
arturo	/ɑɹˈtʊɹoʊ/
artus	/ˈɑɹtəs/
artwork	/ˈɑɹˌtwɝk/
artworks	/ˈɑɹˌtwɝks/
arty	/ˈɑɹti/
arty's	/ˈɑɹtiz/
artz	/ˈɑɹts/
artzt	/ˈɑɹtst/
aruba	/ɚˈubə/
arugula	/ˌɑˈɹuɡulə/
arum	/ˈɛɹəm/
arunachalam	/ɑˌɹunəˈtʃɑləm/
arundel	/ˈɛɹəndəl/
arup	/ɚˈup/
arva	/ˈɑɹvə/
arvad	/ɑɹˈvæd/
arval	/ˈɑɹvəl/
arvanitis	/ɑɹvəˈnaɪtɪs/
arvay	/ˈɑɹveɪ/
arve	/ˈɑɹv/
arvel	/ɑɹˈvɛl/
arvey	/ˈɑɹvi/
arvid	/ˈɑɹvɪd/
arvida	/ɑɹˈvidə/
arvida's	/ɑɹˈvidəz/
arvidson	/ˈɑɹvɪdsən/
arvin	/ˈɑɹvɪn/
arvin's	/ˈɑɹvɪnz/
arvind	/ˈɑɹvɪnd/
arvizu	/ɑɹˈvizu/
arwen	/ˈɑɹwən/
arwood	/ˈɑɹˌwʊd/
arx	/ˈɑɹks/
ary	/ˈɛɹi/
aryan	/ˈɑɹiən/
arzama	/ɑɹˈzɑmə/
arzamas	/ɑɹˈzɑməz/
arzate	/ˈɑɹˌzeɪt/
arzola	/ɑɹˈzoʊlə/
arzt	/ˈɑɹzt/
as	/ˈæz/
asa	/ˈɑsə/
asaf	/ɑˈsɑf/
asahan	/ˈæsəhæn/
asahara	/æsəˈhæɹə/
asahi	/əˈsɑhi/
asamera	/ˌæsəˈmɛɹə/
asap	/ˈeɪˈɛˈseɪˈpi/
asarco	/əˈsɑɹkoʊ/
asarco's	/əˈsɑɹkoʊz/
asaro	/ɑˈsɑɹoʊ/
asat	/ˈæzæt/
asato	/ɑˈsɑtoʊ/
asay	/əˈseɪ/
asbell	/ˈæsbɛl/
asberry	/ˈæsbɛɹi/
asbestec	/ˌæsˈbɛstɛk/
asbestos	/æsˈbɛstəs/
asbestosis	/ˌæsˌbɛˈstoʊsəs/
asbill	/əsˈbɪl/
asbridge	/əsˈbɹɪdʒ/
asbury	/ˈæzˌbɛɹi/
asby	/ˈæsbi/
ascap	/ˈæˌskæp/
ascencio	/ɑsˈtʃɛntʃioʊ/
ascend	/əˈsɛnd/
ascendance	/əˈsɛndəns/
ascendancy	/əˈsɛndənsi/
ascendant	/əˈsɛndənt/
ascended	/əˈsɛndɪd/
ascendency	/əˈsɛndənsi/
ascending	/əˈsɛndɪŋ/
ascends	/əˈsɛndz/
ascension	/əˈsɛnʃən/
ascent	/əˈsɛnt/
ascertain	/ˌæsɚˈteɪn/
ascertained	/ˌæsɚˈteɪnd/
ascertaining	/ˌæsɚˈteɪnɪŋ/
ascetic	/əˈsɛtɪk/
asch	/ˈæʃ/
asche	/ˈæʃ/
aschenbach	/ˈæʃɪnbɑk/
aschenbrenner	/ˈæʃɪnbɹɪnɚ/
ascher	/ˈæʃɚ/
aschoff	/ˈæskhɔf/
ascii	/ˈæski/
asclad	/ˈæsklæd/
ascorbic	/əˈskɔɹbɪk/
ascot	/ˈæˌskɑt/
ascott	/əˈskɑt/
ascribe	/əˈskɹaɪb/
ascribed	/əˈskɹaɪbd/
ascribes	/əˈskɹaɪbz/
asda	/ˈæsdə/
asea	/əˈziə/
asean	/əˈziən/
aselma	/əˈsɛlmə/
aseltine	/ɑsɛlˈtini/
asencio	/əˈsɛnsioʊ/
aseritis	/əˈsɛɹɪtɪs/
asexual	/eɪˈsɛksjuəl/
asgard	/ˈɑsˌɡɑɹd/
ash	/ˈæʃ/
asha	/ˈɑʃə/
ashaji	/əˈʃɑdʒi/
ashaji's	/əˈʃɑdʒiz/
ashame	/əˈʃeɪm/
ashamed	/əˈʃeɪmd/
asharah	/ˈæʃɑˌɹɑ/
ashare	/ˈæˌʃɛɹ/
ashbaugh	/əʃˈbɔ/
ashbrook	/ˈæʃˌbɹʊk/
ashburn	/ˈæʃbɚn/
ashbury	/ˈæʃbɛɹi/
ashby	/ˈæʃbi/
ashcraft	/ˈæʃˌkɹæft/
ashcreek	/ˌæʃˈkɹik/
ashcroft	/ˈæʃˌkɹɔft/
ashdown	/ˈæʃˌdaʊn/
ashe	/ˈæʃ/
ashe's	/ˈæʃəz/
asheboro	/ˈæʃbɔɹoʊ/
ashen	/ˈæʃən/
ashenberg	/ˈæʃənbɚɡ/
ashenfelter	/ˈæʃənˌfɛltɚ/
asher	/ˈæʃɚ/
ashes	/ˈæʃəz/
asheville	/ˈæʃˌvɪl/
ashey	/ˈæʃi/
ashford	/ˈæʃfɚd/
ashis	/əˈʃiz/
ashish	/əˈʃiʃ/
ashkenazi	/ˌæʃkəˈnɑzi/
ashkenazis	/ˌæʃkəˈnɑziz/
ashland	/ˈæʃlənd/
ashland's	/ˈæʃləndz/
ashley	/ˈæʃli/
ashley's	/ˈæʃliz/
ashlin	/ˈæʃlɪn/
ashline	/ˈæʃˌlaɪn/
ashlock	/ˈæʃˌlɑk/
ashman	/ˈæʃmən/
ashmead	/ˈæʃˌmid/
ashmore	/ˈæʃmɔɹ/
ashok	/ˈæʃɑk/
ashore	/əˈʃɔɹ/
ashram	/ˈæʃɹɑm/
ashrawi	/æˈʃɹɑwi/
ashtec	/ˈæʃtɛk/
ashtec's	/ˈæʃtɛks/
ashton	/ˈæʃtən/
ashton's	/ˈæʃtənz/
ashtray	/ˈæʃˌtɹeɪ/
ashtrays	/ˈæʃˌtɹeɪz/
ashur	/ˈæʃɚ/
ashurst	/ˈæʃɚst/
ashville	/ˈæʃˌvɪl/
ashwell	/ˈæʃˌwɛl/
ashwood	/ˈæʃˌwʊd/
ashworth	/ˈæʃˌwɝθ/
ashy	/ˈæʃi/
asia	/ˈeɪʒə/
asia's	/ˈeɪʒəz/
asiain	/ˈeɪziˌeɪn/
asiamerica	/ˌeɪsiəˈmɛɹɪkə/
asian	/ˈeɪʒən/
asians	/ˈeɪʒənz/
asiatic	/ˌeɪʒiˈætɪk/
asiaweek	/ˈeɪʒəˌwik/
asic	/ˈæzɪk/
asics	/ˈæzɪks/
aside	/əˈsaɪd/
asides	/əˈsaɪdz/
asiel	/ˈæziəl/
asimov	/ˈæsɪmɑv/
asimov's	/ˈæsɪmɑvz/
asimow	/ˈæsɪmoʊ/
asinine	/ˈæsəˌnaɪn/
ask	/ˈæsk/
aska	/ˈæskə/
askance	/əˈskæns/
asked	/ˈæskt/
asker	/ˈæskɚ/
asker's	/ˈæskɚz/
askers	/ˈæskɚz/
askers'	/ˈæskɚz/
askers's	/ˈæskɚzɪz/
askew	/əskˈju/
askey	/əˈski/
askin	/əˈskɪn/
askin's	/ˈæˌskɪnz/
asking	/ˈæskɪŋ/
askington	/ˈæskɪŋtən/
askins	/əˈskɪnz/
asko	/ˈæskoʊ/
askoldov	/əˈskoʊldɑv/
askoldov's	/əˈskoʊldɑvz/
askren	/ˈæskɚən/
asks	/ˈæsks/
aslan	/əˈslʌn/
aslanian	/əˈsleɪniən/
asleep	/əˈslip/
asleson	/ˈæslɪsən/
aslin	/əˈslɪn/
asman	/ˈæsmən/
asmara	/ˌæzˈmɑɹə/
asmaras	/ˌæzˈmɑɹəz/
asmodeus	/ˌæzməˈdeɪəs/
asmus	/əzˈmus/
asmussen	/əzˈmʌsən/
asner	/ˈæsnɚ/
asp	/ˈæsp/
asparagus	/əˈspɛɹəɡəs/
aspartame	/ˈæspɚˌteɪm/
aspect	/ˈæˌspɛkt/
aspects	/ˈæˌspɛkts/
aspen	/ˈæspən/
aspen's	/ˈæspənz/
aspens	/ˈæspənz/
asper	/ˈæspɚ/
asperity	/əˈspɛɹɪti/
aspersion	/əˈspɝʒən/
aspersions	/əˈspɝʒənz/
asphalt	/ˈæsˌfɔlt/
asphyxiate	/æsˈfɪksiˌeɪt/
asphyxiated	/æsˈfɪksiˌeɪtɪd/
asphyxiates	/æsˈfɪksiˌeɪts/
asphyxiating	/æsˈfɪksiˌeɪtɪŋ/
aspin	/ˈæspɪn/
aspin's	/ˈæspɪnz/
aspinall	/ˈæspɪnɔl/
aspinwall	/ˈæspɪnwɔl/
aspirant	/ˈæspɚənt/
aspirants	/ˈæspɚənts/
aspirate	/ˈæspɚˌeɪt/
aspirated	/ˈæspɚˌeɪtɪd/
aspirates	/ˈæspɚˌeɪts/
aspiration	/ˌæspɚˈeɪʃən/
aspirations	/ˌæspɚˈeɪʃənz/
aspire	/əˈspaɪɹ/
aspired	/əˈspaɪɹd/
aspires	/əˈspaɪɚz/
aspirin	/ˈæspɹɪn/
aspirin's	/ˈæspɹənz/
aspiring	/əˈspaɪɹɪŋ/
asplund	/ˈæsplənd/
aspnes	/ˈæspnɛz/
asquith	/ˈæskwɪθ/
ass	/ˈæs/
assad	/əˈsɑd/
assad's	/əˈsɑdz/
assaf	/əˈsæf/
assail	/əˈseɪl/
assailant	/əˈseɪlənt/
assailant's	/əˈseɪlənts/
assailants	/əˈseɪlənts/
assailed	/əˈseɪld/
assailing	/əˈseɪlɪŋ/
assails	/əˈseɪlz/
assam	/ˌɑˈsɑm/
assante	/ɑˈsɑnti/
assassin	/əˈsæsən/
assassin's	/əˈsæsənz/
assassinate	/əˈsæsəˌneɪt/
assassinated	/əˈsæsəˌneɪtɪd/
assassinating	/əˈsæsəˌneɪtɪŋ/
assassination	/əˌsæsəˈneɪʃən/
assassinations	/əˌsæsəˈneɪʃənz/
assassins	/əˈsæsənz/
assault	/əˈsɔlt/
assaulted	/əˈsɔltɪd/
assaulting	/əˈsɔltɪŋ/
assaultive	/əˈsɔltɪv/
assaults	/əˈsɔlts/
assay	/ˈæsi/
assayer	/æˈseɪɚ/
assays	/ˈæˌseɪz/
assed	/ˈæst/
asselin	/ˈæsɪlɪn/
asselstine	/ˈæsəlˌstaɪn/
assemblage	/əˈsɛmblədʒ/
assemble	/əˈsɛmbəl/
assembled	/əˈsɛmbəld/
assembler	/əˈsɛmblɚ/
assemblers	/əˈsɛmblɚz/
assembles	/əˈsɛmbəlz/
assemblies	/əˈsɛmbliz/
assembling	/əˈsɛmbəlɪŋ/
assembly	/əˈsɛmbli/
assembly's	/əˈsɛmbliz/
assemblyman	/əˈsɛmbliˌmæn/
assemblymen	/əˈsɛmblimɪn/
assemblywoman	/əˈsɛmbliˌwʊmən/
assent	/əˈsɛnt/
assert	/əˈsɝt/
asserted	/əˈsɝtɪd/
assertedly	/əˈsɝtɪdli/
asserting	/əˈsɝtɪŋ/
assertion	/əˈsɝʃən/
assertions	/əˈsɝʃənz/
assertive	/əˈsɝtɪv/
assertively	/əˈsɝtɪvli/
assertiveness	/əˈsɝtɪvnəs/
asserts	/əˈsɝts/
asses	/ˈæsəz/
assess	/əˈsɛs/
assessed	/əˈsɛst/
assesses	/əˈsɛsɪz/
assessing	/əˈsɛsɪŋ/
assessment	/əˈsɛsmənt/
assessments	/əˈsɛsmənts/
assessor	/əˈsɛsɚ/
assessors	/əˈsɛsɚz/
asset	/ˈæˌsɛt/
assets	/ˈæˌsɛts/
assets'	/ˈæsɛts/
asshole	/ˈæshoʊl/
assholes	/ˈæshoʊlz/
assicurazioni	/əˌsikɚˌæziˈoʊni/
assiduous	/əˈsɪdwəs/
assiduously	/əˈsɪdwəsli/
assign	/əˈsaɪn/
assigned	/əˈsaɪnd/
assigning	/əˈsaɪnɪŋ/
assignment	/əˈsaɪnmənt/
assignment's	/əˈsaɪnmənts/
assignments	/əˈsaɪnmənts/
assigns	/əˈsaɪnz/
assimilate	/əˈsɪməˌleɪt/
assimilated	/əˈsɪməˌleɪtɪd/
assimilating	/əˈsɪməˌleɪtɪŋ/
assimilation	/əˌsɪməˈleɪʃən/
assira	/əˈsiɹə/
assisi	/əˈsisi/
assisi's	/əˈsisiz/
assist	/əˈsɪst/
assistance	/əˈsɪstəns/
assistant	/əˈsɪstənt/
assistants	/əˈsɪstənts/
assisted	/əˈsɪstɪd/
assisting	/əˈsɪstɪŋ/
assists	/əˈsɪsts/
assocation	/ˌæsəˈkeɪʃən/
associate	/əˈsoʊsiət/
associate's	/əˈsoʊsiəts/
associated	/əˈsoʊsiˌeɪtɪd/
associates	/əˈsoʊsiəts/
associates'	/əˈsoʊʃiəts/
associating	/əˈsoʊsiˌeɪtɪŋ/
association	/əˌsoʊsiˈeɪʃən/
association's	/əˌsoʊʃiˈeɪʃənz/
associations	/əˌsoʊsiˈeɪʃənz/
associative	/əˈsoʊʃəˌtɪv/
associes	/ˈæsəsiz/
assort	/əˈsɔɹt/
assorted	/əˈsɔɹtɪd/
assortment	/əˈsɔɹtmənt/
assuage	/əˈsweɪdʒ/
assuaged	/əˈsweɪdʒd/
assubel	/ˈæsəˌbɛl/
assume	/əˈsum/
assumed	/əˈsumd/
assumes	/əˈsumz/
assuming	/əˈsumɪŋ/
assumption	/əˈsʌmpʃən/
assumptions	/əˈsʌmpʃənz/
assurance	/əˈʃʊɹəns/
assurances	/əˈʃʊɹənsɪz/
assuras	/əˈʃʊɹəs/
assure	/əˈʃʊɹ/
assured	/əˈʃʊɹd/
assuredly	/əˈʃʊɹədli/
assures	/əˈʃʊɹz/
assuring	/əˈʃʊɹɪŋ/
assyria	/əˈsɪɹiə/
assyrian	/əˈsɪɹiən/
assyrians	/əˈsɪɹiənz/
ast	/ˈæst/
asta	/ˈɑstə/
astaire	/əˈstɛɹ/
aster	/ˈæstɚ/
asterisk	/ˈæstɚɪsk/
asteroid	/ˈæstɚˌɔɪd/
asteroid's	/ˈæstɚˌɔɪdz/
asteroids	/ˈæstɚˌɔɪdz/
asters	/ˈæstɚz/
asthma	/ˈæzmə/
asthmatic	/æzˈmætɪk/
asthmatics	/ɛsθˈmɛtɪks/
astigmatism	/əˈstɪɡməˌtɪzəm/
astilbe	/əˈstɪˌbi/
astin	/əˈstɪn/
astle	/ˈæsəl/
astley	/ˈæstli/
aston	/ˈæstən/
astonish	/əˈstɑnɪʃ/
astonished	/əˈstɑnɪʃt/
astonishing	/əˈstɑnɪʃɪŋ/
astonishingly	/əˈstɑnɪʃɪŋli/
astonishment	/əˈstɑnɪʃmənt/
astor	/ˈæstɚ/
astor's	/ˈæstɚz/
astore	/ˈæstɔɹ/
astorga	/ɑˈstɔɹɡə/
astoria	/ˌæˈstɔɹiə/
astorino	/ɑstɔˈɹinoʊ/
astound	/əˈstaʊnd/
astounded	/əˈstaʊndɪd/
astounding	/əˈstaʊndɪŋ/
astoundingly	/əˈstaʊndɪŋli/
astounds	/əˈstaʊndz/
astra	/ˈæstɹə/
astra's	/ˈæstɹəz/
astraddle	/əˈstɹædəl/
astrakhan	/ˈæstɹəkɑn/
astral	/ˈæstɹəl/
astray	/əˈstɹeɪ/
astred	/ˈæstɚd/
astrid	/ˈæstɹɪd/
astride	/əˈstɹaɪd/
astringent	/əˈstɹɪndʒənt/
astringents	/əˈstɹɪndʒənts/
astro	/ˈæstɹoʊ/
astrodome	/ˈæstɹəˌdoʊm/
astrogeology	/ˌæstɹəˌdʒiˈɑlədʒi/
astrologer	/əˈstɹɑlədʒɚ/
astrologers	/əˈstɹɑlədʒɚz/
astrological	/ˌæstɹəˈlɑdʒɪkəl/
astrology	/əˈstɹɑlədʒi/
astronaut	/ˈæstɹəˌnɑt/
astronaut's	/ˈæstɹəˌnɑts/
astronautic	/ˌæstɹəˈnɑtɪk/
astronautical	/ˌæstɹəˈnɑtɪkəl/
astronautics	/ˌæstɹəˈnɑtɪks/
astronauts	/ˈæstɹəˌnɔts/
astronauts'	/ˈæstɹəˌnɔts/
astronomer	/əˈstɹɑnəmɚ/
astronomers	/əˈstɹɑnəmɚz/
astronomical	/ˌæstɹəˈnɑmɪkəl/
astronomically	/ˌæstɹəˈnɑmɪkli/
astronomy	/əˈstɹɑnəmi/
astrophotography	/ˌæstɹoʊfəˈtɑɡɹəfi/
astrophysicist	/ˌæstɹoʊˈfɪsɪsɪst/
astrophysics	/ˌæstɹoʊˈfɪzɪks/
astros	/ˈæstɹoʊs/
astrotech	/ˈæstɹoʊˌtɛk/
astroturf	/ˈæstɹoʊˌtɝf/
astute	/əˈstut/
astutely	/əˈstutli/
astuteness	/əˈstutnəs/
asuncion	/əˈsʌnʃən/
asunder	/əˈsʌndɚ/
asus	/ˈeɪsəs/
aswin	/əˈswɪn/
asylum	/əˈsaɪləm/
asymmetric	/ˌeɪsəˈmɛtɹɪk/
asymmetrical	/ˌeɪsəˈmɛtɹɪkəl/
asymmetries	/ˌeɪˈsɪmətɹiz/
asymmetry	/ˌeɪˈsɪmətɹi/
asymptomatic	/ˌeɪˌsɪmptəˈmætɪk/
asymptote	/ˈæsəmˌtoʊt/
asymptotes	/ˈæsəmˌtoʊts/
asymptotic	/ˈæsɪmpˌtɔtɪk/
asynchronous	/ˈeɪˈsɪŋkɹənəs/
at	/ˈæt/
at-bat	/ˈætˈbæt/
at-bats	/ˈætˈbæts/
ata	/ˈɑtə/
atacama	/ˈɑtɑˌkɑmɑ/
atalanta	/ˌætəˈlæntə/
atalaya	/ɑtɑˈleɪə/
atalia	/ɑˈtɑliə/
atalie	/ˈætəli/
atamian	/əˈteɪmiən/
atari	/əˈtɑɹi/
atari's	/əˈtɑɹiz/
ataturk	/ˈætəˌtɝk/
ataturk's	/ˈætəˌtɝks/
atavism	/ˈætəvɪzəm/
atavistic	/ˈætəvɪstɪk/
ataxia	/ˈeɪˈtæksiə/
ataxia's	/ˈeɪˈtæksiəz/
atcheson	/ˈætʃɪsən/
atchinson	/ˈætʃɪnsən/
atchison	/ˈætʃɪsən/
atchley	/ˈætʃli/
atco	/ˈætkoʊ/
atcor	/ˈætkɔɹ/
ate	/ˈeɪt/
atek	/ˈeɪˌtɛk/
aten	/ˈeɪtən/
atencio	/əˈtɛnsioʊ/
ater	/ˈeɪtɚ/
ates	/ˈeɪts/
atha	/ˈæθə/
athalia	/eɪˈθæliə/
athanas	/eɪˈθænəz/
athanassiou	/ˌɑθənəˈsiu/
athans	/ˈæθənz/
athas	/ˈeɪðəz/
athearn	/ˈeɪθɚn/
atheism	/əˈθaɪsəm/
atheist	/ˈeɪθiəst/
atheistic	/ˌeɪθiˈɪstɪk/
atheists	/ˈeɪθiəsts/
athena	/əˈθinə/
athenaeum	/ˌæθəˈniəm/
athenaios	/ˌæθəˈnaɪoʊs/
athene	/ˌæˈθin/
atheneum	/ˈæθənum/
athenian	/əˈθiniən/
athenians	/əˈθiniənz/
athens	/ˈæθənz/
atherosclerosis	/ˌæθɚoʊsklɚˈoʊsɪs/
atherton	/ˈæθɚtən/
athey	/ˈæθi/
athie	/ˈeɪθi/
athlete	/ˈæθˌlit/
athlete's	/ˈæθˌlits/
athletes	/ˈæθˌlits/
athletes'	/ˈæθˌlits/
athletic	/æθˈlɛtɪk/
athletically	/æθˈlɛtɪkli/
athleticism	/æθˈlɛtɪˌsɪzm/
athletics	/æθˈlɛtɪks/
athlone	/æθˈloʊn/
athwart	/əθˈwɔɹt/
ati	/ˌeɪˌtiˈaɪ/
atico	/ˈætɪˌkoʊ/
atienza	/ɑˈtinzə/
atilano	/ɑtiˈlɑnoʊ/
atither	/əˈtɪðɚ/
atkerson	/ˈætkɚsən/
atkin	/ətˈkɪn/
atkins	/ˈætkɪnz/
atkins's	/ˈætkɪnzɪz/
atkinson	/ˈætkənsən/
atkinson's	/ˈætkənsənz/
atkison	/ˈætkɪsən/
atkisson	/ˈætkɪsən/
atla	/ˈætlə/
atlan	/ˈætlən/
atlanta	/ætˈlæntə/
atlanta's	/ætˈlæntəz/
atlantan	/ˌætˈlæntən/
atlantans	/ˌætˈlæntənz/
atlantic	/ətˈlæntɪk/
atlantic's	/ətˈlæntɪks/
atlantica	/ˌætˈlæntɪkə/
atlantico	/ˌætˈlæntɪkoʊ/
atlantis	/ætˈlæntɪs/
atlantis'	/ætˈlæntɪs/
atlantis's	/ætˈlæntɪsɪz/
atlas	/ˈætləs/
atlas's	/ˈætləsɪz/
atlases	/ætˈleɪsɪz/
atler	/ˈætlɚ/
atley	/ˈætli/
atm	/ˈeɪˌtiˈɛm/
atman	/ˈætmən/
atmel	/ˈætməl/
atmosphere	/ˈætməsˌfɪɹ/
atmospheric	/ˌætməsˈfɛɹɪk/
atmospherics	/ˌætməsˈfɛɹɪks/
atnip	/ˈætnɪp/
atocha	/əˈtɑtʃə/
atoll	/ˈæˌtɑl/
atom	/ˈætəm/
atomic	/əˈtɑmɪk/
atomizer	/ˈætəˌmaɪzɚ/
atoms	/ˈætəmz/
aton	/əˈtɑn/
atonal	/eɪˈtoʊnəl/
atone	/əˈtoʊn/
atonement	/əˈtoʊnmənt/
atop	/əˈtɑp/
ator	/ˈɑtɔɹ/
atorino	/ˌætɚˈinoʊ/
atp	/ˈeɪˈtiˈpi/
atra	/ˈeɪtɹə/
atria	/ˈeɪtɹiə/
atrium	/ˈeɪtɹiəm/
atriums	/ˈeɪtɹiəmz/
atrocious	/əˈtɹoʊʃəs/
atrocities	/əˈtɹɑsətiz/
atrocity	/əˈtɹɑsəti/
atrophied	/ˈætɹəfid/
atrophies	/ˈætɹəfiz/
atrophy	/ˈætɹəfi/
atsushi	/ɑtˈsuˌʃi/
atta	/ˈætə/
attaboy	/ˈætəˌbɔɪ/
attaboys	/ˈætəˌbɔɪz/
attach	/əˈtætʃ/
attache	/ˌætəˈʃeɪ/
attached	/əˈtætʃt/
attaches	/əˈtætʃɪz/
attaching	/əˈtætʃɪŋ/
attachment	/əˈtætʃmənt/
attachments	/əˈtætʃmənts/
attack	/əˈtæk/
attacked	/əˈtækt/
attacker	/əˈtækɚ/
attackers	/əˈtækɚz/
attacking	/əˈtækɪŋ/
attacks	/əˈtæks/
attain	/əˈteɪn/
attainable	/əˈteɪnəbəl/
attainder	/əˈteɪndɚ/
attained	/əˈteɪnd/
attaining	/əˈteɪnɪŋ/
attainment	/əˈteɪnmənt/
attains	/əˈteɪnz/
attali	/əˈtɑli/
attalla	/əˈtælə/
attanasio	/ɑtɑˈnɑsioʊ/
attar	/ˈætɚ/
attard	/ˈætɚd/
attardo	/ɑˈtɑɹdoʊ/
attaway	/ˈætəweɪ/
atteberry	/ˈætbɛɹi/
attebery	/əˈtɛbɚi/
attebury	/ˈætbɛɹi/
attempt	/əˈtɛmpt/
attempted	/əˈtɛmptɪd/
attempting	/əˈtɛmptɪŋ/
attempts	/əˈtɛmpts/
attenborough	/ˈæˌtʌnbɚoʊ/
attend	/əˈtɛnd/
attendance	/əˈtɛndəns/
attendant	/əˈtɛndənt/
attendant's	/əˈtɛndənts/
attendants	/əˈtɛndənts/
attendants'	/əˈtɛndənts/
attended	/əˈtɛndɪd/
attendee	/əˈtɛnˈdi/
attendees	/əˈtɛnˈdiz/
attending	/əˈtɛndɪŋ/
attends	/əˈtɛndz/
attention	/əˈtɛnʃən/
attentions	/əˈtɛnʃənz/
attentive	/əˈtɛntɪv/
attentively	/əˈtɛntɪvli/
attentiveness	/əˈtɛntɪvnəs/
attenuate	/əˈtɛnjuˌeɪt/
attenuated	/əˈtɛnjuˌeɪtɪd/
attenuates	/əˈtɛnjuˌeɪts/
attenuation	/əˌtɛnjuˈeɪʃən/
atterberry	/ˈætɚbɛɹi/
atterbury	/ˈætɚˌbɛɹi/
attermann	/ˈætɚmən/
attest	/əˈtɛst/
attested	/əˈtɛstɪd/
attesting	/əˈtɛstɪŋ/
attests	/əˈtɛsts/
attic	/ˈætɪk/
attica	/ˈætɪkə/
attics	/ˈætɪks/
atticus	/ˈætɪkəs/
attie	/ˈæti/
attila	/əˈtɪlə/
attila's	/əˈtɪləz/
attire	/əˈtaɪɚ/
attired	/əˈtaɪɹd/
attitude	/ˈætəˌtud/
attitudes	/ˈætəˌtudz/
attitudinal	/ˌætəˈtudənəl/
attkisson	/ˈætkɪsən/
attleboro	/ˈætəlbɚoʊ/
attlee	/ˈætli/
attorney	/əˈtɝni/
attorney's	/əˈtɝniz/
attorneys	/əˈtɝniz/
attorneys'	/əˈtɝniz/
attract	/əˈtɹækt/
attracted	/əˈtɹæktɪd/
attracting	/əˈtɹæktɪŋ/
attraction	/əˈtɹækʃən/
attractions	/əˈtɹækʃənz/
attractive	/əˈtɹæktɪv/
attractively	/əˈtɹæktɪvli/
attractiveness	/əˈtɹæktɪvnəs/
attracts	/əˈtɹækts/
attributable	/əˈtɹɪbjətəbəl/
attribute	/ˈætɹəbˌjut/
attributed	/əˈtɹɪbjətɪd/
attributes	/ˈætɹəbˌjuts/
attributing	/əˈtɹɪbjətɪŋ/
attribution	/ˌætɹɪbˈjuʃən/
attridge	/əˈtɹɪdʒ/
attrition	/əˈtɹɪʃən/
attune	/əˈtun/
attuned	/əˈtund/
attwood	/ˈæˌtwʊd/
attwoods	/ˈæˌtwʊdz/
atv	/ˌeɪˌtiˈvi/
atwater	/ˈætwɔtɚ/
atwell	/əˈtwɛl/
atwood	/ˈæˌtwʊd/
atworth	/ˈætwɚθ/
atx	/ˈeɪˈtiˈɛks/
atypia	/ˌeɪˈtɪˌpiə/
atypic	/ˌeɪˈtɪpɪk/
atypical	/ˌeɪˈtɪpɪkəl/
atz	/ˈæts/
au	/ˈoʊ/
aube	/ˈɔb/
aubel	/ˈaʊbəl/
auber	/ˈɔbɚ/
aubergine	/ˈɔbɚˌdʒin/
aubergines	/ˈɔbɚˌdʒinz/
auberry	/ˈɔˌbɛɹi/
aubert	/ˈɔbɚt/
aubin	/ˈɔbɪn/
auble	/ˈɔbəl/
aubrey	/ˈɔbɹi/
aubry	/ˈɔbɹi/
aubuchon	/ˈoʊbəʃɑn/
auburn	/ˈɑbɚn/
auch	/ˈɔtʃ/
auchter	/ˈaʊktɚ/
auckland	/ˈɑklənd/
auclair	/oʊˈklɛɹ/
aucoin	/oʊˈkɔɪn/
aucott	/ˈɔˌkɑt/
auction	/ˈɑkʃən/
auction's	/ˈɔkʃənz/
auctioned	/ˈɔkʃənd/
auctioneer	/ˌɑkʃəˈnɪɹ/
auctioneering	/ˌɔkʃəˈnɪɹɪŋ/
auctioneers	/ˈɔkʃəˈnɪɹz/
auctioning	/ˈɔkʃənɪŋ/
auctions	/ˈɑkʃənz/
aud	/ˈɔd/
audacious	/ɑˈdeɪʃəs/
audacity	/ɑˈdæsəti/
audas	/oʊˈdɑz/
auden	/ˈɔdən/
auderburn	/ˈɔdɚbɚn/
audet	/oʊˈdɛt/
audette	/oʊˈdɛt/
audi	/ˈɔdi/
audi's	/ˈɔdiz/
audia	/ˈɔdiə/
audible	/ˈɑdəbəl/
audibles	/ˈɑdəbəlz/
audibly	/ˈɑdəbli/
audience	/ˈɑdiəns/
audience's	/ˈɑdiənsəz/
audiences	/ˈɑdiənsəz/
audino	/ˌɔˈdinoʊ/
audio	/ˈɑdiˌoʊ/
audiophile	/ˌɔˈdioʊˌfil/
audiophiles	/ˌɔˈdioʊˌfilz/
audiotape	/ˈɔdioʊˌteɪp/
audiotapes	/ˈɔdioʊˌteɪps/
audiotex	/ˈɔdioʊˌtɛks/
audiotronic	/ˌɔdioʊˈtɹɑnɪk/
audiotronics	/ˌɔdioʊˈtɹɑnɪks/
audiovisual	/ˌɔdioʊˈvɪʒuəl/
audiovox	/ˈɔdioʊˌvɑks/
audis	/ˈɔdɪs/
audit	/ˈɔdɪt/
audited	/ˈɔdɪtɪd/
auditing	/ˈɑdətɪŋ/
audition	/ɑˈdɪʃən/
auditioned	/ˌɔˈdɪʃənd/
auditioning	/ɑˈdɪʃənɪŋ/
auditions	/ˌɔˈdɪʃənz/
auditor	/ˈɔdɪtɚ/
auditor's	/ˈɔdɪtɚz/
auditorium	/ˌɔdəˈtɔɹiəm/
auditoriums	/ˌɔdɪˈtɔɹiəmz/
auditors	/ˈɑdətɚz/
auditors'	/ˈɔdɪtɚz/
auditory	/ˈɔdɪˌtɔɹi/
audits	/ˈɑdəts/
audran	/ˈɔdɹən/
audrey	/ˈɔdɹi/
audric	/ˈɔdɹɪk/
audrie	/ˈɔdɚi/
audris	/oʊˈdɹis/
audry	/ˈɔdɹi/
audubon	/ˈɔdəbɑn/
audwin	/ˈɔdwɪn/
aue	/ˈaʊ/
auel	/ˈaʊəl/
auen	/ˈaʊən/
auer	/ˈaʊɚ/
auerbach	/ˈaʊɚbɑk/
auerback	/ˈaʊɹˌbæk/
aufderheide	/ˈaʊfdɚhaɪd/
aufhauser	/ˈɔfˌhaʊzɚ/
aufiero	/oʊˈfɪɹoʊ/
aug	/ˈɔɡəst/
augat	/ˈɔɡæt/
auge	/ˈɔdʒ/
augello	/ɔˈdʒɛloʊ/
augenstein	/ˈaʊɡənstaɪn/
auger	/ˈɔɡɚ/
augers	/ˈɔɡɚz/
aughenbaugh	/ɔˈɛnbɔ/
aught	/ˈɔt/
augment	/ɔɡˈmɛnt/
augmentable	/ɑɡˈmɛntəbəl/
augmentation	/ˌɑɡmɛnˈteɪʃən/
augmented	/ɑɡˈmɛntɪd/
augmenting	/ˈɔɡˌmɛntɪŋ/
augsburg	/ˈɔɡzbɚɡ/
augsburger	/ˈaʊɡzbɚɡɚ/
augspurger	/ˈaʊɡspɚɡɚ/
augur	/ˈɔɡɚ/
auguring	/ˈɔɡɚɪŋ/
augurs	/ˈɔɡɚz/
august	/ˈɑɡəst/
august's	/ˈɔɡəsts/
augusta	/əˈɡʌstə/
augusta's	/əˈɡʌstəz/
auguste	/ˈɔɡəst/
augustin	/aʊɡuˈstin/
augustine	/ˈɑɡəˌstin/
augustinian	/ˌɑɡəˈstɪniən/
augustinians	/ˌɑɡəˈstɪniənz/
augusto	/ˌɔˈɡʌstoʊ/
augustson	/ˈɔɡəstsən/
augustus	/ɑˈɡʌstəs/
augustyn	/aʊˈɡʌstɪn/
augustyniak	/aʊɡəˈstɪniæk/
aujourd'hui	/ˈoʊʒɔɹˈdwi/
aujourd'hui's	/ˈoʊʒɔɹˈdwiz/
auker	/ˈɔkɚ/
aukerman	/ˈaʊkɚmən/
aul	/ˈɔl/
aulana	/ˌaʊˈlɑnə/
aulander	/ˈoʊlændɚ/
auld	/ˈɔld/
aulds	/ˈɔldz/
auletta	/ɔˈlɛtə/
aull	/ˈɔl/
ault	/ˈɔlt/
aultman	/ˈɔltmən/
auman	/ˈɔmən/
aumann	/ˈɔmən/
aument	/ˈaʊmənt/
aumiller	/ˈaʊməlɚ/
aune	/ˈɔn/
aung	/ˈɔŋ/
aungier	/ˈeɪndʒɚ/
aungst	/ˈaʊŋɡst/
aunt	/ˈænt/
aunt's	/ˈænts/
auntie	/ˈænti/
aunts	/ˈænts/
aunts'	/ˈænts/
aupperle	/ˈaʊpɚli/
aura	/ˈɔɹə/
aural	/ˈɔɹəl/
aurand	/ˈɔɹənd/
aurea	/aʊˈɹeɪɑ/
aurelio	/aʊˈɹeɪlioʊ/
aureole	/ˈɑɹioʊl/
aureus	/ˈɔˌɹɛəs/
auria	/ˈɔɹiə/
aurich	/ˈaʊɹɪk/
auriemma	/ɔˈɹimə/
aurora	/ɚˈɔɹə/
auroral	/ɚˈɔɹəl/
aurum	/ˈɔɹəm/
aus	/ˈaʊz/
ausbrooks	/ˈaʊsbɹʊks/
ausburn	/ˈaʊsbɚn/
auschwitz	/ˈɔʃwɪts/
ausherman	/ˈaʊʃɚmən/
ausimont	/ˈaʊsɪˌmɑnt/
auslander	/ˈaʊsləndɚ/
ausley	/ˈɔsli/
ausman	/ˈaʊsmən/
ausmus	/ˈaʊsmɪs/
auspey	/ˈaʊspi/
auspice	/ˈɔspɪs/
auspices	/ˈɔspɪsɪz/
auspicious	/ɑˈspɪʃəs/
aussie	/ˈɔsi/
aust	/ˈɔst/
austad	/ˈaʊstəd/
austat	/ˈoʊstæt/
austell	/ˈaʊstəl/
austen	/ˈɔstɪn/
austen's	/ˈɔstɪnz/
auster	/ˈɔstɚ/
austere	/ɔˈstɪɹ/
austerely	/ˌɔˈstɪɹli/
austerity	/ˌɔˈstɛɹɪti/
austill	/ˈaʊstəl/
austin	/ˈɔstən/
austin's	/ˈɔstənz/
austine	/ˈɔstin/
auston	/ˈɔstən/
austral	/ˈɔstɹəl/
australasia	/ˌɔstɹəˈleɪʒə/
australia	/ɔˈstɹeɪljə/
australia's	/ɔˈstɹeɪljəz/
australian	/ɔˈstɹeɪljən/
australian's	/ɔˈstɹeɪljənz/
australians	/ɔˈstɹeɪljənz/
australopithecine	/ɔˌstɹeɪloʊˈpɪθəˌsaɪn/
australopithecus	/ɔˌstɹeɪloʊˈpɪθəkəs/
australs	/ˈɔstɹəlz/
austrasia	/ɔˈstɹeɪʒə/
austria	/ˈɔstɹiə/
austria's	/ˈɔstɹiəz/
austrian	/ˈɔstɹiən/
austrians	/ˈɔstɹiənz/
austro	/ˈɔstɹoʊ/
austroasiatic	/ˌɔˌstɹoʊˌeɪʒiˈætɪk/
austron	/ˈɔstɹən/
auten	/ˈaʊtən/
autenrieth	/ˈaʊtɪnɹiɪθ/
autery	/ˈoʊtɚi/
auth	/ˈɔθ/
authement	/ˈaʊθmənt/
authentic	/əˈθɛntɪk/
authentically	/ˌɔˈθɛntɪkli/
authenticate	/ɔˈθɛntəˌkeɪt/
authenticated	/ɔˈθɛntəˌkeɪtɪd/
authenticates	/ɔˈθɛntəˌkeɪts/
authenticating	/ɔˈθɛntəˌkeɪtɪŋ/
authentication	/ɔˌθɛntəˈkeɪʃən/
authentications	/ɔˌθɛntəˈkeɪʃənz/
authenticity	/ˌɔθənˈtɪsɪti/
auther	/ˈɔθɚ/
authier	/ˈɔθiɚ/
author	/ˈɔθɚ/
author's	/ˈɔθɚz/
authored	/ˈɔθɚd/
authoring	/ˈɔθɚɪŋ/
authoritarian	/əˌθɔɹəˈtɛɹiən/
authoritarianism	/əˌθɔɹəˈtɛɹiəˌnɪzəm/
authoritative	/əˈθɔɹəˌteɪtɪv/
authoritatively	/əˌθɔɹəˈteɪtɪvli/
authorities	/əˈθɔɹətiz/
authorities'	/əˈθɔɹɪtiz/
authority	/əˈθɔɹəti/
authority's	/əˈθɔɹɪtiz/
authorization	/ˌɔθɚəˈzeɪʃən/
authorizations	/ˌɔθɚəˈzeɪʃənz/
authorize	/ˈɔθɚˌaɪz/
authorized	/ˈɔθɚˌaɪzd/
authorizes	/ˈɔθɚˌaɪzɪz/
authorizing	/ˈɔθɚˌaɪzɪŋ/
authors	/ˈɔθɚz/
authors'	/ˈɔθɚz/
authorship	/ˈɔθɚˌʃɪp/
autism	/ˈɔˌtɪzəm/
autistic	/ɔˈtɪstɪk/
auto	/ˈɔtoʊ/
auto's	/ˈɔtoʊz/
autobahn	/ˈɔtoʊˌbɑn/
autobiographer	/ˌɔtəbaɪˈɑɡɹəfɚ/
autobiographical	/ˌɔtəˌbaɪəˈɡɹæfɪkəl/
autobiographies	/ˌɔtəbaɪˈɑɡɹəfiz/
autobiography	/ˌɔtəbaɪˈɑɡɹəfi/
autobon	/ˈɑtəˌbɑn/
autobot	/ˌɔtəˈbɑt/
autobots	/ˌɔtəˈbɑts/
autoclave	/ˈɔtoʊˌkleɪv/
autocracy	/ɔˈtɑkɹəsi/
autocrat	/ˈɔtəˌkɹæt/
autocratic	/ˌɔtəˈkɹætɪk/
autodesk	/ˈɔtoʊˌdɛsk/
autodie	/ˈɔtoʊˌdaɪ/
autoeurope	/ˌɔtoʊˈjʊɹəp/
autofact	/ˈɔtoʊˌfækt/
autofacts	/ˈɔtoʊˌfækts/
autograph	/ˈɔtəˌɡɹæf/
autographed	/ˈɔtəˌɡɹæft/
autographs	/ˈɔtəˌɡɹæfs/
autoimmune	/ˌɔˈtɔɪmjun/
autolatina	/ˌɔˌtoʊləˈtinə/
automaker	/ˈɔtoʊˌmeɪkɚ/
automaker's	/ˈɔtoʊˌmeɪkɚz/
automakers	/ˈɔtoʊˌmeɪkɚz/
automakers'	/ˈɔtoʊˌmeɪkɚz/
automap	/ˈɔtoʊˌmæp/
automata	/ɔˈtɑmətə/
automate	/ˈɔtəˌmeɪt/
automated	/ˈɔtəˌmeɪtɪd/
automates	/ˈɔtəˌmeɪts/
automatic	/ˌɔtəˈmætɪk/
automatically	/ˌɔtəˈmætɪkli/
automatics	/ˌɔtəˈmætɪks/
automating	/ˈɔtəˌmeɪtɪŋ/
automation	/ɔtəˈmeɪʃən/
automatix	/ˌɔtoʊˈmeɪtɪks/
automaton	/ɔˈtɑməˌtɑn/
automobile	/ˈɔtəmoʊˌbil/
automobiles	/ˈɔtəmoʊˌbilz/
automobili	/ˌɔtoʊmoʊˈbili/
automotive	/ˌɔtəˈmoʊtɪv/
automotive's	/ˌɔtəˈmoʊtɪvz/
automoviles	/ˌɔtoʊmoʊˈvilɛz/
auton	/ˈɔtən/
autonomic	/ˌɔtəˈnɑmɪk/
autonomous	/ɔˈtɑnəməs/
autonomously	/ˌɔˈtɑnoʊməsli/
autonomy	/ɔˈtɑnəmi/
autopacific	/ˌɔtoʊpəˈsɪfɪk/
autopart	/ˈɔtoʊˌpɑɹt/
autoparts	/ˈɔtoʊˌpɑɹts/
autopilot	/ˈɔtoʊˌpaɪlət/
autopsied	/ˈɔˌtɑpsid/
autopsies	/ˈɔˌtɑpsiz/
autopsy	/ˈɔˌtɑpsi/
autorad	/ˈɔtoʊˌɹæd/
autoradiograph	/ɑtoʊˈɹeɪdioʊɡɹæf/
autorads	/ˈɔtoʊˌɹædz/
autos	/ˈɔtoʊz/
autospa	/ˈɔˈtoʊspə/
autotote	/ˈɔtoʊˌtoʊt/
autotrophic	/ˌɔtəˈtɹoʊfɪk/
autoworker	/ˈɔtoʊwɚkɚ/
autoworkers	/ˈɔtoʊwɚkɚz/
autrey	/ˈɔtɹi/
autry	/ˈɔtɹi/
autumn	/ˈɔtəm/
autumn's	/ˈɔtəmz/
autumnal	/ɔˈtʌmnəl/
auvil	/oʊˈvɪl/
aux	/ˈoʊ/
auxier	/ˈɔksiɚ/
auxiliary	/ɑɡˈzɪljɚi/
auxton	/ˈɔkstən/
auyeung	/ˈaʊˌjuŋ/
auzenne	/ˈɔzɪn/
av	/ˌeɪˈvi/
ava	/ˈeɪvə/
avail	/əˈveɪl/
availabilities	/əˌveɪləˈbɪlɪtiz/
availability	/əˌveɪləˈbɪləti/
available	/əˈveɪləbəl/
availed	/əˈveɪld/
avakian	/əˈveɪkiən/
avalanche	/ˈævəˌlæntʃ/
avalanches	/ˈævəˌlæntʃɪz/
avallone	/ˈævəˌloʊn/
avalon	/ˈævəˌlɑn/
avalon's	/ˈævəˌlɑnz/
avalos	/ɑˈvɑloʊz/
avana	/əˈvænə/
avana's	/əˈvænəz/
avanex	/ˈɑvənɛks/
avant	/əˈvɑnt/
avant-garde	/əˈvɑntˈɡɑɹd/
avantek	/əˈvɑntɛk/
avanti	/əˈvɑnti/
avants	/ɑˈvɔnts/
avarice	/ˈævɚəs/
avasso	/əˈvɑˌsoʊ/
avatar	/ˈævəˌtɑɹ/
avatars	/ˈævəˌtɑɹz/
avco	/ˈævkoʊ/
avdel	/ˈævˌdɛl/
ave	/ˈɑˌveɪ/
avedisian	/ævɪˈdɪʒɪn/
avedon	/ˈævɛdɑn/
avelar	/ɑveɪˈlɑɹ/
aveline	/ɑvɛˈlini/
avella	/əˈvɛlə/
avellino	/ˌævəˈlinoʊ/
avellino's	/ˌævəˈlinoʊz/
avemco	/əˈvɛmkoʊ/
avemco's	/əˈvɛmkoʊz/
aven	/ɑˈveɪn/
avena	/ɑˈveɪnə/
avenall	/ɑveɪˈnɑl/
avendano	/ɑvɛnˈdɑnoʊ/
avenel	/ɑveɪˈnɛl/
avenell	/ɑveɪˈneɪl/
avenge	/əˈvɛndʒ/
avenged	/əˈvɛndʒd/
avenger	/əˈvɛndʒɚ/
avenging	/əˈvɛndʒɪŋ/
aveni	/ɑˈvɛni/
avent	/ˈɑvənt/
aventura	/əˈvɛntʃɚˌɑ/
avenue	/ˈævəˌnu/
avenue's	/ˈævəˌnuz/
avenues	/ˈævəˌnuz/
aver	/ˈeɪvɚ/
avera	/ɑˈvɛɹə/
average	/ˈævɚɪdʒ/
average's	/ˈævɹɪdʒɪz/
averaged	/ˈævɹədʒd/
averages	/ˈævɹɪdʒɪz/
averaging	/ˈævɹɪdʒɪŋ/
averbeck	/ˈeɪvɚˌbɛk/
averell	/ɑvɛˈɹeɪl/
averett	/ˈævɚɛt/
averette	/ˈævɚˌɛt/
averil	/ˈeɪvɚɪl/
averill	/ɑvɛˈɹil/
averitt	/ˈævɚɪt/
averof	/ˈævɚˌɑf/
avers	/ˈeɪvɚz/
aversa	/ɑˈvɛɹsə/
aversano	/ɑvɚˈsɑnoʊ/
averse	/əˈvɝs/
aversion	/əˈvɝʒən/
aversions	/əˈvɝʒənz/
aversive	/əˈvɝsəv/
avert	/əˈvɝt/
averted	/əˈvɝtɪd/
averting	/əˈvɝtɪŋ/
averts	/əˈvɝts/
avery	/ˈeɪvɚi/
avery's	/ˈeɪvɚiz/
averyl	/ˈævɚɪl/
avey	/ˈeɪvi/
avi	/ˈɑˌvi/
avia	/ˈɑviə/
aviacion	/ˌeɪviˈeɪʃən/
aviall	/ˈeɪviəl/
avian	/ˈeɪviən/
aviano	/ˌɑviˈɑnoʊ/
aviano's	/ˌɑviˈɑnoʊz/
aviaries	/ˈeɪviˌɛɹiz/
aviary	/ˈeɪviˌɛɹi/
aviation	/ˌeɪviˈeɪʃən/
aviation's	/ˌeɪviˈeɪʃənz/
aviator	/ˈeɪviˌeɪtɚ/
aviators	/ˈeɪvieɪtɚz/
aviazione	/ˌæviˌæziˈoʊni/
avice	/ˈɑvaɪs/
avid	/ˈævəd/
avidly	/ˈævədli/
avignon	/ˈævɪnˌjɔn/
avila	/əˈvɪlə/
aviles	/ɑˈvilɛs/
avilez	/ɑˈvilɛz/
avilla	/əˈvɪlə/
avina	/ɑˈvinə/
avinger	/ˈeɪvɪŋɚ/
avionic	/ˌeɪviˈɑnɪk/
avionics	/ˌeɪviˈɑnɪks/
avions	/ˈeɪviənz/
avis	/ˈeɪvɪs/
avitabile	/ɑviˈtɑbəl/
avital	/əˈvitəl/
avitia	/ɑˈviʃə/
aviv	/ɑˈviv/
aviv's	/ɑˈvivz/
avmark	/ˈævˌmɑɹk/
avner	/ˈævnɚ/
avnet	/ˈævˌnɛt/
avocado	/ˌævəˈkɑdoʊ/
avocados	/ˌævəˈkɑdoʊz/
avocation	/ˌævəˈkeɪʃən/
avocet	/ˈævəˌsɛt/
avodon	/ˈævədɑn/
avoid	/əˈvɔɪd/
avoidable	/əˈvɔɪdəbəl/
avoidance	/əˈvɔɪdəns/
avoided	/əˈvɔɪdɪd/
avoiding	/əˈvɔɪdɪŋ/
avoids	/əˈvɔɪdz/
avolio	/əˈvoʊlioʊ/
avon	/ˈeɪvɑn/
avon's	/ˈævənz/
avondale	/ˈævənˌdeɪl/
avow	/əˈvaʊ/
avowed	/əˈvaʊd/
avowedly	/əˈvaʊədli/
avraham	/ˈeɪvɹəhæm/
avram	/ˈeɪvɹəm/
avrett	/ˈævɹɛt/
avril	/ˈævɹɪl/
avrim	/ɑvˈɹim/
avtex	/ˈævˌtɛks/
avtex's	/ˈævˌtɛksɪz/
avtovaz	/ˈævˌtoʊˌvæz/
avuncular	/əˈvʌŋkjəlɚ/
aw	/ˈɔ/
awacs	/ˈeɪˌwæks/
awad	/əˈwɑd/
await	/əˈweɪt/
awaited	/əˈweɪtɪd/
awaiting	/əˈweɪtɪŋ/
awaits	/əˈweɪts/
awake	/əˈweɪk/
awaken	/əˈweɪkən/
awakened	/əˈweɪkənd/
awakening	/əˈweɪkənɪŋ/
awakens	/əˈweɪkənz/
awalt	/ˈɑvəlt/
awan	/ˈeɪwən/
award	/əˈwɔɹd/
awarded	/əˈwɔɹdɪd/
awarding	/əˈwɔɹdɪŋ/
awards	/əˈwɔɹdz/
aware	/əˈwɛɹ/
awareness	/əˈwɛɹnəs/
awash	/əˈwɑʃ/
away	/əˈweɪ/
aways	/ˈeɪˌweɪz/
awb	/ˈɑwb/
awbrey	/ˈɔbɹi/
awe	/ˈɑ/
awed	/ˈɔd/
aweida	/əˈweɪdə/
awesome	/ˈɑsəm/
awesomely	/ˈɑsəmli/
awesomeness	/ˈɔsəmˌnɛs/
awestruck	/ˈɑˌstɹʌk/
awful	/ˈɑfəl/
awfully	/ˈɑfli/
awfulness	/ˈɔfəlnəs/
awhile	/əˈwaɪl/
awkward	/ˈɑkwɚd/
awkwardly	/ˈɔkwɚdli/
awkwardness	/ˈɔkwɚdnəs/
awning	/ˈɑnɪŋ/
awoke	/əˈwoʊk/
awol	/ˈeɪˌwɔl/
awry	/ɚˈaɪ/
awtrey	/ˈɔtɹi/
ax	/ˈæks/
axa	/ˈæksə/
axa's	/ˈæksəz/
axe	/ˈæks/
axed	/ˈækst/
axel	/ˈæksəl/
axelrad	/ækˈsɛlɹəd/
axelrod	/ˈæksəlˌɹɑd/
axelsen	/ækˈsɛlsən/
axelson	/ˈæksɪlsən/
axes	/ˈækˌsɪz/
axford	/æksˈfɔɹd/
axial	/ˈæksiəl/
axid	/ˈæksɪd/
axilrod	/ˈæksɪlˌɹɑd/
axiom	/ˈæksiəm/
axiomatic	/ˌæksiəˈmætɪk/
axioms	/ˈæksiəmz/
axis	/ˈæksəs/
axle	/ˈæksəl/
axles	/ˈæksəlz/
axley	/ˈæksli/
axline	/ˈækˌslaɪn/
axlon	/ˈækslɑn/
axon	/ˈækˌsɑn/
axons	/ˈækˌsɑnz/
axsom	/ˈæksəm/
axt	/ˈækst/
axtell	/ækˈstɛl/
axtman	/ˈækstmən/
axton	/ˈækstən/
ay	/ˈeɪ/
ayacucho	/ˌaɪəˈkʌtʃoʊ/
ayako	/əˈjɑkoʊ/
ayala	/əˈjɑlə/
ayars	/ˈeɪɚz/
ayatollah	/ˌaɪəˈtoʊlə/
ayatollah's	/ˌaɪəˈtoʊləz/
ayatollahs	/ˌaɪəˈtɑlɑz/
aybar	/ˈeɪbɚ/
aycock	/ˈeɪkək/
aydar	/ˈaɪˌdɑɹ/
aydelott	/ˈeɪdɪlɑt/
aydelotte	/ˈeɪdəˌlɑt/
aydin	/ˈeɪdɪn/
aydt	/ˈeɪt/
aye	/ˈaɪ/
ayende	/əˈjɛndi/
ayer	/ˈaɪɚ/
ayer's	/ˈɛɹz/
ayers	/ˈaɪɚz/
ayerst	/ˈeɪɚst/
ayes	/ˈaɪz/
ayesha	/ˈaɪsɑ/
aygen	/ˈaɪɡən/
aykroyd	/ˈeɪˌkɹɔɪd/
ayler	/ˈeɪlɚ/
ayles	/ˈeɪlz/
aylesbury	/ˈeɪlzbɚi/
aylesbury's	/ˈeɪlzbɚiz/
aylesworth	/ˈeɪlzwɚθ/
ayling	/ˈeɪlɪŋ/
aylmer	/ˈeɪlmɚ/
aylor	/ˈeɪlɚ/
aylsworth	/ˈeɪlswɚθ/
aylward	/ˈeɪlwɚd/
aylwin	/ˈeɪlwɪn/
aylworth	/ˈeɪlwɚθ/
aymond	/ˈeɪmənd/
ayn	/ˈeɪn/
aynes	/ˈeɪnz/
ayo	/ˈeɪoʊ/
ayodhya	/ˌaɪˈɑdjə/
ayon	/eɪˈɔn/
ayotte	/eɪˈɔt/
ayoub	/ˈeɪaʊb/
ayr	/ˈeɪɹ/
ayre	/ˈɛɹ/
ayres	/ˈɛɹz/
ayrshire	/ˈeɪɚˌʃaɪɚ/
ayscue	/ˈeɪskju/
aytes	/ˈeɪts/
ayuso	/aɪˈusoʊ/
ayyad	/ˌaɪˈɑd/
ayyad's	/ˌaɪˈɑdz/
ayyash	/ˈaɪˌjæʃ/
azactam	/əˈzæktæm/
azalea	/əˈzeɪljə/
azaleas	/əˈzeɪljəz/
azalia	/ɑˈzɑliə/
azar	/ɑˈzɑɹ/
azarow	/ˈæzɚoʊ/
azbell	/ˈæzbɛl/
azbill	/ɑzˈbil/
azcarraga	/æzˌkɑˈɹɑɡə/
azcona	/æzˈkoʊnə/
azcuenaga	/æzˌkweɪˈnɑɡə/
azelia	/ɑˈzɛliə/
azerbaijan	/ˌɑzɚbaɪˈdʒɑn/
azerbaijan's	/ˌɑzɚbaɪˈdʒɑnz/
azerbaijani	/ˌɑzɚbaɪˈdʒɑni/
azerbaijanis	/ˌɑzɚbaɪˈdʒɑniz/
azeri	/əˈzɛɹi/
azevedo	/ɑzeɪˈveɪdoʊ/
azhar	/əˈzɑɹ/
azhar's	/əˈzɑɹz/
azides	/ˈæˌzaɪdz/
azidothymidine	/əˌzɪdəˈθaɪməˌdin/
azinger	/ˈeɪzɪŋɚ/
aziz	/əˈziz/
azmeer	/ˈæzˌmɪɹ/
azoff	/ˈæzɔf/
azores	/əˈzɔɹz/
azpurua	/æzpˈjʊɹuə/
aztar	/ˈæztɚ/
aztec	/ˈæzˌtɛk/
azteca	/ˌæzˈtɛkə/
aztecs	/ˈæzˌtɛks/
azuka	/əˈzukə/
azura	/əˈzʊɹə/
azure	/ˈæʒɚ/
azzara	/ɑtˈsɑɹə/
azzarello	/ɑtsɑˈɹɛloʊ/
azzaro	/ɑtˈsɑɹoʊ/
azzato	/əˈzɑtoʊ/
azzopardi	/ɑtsoʊˈpɑɹdi/
b	/ˈbi/
b-j	/ˈbiˈdʒeɪ/
b-j's	/ˈbiˈdʒeɪz/
b.	/ˈbi/
b.'s	/ˈbiz/
b.c.	/ˌbiˈsi/
b.s	/ˈbiz/
b'gosh	/bəˈɡɔʃ/
b'nai	/bəˈneɪ/
b'rith	/ˈbɹɪθ/
b's	/ˈbiz/
ba	/ˌbiˈeɪ/
ba'ath	/ˈbɑθ/
ba'athism	/ˈbɑθɪzm/
ba'athist	/ˈbɑθɪst/
ba'athists	/ˈbɑθɪsts/
baa	/ˌbiˌeɪˈeɪ/
baab	/ˈbɑb/
baack	/ˈbɑk/
baade	/ˈbɑd/
baalbek	/ˈbɑlbɛk/
baalbeq	/ˈbɑlbɛk/
baar	/ˈbɑɹ/
baars	/ˈbɑɹz/
baas	/ˈbɑz/
baasch	/ˈbɑʃ/
baatz	/ˈbɑts/
bab	/ˈbæb/
baba	/ˈbʌbə/
baba's	/ˈbʌbəz/
babangida	/bəˈbɑŋɡɪdə/
babar	/ˌbɑˈbɑɹ/
babar's	/ˌbɑˈbɑɹz/
babb	/ˈbæb/
babbage	/ˈbæbɪdʒ/
babbage's	/ˈbæbɪdʒɪz/
babbington	/ˈbæbɪnɡtən/
babbio	/ˈbæbioʊ/
babbit	/ˈbæbɪt/
babbit's	/ˈbæbɪts/
babbitt	/ˈbæbɪt/
babbitt's	/ˈbæbəts/
babbitts	/ˈbæbəts/
babble	/ˈbæbəl/
babbled	/ˈbæbəld/
babbler	/ˈbæblɚ/
babblers	/ˈbæblɚz/
babbling	/ˈbæbəlɪŋ/
babbs	/ˈbæbz/
babcock	/ˈbæbkɔk/
babe	/ˈbeɪb/
babel	/ˈbæbəl/
baber	/ˈbeɪbɚ/
babers	/ˈbeɪbɚz/
babes	/ˈbeɪbz/
babette	/bəˈbɛt/
babiak	/ˈbɑbiæk/
babiarz	/bəˈbiɚz/
babic	/ˈbɑbɪk/
babich	/ˈbæbɪtʃ/
babies	/ˈbeɪbiz/
babies'	/ˈbeɪbiz/
babik	/ˈbɑbɪk/
babin	/ˈbæbɪn/
babineau	/ˈbæbɪˌnoʊ/
babineaux	/ˈbæbɪˌnoʊ/
babington	/ˈbæbɪŋtən/
babino	/bɑˈbinoʊ/
babinski	/bəˈbɪnski/
babish	/ˈbæbɪʃ/
babita	/bɑˈbitə/
babka	/ˈbæbkə/
babler	/ˈbeɪbəlɚ/
baboon	/bəˈbun/
baboon's	/bæˈbunz/
baboons	/bæˈbunz/
babs	/ˈbæbz/
babson	/ˈbæbsən/
babu	/bɑˈbu/
babula	/bɑˈbulə/
babushka	/bəˈbʊʃkə/
babushkas	/bəˈbʊʃkəz/
baby	/ˈbeɪbi/
baby-sit	/ˈbeɪbiˌsɪt/
baby-sitter	/ˈbeɪbiˌsɪtɚ/
baby-sitters	/ˈbeɪbiˌsɪtɚz/
baby's	/ˈbeɪbiz/
babyak	/ˈbæbiæk/
babyhood	/ˈbeɪbiˌhʊd/
babyish	/ˈbeɪbiɪʃ/
babylon	/ˈbæbəˌlɑn/
babylonian	/ˌbæbəˈloʊniən/
babylonians	/ˌbæbəˈloʊniənz/
babysat	/ˈbeɪbiˌsæt/
babysit	/ˈbeɪbisɪt/
babysits	/ˈbeɪbisɪts/
babysitter	/ˈbeɪbiˌsɪtɚ/
babysitters	/ˈbeɪbiˌsɪtɚz/
babysitting	/ˈbeɪbiˌsɪtɪŋ/
baca	/ˈbækə/
bacall	/bəˈkɔl/
bacardi	/bəˈkɑɹdi/
baccalaureate	/ˌbækəˈlɔɹiət/
baccarat	/ˌbɑkɚˈɑ/
baccari	/bɑˈkɑɹi/
bacchanal	/bəˈkeɪnəl/
bacchanalia	/ˌbækəˈneɪljə/
bacchi	/ˈbæki/
bacchus	/ˈbækɪs/
bacci	/ˈbɑtʃi/
baccus	/ˈbækəs/
bach	/ˈbɑk/
bacha	/ˈbætʃə/
bachailian	/bəˈkeɪliən/
bachand	/ˈbætʃənd/
bachar	/ˈbɑkɚ/
bacharach	/ˈbækɚæk/
bache	/ˈbætʃ/
bache's	/ˈbætʃɪz/
bachelder	/ˈbɑˌkɛldɚ/
bacheller	/ˈbɑkəlɚ/
bachelor	/ˈbætʃəlɚ/
bachelor's	/ˈbætʃəlɚz/
bachelors	/ˈbætʃlɚz/
bacher	/ˈbɑkɚ/
bachera	/ˈbɑkɚə/
bachert	/ˈbætʃɚt/
bachler	/ˈbæklɚ/
bachman	/ˈbɑkmən/
bachmann	/ˈbɑkmən/
bachmeier	/ˈbɑkmaɪɚ/
bachner	/ˈbɑknɚ/
bachrach	/ˈbɑkɹək/
bachtel	/ˈbæktəl/
bachtell	/ˈbæktəl/
bachus	/ˈbætʃəs/
bacigalupi	/bɑtʃiɡɑˈlupi/
bacigalupo	/bɑtʃiɡɑˈlupoʊ/
bacik	/ˈbɑtʃɪk/
bacillus	/bəˈsɪləs/
bacino	/bɑˈtʃinoʊ/
back	/ˈbæk/
back-up	/ˈbæˌkʌp/
back's	/ˈbæks/
backache	/ˈbæˌkeɪk/
backaches	/ˈbæˌkeɪks/
backbite	/ˈbækˌbaɪt/
backbiting	/ˈbækˌbaɪtɪŋ/
backboard	/ˈbækˌbɔɹd/
backboards	/ˈbækˌbɔɹdz/
backbone	/ˈbækˌboʊn/
backbones	/ˈbækˌboʊnz/
backbreaking	/ˈbækˌbɹeɪkɪŋ/
backdate	/ˈbækˌdeɪt/
backdated	/ˈbækˌdeɪtɪd/
backdates	/ˈbækˌdeɪts/
backdating	/ˈbækˌdeɪtɪŋ/
backdoor	/ˈbækˌdɔɹ/
backdoors	/ˈbækˌdɔɹz/
backdrop	/ˈbækˌdɹɑp/
backdrops	/ˈbækˌdɹɑps/
backe	/ˈbæk/
backed	/ˈbækt/
backend	/ˌbæˈkɛnd/
backends	/ˌbæˈkɛndz/
backer	/ˈbækɚ/
backer's	/ˈbækɚz/
backers	/ˈbækɚz/
backes	/ˈbæks/
backfield	/ˈbækˌfild/
backfields	/ˈbækˌfildz/
backfire	/ˈbækˌfaɪɹ/
backfired	/ˈbækˌfaɪɚd/
backfires	/ˈbækˌfaɪɚz/
backfiring	/ˈbækˌfaɪɚɪŋ/
backgammon	/ˈbækˌɡæmən/
background	/ˈbækˌɡɹaʊnd/
backgrounds	/ˈbækˌɡɹaʊndz/
backhand	/ˈbækˌhænd/
backhanded	/ˈbækˌhændɪd/
backhaus	/ˈbækˌhaʊs/
backhoe	/ˈbækˌhoʊ/
backhoes	/ˈbækˌhoʊz/
backing	/ˈbækɪŋ/
backlash	/ˈbæˌklæʃ/
backlashes	/ˈbæˌklæʃəz/
backless	/ˈbækləs/
backlight	/ˈbæˌklaɪt/
backlights	/ˈbæˌklaɪts/
backlist	/ˈbæˌklɪst/
backlisted	/ˈbæˌklɪstɪd/
backlog	/ˈbæˌklɑɡ/
backlogged	/ˈbæˌklɑɡd/
backlogs	/ˈbæˌklɔɡz/
backlund	/ˈbæklənd/
backman	/ˈbækmən/
backpack	/ˈbækˌpæk/
backpacker	/ˈbækˌpækɚ/
backpacking	/ˈbækˌpækɪŋ/
backpacks	/ˈbækˌpæks/
backpedal	/ˈbækˌpɛdəl/
backpedaled	/ˈbækˌpɛdəld/
backpedaling	/ˈbækˌpɛdəlɪŋ/
backpedals	/ˈbækˌpɛdəlz/
backrest	/ˈbæˌkɹɛst/
backrests	/ˈbæˌkɹɛsts/
backroom	/ˈbæˌkɹum/
backrooms	/ˈbæˌkɹumz/
backs	/ˈbæks/
backsaw	/ˈbækˌsɑ/
backsaws	/ˈbækˌsɑz/
backseat	/bækˈsit/
backseats	/bækˈsits/
backset	/ˈbækˌsɛt/
backside	/ˈbækˌsaɪd/
backsides	/ˈbækˌsaɪdz/
backslap	/ˈbækˌslæp/
backslapping	/ˈbækˌslæpɪŋ/
backslash	/ˈbækˌslæʃ/
backslashes	/ˈbækˌslæʃəz/
backslide	/ˈbækˌslaɪd/
backsliding	/ˈbækˌslaɪdɪŋ/
backspin	/ˈbækspɪn/
backstage	/ˈbækˈsteɪdʒ/
backstairs	/ˈbækˌstɛɹz/
backstitch	/ˈbækstɪtʃ/
backstitches	/ˈbækstɪtʃəz/
backstop	/ˈbækˌstɑp/
backstreet	/ˈbækˌstit/
backstreets	/ˈbækˌstits/
backstroke	/ˈbækˌstɹoʊk/
backstrom	/ˈbækstɹəm/
backtrack	/ˈbækˌtɹæk/
backtracked	/ˈbækˌtɹækt/
backtracking	/ˈbækˌtɹækɪŋ/
backtracks	/ˈbækˌtɹæks/
backup	/ˈbæˌkʌp/
backups	/ˈbæˌkʌps/
backus	/ˈbækəs/
backward	/ˈbækwɚd/
backwardation	/ˌbækwɚˈdeɪʃən/
backwardness	/ˈbækwɚdnəs/
backwards	/ˈbækwɚdz/
backwash	/ˈbæˌkwɑʃ/
backwater	/ˈbæˌkwɔtɚ/
backwaters	/ˈbæˌkwɔtɚz/
backwoods	/ˈbæˈkwʊdz/
backwoodsman	/ˈbæˈkwʊdzmən/
backyard	/ˈbækˌjɑɹd/
backyards	/ˈbækˌjɑɹdz/
bacon	/ˈbeɪkən/
bacon's	/ˈbeɪkənz/
bacorn	/ˈbækɚn/
bacot	/ˈbækət/
bacote	/bəˈkoʊt/
bacteria	/bækˈtɪɹiə/
bacteria's	/bækˈtɪɹiəz/
bacterial	/bækˈtɪɹiəl/
bacteriology	/ˌbæktɪˌɹiˈɑlədʒi/
bacterium	/bækˈtɪɹiəm/
bacus	/ˈbækɪs/
bad	/ˈbæd/
bad-ass	/ˈbæˌdæs/
bada	/ˈbɑdə/
badal	/ˈbeɪdəl/
badalamenti	/bɑdɑlɑˈmɛnti/
badami	/bɑˈdɑmi/
badass	/ˈbæˌdæs/
badavatz	/ˈbædəˌvæts/
badders	/ˈbædɚz/
bade	/ˈbeɪd/
badeah	/bəˈdiə/
badeau	/bəˈdoʊ/
badeaux	/bəˈdoʊ/
badelain	/ˈbædəˌleɪn/
baden	/ˈbeɪdən/
baden's	/ˈbɑdənz/
bader	/ˈbædɚ/
badertscher	/ˈbædɚtʃɚ/
badge	/ˈbædʒ/
badger	/ˈbædʒɚ/
badger's	/ˈbædʒɚz/
badgered	/ˈbædʒɚd/
badgering	/ˈbædʒɚɪŋ/
badgers	/ˈbædʒɚz/
badges	/ˈbædʒɪz/
badgett	/ˈbædʒɪt/
badgley	/ˈbædʒli/
badia	/ˈbɑdiə/
badillo	/bəˈdɪloʊ/
badland	/ˈbædˌlænd/
badlands	/ˈbædˌlændz/
badley	/ˈbædli/
badly	/ˈbædli/
badman	/ˈbædmən/
badminton	/ˈbædˌmɪntən/
badmintons	/ˈbædˌmɪntənz/
badness	/ˈbædnəs/
badolato	/bɑdoʊˈlɑtoʊ/
badour	/bəˈdʊɹ/
badu	/bəˈdu/
badura	/bɑˈdʊɹə/
bady	/ˈbeɪdi/
bae	/ˈbaɪ/
baechle	/ˈbɛkəl/
baecker	/ˈbɛkɚ/
baedeker	/ˈbeɪdəkɚ/
baedeker's	/ˈbeɪdəkɚz/
baehr	/ˈbiɹ/
baek	/ˈbik/
baer	/ˈbɛɹ/
baerwald	/ˈbɛɹwɔld/
baeten	/ˈbɛtən/
baetjer	/ˈbɛtdʒɚ/
baetz	/ˈbits/
baez	/baɪˈɛz/
baeza	/ˈbizə/
baffa	/ˈbæfə/
baffle	/ˈbæfəl/
baffled	/ˈbæfəld/
baffles	/ˈbæfəlz/
baffling	/ˈbæfəlɪŋ/
bafokeng	/ˈbæfoʊˌkɛŋ/
bag	/ˈbæɡ/
bagan	/ˈbeɪɡən/
bagby	/ˈbæɡbi/
bagdad	/ˈbæɡdæd/
bagdasarian	/ˌbæɡdəˈsɛɹiən/
bagdikian	/ˌbæɡˈdɪkiən/
bagdon	/ˈbæɡdən/
bagdonas	/ˈbæɡdənəz/
bagel	/ˈbeɪɡəl/
bageland	/ˈbeɪɡəlænd/
bagels	/ˈbeɪɡəlz/
bagent	/ˈbeɪdʒənt/
bagful	/ˈbæɡˌfʊl/
bagg	/ˈbæɡ/
baggage	/ˈbæɡədʒ/
bagge	/ˈbæɡ/
bagged	/ˈbæɡd/
baggerly	/ˈbæɡɚli/
baggett	/ˈbæɡɪt/
baggie	/ˈbæɡi/
bagginess	/ˈbæɡinəs/
bagging	/ˈbæɡɪŋ/
baggio	/ˈbɑdʒioʊ/
baggio's	/ˈbɑdʒioʊz/
baggott	/ˈbæɡət/
baggs	/ˈbæɡz/
baggy	/ˈbæɡi/
baghdad	/ˈbæɡdæd/
baghdad's	/ˈbæɡdædz/
baghli	/ˈbæɡli/
baginski	/bəˈɡɪnski/
bagley	/ˈbæɡli/
baglio	/ˈbæɡlioʊ/
bagman	/ˈbæɡmən/
bagnall	/ˈbæɡnəl/
bagnato	/bɑɡˈnɑtoʊ/
bagnell	/ˈbæɡnəl/
bagpipe	/ˈbæɡˌpaɪp/
bagpiper	/ˈbæɡˌpaɪpɚ/
bagpipes	/ˈbæɡˌpaɪps/
bags	/ˈbæɡz/
bagsby	/ˈbæɡzbi/
bagshaw	/ˈbæɡˌʃɔ/
baguette	/ˌbæˈɡɛt/
bagwell	/ˈbæˌɡwɛl/
bah	/ˈbɑ/
baha'is	/ˈbɑhɑˌɪz/
baham	/ˈbɑəm/
bahama	/bəˈhɑmə/
bahamas	/bəˈhɑməz/
bahamian	/bəˈheɪmiən/
bahan	/ˈbæhən/
bahe	/ˈbeɪh/
bahena	/ˈbæhɪnə/
bahia	/ˈbɑhiə/
bahir	/bəˈhɪɹ/
bahl	/ˈbɑl/
bahler	/ˈbɑlɚ/
bahls	/ˈbɑlz/
bahm	/ˈbæm/
bahman	/ˈbɑmən/
bahn	/ˈbæn/
bahner	/ˈbɑnɚ/
bahnhof	/ˌbɑnˈhɔf/
bahnsen	/ˈbɑnsən/
bahr	/ˈbɛɹ/
bahrain	/bɑˈɹeɪn/
bahrain's	/bɑˈɹeɪnz/
bahraini	/bɚˈeɪni/
bahrainian	/bɚˈeɪniən/
bahrainis	/bɚˈeɪniz/
bahre	/ˈbɑɹ/
bahrenburg	/ˈbɑɹənbɚɡ/
baht	/ˈbɑt/
baidoa	/ˌbaɪˈdoʊə/
baidoa's	/ˌbaɪˈdoʊəz/
baidoan	/ˌbaɪˈdoʊən/
baidoan's	/ˌbaɪˈdoʊənz/
baidoans	/ˌbaɪˈdoʊənz/
baidoas	/ˌbaɪˈdoʊəz/
baie	/ˈbaɪi/
baier	/ˈbeɪɚ/
baig	/ˈbeɪɡ/
baikonur	/ˈbaɪkəˌnɔɹ/
bail	/ˈbeɪl/
baila	/ˈbaɪlə/
bailard	/ˈbeɪlɚd/
bailby	/ˈbeɪlbi/
baile	/ˈbeɪl/
bailed	/ˈbeɪld/
bailer	/ˈbeɪlɚ/
bailes	/ˈbeɪlz/
bailey	/ˈbeɪli/
bailey's	/ˈbeɪliz/
baileys	/ˈbeɪliz/
bailie	/ˈbeɪli/
bailiff	/ˈbeɪləf/
bailiffs	/ˈbeɪləfs/
bailin	/ˈbeɪlɪn/
bailing	/ˈbeɪlɪŋ/
bailiwick	/ˈbeɪlɪˌwɪk/
baillargeon	/bəˈlɑɹdʒɪn/
baillie	/ˈbeɪli/
bailly	/ˈbeɪli/
bailon	/ˈbeɪlən/
bailor	/ˈbeɪlɚ/
bailout	/ˈbeɪˌlaʊt/
bailouts	/ˈbeɪˌlaʊts/
bails	/ˈbeɪlz/
baily	/ˈbeɪli/
bailyn	/ˈbeɪlɪn/
baim	/ˈbeɪm/
bain	/ˈbeɪn/
bain's	/ˈbeɪnz/
bainbridge	/ˈbeɪnbɹɪdʒ/
bainbridge's	/ˈbeɪnbɹɪdʒəz/
baine	/ˈbeɪn/
bainerd	/ˈbeɪnɚd/
baines	/ˈbeɪnz/
bains	/ˈbeɪnz/
bainter	/ˈbeɪntɚ/
bainton	/ˈbeɪntən/
baio	/ˈbɑioʊ/
bair	/ˈbɛɹ/
baird	/ˈbɛɹd/
baird's	/ˈbɛɹdz/
bairnco	/ˈbɛɹnkoʊ/
baisch	/ˈbaɪʃ/
baisden	/ˈbeɪsdən/
baise	/ˈbeɪz/
baisley	/ˈbeɪzli/
bait	/ˈbeɪt/
baited	/ˈbeɪtɪd/
baiting	/ˈbeɪtɪŋ/
baits	/ˈbeɪts/
baity	/ˈbeɪti/
baiul	/ˌbaɪˈul/
baiul's	/ˌbaɪˈulz/
baize	/ˈbeɪz/
baja	/ˈbɑˌhɑ/
bajarin	/ˈbædʒɚɪn/
bajema	/bɑˈjeɪmə/
bajorek	/ˈbædʒɚɛk/
bak	/ˈbæk/
baka	/ˈbɑkə/
bakalar	/ˈbækəlɚ/
bake	/ˈbeɪk/
bake-off	/ˈbeɪˈkɔf/
bake-offs	/ˈbeɪˈkɔfs/
baked	/ˈbeɪkt/
bakelman	/ˈbeɪkəlmən/
bakeman	/ˈbeɪkmən/
baker	/ˈbeɪkɚ/
baker's	/ˈbeɪkɚz/
bakeries	/ˈbeɪkɚiz/
bakers	/ˈbeɪkɚz/
bakersfield	/ˈbeɪkɚzˌfild/
bakery	/ˈbeɪkɚi/
bakes	/ˈbeɪks/
bakeware	/ˈbeɪˌkwɛɹ/
bakewell	/ˈbeɪˌkwɛl/
bakey	/ˈbeɪki/
bakey's	/ˈbeɪkiz/
baking	/ˈbeɪkɪŋ/
bakke	/ˈbæk/
bakken	/ˈbækən/
bakker	/ˈbækɚ/
bakker's	/ˈbækɚz/
bakkers	/ˈbækɚz/
bakley	/ˈbækli/
bakos	/ˈbɑkoʊz/
bakowski	/bəˈkɔfski/
bakrewali	/bækɹəˈwɑli/
bakrie	/ˈbækɹaɪ/
bakshi	/ˈbækʃi/
bakst	/ˈbækst/
baku	/bɑˈku/
bakula	/bəˈkulə/
bal	/ˈbæl/
bala	/ˈbɑlə/
balaban	/bɑlɑˈbɑn/
balaclava	/ˌbɑlɑˈklɑvɑ/
balaclavas	/ˌbɑlɑˈklɑvɑz/
balaguer	/ˈbæləɡɚ/
balak	/ˌbɑlək/
balakumar	/ˌbɑləkuˈmɑɹ/
balan	/ˈbeɪlən/
balance	/ˈbæləns/
balanced	/ˈbælənst/
balancer	/ˈbælənsɚ/
balances	/ˈbælənsəz/
balanchine	/ˈbælənˌtʃin/
balanchine's	/ˈbælənˌtʃinz/
balancing	/ˈbælənsɪŋ/
balart	/ˈbælɑɹt/
balas	/ˈbæləs/
balash	/ˈbæləʃ/
balata	/ˈbælətə/
balazs	/ˈbɔləʃ/
balbach	/ˈbælbɑk/
balbi	/ˈbælbi/
balbina	/bɑlˈbinə/
balbo	/ˈbælboʊ/
balboa	/bɑlˈboʊə/
balboni	/bɑlˈboʊni/
balbriggan	/bælˈbɹɪɡən/
balbriggans	/bælˈbɹɪɡənz/
balcer	/ˈbeɪlsɚ/
balcerowicz	/bælˈsɛɹəwɪts/
balcerzak	/bəlˈtʃɝzək/
balch	/ˈbæltʃ/
balchunas	/ˈbælkunəz/
balcom	/ˈbælkəm/
balconies	/ˈbælkəniz/
balcony	/ˈbælkəni/
balcor	/ˈbælkɔɹ/
bald	/ˈbɔld/
baldassare	/bɑldɑˈsɑɹi/
baldassari	/bɑldɑˈsɑɹi/
baldassarre	/bɔldəˈsɑɹi/
baldauf	/ˈbældaʊf/
baldelli	/bɑlˈdɛli/
baldemar	/bɑldeɪˈmɑɹ/
balder	/ˈbɔldɚ/
balderas	/ˈbældɚəz/
balderdash	/ˈbɔldɚˌdæʃ/
balderrama	/bɑldɛˈɹɑmə/
balderson	/ˈbældɚsən/
balderston	/ˈbældɚstən/
baldev	/ˈbɑlˌdɛv/
baldez	/ˌbɑlˈdɛz/
baldi	/ˈbɑldi/
balding	/ˈbɔldɪŋ/
baldinger	/ˈbɔldɪŋɚ/
baldini	/bɑlˈdini/
baldini's	/bɑlˈdiniz/
baldino	/bɑlˈdinoʊ/
baldly	/ˈbɔldli/
baldner	/ˈbældnɚ/
baldness	/ˈbɔldnəs/
baldo	/ˈbɑldoʊ/
baldock	/ˈbældək/
baldonado	/bɑldoʊˈnɑdoʊ/
baldoni	/bɑlˈdoʊni/
baldor	/ˈbɔldɚ/
baldree	/bəlˈdɹi/
baldric	/ˈbældɹɪk/
baldridge	/ˈbældɹɪdʒ/
baldrige	/ˈbɔldɹɪdʒ/
baldry	/ˈbɔldɹi/
balducci	/bɑlˈdutʃi/
baldur	/bɑlˈdʊɹ/
baldus	/ˈbɑldɪs/
baldwin	/ˈbɔldwən/
baldwin's	/ˈbɔldwənz/
baldyga	/ˈbɑldiɡə/
bale	/ˈbeɪl/
baleen	/bəˈlin/
baleful	/ˈbeɪlfəl/
balentine	/bɑlɛnˈtini/
baler	/ˈbeɪlɚ/
bales	/ˈbeɪlz/
balestra	/bəˈlɛstɹə/
balestrieri	/bɑlɛˈstɹɪɹi/
baley	/ˈbeɪli/
balfanz	/ˈbɑlfɑnz/
balfe	/ˈbeɪlf/
balfour	/ˈbælfɔɹ/
bali	/ˈbɑli/
balian	/ˈbeɪliən/
balicki	/bəˈlɪki/
balik	/ˈbɑlɪk/
balilan	/bəˈlɪlən/
baliles	/bəˈlilɛz/
balin	/ˈbælɪn/
balinese	/ˌbælɪˈniz/
baling	/ˈbeɪlɪŋ/
balinski	/bəˈlɪnski/
balint	/ˈbɑlint/
balis	/ˈbɑliz/
balistreri	/bɑliˈstɹɛɹi/
balk	/ˈbɔk/
balkan	/ˈbɔlkən/
balkanization	/ˌbɔlkənɪˈzeɪʃən/
balkanize	/ˈbɔlkəˌnaɪz/
balkanized	/ˈbɔlkəˌnaɪzd/
balkans	/ˈbɔlkənz/
balkcom	/ˈbælkəm/
balke	/ˈbeɪlk/
balked	/ˈbɔkt/
balkin	/ˈbælkɪn/
balking	/ˈbɔkɪŋ/
balko	/ˈbælkoʊ/
balks	/ˈbɔks/
balky	/ˈbɔki/
ball	/ˈbɔl/
ball's	/ˈbɔlz/
balla	/ˈbælə/
ballad	/ˈbæləd/
ballade	/bəˈlɑd/
ballads	/ˈbælədz/
balladur	/ˈbælədɚ/
balladur's	/ˈbælədɚz/
ballance	/ˈbɑləns/
ballantine	/ˈbælənˌtaɪn/
ballantrae	/ˈbælənˌtɹeɪ/
ballantyne	/bəˈlæntaɪn/
ballard	/ˈbælɚd/
ballard's	/ˈbælɚdz/
ballas	/ˈbæləz/
ballast	/ˈbæləst/
ballasts	/ˈbæləsts/
ballclub	/ˈbɔlkləb/
ballcock	/ˈbɔlˈkɑk/
ballcocks	/ˈbɔlˈkɑks/
balle	/ˈbeɪl/
balled	/ˈbɔld/
ballengee	/bəˈlɛŋɡi/
ballenger	/ˈbælɪndʒɚ/
ballentine	/bɑlɛnˈtini/
baller	/ˈbɔlɚ/
ballerina	/ˌbælɚˈinə/
ballerinas	/ˌbælɚˈinəz/
balles	/ˈbeɪlz/
ballester	/ˈbælɪstɚ/
ballesteros	/ˈbælɪstɚoʊz/
ballet	/bæˈleɪ/
ballet's	/bæˈleɪz/
ballets	/bæˈleɪz/
balletto	/ˌbæˈlɛtoʊ/
ballew	/ˈbælu/
ballgame	/bɔlˈɡeɪm/
balli	/ˈbæli/
balliet	/ˈbæliɪt/
balliett	/ˈbæˌlit/
ballin	/ˈbælɪn/
balling	/ˈbɔlɪŋ/
ballinger	/ˈbɔˌlɪndʒɚ/
ballistic	/bəˈlɪstɪk/
ballistics	/bəˈlɪstɪks/
balliwick	/ˈbæləˌwɪk/
ballman	/ˈbɔlmən/
ballmer	/ˈbælmɚ/
ballo	/ˈbæloʊ/
ballon	/ˈbælən/
balloon	/bəˈlun/
ballooned	/bəˈlund/
ballooning	/bəˈlunɪŋ/
balloonist	/bəˈlunɪst/
balloonists	/bəˈlunɪsts/
balloons	/bəˈlunz/
ballor	/ˈbɔlɚ/
ballot	/ˈbælət/
balloting	/ˈbælətɪŋ/
ballots	/ˈbæləts/
ballou	/bəˈlu/
ballow	/ˈbæloʊ/
ballowe	/ˈbælaʊ/
ballpark	/ˈbɔlˌpɑɹk/
ballparks	/ˈbɔlˌpɑɹks/
ballplayer	/ˈbɔlˌpleɪɚ/
ballplayers	/bɔlˈpleɪɚz/
ballpoint	/ˈbɔlpɔɪnt/
ballpoints	/ˈbɔlpɔɪnts/
ballroom	/ˈbɔlˌɹum/
ballrooms	/ˈbɔlˌɹumz/
balls	/ˈbɔlz/
ballweg	/ˈbælwɪɡ/
ballwig	/ˈbɑlwɪɡ/
ballwig's	/ˈbɑlwɪɡz/
bally	/ˈbæli/
bally's	/ˈbæliz/
ballyhoo	/ˈbæliˈhu/
ballyhooed	/ˈbæliˈhud/
balm	/ˈbɑm/
balmer	/ˈbɑmɚ/
balmes	/ˈbɑlmɛs/
balmoral	/bælˈmɔɹəl/
balmorals	/bælˈmɔɹəlz/
balms	/ˈbɑmz/
balmy	/ˈbɑmi/
balodia	/bəˈloʊdiə/
balog	/ˈbælɔɡ/
baloga	/bɑˈloʊɡə/
balogh	/ˈbæloʊ/
balon	/bɑˈlɔn/
baloney	/bəˈloʊni/
balow	/ˈbæloʊ/
balsa	/ˈbɔlsə/
balsam	/ˈbɔlsəm/
balsamic	/ˌbɑlˈsɑmɪk/
balsamo	/bɑlˈsɑmoʊ/
balsbaugh	/ˈbɔlzˌbɔ/
balser	/ˈbeɪlsɚ/
balsiger	/ˈbælsɪɡɚ/
balsley	/ˈbælsli/
balster	/ˈbælstɚ/
balt's	/ˈbɔlts/
baltazar	/bɑltɑˈzɑɹ/
balter	/ˈbɔltɚ/
baltes	/ˈbeɪlts/
balthasar	/ˈbælθəsɚ/
balthaser	/ˈbælθəsɚ/
balthazar	/ˈbælθəzɚ/
balthazor	/bɑlθɑˈzɔɹ/
balthrop	/ˈbælθɹəp/
baltic	/ˈbɔltɪk/
baltica	/ˈbæltɪkə/
baltics	/ˈbɔltɪks/
baltierra	/bɑlˈtɪɹə/
baltimore	/ˈbɔltəˌmɔɹ/
baltimore's	/ˈbɔltəˌmɔɹz/
balto	/ˈbɑltoʊ/
baltodano	/ˌbɔltoʊˈdɑnoʊ/
baltsa	/ˈbɔltsə/
baltz	/ˈbælts/
baltzell	/ˈbæltzəl/
baltzer	/ˈbæltzɚ/
baluchi	/bəˈlutʃi/
baluja	/bəˈludʒə/
balukas	/bəˈlukəz/
balyeat	/ˌbæliˈæt/
balz	/ˈbɔlz/
balzac	/bɑlˈzæk/
balzano	/bɑlˈzɑnoʊ/
balzarini	/bɑlzɑˈɹini/
balzer	/ˈbeɪlzɚ/
bam	/ˈbæm/
bamako	/ˈbæməkoʊ/
bamba	/ˈbæmbə/
bambach	/ˈbæmˌbɑk/
bambenek	/bæmˈbɛnɛk/
bamber	/ˈbæmbɚ/
bamberg	/ˈbæmbɚɡ/
bamberger	/ˈbæmbɚɡɚ/
bambi	/ˈbæmbi/
bambino	/ˌbæmˈbinoʊ/
bambinos	/ˌbæmˈbinoʊz/
bamboo	/bæmˈbu/
bambrick	/ˈbæmbɹɪk/
bamburg	/ˈbæmbɚɡ/
bame	/ˈbeɪm/
bamford	/ˈbæmfɚd/
bamut	/ˈbæmət/
ban	/ˈbæn/
ban's	/ˈbænz/
banacci	/bəˈnɑtʃi/
banach	/ˈbænək/
banal	/bəˈnɑl/
banalities	/bəˈnælɪtiz/
banality	/bəˈnælɪti/
banamex	/ˈbænəˌmɛks/
banana	/bəˈnænə/
bananas	/bəˈnænəz/
banas	/ˈbænəz/
banasiak	/bəˈnɑsiæk/
banaszak	/bəˈnɑʃək/
banbury	/ˈbænˌbɛɹi/
banc	/ˈbæŋk/
banca	/ˈbæŋkə/
bancaire	/bænˈkɛɹ/
bancario	/bænˈkɛɹioʊ/
banco	/ˈbæŋkoʊ/
bancoklahoma	/bæŋˌkɑkləˈhoʊmə/
bancomer	/ˈbæŋkəmɚ/
bancor	/ˈbænˌkɔɹ/
bancorp	/ˈbæŋkɔɹp/
bancorp's	/ˈbæŋkɔɹps/
bancorporation	/ˈbænˌkɔɹpɚeɪʃən/
bancroft	/ˈbæŋkɹɔft/
bancroft's	/ˈbænˌkɹɔfts/
bancserve	/ˈbænksɚv/
bancshares	/ˈbæŋkʃɛɹz/
bancshares'	/bæŋkˈʃɛɹz/
banctec	/ˈbæŋkˌtɛk/
banctexas	/bæŋkˈtɛksəs/
band	/ˈbænd/
band's	/ˈbændz/
banda	/ˈbændə/
bandag	/ˈbænˌdæɡ/
bandage	/ˈbændɪdʒ/
bandaged	/ˈbændədʒd/
bandages	/ˈbændədʒəz/
bandai	/ˌbænˈdaɪ/
bandaid	/ˈbændeɪd/
bandana	/ˌbænˈdænə/
bandanas	/ˌbænˈdænəz/
bandar	/ˈbændɑɹ/
banded	/ˈbændɪd/
bandel	/ˈbændəl/
bandemer	/ˈbændimɚ/
bander	/ˈbændɚ/
banderas	/bænˈdɝəs/
bandicoot	/ˈbændɪˌkut/
bandicoots	/ˈbændɪˌkuts/
bandied	/ˈbændid/
banding	/ˈbændɪŋ/
bandit	/ˈbændət/
banditry	/ˈbændətɹi/
bandits	/ˈbændəts/
bandleader	/ˈbændlidɚ/
bandleaders	/ˈbændlidɚz/
bandolier	/ˌbændəˈlɪɹ/
bandoliers	/ˌbændəˈlɪɹz/
bandow	/ˈbænˌdaʊ/
bandow's	/ˈbænˌdaʊz/
bands	/ˈbændz/
bandshell	/bændˈʃɛl/
bandstand	/ˈbændˌstænd/
bandt	/ˈbænt/
banducci	/bɑnˈdutʃi/
bandwagon	/ˈbænˌdwæɡən/
bandwidth	/ˈbændwɪdθ/
bandy	/ˈbændi/
bane	/ˈbeɪn/
banegas	/ˈbænɪɡəz/
banerjee	/bəˈnɝdʒi/
banes	/ˈbeɪnz/
banesto	/bəˈnɛstoʊ/
banesto's	/bəˈnɛstoʊz/
banet	/ˈbænɪt/
baney	/ˈbeɪni/
banff	/ˈbænf/
banfield	/ˈbænˌfild/
banford	/ˈbænfɚd/
bang	/ˈbæŋ/
bangala	/bɑnˈɡɑlə/
bangalor	/ˈbæŋɡəˌlɔɹ/
bangalore	/ˈbæŋɡəˌlɔɹ/
bangalore's	/ˈbæŋɡəˌlɔɹz/
bange	/ˈbændʒ/
banged	/ˈbæŋd/
bangee	/ˈbændʒi/
bangemann	/ˈbæŋɡəmən/
banger	/ˈbæŋɚ/
bangers	/ˈbæŋɚz/
bangert	/ˈbeɪŋɡɚt/
bangerter	/ˈbeɪŋɡɚtɚ/
banghart	/ˈbæŋˌhɑɹt/
banging	/ˈbæŋɪŋ/
bangish	/ˈbæŋɪʃ/
bangkok	/bæŋˈkɑk/
bangkok's	/ˈbæŋkɑks/
bangla	/ˈbæŋˌlɑ/
bangladesh	/ˈbæŋləˌdɛʃ/
bangladesh's	/ˈbæŋləˌdɛʃɪz/
bangladeshi	/ˈbæŋləˌdɛʃi/
bangladeshi's	/ˈbæŋləˌdɛʃiz/
bangladeshis	/ˈbæŋləˌdɛʃiz/
bangle	/ˈbæŋɡəl/
bangles	/ˈbæŋɡəlz/
bango	/ˈbɑŋɡoʊ/
bangor	/ˈbæŋɡɚ/
bangs	/ˈbæŋz/
banh	/ˈbæn/
bania	/ˈbɑniə/
banick	/ˈbænɪk/
banik	/ˈbænɪk/
banis	/ˈbænɪs/
banish	/ˈbænɪʃ/
banished	/ˈbænɪʃt/
banishing	/ˈbænɪʃɪŋ/
banishment	/ˈbænɪʃmənt/
banister	/ˈbænɪstɚ/
banja	/ˈbɑnjə/
banjo	/ˈbænˌdʒoʊ/
bank	/ˈbæŋk/
bank's	/ˈbæŋks/
bankable	/ˈbæŋkəbəl/
bankamerica	/ˌbæŋkəˈmɛɹɪkə/
bankamerica's	/ˌbæŋkəˈmɛɹɪkəz/
bankatlantic	/ˌbæŋkətˈlæntɪk/
bankbook	/ˈbæŋkˌbʊk/
bankcard	/ˈbæŋˌkɑɹd/
bankcards	/ˈbæŋˌkɑɹdz/
bankcorp	/ˈbæŋˌkɔɹp/
banke	/ˈbæŋk/
bankeast	/ˌbæŋˈkist/
banked	/ˈbæŋkt/
banken	/ˈbæŋkən/
banker	/ˈbæŋkɚ/
banker's	/ˈbæŋkɚz/
bankers	/ˈbæŋkɚz/
bankers'	/ˈbæŋkɚz/
bankert	/ˈbæŋkɚt/
bankes	/ˈbæŋks/
bankey	/ˈbænˌki/
bankhead	/ˈbæŋkˌhɛd/
bankholding	/ˈbæŋkˌhoʊldɪŋ/
banking	/ˈbæŋkɪŋ/
banking's	/ˈbæŋkɪŋz/
banknote	/ˈbæŋkˌnoʊt/
banknotes	/ˈbæŋkˌnoʊts/
banko	/ˈbæŋkoʊ/
bankowski	/bəŋˈkɔfski/
bankroll	/ˈbæŋˌkɹoʊl/
bankrolled	/ˈbæŋˌkɹoʊld/
bankrolling	/ˈbæŋˌkɹoʊlɪŋ/
bankrolls	/ˈbæŋˌkɹoʊlz/
bankrupcty	/ˈbæŋkɹəptsi/
bankrupt	/ˈbæŋkɹəpt/
bankruptcies	/ˈbæŋkɹəptsiz/
bankruptcy	/ˈbæŋkɹəpsi/
bankruptcy's	/ˈbæŋkɹəpsiz/
bankrupted	/ˈbæŋkɹəptɪd/
bankrupting	/ˈbæŋˌkɹʌptɪŋ/
banks	/ˈbæŋks/
banks'	/ˈbæŋks/
banks's	/ˈbæŋksɪz/
bankshare	/ˈbæŋkˌʃɛɹ/
bankshares	/ˈbæŋkˌʃɛɹz/
bankson	/ˈbæŋksən/
bankston	/ˈbæŋkstən/
bankverein	/ˈbæŋkvɚˌaɪn/
bankvermont	/ˈbæŋkvɚˈmɑnt/
bankworcester	/ˈbæŋˈkwɝˌtʃɛstɚ/
bann	/ˈbæn/
bannan	/ˈbænən/
banned	/ˈbænd/
banner	/ˈbænɚ/
banner's	/ˈbænɚz/
bannerman	/ˈbænɚmən/
banners	/ˈbænɚz/
bannick	/ˈbænɪk/
banning	/ˈbænɪŋ/
bannings	/ˈbænɪŋz/
bannister	/ˈbænəstɚ/
bannon	/ˈbænən/
banos	/ˈbɑnoʊz/
banoun	/bəˈnun/
banpais	/ˌbænˈpeɪ/
banponce	/ˈbænpɑns/
banque	/ˈbæŋk/
banquet	/ˈbæŋkwət/
banquets	/ˈbæŋkwəts/
banquo's	/ˈbæŋkwoʊz/
bans	/ˈbænz/
bansal	/bɑnˈsɑl/
banshee	/bænˈʃi/
banta	/ˈbæntə/
bantam	/ˈbæntəm/
bantam's	/ˈbæntəmz/
bantams	/ˈbæntəmz/
banter	/ˈbæntɚ/
bantered	/ˈbæntɚd/
bantering	/ˈbæntɚɪŋ/
bantle	/ˈbæntəl/
banton	/ˈbæntən/
bantu	/ˈbæntu/
bantz	/ˈbænts/
banuelos	/bɑnˈwɛloʊz/
banville	/ˈbɑnvɪl/
banwart	/ˈbænˌwɔɹt/
banxquote	/ˈbæŋkˌskwoʊt/
banya	/ˈbɑnjə/
banyaluca	/ˈbænjəˌlukə/
banyan	/ˈbænjən/
banyas	/ˈbɑnjəz/
banyu	/ˈbɑnˌju/
banzhaf	/ˈbænzhəf/
bao	/ˈbaʊ/
baoguang	/ˈbɑɔˌɡwæŋ/
bapley	/ˈbæpli/
bapna	/ˈbɑpnə/
baptism	/ˈbæptɪzəm/
baptismal	/bæpˈtɪzməl/
baptisms	/ˈbæpˌtɪzəmz/
baptist	/ˈbæptəst/
baptista	/ˌbæpˈtɪstə/
baptiste	/bəpˈtɪst/
baptistery	/ˈbæptəstɹi/
baptists	/ˈbæptəsts/
baptize	/bæpˈtaɪz/
baptized	/bæpˈtaɪzd/
bar	/ˈbɑɹ/
bar-mitzvah	/ˈbɑɹˈmɪtsvə/
bar's	/ˈbɑɹz/
bara	/ˈbɑɹə/
barabar	/ˈbɛɹəbɑɹ/
barach	/bəˈɹɑk/
barack	/ˈbɑɹək/
baraff	/bɑˈɹɑf/
baragi	/bəˈɹɑɡi/
barahona	/ˌbæɹəˈhoʊnə/
barajas	/bɑˈɹɑjɑz/
barak	/ˈbɑɹək/
barakat	/ˈbɑɹəˌkɑt/
baram	/ˈbɛɹæm/
baran	/bɑˈɹɑn/
baranek	/ˈbæɹənɪk/
baranoski	/bɚəˈnaʊski/
baranowski	/bɚəˈnɔfski/
baranski	/bɚˈænski/
barany	/bɚˈɔni/
barasch	/ˈbæɹəʃ/
barash	/ˈbæɹəʃ/
barath	/ˈbæɹəθ/
baratta	/bɑˈɹɑtə/
barb	/ˈbɑɹb/
barb's	/ˈbɑɹbz/
barba	/ˈbɑɹbə/
barbados	/bɑɹˈbeɪdoʊs/
barbagallo	/ˌbɑɹbəˈɡæloʊ/
barbakow	/ˈbɑɹbəˌkaʊ/
barbanel	/ˈbɑɹbənəl/
barbano	/bɑɹˈbɑnoʊ/
barbara	/ˈbɑɹbɚə/
barbara's	/ˈbɑɹbɚəz/
barbaree	/ˈbɑɹbɚˈi/
barbarian	/bɑɹˈbɛɹiən/
barbarians	/bɑɹˈbɛɹiənz/
barbaric	/bɑɹˈbæɹɪk/
barbarino	/bɑɹbɑˈɹinoʊ/
barbarism	/ˈbɑɹbɚˌɪzəm/
barbarity	/bɑɹˈbæɹəti/
barbaro	/bɑɹˈbɑɹoʊ/
barbarous	/ˈbɑɹbɚəs/
barbary	/ˈbɑɹbɚi/
barbash	/ˈbɑɹˌbæʃ/
barbato	/bɑɹˈbɑtoʊ/
barbe	/ˈbɑɹb/
barbeau	/bɑɹˈboʊ/
barbecue	/ˈbɑɹbɪkˌju/
barbecue's	/ˈbɑɹbɪkˌjuz/
barbecued	/ˈbɑɹbɪkˌjud/
barbecueing	/ˈbɑɹbɪkˌjuɪŋ/
barbecues	/ˈbɑɹbɪkˌjuz/
barbecuing	/ˈbɑɹbɪkˌjuɪŋ/
barbed	/ˈbɑɹbd/
barbed-wire	/ˈbɑɹbˈdwaɪɹ/
barbee	/ˈbɑɹˈbi/
barbel	/ˈbɑɹˌbɛl/
barbell	/ˈbɑɹˌbɛl/
barbella	/ˌbɑɹˈbɛlə/
barbells	/ˈbɑɹˌbɛlz/
barbels	/ˈbɑɹbəlz/
barbeque	/ˈbɑɹbɪkˌju/
barbequed	/ˈbɑɹbɪkˌjud/
barbequeing	/ˈbɑɹbɪkˌjuɪŋ/
barbeques	/ˈbɑɹbɪkˌjuz/
barber	/ˈbɑɹbɚ/
barber's	/ˈbɑɹbɚz/
barbera	/bɑɹˈbɛɹə/
barberi	/bɑɹˈbɛɹi/
barberio	/ˌbɑɹˈbiɹioʊ/
barberis	/ˈbɑɹbɚɪs/
barbero	/bɑɹˈbɛɹoʊ/
barbers	/ˈbɑɹbɚz/
barbershop	/ˈbɑɹbɚˌʃɑp/
barbette	/bɑɹˈbɛt/
barbian	/ˈbɑɹbiən/
barbie	/ˈbɑɹbi/
barbie's	/ˈbɑɹbiz/
barbier	/ˈbɑɹbiɚ/
barbieri	/bɑɹˈbɪɹi/
barbieri's	/bɑɹˈbɪɹiz/
barbies	/ˈbɑɹbiz/
barbin	/ˈbɑɹbɪn/
barbiturate	/bɑɹˈbɪtʃɚət/
barbiturates	/bɑɹˈbɪtʃɚəts/
barbo	/ˈbɑɹboʊ/
barbone	/ˈbɑɹˌboʊn/
barbosa	/bɑɹˈboʊsə/
barbour	/ˈbɑɹbɚ/
barbour's	/ˈbɑɹbɚz/
barboursville	/ˈbɑbɚzvɪl/
barboza	/bɑɹˈboʊzə/
barbra	/ˈbɑɹbɹə/
barbre	/ˈbɑɹbɚ/
barbs	/ˈbɑɹbz/
barbuda	/bɑɹˈbudə/
barby	/ˈbɑɹbi/
barca	/ˈbɑɹkə/
barcella	/ˌbɑɹˈsɛlə/
barcellos	/bɑɹˈsɛloʊz/
barcelo	/bɑɹˈtʃɛloʊ/
barcelona	/ˌbɑɹsɪˈloʊnə/
barcenas	/ˈbɑɹsɪnəz/
barch	/ˈbɑɹk/
barchefsky	/bɑˈtʃɛfski/
barcia	/ˈbɑɹtʃə/
barclay	/ˈbɑɹˌkleɪ/
barclay's	/ˈbɑɹkliz/
barclays	/ˈbɑɹkliz/
barclays'	/ˈbɑɹkliz/
barclays's	/ˈbɑɹˌklizɪz/
barclift	/ˈbɑɹklɪft/
barco	/ˈbɑɹkoʊ/
barco's	/ˈbɑɹkoʊz/
barcomb	/ˈbɑɹkəm/
barcroft	/ˈbɑɹˌkɹɔft/
barcus	/ˈbɑɹkəs/
barczak	/ˈbɑɹtʃæk/
bard	/ˈbɑɹd/
bard's	/ˈbɑɹdz/
bardell	/bɑɹˈdɛl/
barden	/ˈbɑɹdən/
bardera	/ˌbɑɹˈdɛɹə/
bardin	/ˈbɑɹdɪn/
bardo	/ˈbɑɹdoʊ/
bardolf	/ˈbɑɹˌdoʊlf/
bardolph	/ˈbɑɹdɑlf/
bardon	/bɑɹˈdɔn/
bardrick	/ˈbɑɹdɹɪk/
bardsley	/ˈbɑɹdsli/
bardulf	/ˈbɑɹdəlf/
bardulph	/ˈbɑɹdəlf/
bardwell	/ˈbɑɹˌdwɛl/
bare	/ˈbɛɹ/
bared	/ˈbɛɹd/
barefield	/ˈbæɹɪfild/
barefoot	/ˈbɛɹˌfʊt/
bareis	/ˈbæɹaɪz/
barela	/bɑˈɹɛlə/
barely	/ˈbɛɹli/
barenboim	/ˈbɛɹənˌbɔɪm/
barenboim's	/ˈbɛɹənˌbɔɪmz/
barens	/ˈbɛɹənz/
barentine	/bɑɹɛnˈtini/
barents	/ˈbɛɹənts/
bares	/ˈbɛɹz/
barest	/ˈbɛɹəst/
barey	/ˈbɛɹi/
barf	/ˈbɑɹf/
barfield	/ˈbɑɹˌfild/
barfknecht	/ˈbɑɹfknɛkt/
barfoot	/ˈbɑɹˌfʊt/
barfuss	/ˈbɑɹˌfʌs/
barg	/ˈbɑɹɡ/
barga	/ˈbɑɹɡə/
bargain	/ˈbɑɹɡən/
bargained	/ˈbɑɹɡənd/
bargainer	/ˈbɑɹɡɪnɚ/
bargainers	/ˈbɑɹɡɪnɚz/
bargaining	/ˈbɑɹɡɪnɪŋ/
bargains	/ˈbɑɹɡənz/
barganier	/ˈbɑɹɡəniɚ/
bargar	/bɑɹˈɡɑɹ/
bargas	/ˈbɑɹɡəz/
barge	/ˈbɑɹdʒ/
barged	/ˈbɑɹdʒd/
barger	/ˈbɑɹdʒɚ/
bargeron	/ˈbɑɹɡɚən/
barges	/ˈbɑɹdʒəz/
barging	/ˈbɑɹdʒɪŋ/
bargman	/ˈbɑɹɡmən/
bargmann	/ˈbɑɹɡmən/
bargo	/ˈbɑɹˌɡoʊ/
barham	/ˈbɑɹhəm/
barhorst	/ˈbɑɹhɔɹst/
bari	/ˈbɑɹi/
bari's	/ˈbɑɹiz/
baribeau	/ˈbæɹɪboʊ/
barich	/ˈbæɹɪk/
baril	/ˈbɛɹəl/
barile	/ˈbɑɹəl/
barillari	/ˌbɛɹɪˈlɛɹi/
barillari's	/ˌbɛɹɪˈlɛɹiz/
barillo	/bɚˈɪloʊ/
barinco	/bɚˈɪŋˌkoʊ/
baring	/ˈbɛɹɪŋ/
baring's	/ˈbɛɹɪŋz/
baringer	/ˈbɛɹɪŋɚ/
barings	/ˈbɛɹɪŋz/
barings'	/ˈbɛɹɪŋz/
baris	/ˈbɑɹiz/
barish	/ˈbɛɹɪʃ/
barista	/bɑˈɹistə/
baristas	/bɑˈɹistəz/
barite	/ˈbɛɹaɪt/
barites	/ˈbɛɹaɪts/
baritone	/ˈbɛɹəˌtoʊn/
baritones	/ˈbɛɹəˌtoʊnz/
barium	/ˈbɛɹiəm/
bark	/ˈbɑɹk/
barkai	/bɑɹˈkaɪ/
barkalow	/ˈbɑɹkəˌloʊ/
barkan	/ˈbɑɹkən/
barkdoll	/ˈbɑɹkdəl/
barkdull	/ˈbɑɹkdəl/
barke	/ˈbɑɹk/
barked	/ˈbɑɹkt/
barkeley	/ˈbɑɹkli/
barker	/ˈbɑɹkɚ/
barkers	/ˈbɑɹkɚz/
barkes	/ˈbɑɹks/
barkett	/ˈbɑɹkɪt/
barkey	/ˈbɑɹˌki/
barkhurst	/ˈbɑɹkhɚst/
barkin	/ˈbɑɹkɪn/
barking	/ˈbɑɹkɪŋ/
barkley	/ˈbɑɹkli/
barklow	/ˈbɑɹˌkloʊ/
barkman	/ˈbɑɹkmən/
barko	/ˈbɑɹkoʊ/
barkocy	/ˈbɑɹkəsi/
barkow	/ˈbɑɹkoʊ/
barks	/ˈbɑɹks/
barksdale	/ˈbɑɹksˌdeɪl/
barkshire	/ˈbɑɹkˌʃaɪɹ/
barkus	/ˈbɑɹkəs/
barlage	/ˈbɑɹlɪdʒ/
barlett	/ˈbɑɹlɪt/
barletta	/bɑɹˈlɛtə/
barlettesville	/ˈbɑɹlətsˌvɪl/
barley	/ˈbɑɹli/
barloon	/bɑɹˈlun/
barlow	/ˈbɑɹˌloʊ/
barlowe	/ˈbɑɹˌloʊ/
barman	/ˈbɑɹmən/
barmore	/ˈbɑɹmɔɹ/
barn	/ˈbɑɹn/
barna	/ˈbɑɹnə/
barnabas	/ˈbɑɹnəbəs/
barnaby	/ˈbɑɹnəbi/
barnaby's	/ˈbɑɹnəbiz/
barnacle	/ˈbɑɹnəkəl/
barnacles	/ˈbɑɹnəkəlz/
barnard	/ˈbɑɹnɑɹd/
barnard's	/ˈbɑɹnɑɹdz/
barnards	/ˈbɑɹnɚdz/
barnas	/ˈbɑɹnəz/
barndt	/ˈbɑɹnt/
barnell	/ˈbɑɹnəl/
barner	/ˈbɑɹnɚ/
barnes	/ˈbɑɹnz/
barnet	/ˈbɑɹnɪt/
barnett	/bɑɹˈnɛt/
barnett's	/bɑɹˈnɛts/
barnette	/ˈbɑɹˈnɛt/
barnevik	/bɑɹˈnɛvɪk/
barney	/ˈbɑɹni/
barney's	/ˈbɑɹniz/
barneys	/ˈbɑɹniz/
barnfield	/ˈbɑɹnˌfild/
barnhard	/ˈbɑɹnˌhɑɹd/
barnhardt	/ˈbɑɹnˌhɑɹt/
barnhart	/ˈbɑɹnˌhɑɹt/
barnhill	/ˈbɑɹnˌhɪl/
barnhouse	/ˈbɑɹnˌhaʊs/
barnick	/ˈbɑɹnɪk/
barnicle	/ˈbɑɹnɪkəl/
barnish	/ˈbɑɹnɪʃ/
barno	/ˈbɑɹnoʊ/
barnowski	/bɑɹˈnaʊski/
barns	/ˈbɑɹnz/
barnstorm	/ˈbɑɹnˌstɔɹm/
barnstorming	/ˈbɑɹnˌstɔɹmɪŋ/
barnum	/ˈbɑɹnəm/
barnwell	/ˈbɑɹnˌwɛl/
barny	/ˈbɑɹni/
barnyard	/ˈbɑɹnˌjɑɹd/
baro	/ˈbɑɹoʊ/
baroid	/bɚˈɔɪd/
barometer	/bɚˈɑmɪtɚ/
barometers	/bɚˈɑmɪtɚz/
barometric	/ˌbæɹəˈmɛtɹɪk/
baron	/ˈbæɹən/
baron's	/ˈbæɹənz/
barone	/bɚˈoʊn/
barone's	/bɚˈoʊnz/
baroness	/ˈbɛɹənɪs/
baronet	/ˈbɛɹənət/
baronets	/ˈbɛɹənəts/
baroni	/bɑˈɹoʊni/
barons	/ˈbæɹənz/
baroody	/bɚˈudi/
baroque	/bɚˈoʊk/
baros	/ˈbɑɹoʊz/
barovic	/ˈbɛɹəvɪk/
barovsky	/bɚˈɑvski/
barr	/ˈbɑɹ/
barr's	/ˈbɑɹz/
barra	/ˈbɑɹə/
barrack	/ˈbæɹək/
barracks	/ˈbæɹəks/
barraclough	/ˈbæɹəklaʊ/
barraco	/bɑˈɹɑkoʊ/
barracuda	/ˌbɛɹəˈkudə/
barradino	/ˌbɛɹəˈdinoʊ/
barragan	/ˈbɛɹəɡən/
barrage	/bɚˈɑʒ/
barraged	/bɚˈɑʒd/
barrages	/bɚˈɑʒɪz/
barranco	/bɑˈɹɑnkoʊ/
barras	/ˈbæɹəz/
barrasso	/ˌbɑˈɹɑsoʊ/
barratt	/ˈbæɹət/
barraza	/ˌbɑˈɹɑzə/
barre	/ˈbɛɹi/
barreca	/ˌbɑˈɹɛkə/
barred	/ˈbɑɹd/
barreda	/bɑˈɹeɪdə/
barreiro	/bɑˈɹɛɹoʊ/
barrel	/ˈbæɹəl/
barreled	/ˈbæɹəld/
barreling	/ˈbæɹəlɪŋ/
barrell	/bɑˈɹeɪl/
barrels	/ˈbæɹəlz/
barren	/ˈbæɹən/
barrens	/ˈbæɹənz/
barrentine	/ˈbæɹənˌtaɪn/
barrera	/ˌbɑˈɹɛɹə/
barreras	/bɑˈɹɛɹɑz/
barres	/ˈbɑɹz/
barresi	/ˌbɑˈɹɛsi/
barret	/ˈbæɹɪt/
barreto	/bɑˈɹɛtoʊ/
barrett	/ˈbæɹɪt/
barretta	/bɑˈɹɛtə/
barrette	/bɚˈɛt/
barretto	/bɑˈɹɛtoʊ/
barricada	/ˌbɑɹɪˈkɑdə/
barricade	/ˈbæɹəˌkeɪd/
barricaded	/ˈbæɹəˌkeɪdɪd/
barricades	/ˈbæɹəˌkeɪdz/
barrick	/ˈbæɹɪk/
barrick's	/ˈbæɹɪks/
barricklow	/ˈbæɹɪklaʊ/
barrickman	/ˈbæɹɪkmən/
barrie	/ˈbæɹi/
barrientes	/bɚˈints/
barrientez	/bɑˈɹintɛz/
barrientos	/bɑˈɹintoʊz/
barrier	/ˈbæɹiɚ/
barriere	/bɑˈɹɪɹi/
barriers	/ˈbæɹiɚz/
barriga	/ˌbɑˈɹiɡə/
barriger	/ˈbæɹɪɡɚ/
barrilleaux	/ˈbæɹɪˌloʊ/
barrineau	/ˈbæɹɪˌnoʊ/
barring	/ˈbɑɹɪŋ/
barringer	/ˈbæɹɪŋɚ/
barrings	/ˈbɑɹɪŋz/
barrington	/ˈbæɹɪŋtən/
barrio	/ˈbɑɹioʊ/
barrios	/bɑˈɹioʊz/
barris	/ˈbæɹɪs/
barrish	/ˈbæɹɪʃ/
barrister	/ˈbæɹɪstɚ/
barristers	/ˈbæɹɪstɚz/
barritt	/bɚˈɪt/
barro	/ˈbɑɹoʊ/
barron	/ˈbæɹən/
barron's	/ˈbæɹənz/
barrone	/bɚˈoʊn/
barroom	/ˈbɑɹˌɹum/
barros	/ˈbɑɹoʊz/
barroso	/ˌbɑˈɹoʊsoʊ/
barrow	/ˈbæɹoʊ/
barrowman	/ˈbæɹoʊmən/
barrows	/ˈbæɹoʊz/
barrs	/ˈbɑɹz/
barrus	/ˈbæɹəs/
barry	/ˈbæɹi/
barry's	/ˈbæɹiz/
barrymore	/ˈbæɹiˌmɔɹ/
bars	/ˈbɑɹz/
barsamian	/ˌbɑɹˈseɪmiən/
barsanti	/bɑɹˈsɑnti/
barsch	/ˈbɑɹʃ/
barschel	/ˈbɑɹʃəl/
barsh	/ˈbɑɹʃ/
barshefsky	/ˌbɑɹˈʃɛfski/
barsky	/ˈbɑɹski/
barsness	/ˈbɑɹznəs/
barson	/ˈbɑɹsən/
barsotti	/bɑɹˈsoʊti/
barstad	/ˈbɑɹstəd/
barstow	/ˈbɑɹˌstoʊ/
barszcz	/ˈbɑɹʃtʃ/
bart	/ˈbɑɹt/
bart's	/ˈbɑɹts/
barta	/ˈbɑɹtə/
bartak	/ˈbɑɹtək/
bartee	/ˈbɑɹˌti/
bartek	/ˈbɑɹˌtɛk/
bartel	/ˈbɑɹtəl/
bartell	/bɑɹˈteɪl/
bartels	/ˈbɑɹtəlz/
bartelson	/ˈbɑɹtɪlsən/
bartelt	/ˈbɑɹtɪlt/
barten	/ˈbɑɹtən/
bartender	/ˈbɑɹˌtɛndɚ/
bartenders	/ˈbɑɹˌtɛndɚz/
barter	/ˈbɑɹtɚ/
bartered	/ˈbɑɹtɚd/
bartering	/ˈbɑɹtɚɪŋ/
barth	/ˈbɑɹθ/
bartha	/ˈbɑɹθə/
barthel	/ˈbɑɹθəl/
barthelemy	/ˌbɑɹˈθɛləmi/
barthelme	/ˈbɑɹθəlm/
barthelme's	/ˈbɑɹθəlmz/
barthes	/ˈbɑɹθs/
barthold	/ˈbɑɹˌθoʊld/
bartholdy	/bɑɹˈθoʊldi/
bartholomay	/bɑɹθəˈlɑmeɪ/
bartholomew	/bɑɹˈθɑləmˌju/
bartholow	/ˈbɑɹθəloʊ/
barthram	/ˈbɑɹˌθɹæm/
bartko	/ˈbɑɹtkoʊ/
bartkowiak	/bɚtˈkaʊiæk/
bartkowski	/bɚtˈkɔfski/
bartkus	/ˈbɑɹtkɪs/
bartl	/ˈbɑɹtəl/
bartle	/ˈbɑɹtəl/
bartlebaugh	/ˈbɑɹtəlbɔ/
bartles	/ˈbɑɹtəlz/
bartleson	/ˈbɑɹtəlsən/
bartlestein	/ˈbɑɹtəlˌstin/
bartlesville	/ˈbɑɹtəlzˌvɪl/
bartlett	/ˈbɑɹtlɪt/
bartlett's	/ˈbɑɹtləts/
bartley	/ˈbɑɹtli/
bartling	/ˈbɑɹtlɪŋ/
bartlow	/ˈbɑɹtloʊ/
bartman	/ˈbɑɹtmən/
bartmess	/ˈbɑɹtmɪs/
bartnick	/ˈbɑɹtnɪk/
bartnicki	/bɚtˈnɪtski/
bartnik	/ˈbɑɹtnɪk/
barto	/ˈbɑɹtoʊ/
bartok	/ˈbɑɹtək/
bartol	/ˈbɑɹtəl/
bartoletti	/bɑɹtoʊˈlɛti/
bartoli	/bɑɹˈtoʊli/
bartolini	/bɑɹtoʊˈlini/
bartolo	/bɑɹˈtoʊloʊ/
bartolomei	/bɑɹtoʊloʊˈmeɪi/
bartolomeo	/bɑɹtɔləˈmeɪoʊ/
bartolucci	/bɑɹtoʊˈlutʃi/
barton	/ˈbɑɹtən/
barton's	/ˈbɑɹtənz/
bartone	/bɑɹˈtoʊni/
bartoo	/ˈbɑɹtʃu/
bartos	/ˈbɑɹtoʊz/
bartosch	/ˈbɑɹtɔʃ/
bartosh	/ˈbɑɹtəʃ/
bartosiewicz	/bɚˈtɑsəvɪtʃ/
bartosik	/bɚˈtoʊsɪk/
bartoszek	/bɚˈtɑʃɛk/
bartow	/ˈbɑɹˌtoʊ/
bartram	/ˈbɑɹˌtɹæm/
barts	/ˈbɑɹts/
bartsch	/ˈbɑɹtʃ/
bartunek	/ˈbɑɹtənɪk/
bartus	/ˈbɑɹtəs/
bartz	/ˈbɑɹts/
baruch	/ˌbɑˈɹuk/
barwick	/ˈbɑɹˌwɪk/
baryshnikov	/bɚˈɪʃnɪˌkɑv/
baryshnikov's	/bɚˈɪʃnɪˌkɑvz/
barz	/ˈbɑɹz/
bas-relief	/ˈbɑɹiˈlif/
bas-reliefs	/ˈbɑɹiˈlifs/
basa	/ˈbɑsə/
basal	/ˈbeɪsəl/
basaldua	/bɑsɑlˈduə/
basalt	/bəˈsɔlt/
basalts	/bəˈsɔlts/
basam	/bəˈsɑm/
basara	/bəˈsɛɹə/
basara's	/bəˈsɛɹəz/
basayev	/ˈbæsɑˌjɛv/
bascay	/ˈbæskeɪ/
basch	/ˈbæʃ/
basco	/ˈbɑskoʊ/
bascom	/ˈbæskəm/
basden	/ˈbæsdən/
base	/ˈbeɪs/
base's	/ˈbeɪsəz/
baseball	/ˈbeɪsˈbɔl/
baseball's	/ˈbeɪsˈbɔlz/
baseballs	/ˈbeɪsˈbɔlz/
baseboard	/ˈbeɪsˌbɔɹd/
baseboards	/ˈbeɪsˌbɔɹdz/
based	/ˈbeɪst/
basehore	/ˈbæsɪhɔɹ/
basel	/ˈbɑzəl/
baseless	/ˈbeɪsləs/
baseline	/ˈbeɪˌslaɪn/
baselines	/ˈbeɪˌslaɪnz/
baseman	/ˈbeɪsmən/
basement	/ˈbeɪsmənt/
basements	/ˈbeɪsmənts/
basenji	/bəˈsɛndʒi/
baser	/ˈbeɪsɚ/
bases	/ˈbeɪsəz/
basey	/ˈbeɪsi/
basford	/ˈbæsfɚd/
basgall	/ˈbæsɡəl/
bash	/ˈbæʃ/
basha	/ˈbɑʃə/
basham	/ˈbæʃəm/
bashar	/bəˈʃɑɹ/
bashaw	/bəˈʃɔ/
bashed	/ˈbæʃt/
basher	/ˈbæʃɚ/
bashers	/ˈbæʃɚz/
bashes	/ˈbæʃɪz/
bashford	/ˈbæʃfɚd/
bashful	/ˈbæʃfəl/
bashfulness	/ˈbæʃfəlˌnɛs/
bashing	/ˈbæʃɪŋ/
bashir	/bəˈʃɪɹ/
bashor	/ˈbæʃɚ/
bashore	/ˈbæʃɚ/
basi	/ˈbɑsi/
basic	/ˈbeɪsɪk/
basic's	/ˈbeɪsɪks/
basically	/ˈbeɪsɪkli/
basich	/ˈbɑsɪh/
basics	/ˈbeɪsɪks/
basie	/ˈbeɪzi/
basil	/ˈbæzəl/
basile	/ˈbɑsəl/
basilia	/bɑˈsiliə/
basilica	/bəˈsɪlɪkə/
basilio	/bɑˈsilioʊ/
basim	/bɑˈsim/
basim's	/bɑˈsimz/
basin	/ˈbeɪsən/
basing	/ˈbeɪsɪŋ/
basinger	/ˈbeɪsɪŋɚ/
basins	/ˈbeɪsənz/
basinski	/bəˈsɪnski/
basis	/ˈbeɪsəs/
basista	/bəˈsɪstə/
basix	/ˈbeɪsɪks/
bask	/ˈbæsk/
basked	/ˈbæskt/
baskerville	/ˈbæskɚˌvɪl/
basket	/ˈbæskət/
basketball	/ˈbæskətˌbɔl/
basketball's	/ˈbæskətˌbɔlz/
basketballs	/ˈbæskətˌbɔlz/
basketmaker	/ˈbæskətˌmeɪkɚ/
basketmaking	/ˈbæskətˌmeɪkɪŋ/
basketry	/ˈbæskətɹi/
baskets	/ˈbæskəts/
baskett	/ˈbæskɪt/
baskette	/bəˈskɛt/
baskin	/ˈbæskɪn/
basking	/ˈbæskɪŋ/
baskins	/ˈbæskɪnz/
basks	/ˈbæsks/
basle	/ˈbæsəl/
basler	/ˈbeɪzəlɚ/
basner	/ˈbæsnɚ/
basnett	/ˈbæsnɪt/
basnight	/ˈbæzˌnaɪt/
bason	/ˈbæsən/
basophilia	/ˌbeɪsɔˈfɪˌliə/
basophilic	/ˌbeɪsɔˈfɪlɪk/
basore	/bɑˈsɔɹi/
basque	/ˈbæsk/
basques	/ˈbæsks/
basquez	/bɑˈskwɛz/
basra	/ˈbɑsɹɑ/
bass	/ˈbæs/
bass's	/ˈbeɪsɪz/
bassa	/ˈbæsə/
bassam	/ˈbæsəm/
basse	/ˈbæs/
basses	/ˈbæsɪz/
basset	/ˈbæsɪt/
bassett	/ˈbæsɪt/
bassette	/bəˈsɛt/
bassetti	/bɑˈsɛti/
bassford	/ˈbæsfɚd/
bassham	/ˈbæʃəm/
bassi	/ˈbæsi/
bassin	/ˈbæsɪn/
bassinger	/ˈbæsɪndʒɚ/
bassir	/bəˈsɪɹ/
bassir's	/bəˈsɪɹz/
bassist	/ˈbeɪsɪst/
bassists	/ˈbeɪsɪsts/
bassler	/ˈbæslɚ/
bassman	/ˈbæsmən/
basso	/ˈbæsoʊ/
bassoon	/bəˈsun/
bassoonist	/bəˈsunɪst/
bast	/ˈbæst/
basta	/ˈbæstə/
bastarache	/bɑˈstɑɹeɪk/
bastard	/ˈbæstɚd/
bastard's	/ˈbæstɚdz/
bastards	/ˈbæstɚdz/
baste	/ˈbeɪst/
basted	/ˈbeɪstəd/
bastedo	/bɑˈsteɪdoʊ/
basten	/ˈbeɪstən/
bastian	/ˈbæstʃɪn/
bastien	/ˈbæstən/
bastille	/ˈbæstɪl/
bastin	/ˈbæstɪn/
basting	/ˈbeɪstɪŋ/
bastion	/ˈbæstʃən/
bastions	/ˈbæstʃənz/
bastogne	/ˌbæˈstoʊn/
bastogne's	/ˌbæˈstoʊnz/
baston	/ˈbæstən/
bastone	/ˈbɑstoʊn/
bastow	/ˈbæstoʊ/
bastyr	/ˈbeɪstɪɹ/
basu	/ˈbɑsu/
basulto	/bəˈsʌltoʊ/
basurto	/bɑˈsʊɹtoʊ/
baswell	/ˈbæswɛl/
basye	/ˈbæsaɪ/
bat	/ˈbæt/
bataan	/bəˈtɑn/
batan	/ˈbeɪtən/
batat	/bəˈtɑt/
batavia	/bəˈteɪviə/
batboy	/ˈbætbɔɪ/
batboys	/ˈbætbɔɪz/
batch	/ˈbætʃ/
batchelder	/ˈbæˌtʃɛldɚ/
batcheller	/ˈbætʃəlɚ/
batchelor	/ˈbætʃəlɚ/
batches	/ˈbætʃəz/
batdorf	/ˈbætdɔɹf/
bate	/ˈbeɪt/
bated	/ˈbeɪtɪd/
bateman	/ˈbeɪtmən/
bates	/ˈbeɪts/
bates'	/ˈbeɪts/
bateson	/ˈbætɪsən/
batesville	/ˈbeɪtsˌvɪl/
batey	/ˈbeɪti/
bath	/ˈbæθ/
bathe	/ˈbeɪð/
bathed	/ˈbeɪðd/
bather	/ˈbeɪðɚ/
bathers	/ˈbeɪðɚz/
bathes	/ˈbeɪðz/
bathgate	/ˈbæθˌɡeɪt/
bathing	/ˈbeɪðɪŋ/
bathke	/ˈbæθk/
batholith	/ˈbæθəlɪθ/
batholiths	/ˈbæθəlɪθs/
bathrick	/ˈbæθɹɪk/
bathrobe	/ˈbæˌθɹoʊb/
bathrobes	/ˈbæˌθɹoʊbz/
bathroom	/ˈbæˌθɹum/
bathrooms	/ˈbæˌθɹumz/
baths	/ˈbæθs/
bathsheba	/bæθˈʃibə/
bathtub	/ˈbæθtəb/
bathtubs	/ˈbæθˌtʌbz/
bathurst	/ˈbæθɚst/
bathurst's	/ˈbæθɚsts/
batibot	/ˈbætɪbɑt/
batie	/ˈbeɪti/
batignolles	/ˌbætɪnˈjoʊləs/
batik	/bəˈtik/
batiks	/ˈbætɪks/
batista	/bəˈtɪstɑ/
batista's	/bəˈtɪstɑz/
batiste	/bəˈtɪstə/
batley	/ˈbætli/
batman	/ˈbætˌmæn/
batogowski	/ˌbætoʊˈɡaʊski/
baton	/bəˈtɑn/
baton-rouge	/ˈbætənˈɹudʒ/
baton-rouge's	/ˈbætənˈɹudʒɪz/
batons	/bæˈtɑnz/
bator	/bɑˈtɔɹ/
batra	/ˈbætɹə/
batres	/ˈbeɪtɚz/
bats	/ˈbæts/
batson	/ˈbætsən/
batson's	/ˈbætsənz/
batt	/ˈbæt/
battaglia	/bɑˈtɑɡliə/
battaglini	/bɑtɑˈɡlini/
battalion	/bəˈtæljən/
battalions	/bəˈtæljənz/
batte	/ˈbæt/
batted	/ˈbætɪd/
battelle	/bəˈtɛl/
battelle's	/bəˈtɛlz/
batten	/ˈbætən/
battenberg	/ˈbætənˌbɝɡ/
battenfield	/ˈbætənˌfild/
battening	/ˈbætənɪŋ/
batter	/ˈbætɚ/
battered	/ˈbætɚd/
batterer	/ˈbætɚɚ/
batterers	/ˈbætɚɚz/
batteries	/ˈbætɚiz/
battering	/ˈbætɚɪŋ/
batterman	/ˈbætɚmən/
batters	/ˈbætɚz/
battersby	/ˈbætɚsbi/
battersea	/ˈbætɚˌsi/
batterson	/ˈbætɚsən/
battery	/ˈbætɚi/
batterymarch	/bəˈtɛɹimɑɹtʃ/
battey	/ˈbæti/
battiato	/bɑtiˈɑtoʊ/
batticaloa	/ˌbætɪkəˈloʊə/
battin	/ˈbætɪn/
batting	/ˈbætɪŋ/
battipaglia	/ˌbætɪˈpæɡliə/
battis	/ˈbætɪs/
battison	/ˈbætɪsən/
battista	/bəˈtistə/
battiste	/bɑˈtisti/
battisti	/bɑˈtisti/
battistoni	/bɑtiˈstoʊni/
battle	/ˈbætəl/
battle's	/ˈbætəlz/
battled	/ˈbætəld/
battlefield	/ˈbætəlˌfild/
battlefields	/ˈbætəlˌfildz/
battlefront	/ˈbætəlˌfɹʌnt/
battleground	/ˈbætəlˌɡɹaʊnd/
battlegrounds	/ˈbætəlˌɡɹaʊndz/
battlement	/ˈbætəlmənt/
battlements	/ˈbætəlmənts/
battles	/ˈbætəlz/
battleship	/ˈbætəlˌʃɪp/
battleships	/ˈbætəlˌʃɪps/
battling	/ˈbætəlɪŋ/
batton	/ˈbætən/
batts	/ˈbæts/
batty	/ˈbæti/
batuigas	/ˌbætʃuˈiɡəs/
batus	/ˈbætəs/
baty	/ˈbeɪti/
batz	/ˈbæts/
batzel	/ˈbætzəl/
batzer	/ˈbeɪtzɚ/
bauble	/ˈbɔbəl/
baubles	/ˈbɔbəlz/
baublitz	/ˈbaʊblɪts/
bauch	/ˈbɔtʃ/
baucom	/boʊˈkɑm/
baucum	/boʊˈkʌm/
baucus	/ˈbɑkəs/
baud	/ˈbɔd/
baudendistel	/ˈbaʊdɪndɪstəl/
bauder	/ˈbaʊdɚ/
baudoin	/ˌboʊˈdɔɪn/
baudouin	/bɔˈduɪn/
bauer	/ˈbaʊɚ/
bauerle	/ˈbaʊɚəl/
bauerlein	/ˈbaʊɚlaɪn/
bauermeister	/ˈbaʊɚmaɪstɚ/
bauernfeind	/ˈbaʊɚnfaɪnd/
bauers	/ˈbaʊɚz/
baugh	/ˈbɔ/
baughan	/ˈbɔən/
baugher	/ˈbɔɚ/
baughman	/ˈbɔmən/
baughn	/ˈbɔn/
bauguess	/ˈbaʊɡɪs/
baugus	/ˈbɔɡəs/
bauknecht	/ˈbaʊknɪkt/
bauknight	/ˈbɔkˌnaɪt/
baum	/ˈbɔm/
bauman	/ˈbaʊmən/
baumann	/ˈbaʊmən/
baumbach	/ˈbaʊmˌbɑk/
baumberger	/ˈbaʊmbɚɡɚ/
baumeister	/ˈbaʊˌmaɪstɚ/
baumel	/ˈbaʊməl/
baumer	/ˈbaʊmɚ/
baumert	/ˈbaʊmɚt/
baumgard	/ˈbaʊmɡɚd/
baumgardner	/ˈbaʊmˌɡɑɹdnɚ/
baumgardt	/ˈbaʊmˌɡɑɹt/
baumgarner	/ˈbaʊmˌɡɑɹnɚ/
baumgart	/ˈbaʊmˌɡɑɹt/
baumgarten	/ˈbaʊmɡɑɹtən/
baumgartner	/ˈbaʊmˌɡɑɹtnɚ/
baumhardt	/ˈbaʊmˌhɑɹt/
baumhauer	/ˈbɑmhaʊɚ/
baumholder	/ˈbɑmˌhɔldɚ/
baumler	/ˈbaʊməlɚ/
baumstark	/ˈbaʊmˌstɑɹk/
baun	/ˈbɔn/
baur	/ˈbɔɹ/
baus	/ˈbɔz/
bausch	/ˈbaʊʃ/
bauserman	/ˈbaʊsɚmən/
bausman	/ˈbaʊsmən/
bautch	/ˈbaʊtʃ/
bautista	/bɔˈtistə/
bautz	/ˈbɔts/
bautzer	/ˈbaʊtsɚ/
bauwens	/ˈbaʊwənz/
bauxite	/ˈbɔksaɪt/
bauza	/ˈbaʊzə/
bava	/ˈbɑvə/
bavadra	/bəˈvædɹə/
bavaria	/bəˈvɛɹiə/
bavaria's	/bəˈvɛɹiəz/
bavarian	/bəˈvɛɹiən/
bavaro	/bɑˈvɑɹoʊ/
baver	/ˈbeɪvɚ/
bavis	/ˈbeɪvɪs/
bawd	/ˈbɔd/
bawden	/ˈbɔdən/
bawdy	/ˈbɔdi/
bawer	/ˈbɔɚ/
bawl	/ˈbɔl/
bawled	/ˈbɔld/
bawls	/ˈbɔlz/
bax	/ˈbæks/
baxa	/ˈbæksə/
baxendale	/ˈbæksəndeɪl/
baxley	/ˈbæksli/
baxt	/ˈbækst/
baxter	/ˈbækstɚ/
baxter's	/ˈbækstɚz/
bay	/ˈbeɪ/
bay-area	/ˌbeɪˈɛɹiə/
bay's	/ˈbeɪz/
bayanjou	/baɪˈændʒu/
bayar	/ˈbeɪɚ/
bayard	/ˈbeɪɚd/
baybank	/ˈbeɪˌbæŋk/
baybank's	/ˈbeɪˌbæŋks/
baybanks	/ˈbeɪˌbæŋks/
baydhabo	/beɪˈdɑboʊ/
baye	/ˈbeɪ/
bayed	/ˈbeɪd/
bayer	/ˈbeɪɚ/
bayer's	/ˈbeɪɚz/
bayerische	/ˌbeɪɚˈiʃ/
bayers	/ˈbeɪɚz/
bayes	/ˈbeɪz/
bayesian	/ˈbeɪʒɪn/
bayh	/ˈbeɪ/
baying	/ˈbeɪɪŋ/
bayle	/ˈbeɪl/
baylee	/ˈbeɪli/
baylen	/ˈbeɪlən/
bayles	/ˈbeɪlz/
bayless	/ˈbeɪlɪs/
bayley	/ˈbeɪli/
bayliff	/ˈbeɪlɪf/
bayliner	/ˈbeɪˌlaɪnɚ/
baylis	/ˈbeɪlɪs/
bayliss	/ˈbeɪlɪs/
baylon	/ˈbeɪlɑn/
baylor	/ˈbeɪlɚ/
bayly	/ˈbeɪli/
bayman	/ˈbeɪmən/
baynard	/ˈbeɪnɚd/
bayne	/ˈbeɪn/
baynes	/ˈbeɪnz/
baynham	/ˈbeɪnhəm/
bayog	/ˈbeɪˌɑɡ/
bayonet	/ˈbeɪəˌnɛt/
bayonets	/ˈbeɪəˌnɛts/
bayonne	/ˌbeɪˈjoʊn/
bayou	/ˈbaɪu/
bayous	/ˈbaɪuz/
bayouth	/ˈbaɪuθ/
bayreuth	/ˈbeɪˌɹɔɪθ/
bays	/ˈbeɪz/
bayse	/ˈbeɪz/
bayside	/ˈbeɪˌsaɪd/
baysinger	/ˈbeɪsɪndʒɚ/
baytown	/ˈbeɪˌtaʊn/
baytree	/ˈbeɪˌtɹi/
baytree's	/ˈbeɪˌtɹiz/
bayuk	/ˈbeɪək/
bayul	/ˈbeɪəl/
bayus	/ˈbeɪəs/
baywatch	/ˈbeɪwɑtʃ/
baz	/ˈbæz/
bazaar	/bəˈzɑɹ/
bazaars	/bəˈzɑɹz/
bazan	/ˈbeɪzən/
bazar	/bəˈzɑɹ/
baze	/ˈbeɪz/
bazemore	/ˈbɑzmɔɹ/
bazhan	/ˈbæzən/
bazile	/ˈbɑzaɪl/
bazinet	/ˈbæzɪnɛt/
bazooka	/bəˈzukə/
bazookas	/bəˈzukəz/
bazzano	/bɑtˈsɑnoʊ/
bazzell	/ˈbæzəl/
bazzle	/ˈbæzəl/
bbc	/ˌbibiˈsi/
bbc's	/ˌbibiˈsis/
bbq	/ˈbibikˌju/
bc	/ˌbiˈsi/
be	/ˈbi/
be's	/ˈbiz/
bea	/ˈbi/
beaber	/ˈbibɚ/
beabout	/bəˈbut/
beach	/ˈbitʃ/
beach's	/ˈbitʃəz/
beacham	/bəˈʃæm/
beachball	/ˈbitʃˌbɑl/
beachballs	/ˈbitʃˌbɑlz/
beachcomber	/ˈbitʃˌkoʊmɚ/
beachcombers	/ˈbitʃˌkoʊmɚz/
beached	/ˈbitʃt/
beachem	/ˈbikɪm/
beacher	/ˈbitʃɚ/
beaches	/ˈbitʃəz/
beachfront	/ˈbitʃfɹɑnt/
beachfronts	/ˈbitʃfɹɑnts/
beachhead	/ˈbitʃˌhɛd/
beachheads	/ˈbitʃˌhɛdz/
beaching	/ˈbitʃɪŋ/
beachler	/ˈbikəlɚ/
beachside	/ˈbitʃˌsaɪd/
beachum	/ˈbitʃəm/
beachy	/ˈbitʃi/
beacom	/ˈbikəm/
beacon	/ˈbikən/
beacons	/ˈbikənz/
bead	/ˈbid/
beaded	/ˈbidɪd/
beading	/ˈbidɪŋ/
beadle	/ˈbidəl/
beadles	/ˈbidəlz/
beadling	/ˈbidlɪŋ/
beads	/ˈbidz/
beadwork	/ˈbiˌdwɝk/
beady	/ˈbidi/
beagan	/bəˈɡæn/
beagen	/ˈbiɡən/
beagle	/ˈbiɡəl/
beagle's	/ˈbiɡəlz/
beagles	/ˈbiɡəlz/
beagley	/ˈbiɡli/
beahan	/ˈbihən/
beahm	/ˈbim/
beaird	/ˈbɪɹd/
beak	/ˈbik/
beaker	/ˈbikɚ/
beakley	/ˈbikli/
beaklike	/ˈbiˌklaɪk/
beakman	/ˈbikmən/
beakman's	/ˈbikmənz/
beaks	/ˈbiks/
beal	/ˈbil/
beale	/ˈbil/
bealer	/ˈbilɚ/
beales	/ˈbilz/
bealeton	/ˈbiltən/
beall	/ˈbil/
beals	/ˈbilz/
beam	/ˈbim/
beam's	/ˈbimz/
beaman	/ˈbimən/
beamed	/ˈbimd/
beamer	/ˈbimɚ/
beaming	/ˈbimɪŋ/
beamish	/ˈbimɪʃ/
beamon	/ˈbimən/
beams	/ˈbimz/
bean	/ˈbin/
bean's	/ˈbinz/
beanblossom	/ˈbinbləsəm/
beane	/ˈbin/
beans	/ˈbinz/
beantown	/ˈbinˌtaʊn/
bear	/ˈbɛɹ/
bear's	/ˈbɛɹz/
beara	/ˈbɛɹə/
bearable	/ˈbɛɹəbəl/
bearably	/ˈbɛɹəbli/
bearce	/ˈbɝs/
beard	/ˈbɪɹd/
bearded	/ˈbɪɹdəd/
bearden	/ˈbɪɹdən/
beardmore	/ˈbɪɹdˌmɔɹ/
beards	/ˈbɪɹdz/
beardslee	/ˈbɪɹdzli/
beardsley	/ˈbɪɹdzli/
beardstown	/ˈbɪɹdˌstaʊn/
beare	/ˈbɪɹ/
bearer	/ˈbɛɹɚ/
bearers	/ˈbɛɹɚz/
bearfield	/ˈbɝfild/
bearing	/ˈbɛɹɪŋ/
bearings	/ˈbɛɹɪŋz/
bearish	/ˈbɛɹɪʃ/
bearishly	/ˈbɛɹɪʃli/
bearishness	/ˈbɛɹɪʃnəs/
bearman	/ˈbɛɹmən/
bears	/ˈbɛɹz/
bears'	/ˈbɛɹz/
bearse	/ˈbɝs/
bearss	/ˈbɝs/
bearup	/ˈbɛɹəp/
beary	/ˈbɪɹi/
beas	/ˈbiz/
beasley	/ˈbizli/
beason	/ˈbizən/
beast	/ˈbist/
beastie	/ˈbisti/
beastly	/ˈbistˌli/
beaston	/ˈbistən/
beasts	/ˈbists/
beat	/ˈbit/
beata	/biˈætə/
beaten	/ˈbitən/
beater	/ˈbitɚ/
beaters	/ˈbitɚz/
beatie	/ˈbiti/
beatified	/biˈætəˌfaɪd/
beatify	/biˈætəˌfaɪ/
beating	/ˈbitɪŋ/
beatings	/ˈbitɪŋz/
beatle	/ˈbitəl/
beatles	/ˈbitəlz/
beatles'	/ˈbitəlz/
beatnik	/ˈbitnɪk/
beatniks	/ˈbitnɪks/
beato	/biˈætoʊ/
beaton	/ˈbitən/
beatrice	/ˈbiətɹəs/
beatrice's	/ˈbiətɹɪsɪz/
beatrix	/ˈbitɹɪks/
beats	/ˈbits/
beatson	/ˈbitsən/
beattie	/ˈbiti/
beatty	/ˈbiti/
beaty	/ˈbiti/
beau	/ˈboʊ/
beaubien	/boʊbˈjɛn/
beaucage	/ˈboʊˌkeɪdʒ/
beauce	/ˈboʊs/
beauchaine	/ˌboʊˈʃeɪn/
beauchamp	/ˈboʊˌʃɑmp/
beauchemin	/ˈboʊʃɪmæn/
beauchene	/ˌboʊˈʃeɪn/
beauchesne	/boʊˈʃɛn/
beaucoup	/ˌboʊˈku/
beaudet	/boʊˈdɛt/
beaudette	/ˌboʊˈdɛt/
beaudin	/boʊˈdæn/
beaudoin	/boʊˈdɔɪn/
beaudreau	/ˌboʊˈdɹoʊ/
beaudry	/boʊˈdɹi/
beauford	/boʊˈfɔɹd/
beaufort	/ˈboʊfɚt/
beaufrere	/ˌboʊˈfɹɛɹ/
beaujolais	/ˈboʊdʒoʊˌleɪ/
beaulac	/boʊˈlæk/
beaulieu	/ˌboʊlˈjʊ/
beaumier	/ˈboʊmiɚ/
beaumont	/ˈboʊmɔnt/
beaupre	/boʊˈpɹeɪ/
beauregard	/ˈboʊɹɪˌɡɑɹd/
beausoleil	/ˈboʊsəleɪ/
beautician	/ˈbjuˌtɪʃən/
beauties	/ˈbjutiz/
beautiful	/ˈbjutəfəl/
beautifullest	/ˈbjutəfələst/
beautifully	/ˈbjutəfli/
beautify	/ˈbjutɪˌfaɪ/
beauty	/ˈbjuti/
beauvais	/boʊˈveɪ/
beaux	/ˈboʊ/
beavan	/ˈbɛvən/
beaven	/ˈbivən/
beaver	/ˈbivɚ/
beavers	/ˈbivɚz/
beaverson	/ˈbivɚsən/
beaverton	/ˈbivɚtən/
beavin	/ˈbivɪn/
beavis	/ˈbivəs/
beazer	/ˈbizɚ/
beazley	/ˈbizˌli/
bebb	/ˈbɛb/
bebber	/ˈbɛbɚ/
bebbits	/ˈbɛbəts/
bebe	/ˈbibi/
bebe's	/ˈbibiz/
bebear	/bəˈbɪɹ/
bebeau	/bɪˈboʊ/
bebee	/ˈbɛbi/
beber	/ˈbibɚ/
bebitch	/ˈbɛbɪtʃ/
bebop	/ˈbiˌbɑp/
bebout	/bɪˈbut/
bec	/ˈbɛk/
becalm	/bɪˈkɑm/
becalmed	/bɪˈkɑmd/
became	/bɪˈkeɪm/
because	/bɪˈkɔz/
becca	/ˈbɛkɑ/
becerra	/bɛˈtʃɛɹɑ/
becerril	/beɪsɛˈɹil/
bechard	/ˈbɛkɚd/
becher	/ˈbɛkɚ/
becherer	/ˈbɛkɚɚ/
bechler	/ˈbɛklɚ/
becht	/ˈbɛkt/
bechtel	/ˌbɛkˈtɛl/
bechtelsville	/bɛkˈtɛlzvɪl/
bechthold	/ˈbɛkθoʊld/
bechtle	/ˈbɛtʃtəl/
bechtol	/ˈbɛktəl/
bechtold	/ˈbɛkˌtoʊld/
beck	/ˈbɛk/
beck's	/ˈbɛks/
becka	/ˈbɛskə/
beckel	/ˈbɛkɛl/
becker	/ˈbɛkɚ/
becker's	/ˈbɛkɚz/
beckerman	/ˈbɛkɚmən/
beckers	/ˈbɛkɚz/
beckert	/ˈbɛkɚt/
becket	/ˈbɛkət/
beckett	/ˈbɛkɪt/
beckford	/ˈbɛkfɔɹd/
beckham	/ˈbɛkˌhæm/
becki	/ˈbɛki/
beckie	/ˈbɛki/
beckius	/ˈbɛkiɪs/
beckler	/ˈbɛklɚ/
beckles	/ˈbɛkəlz/
beckley	/ˈbɛkli/
becklund	/ˈbɛklənd/
beckman	/ˈbɛkmən/
beckmann	/ˈbɛkmən/
beckmeyer	/ˈbɛkmaɪɚ/
becknell	/ˈbɛkˌnɛl/
beckner	/ˈbɛknɚ/
beckom	/ˈbɛkɑm/
beckon	/ˈbɛkən/
beckoned	/ˈbɛkənd/
beckoning	/ˈbɛkənɪŋ/
beckons	/ˈbɛkənz/
becks	/ˈbɛks/
beckstead	/ˈbɛkˌstɛd/
beckstrand	/ˈbɛkˌstɹænd/
beckstrom	/ˈbɛkstɹɑm/
beckum	/ˈbɛkəm/
beckwith	/ˈbɛˌkwɪθ/
beckwith's	/ˈbɛˌkwɪθs/
beckwitt	/ˈbɛˌkwɪt/
beckworth	/ˈbɛˌkwɝθ/
beckworth's	/ˈbɛˌkwɝθs/
becky	/ˈbɛki/
becnel	/ˈbɛknəl/
beco	/ˈbikoʊ/
become	/bɪˈkʌm/
becomes	/bɪˈkʌmz/
becoming	/bɪˈkʌmɪŋ/
becor	/ˈbɛˌkɔɹ/
becor's	/ˈbɛˌkɔɹz/
becraft	/ˈbikɹæft/
becton	/ˈbɛktən/
becvar	/ˈbɛkvɚ/
bed	/ˈbɛd/
beda	/ˈbeɪdə/
bedard	/bɪˈdɑɹd/
bedbug	/ˈbɛdbəɡ/
bedbugs	/ˈbɛdbəɡz/
bedchamber	/ˈbɛdˌtʃeɪmbɚ/
bedded	/ˈbɛdɪd/
bedding	/ˈbɛdɪŋ/
beddingfield	/ˈbɛdɪŋˌfild/
beddoe	/ˈbɛdoʊ/
beddors	/ˈbɛdɚz/
beddow	/ˈbɛdoʊ/
bede	/ˈbid/
bedeck	/bɪˈdɛk/
bedecked	/bɪˈdɛkt/
bedel	/bɪˈdɛl/
bedell	/ˈbɛdəl/
bedenbaugh	/ˈbɛdɪnbaʊ/
bedevil	/bɪˈdɛvəl/
bedeviled	/bɪˈdɛvəld/
bedfellow	/ˈbɛdˌfɛloʊ/
bedfellows	/ˈbɛdˌfɛloʊz/
bedford	/ˈbɛdfɚd/
bedgood	/ˈbɛdˌɡʊd/
bedient	/ˈbidjɪnt/
bedinger	/ˈbɛdɪŋɚ/
bedingfield	/ˈbɛdɪŋˌfild/
bedizen	/ˌbɪˈdizən/
bedke	/ˈbɛdki/
bedlam	/ˈbɛdləm/
bedlington	/ˈbɛdlɪŋtən/
bedminster	/ˈbɛdmɪnstɚ/
bednar	/ˈbɛdnɚ/
bednarczyk	/ˈbɛdnɚtʃɪk/
bednarek	/ˈbɛdnɑɹɛk/
bednarik	/ˈbɛdnɑɹɪk/
bednarski	/ˈbɛdnɑɹski/
bednarz	/ˈbɛdnɑɹz/
bedner	/ˈbɛdnɚ/
bednorz	/ˈbɛdnɔɹz/
bedolla	/bɛˈdoʊlə/
bedore	/ˈbɛˌdɔɹ/
bedouin	/ˈbɛdoʊən/
bedouins	/ˈbɛdoʊənz/
bedoya	/beɪˈdɔɪə/
bedpan	/ˈbɛdˌpæn/
bedpans	/ˈbɛdˌpænz/
bedraggle	/bɪˈdɹæɡəl/
bedraggled	/bɪˈdɹæɡəld/
bedridden	/ˈbɛˌdɹɪdən/
bedrock	/ˈbɛˌdɹɑk/
bedroom	/ˈbɛˌdɹum/
bedrooms	/ˈbɛˌdɹumz/
bedrosian	/bɛˈdɹɑʒɪn/
beds	/ˈbɛdz/
bedsaul	/ˈbɛdsɔl/
bedside	/ˈbɛdˌsaɪd/
bedsole	/ˈbɛdˌsoʊl/
bedspread	/ˈbɛdˌspɹɛd/
bedstraw	/ˈbɛdˌstɹɔ/
bedtime	/ˈbɛdˌtaɪm/
bedwell	/ˈbɛˌdwɛl/
bee	/ˈbi/
bee's	/ˈbiz/
beeba's	/ˈbibəz/
beebe	/ˈbiˌbi/
beebe's	/ˈbiˌbiz/
beebes	/ˈbiˌbiz/
beebower	/ˈbiˌboʊɚ/
beeby	/ˈbibi/
beech	/ˈbitʃ/
beecham	/ˈbitʃəm/
beecham's	/ˈbitʃəmz/
beechcraft	/ˈbitʃˌkɹæft/
beecher	/ˈbitʃɚ/
beechler	/ˈbitʃlɚ/
beechwood	/ˈbitʃˌwʊd/
beechy	/ˈbitʃi/
beeck	/ˈbik/
beecroft	/ˈbiˌkɹɔft/
beede	/ˈbid/
beedie	/ˈbidi/
beedle	/ˈbidəl/
beedy	/ˈbidi/
beef	/ˈbif/
beefeater	/ˈbiˌfitɚ/
beefed	/ˈbift/
beeferman	/ˈbifɚmən/
beefing	/ˈbifɪŋ/
beefs	/ˈbifs/
beefsteak	/ˈbifˌsteɪk/
beefy	/ˈbifi/
beeghly	/ˈbiɡli/
beegle	/ˈbiɡəl/
beehive	/ˈbiˌhaɪv/
beehler	/ˈbilɚ/
beek	/ˈbik/
beekeeper	/ˈbiˌkipɚ/
beekeepers	/ˈbiˌkipɚz/
beekeeping	/ˈbiˌkipɪŋ/
beeker	/ˈbikɚ/
beekman	/ˈbikmən/
beeks	/ˈbiks/
beel	/ˈbil/
beeler	/ˈbilɚ/
beem	/ˈbim/
beeman	/ˈbimən/
beemer	/ˈbimɚ/
been	/ˈbɪn/
beene	/ˈbin/
beeney	/ˈbini/
beenken	/ˈbiŋkən/
beens	/ˈbɪnz/
beep	/ˈbip/
beeped	/ˈbipt/
beeper	/ˈbipɚ/
beepers	/ˈbipɚz/
beeping	/ˈbipɪŋ/
beeps	/ˈbips/
beer	/ˈbɪɹ/
beer's	/ˈbiɹz/
beerbower	/ˈbɪɹboʊɚ/
beerman	/ˈbɪɹmən/
beers	/ˈbɪɹz/
beers'	/ˈbɪɹz/
beers's	/ˈbɪɹzɪz/
beery	/ˈbɪɹi/
bees	/ˈbiz/
beese	/ˈbiz/
beesley	/ˈbizli/
beeson	/ˈbizən/
beet	/ˈbit/
beethoven	/ˈbeɪtoʊvən/
beethoven's	/ˈbeɪtoʊvənz/
beethovenian	/ˌbeɪtoʊˈviniən/
beetle	/ˈbitəl/
beetlejuice	/ˈbitəlˌdʒus/
beetles	/ˈbitəlz/
beeton	/ˈbitən/
beets	/ˈbits/
beever	/ˈbivɚ/
beevers	/ˈbivɚz/
beezley	/ˈbizli/
befall	/bɪˈfɔl/
befallen	/bəˈfɑlən/
befalls	/bɪˈfɔlz/
befalto	/bəˈfɑltoʊ/
befell	/bɪˈfɛl/
beffa	/ˌbɪˈfɑ/
befit	/bɪˈfɪt/
befits	/bɪˈfɪts/
befitting	/bɪˈfɪtɪŋ/
before	/bɪˈfɔɹ/
beforehand	/bɪˈfɔɹˌhænd/
befort	/ˈbɛfɚt/
befriend	/bɪˈfɹɛnd/
befriended	/bɪˈfɹɛndɪd/
befriending	/bɪˈfɹɛndɪŋ/
befriends	/bɪˈfɹɛndz/
befuddle	/bɪˈfʌdəl/
befuddled	/bɪˈfʌdəld/
befuddles	/bɪˈfʌdəlz/
beg	/ˈbɛɡ/
begajah	/bɛˈɡɑdʒə/
begala	/bɛˈɡɑlə/
begala's	/bɛˈɡɑləz/
began	/bɪˈɡæn/
begat	/bɪˈɡæt/
begay	/ˈbɛɡeɪ/
begel	/ˈbeɪɡəl/
begelman	/ˈbeɪɡəlmən/
begeman	/ˈbiɡmən/
beger	/ˈbɛɡɚ/
beget	/bɪˈɡɛt/
begets	/bɪˈɡɛts/
begetting	/bɪˈɡɛtɪŋ/
begg	/ˈbɛɡ/
beggar	/ˈbɛɡɚ/
beggars	/ˈbɛɡɚz/
begged	/ˈbɛɡd/
begging	/ˈbɛɡɪŋ/
beggs	/ˈbɛɡz/
beghin	/ˈbɛɡɪn/
begin	/bɪˈɡɪn/
begin's	/bɪˈɡɪnz/
beginner	/bɪˈɡɪnɚ/
beginner's	/bɪˈɡɪnɚz/
beginners	/bɪˈɡɪnɚz/
beginning	/bɪˈɡɪnɪŋ/
beginnings	/bɪˈɡɪnɪŋz/
begins	/bɪˈɡɪnz/
begleiter	/ˈbɛˌɡlaɪtɚ/
begleiter's	/ˈbɛˌɡlaɪtɚz/
begley	/ˈbɛɡli/
begnaud	/bɪɡˈnoʊ/
begnoche	/bɛɡˈnoʊki/
begonia	/bɪˈɡoʊnjə/
begonias	/bɪˈɡoʊnjəz/
begot	/biˈɡɔt/
begotten	/biˈɡɔtɪn/
begrudge	/bɪˈɡɹʌdʒ/
begs	/ˈbɛɡz/
begue	/ˈbeɪɡ/
beguelin	/ˈbeɪɡəlɪn/
beguile	/bɪˈɡaɪl/
beguiled	/bɪˈɡaɪld/
beguiling	/bɪˈɡaɪlɪŋ/
begun	/bɪˈɡʌn/
behalf	/bɪˈhæf/
behan	/ˈbɛhən/
behar	/ˈbɛhɚ/
behave	/bɪˈheɪv/
behaved	/bɪˈheɪvd/
behaves	/bɪˈheɪvz/
behaving	/bɪˈheɪvɪŋ/
behavior	/bɪˈheɪvjɚ/
behavioral	/bɪˈheɪvjɚəl/
behaviorally	/biˈheɪvjɚəli/
behaviorist	/bɪˈheɪvjɚɪst/
behaviorists	/bɪˈheɪvjɚɪsts/
behaviors	/bɪˈheɪvjɚz/
behaviour	/bɪˈheɪvjɚ/
behaviours	/bɪˈheɪvjɚz/
behead	/bɪˈhɛd/
beheaded	/bɪˈhɛdɪd/
beheading	/bɪˈhɛdɪŋ/
beheadings	/bɪˈhɛdɪŋz/
beheld	/biˈhɛld/
beheler	/ˈbɛhəlɚ/
behemoth	/bəˈhiməθ/
behemoths	/bɪˈhiməθs/
behest	/bɪˈhɛst/
behind	/bɪˈhaɪnd/
behinds	/bɪˈhaɪndz/
behl	/ˈbɛl/
behle	/ˈbɛhəl/
behler	/ˈbɛlɚ/
behling	/ˈbɛlɪŋ/
behlke	/ˈbɛlk/
behm	/ˈbɛm/
behmer	/ˈbɛmɚ/
behn	/ˈbɛn/
behne	/ˈbɛn/
behner	/ˈbɛnɚ/
behney	/ˈbɛni/
behning	/ˈbɛnɪŋ/
behnke	/ˈbɛŋk/
behnken	/ˈbɛŋkən/
behof	/ˈbihɑf/
behoff	/ˈbihɑf/
behold	/bɪˈhoʊld/
beholden	/bɪˈhoʊldən/
beholder	/biˈhoʊldɚ/
beholding	/bɪˈhoʊldɪŋ/
behoove	/bɪˈhuv/
behooves	/bɪˈhuvz/
behr	/ˈbɛɹ/
behrend	/ˈbɛɹɛnd/
behrends	/ˈbɛɹɛndz/
behrendt	/ˈbɛɹɪnt/
behrens	/ˈbɛɹənz/
behring	/ˈbɛɹɪŋ/
behringer	/ˈbɛɹɪŋɚ/
behringwerke	/ˈbɛˌɹɪŋwɚk/
behrle	/ˈbɛɹəl/
behrman	/ˈbɛɹmən/
behrmann	/ˈbɛɹmən/
behrns	/ˈbɛɹnz/
behunin	/ˈbɛhənɪn/
behymer	/ˈbɛˌhaɪmɚ/
beidaihe	/ˌbaɪˈdeɪhi/
beidleman	/ˈbaɪdəlmən/
beidler	/ˈbaɪdəlɚ/
beier	/ˈbaɪɚ/
beierle	/ˈbaɪɚəl/
beiersdorf	/ˈbaɪɹzˌdɔɹf/
beige	/ˈbeɪʒ/
beige's	/ˈbeɪʒəz/
beigel	/ˈbaɪɡəl/
beiges	/ˈbeɪʒəz/
beighley	/ˈbeɪɡli/
beightol	/ˈbeɪtəl/
beijer	/ˈbaɪɹ/
beijing	/ˌbeɪˈʒɪŋ/
beijing's	/ˌbeɪˈʒɪŋz/
beil	/ˈbil/
beilenson	/ˈbaɪlənsən/
beiler	/ˈbaɪlɚ/
beilfuss	/ˈbaɪlfəs/
beilin	/ˈbɛlɪn/
beilke	/ˈbilk/
beilman	/ˈbaɪlmən/
beim	/ˈbaɪm/
bein	/ˈbin/
bein'	/ˈbiɪn/
beine	/ˈbin/
being	/ˈbiɪŋ/
being's	/ˈbiɪŋz/
beings	/ˈbiɪŋz/
beiny	/ˈbaɪni/
beira	/ˈbeɪɹə/
beirne	/ˈbɪɹn/
beirut	/beɪˈɹut/
beirut's	/beɪˈɹuts/
beisel	/ˈbaɪsəl/
beiser	/ˈbaɪsɚ/
beisner	/ˈbaɪsnɚ/
beissel	/ˈbaɪsəl/
beiswenger	/ˈbaɪswɪndʒɚ/
beit	/ˈbeɪt/
beitel	/ˈbaɪtəl/
beiter	/ˈbaɪtɚ/
beitler	/ˈbaɪtəlɚ/
beitz	/ˈbits/
beitzel	/ˈbaɪtzəl/
bejar	/beɪˈjɑɹ/
bejarano	/beɪjɑˈɹɑnoʊ/
beji	/ˈbæˌʒi/
bekaa	/bɛˈkɑ/
bekaert	/bəˈkɛɹt/
beker	/ˈbɛkɚ/
beker's	/ˈbɛkɚz/
bekins	/ˈbikɪnz/
bekker	/ˈbɛkɚ/
bekki	/ˈbɛki/
bel	/ˈbɛl/
bel'c	/ˈbɛlk/
bela	/ˈbɛlə/
belabor	/bɪˈleɪbɚ/
belabored	/bɪˈleɪbɚd/
belabores	/bɪˈleɪbɚz/
belaboring	/bɪˈleɪbɚɪŋ/
belabors	/bɪˈleɪbɚz/
beladur	/ˌbɛləˈdʊɹ/
beladur's	/ˌbɛləˈdʊɹz/
belafonte	/ˌbɛləˈfɑnti/
belair	/bɪˈlɛɹ/
belaire	/bəˈlɛɹ/
belak	/ˈbɛlək/
beland	/ˈbɛlənd/
belanger	/ˈbɛləŋɚ/
belanoff	/ˈbɛlənɔf/
belarus	/bɛˈlɑɹəs/
belasco	/bɛˈlɑskoʊ/
belate	/bɪˈleɪt/
belated	/bɪˈleɪtɪd/
belatedly	/bɪˈleɪtədli/
belcastro	/bɛlˈkæstɹoʊ/
belch	/ˈbɛltʃ/
belched	/ˈbɛltʃt/
belcher	/ˈbɛltʃɚ/
belching	/ˈbɛltʃɪŋ/
belcourt	/ˈbɛlˌkɔɹt/
belden	/ˈbɛldən/
beldin	/ˈbɛldɪn/
belding	/ˈbɛldɪŋ/
beldock	/ˈbɛlˌdɑk/
beldon	/ˈbɛldən/
beleaguer	/bɪˈliɡɚ/
beleaguered	/bɪˈliɡɚd/
beleaguering	/bɪˈliɡɚɪŋ/
belefiville	/bəˈlɛfəˌvɪl/
belem	/ˌbɛˈlɛm/
belen	/ˈbɛlən/
belet	/ˈbɛlət/
belew	/ˈbɛlu/
belfast	/ˈbɛlˌfæst/
belfer	/ˈbɛlfɚ/
belfield	/ˈbɛlˌfild/
belfiore	/bɛlfiˈɔɹi/
belflower	/ˈbɛlˌflaʊɚ/
belford	/ˈbɛlfɚd/
belfry	/ˈbɛlfɹi/
belgacom	/ˈbɛlɡəkɑm/
belgard	/bɛlˈɡɑɹd/
belgarde	/bɛlˈɡɑɹdi/
belge	/ˈbɛldʒi/
belger	/ˈbɛlɡɚ/
belgian	/ˈbɛldʒən/
belgians	/ˈbɛldʒənz/
belgique	/bɛlˈʒik/
belgique's	/bɛlˈdʒiks/
belgium	/ˈbɛldʒəm/
belgium's	/ˈbɛldʒəmz/
belgo	/ˈbɛlˌɡoʊ/
belgrade	/ˈbɛlɡɹeɪd/
belgrade's	/ˈbɛlɡɹeɪdz/
belgrave	/ˈbɛlˌɡɹeɪv/
beli	/ˈbɛli/
belich	/ˈbɛlɪk/
belie	/bɪˈlaɪ/
belied	/bɪˈlaɪd/
belief	/bɪˈlif/
beliefs	/bɪˈlifs/
belier	/ˈbɛljɚ/
belies	/bɪˈlaɪz/
believability	/bəˌlivəˈbɪlɪti/
believable	/bəˈlivəbəl/
believe	/bɪˈliv/
believed	/bɪˈlivd/
believer	/bəˈlivɚ/
believers	/bəˈlivɚz/
believes	/bɪˈlivz/
believing	/bɪˈlivɪŋ/
beligerence	/bəˈlɪdʒɚəns/
beligerent	/bəˈlɪdʒɚənt/
belin	/ˈbɛlɪn/
belinda	/bəˈlɪndə/
belinsky	/bɪˈlɪnski/
belisle	/bɛˈlaɪəl/
belittle	/bɪˈlɪtəl/
belittled	/bɪˈlɪtəld/
belittles	/bɪˈlɪtəlz/
belittling	/bɪˈlɪtəlɪŋ/
belitz	/ˈbɛlɪts/
beliveau	/ˈbɛlɪˌvoʊ/
belize	/bɛˈliz/
belk	/ˈbɛlk/
belka	/ˈbɛlkə/
belkacem	/ˈbɛlkəsəm/
belke	/ˈbɛlk/
belkin	/ˈbɛlkɪn/
belknap	/ˈbɛlnæp/
belko	/ˈbɛlkoʊ/
bell	/ˈbɛl/
bell's	/ˈbɛlz/
bella	/ˈbɛlə/
bellah	/ˈbɛlə/
bellamy	/ˈbɛləmi/
bellanca	/bɛˈlɑnkə/
belland	/ˈbɛlənd/
bellanger	/ˈbɛˌlæŋɡɚ/
bellante	/bɛˈlɑnti/
bellantoni	/bɛlɑnˈtoʊni/
bellar	/ˈbɛlɚ/
bellard	/bɪˈlɑɹd/
bellas	/ˈbɛləz/
bellavance	/bɛˈlɑvəns/
bellavia	/bɛˈlɑviə/
bellavista	/ˌbɛləˈvɪstə/
bellboy	/ˈbɛlˌbɔɪ/
bellcore	/ˈbɛlˌkɔɹ/
bellcore's	/ˈbɛlˌkɔɹz/
belle	/ˈbɛl/
belleau	/bɪˈloʊ/
bellefeuille	/ˌbɛləfiˈul/
bellemare	/ˌbɛləˈmɛɹ/
beller	/ˈbɛlɚ/
bellerose	/ˈbɛlɚəz/
belles	/ˈbɛlz/
belleville	/bəlˈvɪl/
bellevue	/ˈbɛlvˌju/
bellew	/bɪˈlu/
bellflower	/ˈbɛlˌflaʊɚ/
bellflowers	/ˈbɛlˌflaʊɚz/
bellhop	/ˈbɛlˌhɑp/
bellhops	/ˈbɛlˌhɑps/
belli	/ˈbɛli/
bellicose	/ˈbɛləˌkoʊs/
bellied	/ˈbɛlid/
bellies	/ˈbɛliz/
belligerence	/bəˈlɪdʒɚəns/
belligerent	/bəˈlɪdʒɚənt/
belligerents	/bəˈlɪdʒɚənts/
bellin	/ˈbɛlɪn/
bellina	/bɛˈlinə/
belling	/ˈbɛlɪŋ/
bellinger	/ˈbɛlɪŋɚ/
bellingham	/ˈbɛlɪŋˌhæm/
bellinghausen	/ˈbɛlɪŋˌhaʊzən/
bellini	/bɛˈlini/
bellini's	/bɛˈliniz/
bellino	/bɛˈlinoʊ/
bellis	/ˈbɛlɪs/
bellissimo	/bɛliˈsimoʊ/
belliveau	/ˈbɛlɪˌvoʊ/
bellizzi	/bɛˈlitsi/
bellm	/ˈbɛlm/
bellman	/ˈbɛlmən/
bellmon	/ˈbɛlmən/
bellmore	/ˈbɛlmɔɹ/
bello	/ˈbɛloʊ/
bellomo	/bɛˈloʊmoʊ/
bellomy	/ˈbɛləmi/
bellon	/ˈbɛlən/
bellone	/bɛˈloʊni/
bellotti	/bɛˈloʊti/
bellow	/ˈbɛloʊ/
bellow's	/ˈbɛloʊz/
bellowed	/ˈbɛloʊd/
bellowing	/ˈbɛloʊɪŋ/
bellows	/ˈbɛloʊz/
bellrose	/ˈbɛlˌɹoʊz/
bells	/ˈbɛlz/
bells'	/ˈbɛlz/
bellsouth	/ˈbɛlˌsaʊθ/
bellsouth's	/ˈbɛlˌsaʊθs/
bellucci	/bɛˈlutʃi/
bellum	/ˈbɛləm/
belluomini	/ˌbɛlwoʊˈmini/
bellville	/ˈbɛlˌvɪl/
bellwether	/ˈbɛlˌwɛðɚ/
bellwethers	/ˈbɛlˌwɛðɚz/
bellwood	/ˈbɛlˌwʊd/
belly	/ˈbɛli/
bellyache	/ˈbɛliˌeɪk/
bellyaching	/ˈbɛˌliˈeɪˌkɪŋ/
belman	/ˈbɛlmən/
belmont	/ˈbɛlˌmɑnt/
belmonte	/bɛlˈmɑnti/
belmore	/ˈbɛlmɔɹ/
belnap	/ˈbɛlˌnæp/
belnick	/ˈbɛlnɪk/
belo	/ˈbɛloʊ/
beloff	/ˈbɛˌlɔf/
beloit	/bɪˈlɔɪt/
belong	/bɪˈlɔŋ/
belonged	/bɪˈlɔŋd/
belongia	/bɛˈloʊndʒə/
belonging	/bɪˈlɔŋɪŋ/
belongings	/bɪˈlɔŋɪŋz/
belongs	/bɪˈlɔŋz/
belote	/bɛˈloʊti/
belous	/ˈbɛləs/
belov	/ˈbɛlɑv/
belove	/bɪˈlʌv/
beloved	/bɪˈlʌvd/
below	/bɪˈloʊ/
bels	/ˈbɛlz/
belser	/ˈbɛlsɚ/
belshaw	/ˈbɛlˌʃɔ/
belshe	/ˈbɛlʃ/
belsito	/bɛlˈsitoʊ/
belsky	/ˈbɛlski/
belson	/ˈbɛlsən/
belt	/ˈbɛlt/
belt's	/ˈbɛlts/
belted	/ˈbɛltəd/
belter	/ˈbɛltɚ/
belth	/ˈbɛlθ/
belting	/ˈbɛltɪŋ/
belton	/ˈbɛltən/
beltram	/ˈbɛlˌtɹæm/
beltran	/ˈbɛltɹən/
belts	/ˈbɛlts/
beltsville	/ˈbɛltsˌvɪl/
beltway	/ˈbɛlˌtweɪ/
beltz	/ˈbɛlts/
belue	/ˈbɛlju/
beluga	/bɪˈluɡə/
belushi	/bɛˈluʃi/
belva	/ˈbeɪlvə/
belveal	/ˈbɛlvəl/
belvedere	/ˌbɛlvəˈdɪɹ/
belvia	/ˈbɛlviə/
belvidere	/ˈbɛlvɪˌdɪɹ/
belville	/ˈbɛlˌvɪl/
belvin	/ˈbɛlvɪn/
belvoir	/bɛlvˈwɑɹ/
bely	/bəˈlaɪ/
belyea	/bɛˈliə/
belyeu	/ˌbɛliˈu/
belying	/bɪˈlaɪɪŋ/
belz	/ˈbɛlz/
belzberg	/ˈbɛltsbɚɡ/
belzbergs	/ˈbɛltsbɚɡz/
belzbergs'	/ˈbɛlzbɚɡz/
belzer	/ˈbɛlzɚ/
bem	/ˈbɛm/
beman	/ˈbimən/
bembenek	/ˈbɛmbɪnək/
bembry	/ˈbɛmbɹi/
bement	/ˈbimənt/
bemidji	/bəˈmɪddʒi/
bemis	/ˈbiməs/
bemiss	/ˈbɛmɪs/
bemoan	/bɪˈmoʊn/
bemoaned	/bɪˈmoʊnd/
bemoaning	/bɪˈmoʊnɪŋ/
bemoans	/bɪˈmoʊnz/
bemuse	/bɪmˈjuz/
bemused	/bɪmˈjuzd/
bemusement	/ˈbɛmjusmənt/
ben	/ˈbɛn/
ben's	/ˈbɛnz/
bena	/ˈbɛnə/
benackova	/ˌbɛnəˈkoʊvə/
benak	/ˈbɛnək/
benami	/ˌbɛnəˈmi/
benanty	/bɛˈnɑnti/
benard	/bɪˈnɑɹd/
benassi	/bɛˈnɑsi/
benasuli	/ˌbɛnəˈsuli/
benatar	/ˈbɛnətɚ/
benavente	/bɛnɑˈvɛnti/
benavides	/beɪnɑˈvidɛs/
benavidez	/beɪnɑˈvidɛz/
benazir	/ˈbɛnəˌzɪɹ/
benbow	/ˈbɛnboʊ/
benbrook	/ˈbɛnˌbɹʊk/
bence	/ˈbɛns/
bench	/ˈbɛntʃ/
bencher	/ˈbɛntʃɚ/
benchers	/ˈbɛntʃɚz/
benches	/ˈbɛntʃɪz/
benchley	/ˈbɛntʃli/
benchmark	/ˈbɛntʃˌmɑɹk/
benchmark's	/ˈbɛntʃˌmɑɹks/
benchmarks	/ˈbɛntʃˌmɑɹks/
bencivenga	/bɛntʃiˈvɛŋɡə/
bencomo	/bɛnˈkoʊmoʊ/
bencsik	/ˈbɛŋksɪk/
bend	/ˈbɛnd/
benda	/ˈbɛndə/
bendall	/ˈbɛndəl/
bendectin	/bɛnˈdɛktɪn/
bended	/ˈbɛndɪd/
bendel	/ˈbɛndəl/
bendele	/ˈbɛndəl/
bender	/ˈbɛndɚ/
bender's	/ˈbɛndɚz/
benders	/ˈbɛndɚz/
bendick	/ˈbɛndɪk/
bendickson	/ˈbɛndɪksən/
bendig	/ˈbɛndɪɡ/
bending	/ˈbɛndɪŋ/
bendix	/ˈbɛndɪks/
bendixen	/bɪnˈdɪksən/
bendler	/ˈbɛndlɚ/
bendorf	/ˈbɛndɔɹf/
bends	/ˈbɛndz/
bendt	/ˈbɛnt/
bendure	/beɪnˈdʊɹeɪ/
bendy	/ˈbɛndi/
bene	/ˈbɛnə/
beneath	/bɪˈniθ/
benecke	/ˈbɛnək/
benedek	/ˈbɛnədɪk/
benedetti	/ˌbɛnəˈdɛti/
benedetti's	/ˌbɛnəˈdɛtiz/
benedetto	/bɪnəˈdɛtoʊ/
benedick	/ˈbɛnədɪk/
benedict	/ˈbɛnəˌdɪkt/
benedicta	/ˈbɛnədiktə/
benedictine	/ˌbɛnəˈdɪktin/
benedictine's	/ˌbɛnəˈdɪktinz/
benedictines	/ˌbɛnəˈdɪktinz/
benediction	/ˌbɛnəˈdɪkʃən/
benedikt	/ˈbɛnədɪkt/
benedix	/ˈbɛnədɪks/
benefactor	/ˈbɛnəˌfæktɚ/
benefactor's	/ˈbɛnəˌfæktɚz/
benefactors	/ˈbɛnəˌfæktɚz/
beneficence	/bəˈnɛfəsəns/
beneficent	/ˌbɛnəˈfɪʃənt/
beneficial	/ˌbɛnəˈfɪʃəl/
beneficial's	/ˌbɛnəˈfɪʃəlz/
beneficially	/ˌbɛnəˈfɪʃəli/
beneficiaries	/ˌbɛnəˈfɪʃiˌɛɹiz/
beneficiary	/ˌbɛnəˈfɪʃiˌɛɹi/
beneficiary's	/ˌbɛnəˈfɪʃiˌɛɹiz/
benefiel	/ˈbɛnəfil/
benefield	/ˈbɛnəfild/
benefit	/ˈbɛnəfɪt/
benefited	/ˈbɛnəˌfɪtɪd/
benefiting	/ˈbɛnəfɪtɪŋ/
benefits	/ˈbɛnəfɪts/
benefitted	/ˈbɛnəfɪtɪd/
benefitting	/ˈbɛnəfɪtɪŋ/
beneke	/ˈbɛnək/
benel	/ˈbɛnəl/
benelux	/ˈbɛnələks/
benenati	/bɪnəˈnɑti/
benequity	/ˌbɛˈnɛkwəti/
benes	/ˈbɛnis/
benesch	/ˈbɛnəʃ/
benesh	/ˈbɛnəʃ/
benet	/ˈbɛnət/
benet's	/ˈbɛnəts/
benetti	/bɛˈnɛti/
benetton	/ˈbɛnətən/
benetton's	/ˈbɛnətənz/
benevento	/ˈbɛnəveɪntoʊ/
benevides	/ˈbɛnəvidɛs/
benevolence	/bəˈnɛvələns/
benevolences	/bəˈnɛvələnsɪz/
benevolent	/bəˈnɛvələnt/
benezra	/ˈbɛnəzɹə/
benfer	/ˈbɛnfɚ/
benfield	/ˈbɛnfild/
benford	/ˈbɛnfɚd/
bengal	/ˈbɛŋɡəl/
bengali	/bɛŋˈɡɑli/
bengalis	/bɛŋˈɡɑliz/
bengals	/ˈbɛŋɡəlz/
benge	/ˈbɛndʒ/
bengel	/ˈbɛŋɡəl/
bengoechea	/ˌbɛŋɡoʊɛˈtʃiə/
bengston	/ˈbɛŋɡstən/
bengt	/ˈbɛŋkt/
bengtson	/ˈbɛŋtsən/
benguet	/ˈbɛŋɡət/
benham	/ˈbɛnhəm/
benhamou	/ˌbɛnhəˈmu/
beni	/ˈbɛni/
benight	/biˈnaɪt/
benighted	/bɪˈnaɪtɪd/
benighting	/biˈnaɪtɪŋ/
benights	/biˈnaɪts/
benign	/bɪˈnaɪn/
benigna	/bɛˈniɡnə/
benignly	/bəˈnaɪnli/
benigno	/ˌbɛˈninjoʊ/
benihana	/ˌbɛnɪˈhɑnə/
benin	/ˈbinɪn/
beninati	/bɛniˈnɑti/
benincasa	/bɛninˈkɑsə/
bening	/ˈbɛnɪŋ/
benish	/ˈbɛnɪʃ/
benita	/bəˈnitə/
benites	/ˈbɛnaɪts/
benitez	/beɪˈnitɛz/
benito	/bɛˈnitoʊ/
benja	/ˈbɛndʒə/
benjamin	/ˈbɛndʒəmən/
benjamin's	/ˈbɛndʒəmənz/
benjimen	/ˈbɛndʒəmɪn/
benjy	/ˈbɛndʒi/
benke	/ˈbɛŋk/
benker	/ˈbɛŋkɚ/
benkert	/ˈbɛŋkɚt/
benko	/ˈbɛŋkoʊ/
benlate	/ˈbɛnˌleɪt/
benlox	/ˈbɛnlɑks/
benn	/ˈbɛn/
bennardo	/bəˈnɑɹdoʊ/
benne	/ˈbɛn/
bennefield	/ˈbɛnɪfild/
benner	/ˈbɛnɚ/
bennet	/ˈbɛnɪt/
bennett	/ˈbɛnət/
bennett's	/ˈbɛnəts/
bennette	/bɪˈnɛt/
bennetts	/ˈbɛnɪts/
benney	/ˈbɛni/
bennick	/ˈbɛnɪk/
bennie	/ˈbɛni/
bennigan	/ˈbɛnɪɡən/
bennigan's	/ˈbɛnɪɡənz/
benning	/ˈbɛnɪŋ/
benninger	/ˈbɛnɪŋɚ/
benningfield	/ˈbɛnɪŋfild/
benninghoff	/ˈbɛnɪŋˌhɔf/
bennington	/ˈbɛnɪŋtən/
bennink	/ˈbɛnɪŋk/
bennion	/ˈbɛnjən/
bennis	/ˈbɛnɪs/
bennison	/ˈbɛnɪsən/
bennitt	/ˈbɛnɪt/
benno	/ˈbɛnoʊ/
benny	/ˈbɛni/
beno	/ˈbeɪnoʊ/
benoist	/bəˈnɔɪst/
benoit	/bəˈnɔɪt/
benoni	/bɛˈnoʊni/
benotti	/bəˈnɔti/
benowitz	/ˈbɛnəwɪts/
benoy	/ˈbɛnɔɪ/
bens	/ˈbɛnz/
bensalem	/ˌbɛnˈseɪləm/
bensch	/ˈbɛnʃ/
benscoter	/ˈbɛnskətɚ/
bensel	/ˈbɛnsəl/
bensen	/ˈbɛnsən/
bensenyore	/bɛnsinˈjɔɹ/
benshoof	/ˈbɛnʃʊf/
bensing	/ˈbɛnsɪŋ/
bensinger	/ˈbɛnsɪndʒɚ/
benskin	/ˈbɛnskɪn/
bensley	/ˈbɛnsli/
bensman	/ˈbɛnsmən/
benson	/ˈbɛnsən/
benson's	/ˈbɛnsənz/
bensonhurst	/ˈbɛnsənhɚst/
benstock	/ˈbɛnˌstɑk/
bent	/ˈbɛnt/
bente	/ˈbɛnt/
benten	/ˈbɛtɪn/
benter	/ˈbɛntɚ/
benthall	/ˈbɛnθəl/
bentivegna	/bɛntiˈvɛɡnə/
bentler	/ˈbɛntlɚ/
bentley	/ˈbɛntli/
bentley's	/ˈbɛntliz/
bently	/ˈbɛntli/
bento	/ˈbɛntoʊ/
benton	/ˈbɛntən/
bentonite	/ˈbɛntəˌnaɪt/
bentonville	/ˈbɛntənˌvɪl/
bentsen	/ˈbɛntsən/
bentsen's	/ˈbɛntsənz/
bentson	/ˈbɛntsən/
bentz	/ˈbɛnts/
bentzel	/ˈbɛntzəl/
bentzen	/ˈbɛntzən/
benveniste	/bɛnvɛˈnisti/
benvenuti	/bɛnvɛˈnuti/
benvenuto	/bɛnvɛˈnutoʊ/
benware	/ˈbɛnwɛɹ/
benway	/ˈbɛnˌweɪ/
benyamin	/ˌbɛnjəˈmin/
benyo	/ˈbeɪnjoʊ/
benz	/ˈbɛnz/
benz's	/ˈbɛnzɪz/
benzel	/ˈbɛnzəl/
benzene	/bɛnˈzin/
benzes	/ˈbɛnzɪz/
benzie	/ˈbɛnzi/
benziger	/ˈbɛnzɪɡɚ/
benzine	/ˈbɛnzin/
benzing	/ˈbɛnzɪŋ/
benzinger	/ˈbɛnzɪŋɚ/
benzodiazepine	/ˌbɛnzoʊdiˈæzəpin/
beougher	/ˈbaʊfɚ/
beowulf	/ˈbeɪəˌwʊlf/
bequeath	/bɪˈkwiθ/
bequeathed	/bəˈkwiθt/
bequest	/bɪˈkwɛst/
bequests	/bɪˈkwɛsts/
bequette	/bɪˈkɛt/
bera	/ˈbɛɹə/
beradino	/ˌbɝɑˈdinoʊ/
beran	/ˈbɛɹən/
berandino	/ˌbɛɹənˈdiˌnoʊ/
beranek	/ˈbɛɹənɪk/
berard	/bɚˈɑɹd/
berardi	/bɚˈɑɹdi/
berardinelli	/bɚɑɹdiˈnɛli/
berardino	/bɚɑɹˈdinoʊ/
berardo	/bɚˈɑɹdoʊ/
berarducci	/bɚɑɹˈdutʃi/
berate	/bɪˈɹeɪt/
berated	/bɪˈɹeɪtɪd/
berating	/bɪˈɹeɪtɪŋ/
berber	/ˈbɝbɚ/
berberian	/bɚˈbɪɹiən/
berberich	/ˈbɝbɚɪk/
berbick	/ˈbɝbɪk/
bercaw	/ˈbɝkɔ/
berch	/ˈbɝk/
berchenall	/ˈbɝkəˌnɑl/
berchtesgaden	/ˈbɝktəsˌɡɑdən/
berchtold	/ˈbɝktoʊld/
bercier	/ˈbɝkiɚ/
bercor	/ˈbɝˌkɔɹ/
berdahl	/ˈbɝdɑl/
berdan	/ˈbɝdən/
berdine	/bɚˈdini/
bere	/ˈbɪɹ/
berea	/bɚˈiə/
bereave	/bɚˈiv/
bereaved	/bɚˈivd/
bereavement	/bɚˈivmənt/
bereft	/bɚˈɛft/
beregovoy	/bɚˈɛɡəˌvɔɪ/
berend	/ˈbɛɹɛnd/
berends	/ˈbɛɹɛndz/
berendt	/ˈbɛɹɪnt/
berendzen	/ˈbɛɹɪndzən/
berens	/ˈbɪɹənz/
berenson	/ˈbɛɹɪnsən/
berent	/ˈbɛɹənt/
beres	/ˈbiɹz/
beresford	/ˈbɪɹzfɚd/
beret	/ˈbɛɹət/
berets	/ˈbɛɹəts/
beretta	/bɚˈɛtə/
berettas	/bɚˈɛtəs/
berezine	/ˈbɪɹəzin/
berg	/ˈbɝɡ/
berg's	/ˈbɝɡz/
bergamini	/bɚɡɑˈmini/
bergamo	/bɚˈɡɑmoʊ/
bergan	/ˈbɝɡən/
bergdahl	/ˈbɝɡdɑl/
bergdoll	/ˈbɝɡˌdɑl/
bergdorf	/ˈbɝɡˌdɔɹf/
berge	/ˈbɝdʒ/
bergeman	/ˈbɝɡmən/
bergemann	/ˈbɝɡmən/
bergen	/ˈbɝɡən/
bergendahl	/ˈbɝɡɛndɑl/
bergenfield	/ˈbɝɡənˌfild/
bergenthal	/ˈbɝɡənˌθɑl/
berger	/ˈbɝɡɚ/
berger's	/ˈbɝɡɚz/
bergerman	/ˈbɝɡɚmən/
bergeron	/ˈbɝɡɚɔn/
bergerson	/ˈbɝɡɚsən/
berges	/ˈbɝdʒɪz/
bergeson	/ˈbɝɡɪsən/
berget	/ˈbɝɡɛt/
bergevin	/ˈbɝɡɛvɪn/
bergey	/ˈbɝdʒi/
bergfeld	/ˈbɝɡfɛld/
berggren	/ˈbɝɡɹɛn/
bergh	/ˈbɝɡ/
berghof	/ˈbɝɡhɔf/
berghoff	/ˈbɝɡhɔf/
berghuis	/ˈbɝɡhuɪz/
bergin	/ˈbɝˌɡɪn/
bergland	/ˈbɝˌɡlænd/
bergling	/ˈbɝɡlɪŋ/
berglund	/ˈbɝɡlənd/
bergman	/ˈbɝɡmən/
bergmann	/ˈbɝɡmən/
bergner	/ˈbɝɡnɚ/
bergquist	/ˈbɝɡkwɪst/
bergren	/ˈbɝɡɹɛn/
bergs	/ˈbɝɡz/
bergschneider	/ˈbɝɡʃnaɪdɚ/
bergsma	/ˈbɛɹɡzmə/
bergstedt	/ˈbɝɡstɛt/
bergstein	/ˈbɝɡˌstaɪn/
bergsten	/ˈbɝɡsən/
bergstrand	/ˈbɝɡˌstɹænd/
bergstrausser	/ˈbɝɡˌstɹaʊsɚ/
bergstrausser's	/ˈbɝɡˌstɹaʊsɚz/
bergstresser	/ˈbɝɡˌstɹɛsɚ/
bergstrom	/ˈbɝɡstɹɑm/
bergthold	/ˈbɝɡˌθoʊld/
bergum	/ˈbɝɡəm/
berhow	/ˈbɝhoʊ/
beria	/ˈbɛɹiə/
bering	/ˈbɛɹɪŋ/
beringer	/ˈbɛɹɪŋɚ/
berisford	/ˈbɛɹɪsfɚd/
berish	/ˈbɝɪʃ/
berjaya	/bɚˈdʒaɪə/
berk	/ˈbɝk/
berka	/ˈbɝkə/
berke	/ˈbɝk/
berkebile	/ˈbɝkɪbəl/
berkel	/ˈbɝkəl/
berkeley	/ˈbɝkli/
berkeley's	/ˈbɝkliz/
berkelman	/ˈbɝkəlmən/
berkemeier	/ˈbɝkɪmaɪɚ/
berken	/ˈbɝkən/
berkery	/ˈbɝkɚi/
berkes	/ˈbɝks/
berkey	/ˈbɝki/
berkheimer	/ˈbɝkhaɪmɚ/
berkland	/ˈbɝklənd/
berklee	/ˈbɝkli/
berkley	/ˈbɝkli/
berkline	/ˈbɝˌklaɪn/
berkman	/ˈbɝkmən/
berko	/ˈbɝkoʊ/
berkoff	/ˈbɝkɔf/
berkovitz	/ˈbɝkəvɪts/
berkowitz	/ˈbɝkəwɪts/
berkshire	/ˈbɝkʃɚ/
berkshires	/ˈbɝkˌʃɪɹz/
berkson	/ˈbɝksən/
berkstresser	/ˈbɝkstɹɪsɚ/
berlack	/ˈbɝlæk/
berland	/ˈbɝlənd/
berlanga	/bɚˈlɑŋɡə/
berlascone	/ˌbɛɹləˈskoʊni/
berlascone's	/ˌbɛɹləˈskoʊniz/
berle	/ˈbɝl/
berle's	/ˈbɝlz/
berles	/ˈbɝlz/
berles'	/ˈbɝlz/
berlet	/ˌbɝˈlɛt/
berlet's	/ˈbɝˈlɛts/
berlex	/ˈbɝˌlɛks/
berlin	/bɚˈlɪn/
berlin's	/bɚˈlɪnz/
berliner	/bɚˈlɪnɚ/
berliner's	/bɚˈlɪnɚz/
berliners	/bɚˈlɪnɚz/
berling	/ˈbɝlɪŋ/
berlinger	/ˈbɝlɪŋɚ/
berlioz	/ˈbɝlioʊz/
berlitz	/bɚˈlɪts/
berlottes	/bɚˈlɑts/
berls	/ˈbɝlz/
berlusconi	/ˌbɝləˈskoʊni/
berlusconi's	/ˌbɝləˈskoʊniz/
berm	/ˈbɝm/
berman	/ˈbɝmən/
berman's	/ˈbɝmənz/
bermans	/ˈbɝmənz/
bermea	/ˈbɛɹmiə/
bermel	/ˈbɝməl/
berms	/ˈbɝmz/
bermuda	/bɚmˈjudə/
bermudas	/bɚmˈjudəz/
bermudes	/bɚmˈjudz/
bermudez	/bɚmˈjuˌdɛz/
bern	/ˈbɝn/
berna	/ˈbɛɹnə/
bernabe	/ˈbɝnəb/
bernabei	/ˈbɝnəbaɪ/
bernacki	/bɚˈnɑtski/
bernadene	/ˈbɝnədin/
bernadette	/bɚnəˈdɛt/
bernadin	/ˈbɝnədɪn/
bernadine	/bɚnəˈdin/
bernadino	/ˌbɝnəˈdinoʊ/
bernal	/ˈbɝnəl/
bernama	/bɚˈnɑmə/
bernard	/bɚˈnɑɹd/
bernard's	/bɚˈnɑɹdz/
bernardi	/bɚˈnɑɹdi/
bernardin	/ˈbɝnɑɹdin/
bernardini	/bɚnɑɹˈdini/
bernardino	/bɚnəˈdinoʊ/
bernardo	/bɚˈnɑɹdoʊ/
bernardo's	/bɚˈnɑɹdoʊz/
bernards	/bɚˈnɑɹdz/
bernardy	/bɚˈnɑɹdi/
bernas	/ˈbɝnəz/
bernasconi	/bɚnɑˈskoʊni/
bernat	/ˈbɝnət/
bernath	/ˈbɝnəθ/
bernauer	/ˈbɝnaʊɚ/
bernay	/bɚˈneɪ/
bernbach	/ˈbɝnˌbɑk/
bernd	/ˈbɝnt/
berndt	/ˈbɝnt/
berne	/ˈbɝn/
berneice	/bɚˈnaɪs/
berner	/ˈbɝnɚ/
bernet	/bɚˈnɛt/
bernett	/ˈbɝnɪt/
berney	/ˈbɝni/
bernhagen	/ˈbɝnhəɡən/
bernhard	/ˈbɝnhɑɹd/
bernhardt	/ˈbɝnhɑɹt/
bernhart	/ˈbɝnhɑɹt/
bernheim	/ˈbɝnhaɪm/
bernheimer	/ˈbɝnhaɪmɚ/
berni	/ˈbɛɹni/
bernia	/ˈbɛɹniə/
bernice	/bɚˈnis/
bernick	/ˈbɝnɪk/
bernie	/ˈbɝni/
bernie's	/ˈbɝniz/
bernier	/ˈbɝniɚ/
berning	/ˈbɝnɪŋ/
berninger	/ˈbɝnɪŋɚ/
bernita	/bɚˈnitə/
bernoulli	/bɚˈnuli/
berns	/ˈbɝnz/
bernsen	/ˈbɝnsən/
bernson	/ˈbɝnsən/
bernstein	/ˈbɝnstaɪn/
bernstein's	/ˈbɝnˌstinz/
bernsteins	/ˈbɝnstaɪnz/
bernt	/ˈbɝnt/
berntsen	/ˈbɝntsən/
berntson	/ˈbɝntsən/
berny	/ˈbɝni/
bero	/ˈbɛɹoʊ/
beron	/ˈbɛɹən/
berquist	/ˈbɝkwɪst/
berra	/ˈbɛɹə/
berra's	/ˈbɛɹəz/
berrard	/ˌbɛˈɹɑɹd/
berres	/ˈbɛɹz/
berreth	/ˈbɛɹɪθ/
berrett	/ˈbɛɹɪt/
berrey	/ˈbɛɹi/
berri	/ˈbɛɹi/
berrian	/ˈbɛɹiən/
berridge	/ˈbɛɹɪdʒ/
berrie	/ˈbɛɹi/
berrien	/ˈbɛɹiən/
berrier	/ˈbɛɹiɚ/
berries	/ˈbɛɹiz/
berrigan	/ˈbɛɹɪɡən/
berrill	/ˈbɛɹəl/
berringer	/ˈbɛɹɪŋɚ/
berrios	/bɛˈɹioʊz/
berris	/ˈbɛɹiz/
berrong	/ˈbɛɹɔŋ/
berry	/ˈbɛɹi/
berry's	/ˈbɛɹiz/
berryhill	/ˈbɛɹiˌhɪl/
berrylike	/ˈbɛɹiˌlaɪk/
berryman	/ˈbɛɹimən/
bersch	/ˈbɝʃ/
berserk	/bɚˈsɝk/
bershad	/bɚˈʃɑd/
berson	/ˈbɝsən/
berst	/ˈbɝst/
berstein	/ˈbɝstin/
bert	/ˈbɝt/
berta	/ˈbɝtə/
bertch	/ˈbɝtʃ/
berte	/ˈbɝt/
bertelli	/bɚˈtɛli/
bertels	/ˈbɝtəlz/
bertelsen	/ˈbɝtɪlsən/
bertelsmann	/ˈbɝtəlzmən/
bertelsmann's	/ˈbɝtəlzmənz/
bertelson	/ˈbɝtɪlsən/
berth	/ˈbɝθ/
bertha	/ˈbɝθə/
berthelot	/ˈbɝθəlɑt/
berthelsen	/ˈbɝθəlsən/
berthiaume	/ˌbɝθiˈumi/
berthold	/ˈbɝˌθoʊld/
bertholf	/ˈbɝθoʊlf/
berths	/ˈbɝθs/
berti	/ˈbɛɹti/
bertie	/ˈbɝti/
bertil	/ˈbɝtɪl/
bertilde	/ˈbɝtɪld/
bertin	/ˈbɝtɪn/
bertini	/bɚˈtini/
bertino	/bɚˈtinoʊ/
bertinotti	/bɚtɪˈnɔti/
bertke	/ˈbɝtki/
bertling	/ˈbɝtəlɪŋ/
bertold	/ˈbɝtoʊld/
bertoldi	/bɚˈtoʊldi/
bertoli	/bɚˈtoʊli/
bertolini	/bɚtoʊˈlini/
bertolino	/bɚtoʊˈlinoʊ/
bertolotti	/bɚtoʊˈloʊti/
bertolucci	/ˌbɝtoʊˈlutʃi/
berton	/ˈbɝtən/
bertone	/bɚˈtoʊni/
bertoni	/bɚˈtoʊni/
bertrade	/ˈbɝtɹəd/
bertram	/ˈbɝtɹəm/
bertran	/ˈbɝtɹən/
bertrand	/ˈbɝtɹənd/
bertsch	/ˈbɝtʃ/
bertsche	/ˈbɝtʃ/
bertucci	/bɚˈtutʃi/
bertucci's	/bɚˈtutʃiz/
berty	/ˈbɝti/
bertz	/ˈbɝts/
berube	/ˈbɛɹub/
berudi	/bəˈɹudi/
berumen	/ˈbɪɹumɛn/
berwald	/ˈbɝwɔld/
berwanger	/ˈbɝwɔŋɚ/
berwick	/ˈbɝwɪk/
berwyn	/ˈbɝwɪn/
beryl	/ˈbɛɹəl/
beryllium	/bɚˈɪliəm/
berzin	/ˈbɝzɪn/
berzins	/ˈbɝzɪnz/
bes	/ˈbiz/
besancon	/bɪˈsænkən/
besant	/ˈbɛzənt/
besaw	/ˈbisɔ/
besch	/ˈbɛʃ/
beschloss	/ˈbɛʃˌlɔs/
beschloss'	/ˈbɛʃˌlɔs/
beschloss's	/ˈbɛʃˌlɔsɪs/
besecker	/ˈbɛsɪkɚ/
beseech	/biˈsitʃ/
beseeched	/biˈsitʃt/
beseeching	/biˈsitʃɪŋ/
beseiged	/bɪˈsidʒd/
besemer	/ˈbɛsimɚ/
beset	/bɪˈsɛt/
besetting	/bɪˈsɛtɪŋ/
beshara	/bɪˈʃɑɹə/
besharov	/ˈbɛʃɚɑv/
beshears	/ˈbɛʃiɹz/
beshloss	/ˈbɛʃlɔs/
beshore	/ˈbɛʃɚ/
beside	/bɪˈsaɪd/
besides	/bɪˈsaɪdz/
besiege	/bɪˈsidʒ/
besieged	/bɪˈsidʒd/
besieging	/bɪˈsidʒɪŋ/
beske	/ˈbɛsk/
besler	/ˈbɛsəlɚ/
besner	/ˈbɛsnɚ/
besner's	/ˈbɛsnɚz/
besotted	/bɪˈsɔtɪd/
bespeak	/bɪˈspik/
bespeaks	/bɪˈspiks/
bespectacle	/bɪˈspɛktəkəl/
bespectacled	/bɪˈspɛktəkəld/
bespoke	/bʊˈspoʊk/
bess	/ˈbɛs/
besse	/ˈbɛs/
bessemer	/ˈbɛsəmɚ/
bessent	/ˈbɛsənt/
besser	/ˈbɛsɚ/
bessert	/ˈbɛsɚt/
bessette	/bɪˈsɛt/
bessey	/ˈbɛsi/
bessie	/ˈbɛsi/
bessinger	/ˈbɛsɪndʒɚ/
bessire	/bɛˈsɪɹi/
bessler	/ˈbɛslɚ/
besso	/ˈbɛsoʊ/
besson	/ˈbɛsən/
bessy	/ˈbɛsi/
best	/ˈbɛst/
best-western	/ˈbɛsˈtwɛstɚn/
best's	/ˈbɛsts/
beste	/ˈbɛst/
bested	/ˈbɛstɪd/
bester	/ˈbɛstɚ/
bestial	/ˈbɛstʃəl/
bestiality	/bɛsˈtʃælɪti/
besting	/ˈbɛstɪŋ/
bestow	/bɪˈstoʊ/
bestowed	/bɪˈstoʊd/
bestowing	/bɪˈstoʊɪŋ/
bestows	/bɪˈstoʊz/
bestrode	/bɪˈstɹoʊd/
bestseller	/ˈbɛstˈsɛlɚ/
bestsellers	/ˈbɛstˈsɛlɚz/
bestselling	/ˈbɛstˈsɛlɪŋ/
bestul	/ˈbɛstəl/
bestwick	/ˈbɛsˌtwɪk/
beswick	/ˈbɛswɪk/
bet	/ˈbɛt/
bet's	/ˈbɛts/
beta	/ˈbeɪtə/
betabia	/bəˈteɪbiə/
betake	/biˈteɪk/
betakeren	/ˌbɛtəˈkɛɹən/
betamax	/ˈbeɪtəmæks/
betancourt	/ˈbɛtənkɔɹt/
betancur	/bəˈtæŋkɚ/
betar	/ˈbɛtɑɹ/
betas	/ˈbeɪtəz/
betaseron	/ˌbeɪtəˈsɛˌɹɑn/
betavon	/ˈbɛtəvɑn/
betcha	/ˈbɛtʃə/
betcher	/ˈbɛtʃɚ/
betel	/ˈbɛtəl/
betelgeuse	/ˈbɛtəlɡʊz/
beteta	/bɛˈteɪtə/
beth	/ˈbɛθ/
beth's	/ˈbɛθs/
bethann	/ˈbɛˌθæn/
bethanne	/ˈbɛˌθæn/
bethany	/ˈbɛθəni/
bethard	/ˈbɛθɚd/
bethards	/ˈbɛθɚdz/
bethea	/ˈbɛðiə/
bethel	/ˈbɛθəl/
bethell	/ˈbɛθəl/
bethesda	/bəˈθɛzdə/
bethke	/ˈbɛθk/
bethlehem	/ˈbɛθlɪˌhɛm/
bethlehem's	/ˈbɛθlɪˌhɛmz/
bethpage	/ˌbɛθˈpeɪdʒ/
bethune	/bəθˈjun/
betide	/bɪˈtaɪd/
betke	/ˈbɛtki/
betker	/ˈbɛtkɚ/
betley	/ˈbɛtli/
betook	/ˈbɛˌtʊk/
betray	/bɪˈtɹeɪ/
betrayal	/bɪˈtɹeɪəl/
betrayals	/bɪˈtɹeɪəlz/
betrayed	/bɪˈtɹeɪd/
betraying	/bɪˈtɹeɪɪŋ/
betrays	/bɪˈtɹeɪz/
bets	/ˈbɛts/
betsch	/ˈbɛtʃ/
betschart	/ˈbɛtsˌhɑɹt/
betsey	/ˈbɛtsi/
betsill	/ˈbɛtsəl/
betsy	/ˈbɛtsi/
betsy's	/ˈbɛtsiz/
bett	/ˈbɛt/
betta	/ˈbɛtə/
bettcher	/ˈbɛttʃɚ/
bette	/ˈbɛti/
betten	/ˈbɛtən/
bettenberg	/ˈbɛtənbɚɡ/
bettencourt	/ˈbɛtɪnkɔɹt/
bettendorf	/ˈbɛtɪndɔɹf/
bettenhausen	/ˈbɛtɪnhaʊzən/
better	/ˈbɛtɚ/
bettered	/ˈbɛtɚd/
betteridge	/ˈbɛtɚɪdʒ/
bettering	/ˈbɛtɚɪŋ/
betterment	/ˈbɛtɚmənt/
betters	/ˈbɛtɚz/
betterton	/ˈbɛtɚtən/
bettes	/ˈbɛtiz/
betti	/ˈbɛti/
bettin	/ˈbɛtɪn/
bettina	/bəˈtinə/
betting	/ˈbɛtɪŋ/
bettinger	/ˈbɛtɪŋɚ/
bettini	/bɛˈtini/
bettino	/bɛˈtinoʊ/
bettis	/ˈbɛtɪs/
bettman	/ˈbɛtmən/
bettman's	/ˈbɛtmənz/
bettner	/ˈbɛtnɚ/
betton	/ˈbɛtən/
bettor	/ˈbɛtɚ/
bettors	/ˈbɛtɚz/
betts	/ˈbɛts/
betty	/ˈbɛti/
betty's	/ˈbɛtiz/
between	/bɪˈtwin/
betweens	/bɪˈtwinz/
betwixt	/biˈtwɪkst/
betz	/ˈbɛts/
betzer	/ˈbɛtzɚ/
betzler	/ˈbɛtslɚ/
betzold	/ˈbɛtzoʊld/
beu	/ˈbu/
beucler	/ˈbɔɪkəlɚ/
beukema	/buˈkimə/
beula	/ˈbulə/
beulah	/ˈbjulə/
beumer	/ˈbiəmɚ/
beury	/ˈbɝi/
beury's	/ˈbɝiz/
beutel	/bjuˈtɛl/
beuthin	/ˈbjuθɪn/
beutler	/ˈbɔɪtəlɚ/
beuys	/ˈbjuiz/
bev	/ˈbɛv/
bevacqua	/bɛˈvɑkwə/
bevalaqua	/bɛvəˈlɑkə/
bevan	/ˈbɛvən/
bevans	/ˈbɛvənz/
bevaqua	/bɛˈvɑkə/
bevard	/bɪˈvɑɹd/
bevel	/ˈbɛvəl/
bevelled	/ˈbɛvəld/
beven	/ˈbɛvən/
bevens	/ˈbivənz/
bever	/ˈbɛvɚ/
beverage	/ˈbɛvɚɪdʒ/
beverages	/ˈbɛvɹɪdʒɪz/
beveridge	/ˈbɛvɚɪdʒ/
beverley	/ˈbɛvɚli/
beverlin	/ˈbɛvɚlɪn/
beverly	/ˈbɛvɚli/
beverly's	/ˈbɛvɚliz/
bevers	/ˈbɛvɚz/
bevier	/ˈbɛviɚ/
bevil	/ˈbɛvəl/
bevilacqua	/bɛviˈlɑkwə/
bevill	/ˈbɛvəl/
beville	/ˈbivɪl/
bevin	/ˈbɛvɪn/
bevington	/ˈbɛvɪŋtən/
bevins	/ˈbɛvɪnz/
bevis	/ˈbɛvɪs/
bevmark	/ˈbɛvˌmɑɹk/
bevy	/ˈbɛvi/
beware	/bɪˈwɛɹ/
bewilder	/bɪˈwɪldɚ/
bewildered	/bɪˈwɪldɚd/
bewildering	/bɪˈwɪldɚɪŋ/
bewilderment	/bɪˈwɪldɚmənt/
bewilders	/bɪˈwɪldɚz/
bewitch	/bɪˈwɪtʃ/
bewitched	/bɪˈwɪtʃt/
bewley	/ˈbjuli/
bexley	/ˈbɛksli/
bey	/ˈbeɪ/
beyer	/ˈbeɪɚ/
beyerle	/ˈbaɪɹəl/
beyerlein	/ˈbaɪɹlaɪn/
beyers	/ˈbeɪɚz/
beyersdorf	/ˈbaɪɹsdɔɹf/
beyl	/ˈbeɪl/
beymer	/ˈbeɪmɚ/
beynon	/ˈbeɪnən/
beyonce	/bɪˌjɔnˈseɪ/
beyond	/bɪˈɑnd/
beytout	/ˈbeɪˌtaʊt/
bezaire	/bəˈzɛɹ/
bezanson	/ˈbɛzənsən/
bezdek	/ˈbɛzdɪk/
bezek	/ˈbɛzɛk/
bezner	/ˈbɛznɚ/
bezold	/ˈbɛzoʊld/
bhagwan	/ˈbɑɡwɑn/
bhakta	/ˈbɑktə/
bhangra	/ˈbɑŋɡɹə/
bharat	/ˈbɑˌɹɑt/
bharata	/ˌbɑˈɹɑtə/
bharath	/ˌbɑˈɹɑt/
bhatia	/ˈbɑʃə/
bhatt	/ˈbæt/
bhattacharjy	/ˌbɑtəˈtʃɑɹdʒi/
bhatti	/ˈbɑti/
bhiksha	/ˈbɪkˌʃɑ/
bhirud	/ˈbɪɹəd/
bhopal	/boʊˈpɑl/
bhosle	/ˈbɔsəl/
bhutan	/ˌbuˈtæn/
bhutto	/ˈbutoʊ/
bhutto's	/ˈbutoʊz/
bi	/ˈbaɪ/
bi-daily	/baɪˈdeɪli/
bi-polar	/baɪˈpoʊlɚ/
bi-weekly	/baɪˈwikli/
biaggi	/biˈædʒi/
biaggini	/ˌbiəˈɡini/
biagi	/biˈɑdʒi/
biagini	/biəˈdʒini/
biagioni	/biˌɑdʒiˈoʊni/
bialas	/biˈɑləs/
bialecki	/biəˈlɛki/
bialek	/biˈɑˌlɛk/
bialik	/biˈɑˌlɪk/
bialkin	/biˈɑlkən/
bialkowski	/biəlˈkaʊski/
bialy	/biˈɑli/
biamby	/biˈɑmbi/
biamby's	/biˈɑmbiz/
biamonte	/biəˈmɔnti/
biana	/biˈɑnə/
bianca	/biˈɑŋkə/
bianchi	/biˈɑntʃi/
bianchini	/biɑnˈtʃini/
bianco	/biˈɑŋkoʊ/
bianconi	/biɑŋˈkoʊni/
bianculli	/biɑŋˈkuli/
biannual	/baɪˈænuəl/
bias	/ˈbaɪəs/
biased	/ˈbaɪəst/
biases	/ˈbaɪəsɪz/
biasi	/biˈɑsi/
biaxial	/baɪˈæksiəl/
biaz	/ˈbiæz/
bib	/ˈbɪb/
biba	/ˈbibə/
bibb	/ˈbɪb/
bibbee	/ˈbɪˈbi/
bibbins	/ˈbɪbɪnz/
bibbo	/ˈbiboʊ/
bibbs	/ˈbɪbz/
bibby	/ˈbɪbi/
bibeau	/bɪˈboʊ/
bibeault	/bɪˈboʊ/
bibee	/bɪˈbi/
biber	/ˈbaɪbɚ/
bibi	/bɪˈbi/
bibi's	/bɪˈbiz/
bible	/ˈbaɪbəl/
bible's	/ˈbaɪbəlz/
bibler	/ˈbaɪbəlɚ/
bibles	/ˈbaɪbəlz/
biblical	/ˈbɪbləkəl/
bibliographic	/ˌbɪbliˈɑˌɡɹɑfɪk/
bibliographical	/ˌbɪbliɑˈɡɹɑfɪkəl/
bibliographies	/ˌbɪbliˈɑɡɹəfiz/
bibliography	/ˌbɪbliˈɑɡɹəfi/
bibs	/ˈbɪbz/
biby	/ˈbaɪbi/
bic	/ˈbɪk/
bicarbonate	/baɪˈkɑɹbənət/
bice	/ˈbaɪs/
bicentenary	/baɪˈsɛntɪˌnɛɹi/
bicentennial	/ˌbaɪsɛnˈtɛniəl/
bicep	/ˈbaɪˌsɛp/
biceps	/ˈbaɪˌsɛps/
bichler	/ˈbɪkəlɚ/
bichon	/ˌbiˈʃɔn/
bichsel	/ˈbɪksəl/
bick	/ˈbɪk/
bickel	/ˈbɪkəl/
bickell	/ˈbɪkəl/
bicker	/ˈbɪkɚ/
bickered	/ˈbɪkɚd/
bickering	/ˈbɪkɚɪŋ/
bickers	/ˈbɪkɚz/
bickerstaff	/ˈbɪkɚˌstæf/
bickert	/ˈbɪkɚt/
bickerton	/ˈbɪkɚtən/
bickett	/ˈbɪkɪt/
bickford	/ˈbɪkfɚd/
bickham	/ˈbɪkhəm/
bickhart	/ˈbɪkˌhɑɹt/
bicking	/ˈbɪkɪŋ/
bickle	/ˈbɪkəl/
bickler	/ˈbɪklɚ/
bickley	/ˈbɪkli/
bickmore	/ˈbɪkmɔɹ/
bicknell	/ˈbɪknəl/
bickner	/ˈbɪknɚ/
bicksler	/ˈbɪkslɚ/
bickwit	/ˈbɪkwɪt/
bicoastal	/bɪˈkoʊstəl/
bicuspid	/baɪˈkʌspəd/
bicuspids	/baɪˈkʌspədz/
bicycle	/ˈbaɪsɪkəl/
bicycled	/ˈbaɪsɪkəld/
bicycles	/ˈbaɪsɪkəlz/
bicycling	/ˈbaɪˌsɪkəlɪŋ/
bicyclist	/ˈbaɪˌsɪklɪst/
bicyclists	/ˈbaɪˌsɪklɪsts/
bid	/ˈbɪd/
bid's	/ˈbɪdz/
bidco	/ˈbɪdkoʊ/
bidcos	/ˈbɪdkoʊs/
biddable	/ˈbɪdəbəl/
bidden	/ˈbɪdɪn/
bidder	/ˈbɪdɚ/
bidder's	/ˈbɪdɚz/
bidders	/ˈbɪdɚz/
biddie	/ˈbɪdi/
bidding	/ˈbɪdɪŋ/
biddinger	/ˈbɪdɪŋɚ/
biddison	/ˈbɪdɪsən/
biddix	/ˈbɪdɪks/
biddle	/ˈbɪdəl/
biddle's	/ˈbɪdəlz/
biddy	/ˈbɪdi/
bide	/ˈbaɪd/
biden	/ˈbaɪdən/
biderman	/ˈbaɪdɚmən/
bidgood	/ˈbɪdˌɡʊd/
biding	/ˈbaɪdɪŋ/
bidinger	/ˈbaɪdɪŋɚ/
bidirectional	/ˈbɪdɚˈɛkʃənəl/
bidlack	/ˈbɪdˌlæk/
bidlo	/ˈbɪdloʊ/
bidlo's	/ˈbɪdloʊz/
bids	/ˈbɪdz/
bidwell	/ˈbɪˌdwɛl/
bidwill	/ˈbɪˌdwɪl/
biebel	/ˈbibəl/
bieber	/ˈbibɚ/
bieda	/ˈbidə/
biederman	/ˈbidɚmən/
biedermann	/ˈbaɪdɚmən/
biedermeier	/ˈbidɚˌmaɪɹ/
biedrzycki	/bɪˈdʒɪtski/
biegel	/ˈbiɡəl/
biegler	/ˈbiɡəlɚ/
biehl	/ˈbil/
biehle	/ˈbihəl/
biehler	/ˈbilɚ/
biehn	/ˈbin/
bieker	/ˈbikɚ/
biel	/ˈbil/
biela	/ˈbilə/
bielak	/ˈbilək/
bielanski	/biˈlænski/
bielat	/ˈbilət/
bielawski	/biˈlɑfski/
bielby	/ˈbilbi/
bielecki	/biˈlɛtski/
bielefeld	/ˈbilɪfɛld/
bielefeldt	/ˈbilɪfɪlt/
bielen	/ˈbilən/
bielenberg	/ˈbilənbɚɡ/
bieler	/ˈbilɚ/
bielicki	/bɪˈlɪtski/
bielinski	/bɪˈlɪnski/
bielke	/ˈbilk/
bielski	/ˈbilski/
bien	/ˈbin/
bieniek	/ˈbɪniɛk/
bienkowski	/bɪŋˈkɔfski/
biennale	/biˈɛˌneɪl/
biennial	/baɪˈɛniəl/
bienstock	/ˈbinˌstɑk/
bienvenu	/bənˈvɛnu/
bienvenue	/bənˈveɪnwɛ/
bier	/ˈbiɹ/
bierbarror	/ˈbɪɹˌbɑɹɚ/
bierbauer	/ˈbɪɹbaʊɚ/
bierbauer's	/ˈbɪɹbaʊɚz/
bierbaum	/ˈbɪɹbaʊm/
bierbusse	/ˈbɪɹbəs/
bierce	/ˈbɪɹs/
bierer	/ˈbɪɹɚ/
bieri	/ˈbɪɹi/
bierlein	/ˈbɪɹlaɪn/
bierley	/ˈbɪɹli/
bierly	/ˈbɪɹli/
bierma	/ˈbɪɹmə/
bierman	/ˈbɪɹmən/
biermann	/ˈbɪɹmən/
biernacki	/bɪɹˈnɑtski/
biernat	/bɪɹˈnæt/
biers	/ˈbiɹz/
bierwirth	/ˈbɪɹwɚθ/
biery	/ˈbɪɹi/
bies	/ˈbaɪz/
biesecker	/ˈbisɪkɚ/
bieser	/ˈbisɚ/
bietz	/ˈbits/
biev	/ˈbiv/
biev's	/ˈbivz/
biever	/ˈbivɚ/
bifano	/bɪˈfɑnoʊ/
biff	/ˈbɪf/
biffle	/ˈbɪfəl/
bifida	/ˈbɪfədə/
bifocal	/ˈbaɪfoʊkəl/
bifocals	/ˈbaɪfoʊkəlz/
bifulco	/bɪˈfulkoʊ/
bifurcate	/ˈbɪfɚˌkeɪt/
bifurcated	/ˈbɪfɚˌkeɪtɪd/
bifurcation	/ˌbɪfɚˈkeɪʃən/
big	/ˈbɪɡ/
big-ass	/ˈbɪˌɡæs/
big-eyed	/ˈbɪˌɡaɪd/
big-face	/ˈbɪɡˌfeɪs/
big-time	/ˈbɪɡˌtaɪm/
bigan	/ˈbɪɡən/
bigbee	/ˈbɪɡˌbi/
bigbie	/ˈbɪɡbi/
bigby	/ˈbɪɡbi/
bigelow	/ˈbɪɡəˌloʊ/
bigelow's	/ˈbɪɡəˌloʊz/
bigeyes	/ˈbɪˌɡaɪz/
bigfoot	/ˈbɪɡˌfʊt/
bigford	/ˈbɪɡfɚd/
biggar	/ˈbɪɡɚ/
bigger	/ˈbɪɡɚ/
biggers	/ˈbɪɡɚz/
biggerstaff	/ˈbɪɡɚˌstæf/
biggest	/ˈbɪɡəst/
biggie	/ˈbɪɡi/
biggies	/ˈbɪɡiz/
biggins	/ˈbɪɡɪnz/
biggio	/ˈbidʒioʊ/
biggs	/ˈbɪɡz/
bigham	/ˈbaɪɡhəm/
bighearted	/ˌbɪɡˈhɑɹtɪd/
bighorn	/ˈbɪɡˌhɔɹn/
bighorns	/ˈbɪɡˌhɔɹnz/
bight	/ˈbaɪt/
bigler	/ˈbaɪɡəlɚ/
bigley	/ˈbɪɡli/
biglin	/ˈbɪɡlɪn/
biglow	/ˈbɪɡloʊ/
bignell	/bɪɡˈnɛl/
bigness	/ˈbɪɡnəs/
bigos	/ˈbiɡoʊz/
bigot	/ˈbɪɡət/
bigoted	/ˈbɪɡətɪd/
bigotry	/ˈbɪɡətɹi/
bigots	/ˈbɪɡəts/
bigram	/ˈbaɪɡɹæm/
bigs	/ˈbɪɡz/
bigsby	/ˈbɪɡzbi/
bigtime	/ˈbɪɡtaɪm/
bigwig	/ˈbɪˌɡwɪɡ/
bigwigs	/ˈbɪˌɡwɪɡz/
bigwood	/ˈbɪˌɡwʊd/
bihac	/ˈbiˌhɑtʃ/
bihac's	/ˈbiˌhɑtʃɪz/
bihari	/bɪˈhɑɹi/
bihl	/ˈbɪl/
bihm	/ˈbɪm/
bihn	/ˈbɪn/
bijac	/ˈbaɪdʒæk/
bijan	/ˈbɪdʒən/
bijeljina	/bɪˈdʒɛldʒinə/
bijur	/biˈʒʊɹ/
bike	/ˈbaɪk/
biked	/ˈbaɪkt/
biker	/ˈbaɪkɚ/
bikers	/ˈbaɪkɚz/
bikes	/ˈbaɪks/
bikin	/ˈbɪkɪn/
biking	/ˈbaɪkɪŋ/
bikini	/bɪˈkini/
bikinis	/bəˈkiniz/
biko	/ˈbikoʊ/
biko's	/ˈbikoʊz/
bil	/ˈbɪl/
bila	/ˈbilə/
bilateral	/baɪˈlætɚəl/
bilaterally	/baɪˈlætɚəli/
bilbao	/bɪlˈbaʊ/
bilbao's	/bɪlˈbaʊz/
bilbaoan	/bɪlˈboʊən/
bilbaoans	/bɪlˈboʊənz/
bilbo	/ˈbɪlˌboʊ/
bilbrey	/ˈbɪlbɹi/
bilbro	/ˈbilbɹoʊ/
bilby	/ˈbɪlbi/
bild	/ˈbɪld/
bilderback	/ˈbaɪldɚbæk/
bildner	/ˈbɪldnɚ/
bildt	/ˈbɪlt/
bildt's	/ˈbɪlts/
bile	/ˈbaɪl/
bilek	/ˈbɪlɛk/
bilello	/bɪˈlɛloʊ/
biles	/ˈbaɪlz/
bilger	/ˈbɪlɡɚ/
bilicki	/bɪˈlɪtski/
bilings	/ˈbaɪlɪŋz/
bilingual	/baɪˈlɪŋɡwəl/
bilingualism	/baɪˈlɪŋɡwəˌlɪzəm/
bilinski	/bɪˈlɪnski/
bilious	/ˈbɪliəs/
bilirakis	/bɪˈlɪɹəkɪs/
biljana	/bilˈdʒɑˌnɑ/
bilk	/ˈbɪlk/
bilka	/ˈbɪlkə/
bilked	/ˈbɪlkt/
bilking	/ˈbɪlkɪŋ/
bilko	/ˈbɪlkoʊ/
bill	/ˈbɪl/
bill's	/ˈbɪlz/
billable	/ˈbɪləbəl/
billancourt	/ˈbɪlənˌkɔɹt/
billard	/bɪˈlɑɹd/
billboard	/ˈbɪlˌbɔɹd/
billboard's	/ˈbɪlˌbɔɹdz/
billboards	/ˈbɪlˌbɔɹdz/
bille	/ˈbaɪl/
billed	/ˈbɪld/
biller	/ˈbɪlɚ/
billerica	/ˌbɪlɚˈikə/
billes	/ˈbɪlz/
billet	/ˈbɪlət/
billeter	/ˈbɪlitɚ/
billets	/ˈbɪləts/
billett	/ˈbɪlɪt/
billfold	/ˈbɪlˌfoʊld/
billiad	/ˈbɪliəd/
billiard	/ˈbɪljɚd/
billiards	/ˈbɪljɚdz/
billick	/ˈbɪlɪk/
billie	/ˈbɪli/
billig	/ˈbɪlɪɡ/
billing	/ˈbɪlɪŋ/
billinger	/ˈbɪlɪŋɚ/
billingham	/ˈbɪlɪŋˌhæm/
billings	/ˈbɪlɪŋz/
billingslea	/ˈbɪlɪŋzli/
billingsley	/ˈbɪlɪŋzli/
billingsly	/ˈbɪlɪŋzli/
billington	/ˈbɪlɪŋtən/
billion	/ˈbɪljən/
billionaire	/ˌbɪljəˈnɛɹ/
billionaires	/ˌbɪljəˈnɛɹz/
billions	/ˈbɪljənz/
billionth	/ˈbɪljənθ/
billionths	/ˈbɪljənθs/
billiot	/ˈbɪliɑt/
billips	/ˈbɪlɪps/
billiter	/ˈbɪlitɚ/
billiton	/ˈbɪlɪtən/
billman	/ˈbɪlmən/
billmeyer	/ˈbɪlmaɪɚ/
billon	/ˈbɪlən/
billow	/ˈbɪloʊ/
billowed	/ˈbɪloʊd/
billowing	/ˈbɪloʊɪŋ/
billows	/ˈbɪloʊz/
bills	/ˈbɪlz/
bills'	/ˈbɪlz/
billup	/ˈbɪləp/
billups	/ˈbɪləps/
billy	/ˈbɪli/
billy's	/ˈbɪliz/
bilodeau	/ˈbɪlədoʊ/
bilotta	/bɪˈloʊtə/
bilotti	/bɪˈlɑti/
bilow	/ˈbɪloʊ/
biloxi	/bəˈlʌksi/
biloxi's	/bəˈlʌksiz/
bilski	/ˈbɪlski/
bilsky	/ˈbɪlski/
bilson	/ˈbɪlsən/
biltmore	/ˈbɪltˌmɔɹ/
bilton	/ˈbɪltən/
biltz	/ˈbɪlts/
bily	/ˈbɪli/
bilyeu	/ˈbɪliu/
bilyk	/ˈbɪlɪk/
bilzerian	/bɪlˈzɛɹiən/
bilzerian's	/bɪlˈzɛɹiənz/
bima	/ˈbimə/
bimbo	/ˈbɪmboʊ/
bimbos	/ˈbɪmboʊs/
bimini	/ˈbɪməni/
bimodal	/ˌbaɪˈmoʊdəl/
bimonthly	/baɪˈmʌnθli/
bin	/ˈbɪn/
bina	/ˈbinə/
binaries	/ˈbaɪnəˌɹiz/
binary	/ˈbaɪnɚi/
binational	/baɪˈnæʃənəl/
binchy	/ˈbɪntʃi/
bind	/ˈbaɪnd/
bindel	/ˈbɪndəl/
binder	/ˈbaɪndɚ/
binders	/ˈbaɪndɚz/
binding	/ˈbaɪndɪŋ/
bindings	/ˈbaɪndɪŋz/
bindle	/ˈbɪndəl/
bindles	/ˈbɪndəlz/
bindley	/ˈbɪndli/
binds	/ˈbaɪndz/
binegar	/ˈbɪnɪɡɚ/
bines	/ˈbaɪnz/
binette	/bɪˈnɛt/
binetti	/bɪˈnɛti/
binfield	/ˈbɪnˌfild/
binford	/ˈbɪnfɚd/
bing	/ˈbɪŋ/
binga	/ˈbiŋɡə/
bingaman	/ˈbɪŋəmən/
binge	/ˈbɪndʒ/
binged	/ˈbɪndʒd/
bingel	/ˈbɪŋɡəl/
bingenheimer	/ˈbɪŋɡɪnhaɪmɚ/
binger	/ˈbɪŋɚ/
binges	/ˈbɪndʒɪz/
bingham	/ˈbɪŋəm/
binghamton	/ˈbɪŋəmtən/
binging	/ˈbɪŋɡɪŋ/
bingle	/ˈbɪŋɡəl/
bingley	/ˈbɪŋli/
bingman	/ˈbɪŋmən/
bingo	/ˈbɪŋɡoʊ/
binion	/ˈbɪnjən/
bink	/ˈbɪŋk/
binkley	/ˈbɪŋkli/
binkowski	/bɪŋˈkɔfski/
binn	/ˈbɪn/
binner	/ˈbɪnɚ/
binney	/ˈbɪni/
binnie	/ˈbɪni/
binning	/ˈbɪnɪŋ/
binns	/ˈbɪnz/
binocular	/bəˈnɑkjəlɚ/
binoculars	/bəˈnɑkjəlɚz/
binomial	/baɪˈnoʊmiəl/
bins	/ˈbɪnz/
binstock	/ˈbɪnˌstɑk/
bintz	/ˈbɪnts/
binz	/ˈbɪnz/
bio	/ˌbaɪˈoʊ/
bio's	/ˌbaɪˈoʊz/
biochem	/ˈbaɪətʃəm/
biochemical	/ˌbaɪoʊˈkɛməkəl/
biochemist	/ˌbaɪoʊˈkɛməst/
biochemistry	/ˌbaɪoʊˈkɛməstɹi/
biocine	/ˈbaɪəˌsin/
biocontrol	/ˌbaɪəˈkɑntɹɑl/
biocraft	/ˈbaɪoʊˌkɹæft/
biodegradable	/ˌbaɪoʊdəˈɡɹeɪdəbəl/
biodiverse	/ˌbaɪoʊdaɪˈvɝs/
biodiversity	/ˌbaɪoʊdaɪˈvɝsəti/
bioengineer	/ˌbaɪoʊˌɛndʒəˈnɪɹ/
bioengineered	/ˌbaɪoʊˌɛndʒəˈnɪɹd/
bioengineering	/ˌbaɪoʊˌɛndʒəˈnɪɹɪŋ/
bioethics	/ˌbaɪoʊˈɛθɪks/
biofeedback	/baɪoʊˈfidˌbæk/
bioflavonoid	/ˌbaɪoʊˈfleɪvənɔɪd/
bioflavonoids	/ˌbaɪoʊˈfleɪvənɔɪdz/
biogen	/ˈbaɪoʊˌdʒɛn/
biogen's	/ˈbaɪoʊˌdʒɛnz/
biographer	/baɪˈɑɡɹəfɚ/
biographers	/baɪˈɑɡɹəfɚz/
biographical	/ˌbaɪəˈɡɹæfɪkəl/
biographies	/baɪˈɑɡɹəfiz/
biography	/baɪˈɑɡɹəfi/
biohazard	/ˌbaɪoʊˈhæzɚd/
biohazards	/ˌbaɪoʊˈhæzɚdz/
biologic	/ˌbaɪəˈlɑdʒɪk/
biological	/ˌbaɪəˈlɑdʒɪkəl/
biologically	/baɪəˈlɑdʒɪkli/
biologicals	/baɪəˈlɑdʒɪkəlz/
biologics	/baɪəˈlɑdʒɪks/
biologist	/baɪˈɑlədʒɪst/
biologists	/baɪˈɑlədʒɪsts/
biology	/baɪˈɑlədʒi/
biology's	/baɪˈɑlədʒiz/
biomass	/ˈbaɪəmæs/
biomaterial	/ˌbaɪoʊməˈtɪɹiəl/
biomaterials	/ˌbaɪoʊməˈtɪɹiəlz/
biome	/ˈbaɪˌoʊm/
biomed	/ˌbaɪoʊˈmɛd/
biomed's	/ˌbaɪoʊˈmɛdz/
biomedical	/ˌbaɪoʊˈmɛdɪkəl/
biomedicals	/ˌbaɪoʊˈmɛdɪkəlz/
biomes	/ˌbaɪˈoʊmz/
biomet	/ˈbaɪoʊmɛt/
biometric	/ˌbaɪəˈmɛtɹək/
biondi	/biˈɑndi/
biondo	/biˈoʊndoʊ/
biondolillo	/bioʊndoʊˈlɪloʊ/
bionetic	/ˌbaɪoʊˈnɛtɪk/
bionetics	/ˌbaɪoʊˈnɛtɪks/
bionic	/ˌbaɪˈɔnɪk/
biopharm	/ˈbaɪəfɑɹm/
biopharmaceutical	/ˌbaɪoʊˌfɑɹməˈsutɪkəl/
biopharmacy	/ˌbaɪoʊˈfɑɹməsi/
biophysics	/ˌbaɪoʊˈfɪsɪks/
biopic	/ˈbaɪoʊˌpɪk/
biopsies	/ˈbaɪɑpsiz/
biopsy	/ˈbaɪɑpsi/
bios	/ˈbaɪoʊs/
biosafety	/ˌbaɪoʊˈseɪfti/
bioscience	/ˌbaɪoʊˈsaɪəns/
biosciences	/baɪˈɔsaɪˌɛnsɪz/
biosensor	/ˌbaɪoʊˈsɛnsɚ/
biosensors	/ˌbaɪoʊˈsɛnsɚz/
biosis	/biˈoʊzɪs/
biosphere	/ˈbaɪoʊsˌfɪɹ/
biosphere's	/ˈbaɪoʊsˌfɪɹz/
biospheres	/ˈbaɪoʊsˌfɪɹz/
biospherian	/ˌbaɪoʊsˈfɪɹiən/
biospherians	/ˌbaɪoʊsˈfɪɹiənz/
biostatistician	/ˌbaɪoʊstɑtɪˈstɪʃən/
biostatistics	/ˌbaɪoʊstɑˈtɪˌstɪks/
biosynthesis	/ˌbaɪoʊˈsɪnθɛsɪs/
biosys	/ˈbaɪoʊsɪs/
biosystem	/ˈbaɪoʊˌsɪstəm/
biosystems	/ˈbaɪoʊˌsɪstəmz/
biotech	/ˈbaɪoʊˌtɛk/
biotechnica	/ˌbaɪoʊˈtɛknɪkə/
biotechnica's	/ˌbaɪoʊˈtɛknɪkəz/
biotechnological	/ˌbaɪoʊˌtɛknəˈlɑdʒɪkəl/
biotechnologies	/ˌbaɪoʊˌtɛkˈnɑlədʒiz/
biotechnology	/ˌbaɪoʊˌtɛkˈnɑlədʒi/
biotechnology's	/ˌbaɪoʊˌtɛkˈnɑlədʒiz/
biotechs	/ˈbaɪoʊˌtɛks/
biotherapeutic	/ˌbaɪoʊˌθɛɹəpˈjutɪk/
biotherapeutics	/ˌbaɪoʊˌθɛɹəpˈjutɪks/
biotin	/ˈbaɪətən/
biotite	/ˈbaɪəˌtaɪt/
biovest	/ˈbaɪoʊvəst/
bip	/ˈbɪp/
bipartisan	/baɪˈpɑɹtɪzən/
bipartisanship	/baɪˈpɑɹtəzənˌʃɪp/
biphenyl	/ˈbɪfənəl/
biphenyls	/ˈbɪfənəlz/
biplane	/ˈbaɪˌpleɪn/
bipolar	/baɪˈpoʊlɚ/
bippus	/ˈbɪpəs/
bir	/ˈbɝ/
biracial	/baɪˈɹeɪʃəl/
birch	/ˈbɝtʃ/
birch's	/ˈbɝtʃɪz/
birchall	/ˈbɝkəl/
birchard	/ˈbɝkɚd/
bircher	/ˈbɝtʃɚ/
birchett	/ˈbɝtʃɪt/
birchfield	/ˈbɝtʃˌfild/
birchler	/ˈbɝkəlɚ/
birchmeier	/ˈbɝkmaɪɚ/
birckhead	/ˈbɝkhɛd/
bird	/ˈbɝd/
bird's	/ˈbɝdz/
birdbrain	/ˈbɝdˌbɹeɪn/
birdcage	/ˈbɝdkeɪdʒ/
birddog	/ˈbɝdˌdaʊɡ/
birden	/ˈbɝdən/
birder	/ˈbɝdɚ/
birders	/ˈbɝdɚz/
birdfeather	/ˈbɝdˈfɛðɚ/
birdfeather's	/ˈbɝdˈfɛðɚz/
birdfeathers	/ˈbɝdˈfɛðɚz/
birdfeeder	/ˈbɝdˈfidɚ/
birdfeeder's	/ˈbɝdˈfidɚz/
birdfeeders	/ˈbɝdˈfidɚz/
birdfinder	/ˈbɝdˌfaɪndɚ/
birdhouse	/ˈbɝdhaʊs/
birdhouses	/ˈbɝdhaʊsɪz/
birdie	/ˈbɝdi/
birdied	/ˈbɝdid/
birdies	/ˈbɝdiz/
birdlife	/ˈbɝdˌlaɪf/
birdlike	/ˈbɝdˌlaɪk/
birdman	/ˈbɝdmæn/
birds	/ˈbɝdz/
birds'	/ˈbɝdz/
birdsall	/ˈbɝdˌzɔl/
birdseed	/ˈbɝdˌsid/
birdsell	/ˈbɝdsəl/
birdseye	/ˈbɝdzaɪ/
birdsong	/ˈbɝdˌsɔŋ/
birdwatcher	/ˈbɝˌdwɑtʃɚ/
birdwatchers	/ˈbɝˌdwɑtʃɚz/
birdwatching	/ˈbɝˌdwɑtʃɪŋ/
birdwell	/ˈbɝˌdwɛl/
birdy	/ˈbɝdi/
bireme	/ˈbaɪˌɹim/
biremes	/ˈbaɪˌɹimz/
birenbaum	/ˈbaɪɹənbaʊm/
bires	/ˈbaɪɹz/
birge	/ˈbɝdʒ/
birinyi	/bɪˈɹinji/
birk	/ˈbɝk/
birkedal	/ˈbɝkəˌdɑl/
birkel	/ˈbɝkəl/
birkeland	/ˈbɝklənd/
birkenau	/ˈbɝkənaʊ/
birkes	/ˈbɝks/
birkett	/ˈbɝkɪt/
birkey	/ˈbɝki/
birkhead	/ˈbɝkhɛd/
birkhimer	/ˈbɝkhɪmɚ/
birkhoff	/ˈbɝkɔf/
birkholz	/ˈbɝkhoʊlz/
birkland	/ˈbɝklənd/
birkner	/ˈbɝknɚ/
birks	/ˈbɝks/
birky	/ˈbɝki/
birle	/ˈbɝl/
birley	/ˈbɝli/
birman	/ˈbɝmən/
birmid	/ˈbɝmɪd/
birmid's	/ˈbɝmɪdz/
birmingham	/ˈbɝmɪŋˌhæm/
birnbaum	/ˈbɝnbaʊm/
birney	/ˈbɝni/
birnie	/ˈbɝni/
biro	/ˈbɪɹoʊ/
biron	/ˈbaɪɹən/
biros	/ˈbaɪɹoʊz/
birr	/ˈbɝ/
birren	/ˈbɝən/
birt	/ˈbɝt/
birtcher	/ˈbɝtʃɚ/
birth	/ˈbɝθ/
birthday	/ˈbɝθˌdeɪ/
birthdays	/ˈbɝθˌdeɪz/
birthing	/ˈbɝθɪŋ/
birthmark	/ˈbɝθˌmɑɹk/
birthmarks	/ˈbɝθˌmɑɹks/
birthplace	/ˈbɝθˌpleɪs/
birthplaces	/ˈbɝθˌpleɪsɪz/
birthrate	/ˈbɝˌθɹeɪt/
birthrates	/ˈbɝˌθɹeɪts/
birthright	/ˈbɝˌθɹaɪt/
birthrights	/ˈbɝˌθɹaɪts/
births	/ˈbɝθs/
birtle	/ˈbɝtəl/
birtley	/ˈbɝtli/
birtley's	/ˈbɝtliz/
bis	/ˈbɪs/
bisaillon	/ˈbaɪsəlɑn/
bisbee	/ˈbɪsbi/
bisbing	/ˈbɪsbɪŋ/
biscardi	/bɪˈskɑɹdi/
biscayne	/bɪˈskeɪn/
bisceglia	/bɪsˈtʃɛɡliə/
bisch	/ˈbɪʃ/
bischel	/ˈbɪʃəl/
bischof	/ˈbɪʃəf/
bischofberger	/ˈbɪʃɔfbɚɡɚ/
bischoff	/ˈbɪskhɔf/
biscoe	/bɪˈskoʊ/
biscotti	/bɪˈskɔti/
biscuit	/ˈbɪskət/
biscuits	/ˈbɪskəts/
bise	/ˈbaɪz/
bisek	/ˈbɪsɪk/
bisel	/ˈbɪsəl/
biser	/ˈbaɪzɚ/
bisesi	/bɪˈsɛsi/
bisexual	/ˌbaɪˈsɛkʃuəl/
bisexuality	/ˌbaɪsɛkʃuˈæləti/
bisexuals	/ˌbaɪˈsɛkʃuəlz/
bish	/ˈbɪʃ/
bisher	/ˈbɪʃɚ/
bishoff	/ˈbɪshɔf/
bishop	/ˈbɪʃəp/
bishop's	/ˈbɪʃəps/
bishoprics	/ˈbɪʃəpɹɪks/
bishops	/ˈbɪʃəps/
bishops'	/ˈbɪʃɑps/
bishopsgate	/ˈbɪʃəpsˌɡeɪt/
bisiani	/bɪsiˈɑni/
bisig	/ˈbɪsɪɡ/
bisignano	/bɪsiɡˈnɑnoʊ/
biskup	/ˈbɪskəp/
bismarck	/ˈbɪzˌmɑɹk/
bismarck's	/ˈbɪzˌmɑɹks/
bismark	/ˈbɪzˌmɑɹk/
bismuth	/ˈbɪzməθ/
bison	/ˈbaɪsən/
bisping	/ˈbɪspɪŋ/
bisque	/ˈbɪsk/
bisquit	/ˈbɪskɪt/
biss	/ˈbɪs/
bissell	/ˈbɪsəl/
bissen	/ˈbɪsən/
bisset	/ˈbɪsɪt/
bissett	/ˈbɪsɪt/
bissette	/bɪˈsɛt/
bissey	/ˈbɪsi/
bissinger	/ˈbɪsɪndʒɚ/
bisso	/ˈbisoʊ/
bisson	/ˈbɪsən/
bissonette	/ˈbɪsənɛt/
bissonnette	/ˈbɪsəˌnɛt/
bistline	/ˈbɪstˌlaɪn/
bistodeau	/ˈbɪstədoʊ/
bistro	/ˈbɪstɹoʊ/
bisuteki	/ˌbisuˈteɪki/
bisuteki's	/ˌbisuˈteɪkiz/
bit	/ˈbɪt/
bitar	/ˈbɪtɚ/
bitch	/ˈbɪtʃ/
bitches	/ˈbɪtʃɪz/
bitchiness	/ˈbɪtʃinəs/
bitching	/ˈbɪtʃɪŋ/
bitchy	/ˈbɪtʃi/
bitcoin	/ˈbɪtˈkɔɪn/
bitcoins	/ˈbɪtˈkɔɪnz/
bite	/ˈbaɪt/
biter	/ˈbaɪtɚ/
bites	/ˈbaɪts/
bitesize	/ˈbɪtˌsaɪz/
bither	/ˈbɪðɚ/
biting	/ˈbaɪtɪŋ/
bitler	/ˈbaɪtəlɚ/
bitner	/ˈbɪtnɚ/
bitney	/ˈbɪtni/
bits	/ˈbɪts/
bitsy	/ˈbɪtsi/
bittel	/ˈbɪtəl/
bitten	/ˈbɪtən/
bittenbender	/ˈbɪtɪnˌbɛndɚ/
bitter	/ˈbɪtɚ/
bitterest	/ˈbɪtɚəst/
bitterly	/ˈbɪtɚli/
bitterman	/ˈbɪtɚmən/
bitterman's	/ˈbɪtɚmənz/
bittermann	/ˈbɪtɚmən/
bittermann's	/ˈbɪtɚmənz/
bitterness	/ˈbɪtɚnəs/
bitterroot	/ˈbɪtɚˌɹut/
bitters	/ˈbɪtɚz/
bittersweet	/ˈbɪtɚˌswit/
bittick	/ˈbɪtɪk/
bitting	/ˈbɪtɪŋ/
bittinger	/ˈbɪtɪŋɚ/
bittle	/ˈbɪtəl/
bittman	/ˈbɪtmən/
bittner	/ˈbɪtnɚ/
bitton	/ˈbɪtən/
bitty	/ˈbɪti/
bitumen	/ˌbɪˈtumən/
bituminous	/bɪˈtumənəs/
bitz	/ˈbɪts/
bitzer	/ˈbɪtzɚ/
bivalve	/ˈbaɪˌvælv/
bivalves	/ˈbaɪˌvælvz/
biven	/ˈbaɪvən/
bivens	/ˈbaɪvənz/
biviano	/ˌbiviˈɑnoʊ/
bivin	/ˈbɪvɪn/
bivins	/ˈbɪvɪnz/
bivona	/bɪˈvoʊnə/
bivouac	/ˈbɪvwæk/
biweekly	/baɪˈwikli/
bix	/ˈbɪks/
bixby	/ˈbɪksbi/
bixel	/ˈbɪksəl/
bixler	/ˈbɪkslɚ/
biz	/ˈbɪz/
bizango	/bɪˈzæŋɡoʊ/
bizarre	/bəˈzɑɹ/
bizet	/bɪˈzɛt/
bizmart	/ˈbɪzˌmɑɹt/
bizrate	/ˈbɪˌzeɪt/
bizub	/ˈbɪzəb/
bizzaro	/bɪˈzɑɹoʊ/
bizzell	/ˈbɪzəl/
bizzy	/ˈbɪzi/
bjelasnica	/bjɛˈlæsnɪkə/
bjelland	/ˈbjɛlənd/
bjerke	/ˈbjɝk/
bjoern	/ˈbjɔɹn/
bjorge	/ˈbjɔɹɡ/
bjork	/ˈbjɔɹk/
bjorklund	/ˈbjɔɹklənd/
bjorkman	/ˈbjɔɹkmən/
bjorn	/ˈbjɔɹn/
bjornstad	/ˈbjɔɹnstəd/
blab	/ˈblæb/
blabbed	/ˈblæbd/
blabber	/ˈblæbɚ/
blabbers	/ˈblæbɚz/
blachly	/ˈblɑtʃli/
black	/ˈblæk/
black's	/ˈblæks/
blackard	/ˈblækɚd/
blackball	/ˈblækˌbɔl/
blackberries	/ˈblækˌbɛɹiz/
blackberry	/ˈblækˌbɛɹi/
blackbird	/ˈblækbɚd/
blackbirds	/ˈblækbɚdz/
blackboard	/ˈblækˌbɔɹd/
blackboards	/ˈblækˌbɔɹdz/
blackburn	/ˈblækbɚn/
blacked	/ˈblækt/
blacken	/ˈblækən/
blackened	/ˈblækənd/
blackening	/ˈblækənɪŋ/
blackens	/ˈblækənz/
blacker	/ˈblækɚ/
blackerby	/ˈblækɚbi/
blackest	/ˈblækəst/
blacketer	/ˈblækitɚ/
blackett	/ˈblækɪt/
blackfoot	/ˈblækˌfʊt/
blackford	/ˈblækfɚd/
blackham	/ˈblækhəm/
blackhawk	/ˈblækˌhɔk/
blackhawk's	/ˈblækˌhɔks/
blackhawks	/ˈblækˌhɔks/
blackheath	/ˈblækˌhiθ/
blackhurst	/ˈblækhɚst/
blackie	/ˈblæki/
blackjack	/ˈblækˌdʒæk/
blackledge	/ˈblæˌklɛdʒ/
blackley	/ˈblækli/
blacklist	/ˈblæˌklɪst/
blacklisted	/ˈblæˌklɪstɪd/
blacklisting	/ˈblæˌklɪstɪŋ/
blacklock	/ˈblæˌklɑk/
blackmail	/ˈblækˌmeɪl/
blackmailed	/ˈblækˌmeɪld/
blackmailing	/ˈblækˌmeɪlɪŋ/
blackman	/ˈblækmən/
blackmer	/ˈblækmɚ/
blackmon	/ˈblækmən/
blackmore	/ˈblækmɔɹ/
blackmun	/ˈblækmən/
blackmun's	/ˈblækmənz/
blackness	/ˈblæknəs/
blackout	/ˈblæˌkaʊt/
blackouts	/ˈblæˌkaʊts/
blackpool	/ˈblækˌpul/
blackrock	/ˈblæˌkɹɑk/
blacks	/ˈblæks/
blacks'	/ˈblæks/
blacksburg	/ˈblæksbɚɡ/
blackshear	/ˈblækʃɪɹ/
blacksher	/ˈblækʃɚ/
blackshire	/ˈblækˌʃaɪɹ/
blacksmith	/ˈblækˌsmɪθ/
blackson	/ˈblæksən/
blackstock	/ˈblækˌstɑk/
blackston	/ˈblækstən/
blackstone	/ˈblækˌstoʊn/
blackstone's	/ˈblækˌstoʊnz/
blacktop	/ˈblækˌtɑp/
blackwelder	/ˈblæˌkwɛldɚ/
blackwell	/ˈblæˌkwɛl/
blackwood	/ˈblæˌkwʊd/
bladder	/ˈblædɚ/
bladders	/ˈblædɚz/
blade	/ˈbleɪd/
bladed	/ˈbleɪdɪd/
bladen	/ˈbleɪdən/
blades	/ˈbleɪdz/
blading	/ˈbleɪdɪŋ/
bladow	/ˈblædoʊ/
blaese	/ˈbleɪz/
blaesing	/ˈblɛsɪŋ/
blagden	/ˈblæɡdən/
blagg	/ˈblæɡ/
blah	/ˈblɑ/
blaha	/ˈblɑhə/
blahnik	/ˈblɑnɪk/
blahut	/ˈblæhət/
blaich	/ˈbleɪtʃ/
blaikie	/ˈbleɪki/
blain	/ˈbleɪn/
blaine	/ˈbleɪn/
blair	/ˈblɛɹ/
blair's	/ˈblɛɹz/
blais	/ˈblɛz/
blaisdell	/ˈbleɪsdəl/
blaise	/ˈbleɪz/
blaiser	/ˈbleɪzɚ/
blaize	/ˈbleɪz/
blake	/ˈbleɪk/
blake's	/ˈbleɪks/
blakeley	/ˈbleɪkli/
blakeley's	/ˈbleɪkliz/
blakely	/ˈbleɪkli/
blakely's	/ˈbleɪkliz/
blakeman	/ˈbleɪkmən/
blakemore	/ˈbleɪkmɔɹ/
blakeney	/ˈbleɪkni/
blakeney's	/ˈbleɪkniz/
blakenham	/ˈbleɪkənˌhæm/
blakenship	/ˈbleɪkənʃɪp/
blaker	/ˈbleɪkɚ/
blakes	/ˈbleɪks/
blakeslee	/ˈbleɪksli/
blakesley	/ˈbleɪksli/
blakey	/ˈbleɪki/
blakley	/ˈblækli/
blakney	/ˈblækni/
blalack	/ˈblælək/
blalock	/ˈblælɑk/
blame	/ˈbleɪm/
blamed	/ˈbleɪmd/
blameless	/ˈbleɪmləs/
blames	/ˈbleɪmz/
blamestrorm	/ˈbleɪmˌstɔɹm/
blaming	/ˈbleɪmɪŋ/
blampied	/ˈblæmpid/
blan	/ˈblæn/
blanc	/ˈblæŋk/
blanca	/ˈblɑŋkə/
blancett	/ˈblænsɪt/
blanch	/ˈblæntʃ/
blanchard	/ˈblæntʃɚd/
blanchard's	/ˈblæntʃɚdz/
blanchards	/ˈblæntʃɚdz/
blanche	/ˈblæntʃ/
blanchet	/ˈblænkɪt/
blanchett	/ˈblæntʃɪt/
blanchette	/blənˈʃɛt/
blanchfield	/ˈblæntʃˌfild/
blanck	/ˈblæŋk/
blancmange	/bləˈmɑndʒ/
blanco	/ˈblæŋkoʊ/
bland	/ˈblænd/
blanda	/ˈblændə/
blander	/ˈblændɚ/
blandford	/ˈblændfɔɹd/
blandin	/ˈblændɪn/
blanding	/ˈblændɪŋ/
blandino	/blɑnˈdinoʊ/
blandishment	/ˈblændɪʃmənt/
blandishments	/ˈblændɪʃmənts/
blandly	/ˈblændli/
blandness	/ˈblændnəs/
blando	/ˈblændoʊ/
blandon	/ˈblændɪn/
blane	/ˈbleɪn/
blaney	/ˈbleɪni/
blanford	/ˈblænfɚd/
blank	/ˈblæŋk/
blanke	/ˈblæŋk/
blanked	/ˈblæŋkt/
blanken	/ˈblæŋkən/
blankenbaker	/ˈblæŋkənˌbeɪkɚ/
blankenbeckler	/ˈblæŋkənˌbɛklɚ/
blankenburg	/ˈblæŋkənbɚɡ/
blankenhorn	/ˈblæŋkɪnhɚn/
blankenship	/ˈblæŋkənˌʃɪp/
blanket	/ˈblæŋkət/
blanketed	/ˈblæŋkətɪd/
blanketing	/ˈblæŋkətɪŋ/
blankets	/ˈblæŋkəts/
blankie	/ˈblæŋˌki/
blankies	/ˈblæŋˌkiz/
blanking	/ˈblæŋkɪŋ/
blankinship	/ˈblæŋkɪnʃɪp/
blankley	/ˈblæŋkli/
blankly	/ˈblæŋkli/
blankly's	/ˈblæŋkliz/
blanks	/ˈblæŋks/
blanky	/ˈblæŋˌki/
blann	/ˈblæn/
blanquita	/blɑnˈkitə/
blansett	/ˈblænsɪt/
blanton	/ˈblæntən/
blare	/ˈblɛɹ/
blared	/ˈblɛɹd/
blares	/ˈblɛɹz/
blaring	/ˈblɛɹɪŋ/
blas	/ˈblɑs/
blaschke	/ˈblæʃk/
blasco	/ˈblɑskoʊ/
blasdel	/ˈblæsdəl/
blasdell	/ˈblæsdəl/
blase	/ˈbleɪz/
blaser	/ˈbleɪzɚ/
blasi	/ˈbleɪzi/
blasia	/ˈblɑsiə/
blasier	/ˈbleɪziɚ/
blasier's	/ˈbleɪziɚz/
blasing	/ˈbleɪzɪŋ/
blasingame	/blɑsɪŋˈɡɑmi/
blasini	/bləˈsini/
blasio	/ˈblæziˌoʊ/
blasius	/ˈbleɪsiɪs/
blaske	/ˈbleɪsk/
blasko	/ˈblɑskoʊ/
blasphemous	/ˈblæsfəməs/
blasphemy	/ˈblæsfəmi/
blass	/ˈblæs/
blassie	/ˈblæsi/
blassie's	/ˈblæsiz/
blassingame	/blɑsɪŋˈɡɑmi/
blast	/ˈblæst/
blastdown	/ˈblæstˌdaʊn/
blasted	/ˈblæstəd/
blaster	/ˈblæstɚ/
blastfurnace	/ˈblæstˌfɝnəs/
blasting	/ˈblæstɪŋ/
blastoderm	/ˈblæstədɚm/
blastoff	/ˈblæˌstɔf/
blastoma	/ˌblæˈstoʊmə/
blasts	/ˈblæsts/
blaszak	/ˈblɑʃək/
blaszczyk	/ˈblɑʃtʃɪk/
blatant	/ˈbleɪtənt/
blatantly	/ˈbleɪtəntli/
blatchford	/ˈblætʃfɚd/
blatchley	/ˈblætʃli/
blather	/ˈblæðɚ/
blatnik	/ˈblætnɪk/
blatt	/ˈblæt/
blatter	/ˈblætɚ/
blattner	/ˈblætnɚ/
blatz	/ˈblæts/
blau	/ˈblaʊ/
blauch	/ˈblɔtʃ/
blauer	/ˈblaʊɹ/
blaum	/ˈblɔm/
blauser	/ˈblaʊsɚ/
blaustein	/ˈblaʊstaɪn/
blauvelt	/ˈblaʊvɪlt/
blay	/ˈbleɪ/
blaydes	/ˈbleɪdz/
blaydon	/ˈbleɪdən/
blaylock	/ˈbleɪlək/
blayne	/ˈbleɪn/
blayney	/ˈbleɪni/
blayze	/ˈbleɪz/
blaze	/ˈbleɪz/
blazed	/ˈbleɪzd/
blazejewski	/bləzeɪˈɛfski/
blazek	/ˈblɑzɛk/
blazer	/ˈbleɪzɚ/
blazers	/ˈbleɪzɚz/
blazes	/ˈbleɪzɪz/
blazier	/ˈbleɪziɚ/
blazina	/blɑˈzinə/
blazing	/ˈbleɪzɪŋ/
blea	/ˈbli/
bleach	/ˈblitʃ/
bleached	/ˈblitʃt/
bleacher	/ˈblitʃɚ/
bleachers	/ˈblitʃɚz/
bleaching	/ˈblitʃɪŋ/
bleak	/ˈblik/
bleaker	/ˈblikɚ/
bleakest	/ˈblikəst/
bleakley	/ˈblikli/
bleakness	/ˈbliknəs/
bleakney	/ˈblikni/
bleam	/ˈblim/
bleary	/ˈblɪɹi/
bleau	/ˈbloʊ/
blech	/ˈblɛk/
blech's	/ˈblɛks/
blecha	/ˈblɛtʃə/
blecher	/ˈblɛkɚ/
blechley	/ˈblɛkli/
blechman	/ˈblɛkmən/
bleck	/ˈblɛk/
blecker	/ˈblɛkɚ/
bled	/ˈblɛd/
bledsoe	/ˈblɛdsoʊ/
bleecker	/ˈblikɚ/
bleed	/ˈblid/
bleeding	/ˈblidɪŋ/
bleeds	/ˈblidz/
bleeker	/ˈblikɚ/
bleep	/ˈblip/
bleeping	/ˈblipɪŋ/
blegen	/ˈblɛɡən/
blehm	/ˈblɛm/
bleich	/ˈblaɪk/
bleicher	/ˈblaɪkɚ/
bleier	/ˈblaɪɚ/
bleil	/ˈblil/
bleiler	/ˈblaɪlɚ/
bleilers	/ˈblaɪlɚz/
blelloch	/ˈblɛlɑk/
blemish	/ˈblɛmɪʃ/
blemished	/ˈblɛmɪʃt/
blemishes	/ˈblɛmɪʃɪz/
blend	/ˈblɛnd/
blenda	/ˈblɛndə/
blendax	/ˈblɛnˌdæks/
blended	/ˈblɛndɪd/
blender	/ˈblɛndɚ/
blenders	/ˈblɛndɚz/
blending	/ˈblɛndɪŋ/
blends	/ˈblɛndz/
blenheim	/ˈblɛnˌhaɪm/
blepharisma	/ˌblɛfɚˈɪzmə/
bleser	/ˈblizɚ/
bless	/ˈblɛs/
blessed	/ˈblɛst/
blessedly	/ˈblɛsədli/
blessedness	/ˈblɛsədnəs/
blesses	/ˈblɛsɪz/
blessing	/ˈblɛsɪŋ/
blessinger	/ˈblɛsɪŋɚ/
blessings	/ˈblɛsɪŋz/
blessington	/ˈblɛsɪŋtən/
blest	/ˈblɛst/
blethen	/ˈblɛθən/
bleu	/ˈblu/
blevens	/ˈblivənz/
blevins	/ˈblɛvɪnz/
blew	/ˈblu/
blewett	/ˈbluɪt/
blewitt	/ˈbluɪt/
bley	/ˈbleɪ/
blick	/ˈblɪk/
blickenstaff	/ˈblɪkɪnstəf/
blida	/ˈblaɪdə/
bligh	/ˈblaɪ/
blight	/ˈblaɪt/
blighted	/ˈblaɪtɪd/
bliley	/ˈblaɪli/
blimp	/ˈblɪmp/
blimps	/ˈblɪmps/
blincoe	/blɪnˈkoʊ/
blind	/ˈblaɪnd/
blinded	/ˈblaɪndɪd/
blinder	/ˈblaɪndɚ/
blinder's	/ˈblaɪndɚz/
blinders	/ˈblaɪndɚz/
blindfold	/ˈblaɪndˌfoʊld/
blindfolded	/ˈblaɪndˌfoʊldɪd/
blinding	/ˈblaɪndɪŋ/
blindly	/ˈblaɪndli/
blindness	/ˈblaɪndnəs/
blinds	/ˈblaɪndz/
blindside	/ˈblaɪndˌsaɪd/
blindsided	/ˈblaɪndˌsaɪdɪd/
blink	/ˈblɪŋk/
blinked	/ˈblɪŋkt/
blinken	/ˈblɪŋkən/
blinking	/ˈblɪŋkɪŋ/
blinks	/ˈblɪŋks/
blinn	/ˈblɪn/
blip	/ˈblɪp/
blips	/ˈblɪps/
bliscoll	/ˈblɪskɔl/
blish	/ˈblɪʃ/
bliss	/ˈblɪs/
bliss'	/ˈblɪs/
blissett	/ˈblɪsɪt/
blissful	/ˈblɪsfəl/
blissfully	/ˈblɪsfəli/
blister	/ˈblɪstɚ/
blistered	/ˈblɪstɚd/
blistering	/ˈblɪstɚɪŋ/
blisters	/ˈblɪstɚz/
blitch	/ˈblɪtʃ/
blithe	/ˈblaɪð/
blithely	/ˈblaɪθli/
blitstein	/ˈblɪtstin/
blitz	/ˈblɪts/
blitzed	/ˈblɪtst/
blitzen	/ˈblɪtsən/
blitzer	/ˈblɪtsɚ/
blitzer's	/ˈblɪtsɚz/
blitzes	/ˈblɪtsɪz/
blitzkrieg	/ˈblɪtˌskɹiɡ/
bliven	/ˈblaɪvən/
blixt	/ˈblɪkst/
blizard	/ˈblɪzɚd/
blizzard	/ˈblɪzɚd/
blizzards	/ˈblɪzɚdz/
bloat	/ˈbloʊt/
bloated	/ˈbloʊtɪd/
bloatedness	/ˈbloʊtɪdnəs/
bloating	/ˈbloʊtɪŋ/
bloats	/ˈbloʊts/
blob	/ˈblɑb/
blobby	/ˈblɑbi/
blobs	/ˈblɑbz/
bloc	/ˈblɑk/
bloc's	/ˈblɑks/
bloch	/ˈblɑk/
bloch's	/ˈblɑks/
blocher	/ˈblɑkɚ/
block	/ˈblɑk/
block's	/ˈblɑks/
blockade	/ˌblɑˈkeɪd/
blockaded	/ˌblɑˈkeɪdɪd/
blockader	/ˌblɑˈkeɪdɚ/
blockaders	/ˌblɑˈkeɪdɚz/
blockades	/ˌblɑˈkeɪdz/
blockading	/ˌblɑˈkeɪdɪŋ/
blockage	/ˈblɑkɪdʒ/
blockages	/ˈblɑkɪdʒɪz/
blockbuster	/ˈblɑkˌbʌstɚ/
blockbuster's	/ˈblɑkˌbʌstɚz/
blockbusters	/ˈblɑkˌbʌstɚz/
blockchain	/ˈblɑkˈtʃeɪn/
blocked	/ˈblɑkt/
blocker	/ˈblɑkɚ/
blockers	/ˈblɑkɚz/
blockhead	/ˈblɑkˌhɛd/
blockheads	/ˈblɑkˌhɛdz/
blockhouse	/ˈblɑkˌhaʊs/
blockhouses	/ˈblɑkˌhaʊsəz/
blocking	/ˈblɑkɪŋ/
blocks	/ˈblɑks/
blocs	/ˈblɑks/
blodgett	/ˈblɑdʒɪt/
bloedel	/ˈbloʊdəl/
bloedorn	/ˈbloʊdɚn/
bloem	/ˈbloʊm/
bloemer	/ˈbloʊmɚ/
bloemker	/ˈbloʊmkɚ/
blog	/ˈblɔɡ/
blogger	/ˈblɔɡɚ/
bloggers	/ˈblɔɡɚz/
blogging	/ˈblɔɡɪŋ/
blogosphere	/ˈblɔɡəsˌfɪɹ/
blogs	/ˈblɔɡz/
blohm	/ˈbloʊm/
blok	/ˈblɑk/
bloke	/ˈbloʊk/
blokes	/ˈbloʊks/
blom	/ˈblɑm/
blomberg	/ˈblɑmbɚɡ/
blome	/ˈbloʊm/
blomgren	/ˈblɑmɡɹɛn/
blomkvist	/ˈblɑmˌkwɪst/
blomquist	/ˈblɑmˌkwɪst/
blomstrom	/ˈblɑmstɹəm/
blond	/ˈblɑnd/
blonde	/ˈblɑnd/
blonde's	/ˈblɑndz/
blondell	/ˈblɑndəl/
blonder	/ˈblɑndɚ/
blondes	/ˈblɑndz/
blondest	/ˈblɑndəst/
blondie	/ˈblɑndi/
blondin	/ˈblɑndɪn/
blonds	/ˈblɑndz/
blood	/ˈblʌd/
blood's	/ˈblʌdz/
bloodbath	/ˈblʌdˌbæθ/
blooded	/ˈblʌdɪd/
bloodgood	/ˈblʌdˌɡʊd/
bloodhound	/ˈblʌdhaʊnd/
bloodhounds	/ˈblʌdhaʊndz/
bloodied	/ˈblʌdid/
bloodier	/ˈblʌdiɚ/
bloodiest	/ˈblʌdiəst/
bloodless	/ˈblʌdləs/
bloodletting	/ˈblʌdˌlɛtɪŋ/
bloodline	/ˈblʌdˌlaɪn/
bloodlines	/ˈblʌdˌlaɪnz/
bloods	/ˈblʌdz/
bloodshed	/ˈblʌdˌʃɛd/
bloodstain	/ˈblʌdˌsteɪn/
bloodstained	/ˈblʌdˌsteɪnd/
bloodstains	/ˈblʌdˌsteɪnz/
bloodstone	/ˈblʌdˌstoʊn/
bloodstream	/ˈblʌdˌstɹim/
bloodsucker	/ˈblʌdˌsʌkɚ/
bloodsuckers	/ˈblʌdˌsʌkɚz/
bloodsucking	/ˈblʌdˌsʌkɪŋ/
bloodsworth	/ˈblʌdzˌwɝθ/
bloodthirsty	/ˈblʌdˌθɝsti/
bloodworth	/ˈblʌˌdwɝθ/
bloody	/ˈblʌdi/
bloom	/ˈblum/
bloom's	/ˈblumz/
bloomberg	/ˈblumbɚɡ/
bloomberg's	/ˈblumbɚɡz/
bloomed	/ˈblumd/
bloomer	/ˈblumɚ/
bloomers	/ˈblumɚz/
bloomfield	/ˈblumˌfild/
blooming	/ˈblumɪŋ/
bloomingdale	/ˈblumɪŋˌdeɪl/
bloomingdale's	/ˈblumɪŋˌdeɪlz/
bloomingdales	/ˈblumɪŋˌdeɪlz/
bloomington	/ˈblumɪŋtən/
bloomquist	/ˈblumˌkwɪst/
blooms	/ˈblumz/
blooper	/ˈblupɚ/
bloopers	/ˈblupɚz/
bloor	/ˈblʊɹ/
blose	/ˈbloʊz/
bloss	/ˈblɔs/
blosser	/ˈblɔsɚ/
blossom	/ˈblɑsəm/
blossomed	/ˈblɑsəmd/
blossoming	/ˈblɑsəmɪŋ/
blossoms	/ˈblɑsəmz/
blot	/ˈblɑt/
blotch	/ˈblɑttʃ/
blotched	/ˈblɑttʃt/
blotches	/ˈblɑttʃəz/
blotchier	/ˈblɑttʃiɚ/
blotchiest	/ˈblɑttʃiəst/
blotching	/ˈblɑttʃɪŋ/
blotchy	/ˈblɑttʃi/
blotnick	/ˈblɑtnɪk/
blots	/ˈblɑts/
blotted	/ˈblɑtəd/
blotter	/ˈblɑtɚ/
blotting	/ˈblɑtɪŋ/
blouch	/ˈblaʊtʃ/
blough	/ˈblaʊ/
blouin	/ˈblwin/
blount	/ˈblaʊnt/
blouse	/ˈblaʊs/
blouses	/ˈblaʊsəz/
blow	/ˈbloʊ/
blowdried	/ˈbloʊˌdɹaɪd/
blowdries	/ˈbloʊˌdɹaɪz/
blowdry	/ˈbloʊˌdɹaɪ/
blowdryer	/ˈbloʊˌdɹaɪɚ/
blowdryers	/ˈbloʊˌdɹaɪɚz/
blowdrying	/ˈbloʊˌdɹaɪɪŋ/
blowe	/ˈbloʊ/
blowed	/ˈbloʊd/
blower	/ˈbloʊɚ/
blowers	/ˈbloʊɚz/
blowfish	/ˈbloʊfɪʃ/
blowgun	/ˈbloʊˌɡʌn/
blowguns	/ˈbloʊˌɡʌnz/
blowhard	/ˈbloʊˌhɑɹd/
blowhards	/ˈbloʊˌhɑɹdz/
blowhole	/ˈbloʊˌhoʊl/
blowholes	/ˈbloʊˌhoʊlz/
blowier	/ˈbloʊiɚ/
blowiest	/ˈbloʊiəst/
blowing	/ˈbloʊɪŋ/
blowjob	/ˈbloʊˌdʒɑb/
blowjobs	/ˈbloʊˌdʒɑbz/
blown	/ˈbloʊn/
blowout	/ˈbloʊˌaʊt/
blowouts	/ˈbloʊˌaʊts/
blowpipe	/ˈbloʊˌpaɪp/
blowpipes	/ˈbloʊˌpaɪps/
blows	/ˈbloʊz/
blowtorch	/ˈbloʊˌtɔɹtʃ/
blowtorches	/ˈbloʊˌtɔɹtʃəz/
blowup	/ˈbloʊˌʌp/
blowy	/ˈbloʊi/
bloxham	/ˈblɑksəm/
bloxom	/ˈblɑksəm/
bloxsom	/ˈblɑksəm/
bloyd	/ˈblɔɪd/
bloyer	/ˈblɔɪɚ/
blubaugh	/ˈblʌbɔ/
blubber	/ˈblʌbɚ/
bludgeon	/ˈblʌdʒən/
bludgeoned	/ˈblʌdʒənd/
bludgeoning	/ˈblʌdʒənɪŋ/
blue	/ˈblu/
blue's	/ˈbluz/
bluebeard	/ˈbluˌbiɹd/
bluebell	/ˈbluˌbɛl/
bluebells	/ˈbluˌbɛlz/
blueberries	/ˈbluˌbɛɹiz/
blueberry	/ˈbluˌbɛɹi/
bluebird	/ˈbluˌbɝd/
bluebirds	/ˈbluˌbɝdz/
blueblood	/ˈbluˌblʌd/
blueblooded	/ˈbluˌblʌdəd/
bluebloods	/ˈbluˌblʌdz/
bluebonnet	/ˈbluˌbɑnət/
bluebonnets	/ˈbluˌbɑnəts/
bluebottle	/ˈbluˌbɔtəl/
bluebottles	/ˈbluˌbɔtəlz/
bluechip	/ˈbluˌtʃɪp/
bluecollar	/ˈbluˌkɔlɚ/
blued	/ˈblud/
blueeyed	/ˈbluaɪd/
bluefield	/ˈbluˌfild/
bluegrass	/ˈbluˌɡɹæs/
blueing	/ˈbluɪŋ/
blueish	/ˈbluɪʃ/
bluejacket	/ˈbluˌdʒækɪt/
bluejay	/ˈbluˌdʒeɪ/
bluejeans	/ˈbludʒinz/
bluelaw	/ˈbluˌlɑ/
bluemel	/ˈblʊməl/
blueness	/ˈblunəs/
bluepencil	/ˈbluˌpɛnsəl/
bluepencilled	/ˈbluˌpɛnsəld/
bluepencilling	/ˈbluˌpɛnsəlɪŋ/
bluepencils	/ˈbluˌpɛnsəlz/
blueprint	/ˈbluˌpɹɪnt/
blueprints	/ˈbluˌpɹɪnts/
bluer	/ˈbluɚ/
blues	/ˈbluz/
blues'	/ˈbluz/
bluest	/ˈbluəst/
bluestein	/ˈblʊstaɪn/
bluestine	/ˈbluˌstaɪn/
bluestone	/ˈbluˌstoʊn/
bluesy	/ˈbluzi/
bluetooth	/ˈbluˌtuθ/
bluett	/ˈblut/
bluey	/ˈblui/
bluff	/ˈblʌf/
bluffed	/ˈblʌft/
bluffer	/ˈblʌfɚ/
bluffing	/ˈblʌfɪŋ/
bluffs	/ˈblʌfs/
bluford	/ˈblufɚd/
bluhdorn	/ˈblʌˌdɔɹn/
bluhm	/ˈblʌm/
bluing	/ˈbluɪŋ/
bluish	/ˈbluɪʃ/
bluitt	/ˈblut/
blum	/ˈblum/
blumberg	/ˈblʌmbɚɡ/
blume	/ˈblum/
blumenberg	/ˈblumɛnbɚɡ/
blumenfeld	/ˈblumɪnfɛld/
blumenschein	/ˈblʌmɪnʃaɪn/
blumenshine	/ˈblʌmɪnʃaɪn/
blumenstein	/ˈblumɛnstaɪn/
blumenstock	/ˈblumɛnstɑk/
blumenthal	/ˈblumənˌθɔl/
blumer	/ˈblumɚ/
blumquist	/ˈblʌmkwɪst/
blumstein	/ˈblʌmstaɪn/
blunck	/ˈblʌŋk/
blundall	/ˈblʌndəl/
blundell	/ˈblʌndəl/
blunder	/ˈblʌndɚ/
blundered	/ˈblʌndɚd/
blundering	/ˈblʌndɚɪŋ/
blunders	/ˈblʌndɚz/
blunk	/ˈblʌŋk/
blunt	/ˈblʌnt/
blunted	/ˈblʌntəd/
blunter	/ˈblʌntɚ/
bluntest	/ˈblʌntəst/
blunting	/ˈblʌntɪŋ/
bluntly	/ˈblʌntli/
bluntness	/ˈblʌntnəs/
blunts	/ˈblʌnts/
blur	/ˈblɝ/
blurb	/ˈblɝb/
blurbs	/ˈblɝbz/
blurred	/ˈblɝd/
blurring	/ˈblɝɪŋ/
blurry	/ˈblɝi/
blurs	/ˈblɝz/
blurt	/ˈblɝt/
blurted	/ˈblɝtɪd/
blurton	/ˈblɝtən/
blurts	/ˈblɝts/
blush	/ˈblʌʃ/
blushed	/ˈblʌʃt/
blushes	/ˈblʌʃəz/
blushing	/ˈblʌʃɪŋ/
blust	/ˈblʌst/
bluster	/ˈblʌstɚ/
blustering	/ˈblʌstɚɪŋ/
blustery	/ˈblʌstɚi/
bluth	/ˈbluθ/
blvd	/ˈbʊləˌvɑɹd/
bly	/ˈblaɪ/
blye	/ˈblaɪ/
blyler	/ˈblaɪlɚ/
blystone	/ˈblaɪˌstoʊn/
blyth	/ˈblɪθ/
blythe	/ˈblaɪð/
bmw	/ˈbiˌɛmˈdʌbəlju/
bo	/ˈboʊ/
bo-shek	/ˈboʊˈʃɛk/
boa	/ˈboʊə/
boak	/ˈboʊk/
boake	/ˈboʊk/
boal	/ˈboʊl/
boals	/ˈboʊlz/
boan	/ˈboʊn/
boar	/ˈbɔɹ/
board	/ˈbɔɹd/
board's	/ˈbɔɹdz/
boarda	/ˈbɔɹdə/
boardbent	/ˈbɔɹdˌbɛnt/
boarded	/ˈbɔɹdəd/
boarder	/ˈbɔɹdɚ/
boarders	/ˈbɔɹdɚz/
boardgame	/ˈbɔɹdˌɡeɪm/
boardgames	/ˈbɔɹdˌɡeɪmz/
boarding	/ˈbɔɹdɪŋ/
boardinghouse	/ˈbɔɹdɪŋˌhaʊs/
boardinghouses	/ˈbɔɹdɪŋˌhaʊsɪz/
boardingpass	/ˈbɔɹdɪnɡˌpæs/
boardingpasses	/ˈbɔɹdɪnɡˌpæsɪz/
boardings	/ˈbɔɹdɪŋz/
boardman	/ˈbɔɹdmən/
boardroom	/ˈbɔɹˌdɹum/
boardrooms	/ˈbɔɹˌdɹumz/
boards	/ˈbɔɹdz/
boardwalk	/ˈbɔɹˌdwɔk/
boardwalks	/ˈbɔɹˌdwɔks/
boarman	/ˈbɔɹmən/
boart	/ˈbɔɹt/
boas	/ˈboʊəz/
boase	/ˈboʊz/
boast	/ˈboʊst/
boasted	/ˈboʊstəd/
boastful	/ˈboʊstfəl/
boasting	/ˈboʊstɪŋ/
boasts	/ˈboʊsts/
boat	/ˈboʊt/
boat's	/ˈboʊts/
boated	/ˈboʊtɪd/
boaters	/ˈboʊtɚz/
boathouse	/ˈboʊtˈhaʊs/
boating	/ˈboʊtɪŋ/
boatlift	/ˈboʊtˌlɪft/
boatlift's	/ˈboʊtˌlɪfts/
boatlifts	/ˈboʊtˌlɪfts/
boatload	/ˈboʊtˌloʊd/
boatloads	/ˈboʊtˌloʊdz/
boatman	/ˈboʊtmən/
boatmen's	/ˈboʊtmɛnz/
boatner	/ˈboʊtnɚ/
boatright	/ˈboʊˌtɹaɪt/
boats	/ˈboʊts/
boatswain	/ˈboʊtsweɪn/
boatwright	/ˈboʊˌtɹaɪt/
boatyard	/ˈboʊtˌjɑɹd/
boaz	/ˈboʊæz/
bob	/ˈbɑb/
bob's	/ˈbɑbz/
boback	/ˈboʊˌbæk/
bobadilla	/boʊbɑˈdɪlə/
bobak	/ˈboʊbək/
bobb	/ˈbɑb/
bobber	/ˈbɑbɚ/
bobbett	/ˈbɑbɪt/
bobbette	/ˈbɑˈbɛt/
bobbi	/ˈbɑbi/
bobbie	/ˈbɑbi/
bobbin	/ˈbɑbən/
bobbing	/ˈbɑbɪŋ/
bobbinger	/ˈbɑbɪŋɚ/
bobbinger's	/ˈbɑbɪŋɚz/
bobbitt	/ˈbɑbɪt/
bobbitt's	/ˈbɑbɪts/
bobbitts	/ˈbɑbɪts/
bobble	/ˈbɔbəl/
bobbled	/ˈbɔbəld/
bobbles	/ˈbɔbəlz/
bobbling	/ˈbɔblɪŋ/
bobbo	/ˈbɑboʊ/
bobby	/ˈbɑbi/
bobby's	/ˈbɑbiz/
bobcat	/ˈbɑbˌkæt/
bobcats	/ˈbɑbˌkætz/
bobe	/ˈboʊb/
bobeck	/ˈboʊˌbɛk/
bobek	/ˈboʊbɪk/
bober	/ˈbɑbɚ/
boberg	/ˈboʊbɚɡ/
bobick	/ˈbɑbɪk/
bobier	/ˈboʊbiɚ/
bobinski	/bəˈbɪnski/
boblitt	/bəˈblɪt/
bobo	/ˈboʊboʊ/
bobolas	/ˈboʊboʊləs/
bobrow	/ˈbɑˌbɹoʊ/
bobrowski	/bəˈbɹɔfski/
bobsled	/ˈbɑbˌslɛd/
bobst	/ˈbɑbst/
bobzien	/ˈbɑbzin/
boca	/ˈboʊkə/
bocanegra	/ˌboʊkəˈnɛɡɹə/
bocce	/ˈboʊtʃi/
bocchino	/ˌboʊˈkinoʊ/
boccia	/ˈboʊtʃə/
boccio	/ˈboʊtʃioʊ/
boccuzzi	/boʊˈkutsi/
bocek	/ˈboʊˌtʃɛk/
boch	/ˈbɑk/
bocharov	/ˈbɑtʃɚɑv/
bochco	/ˈbɑtʃkoʊ/
boche	/ˈbɑtʃ/
bochenek	/ˈbɑkɪnɪk/
boches	/ˈbɑtʃɪz/
bochicchio	/boʊˈkikioʊ/
bochner	/ˈbɑknɚ/
bochram	/ˈbɑkɹəm/
bocian	/ˈboʊʃən/
bock	/ˈbɑk/
bockelman	/ˈbɑkəlmən/
bockius	/ˈbɑkiəs/
bockman	/ˈbɑkmən/
bockus	/ˈbɑkəs/
bocock	/ˈbɑkək/
bocook	/ˈbɑkʊk/
bocuse	/boʊkˈjuz/
boda	/ˈboʊdə/
bodamer	/ˈbɑdəmɚ/
bodanis	/boʊˈdɑnɪs/
bodden	/ˈbɑdən/
boddie	/ˈbɑdi/
boddington	/ˈbɑdɪŋtən/
boddy	/ˈbɑdi/
bode	/ˈboʊd/
bodega	/boʊˈdeɪɡə/
bodegas	/boʊˈdeɪɡəs/
bodeguita	/ˌboʊdɛˈɡidə/
bodell	/bəˈdɛl/
boden	/ˈboʊdən/
bodenhamer	/ˈbɑdɪnhəmɚ/
bodenheimer	/ˈbɑdɪnhaɪmɚ/
bodenstein	/ˈboʊdənˈstaɪn/
bodensteiner	/ˈboʊdənˈstaɪnɚ/
bodes	/ˈboʊdz/
bodey	/ˈboʊdi/
bodhisattvas	/boʊdɪˈsɑtvəs/
bodi	/ˈboʊdi/
bodice	/ˈbɑdɪs/
bodices	/ˈbɑdɪsɪz/
bodie	/ˈboʊdi/
bodied	/ˈbɑdid/
bodies	/ˈbɑdiz/
bodikova	/ˌbɑdɪˈkoʊvə/
bodily	/ˈbɑdəli/
bodin	/ˈboʊdɪn/
bodine	/boʊˈdini/
bodkin	/ˈbɑdkɪn/
bodkins	/ˈbɑdkɪnz/
bodle	/ˈboʊdəl/
bodley	/ˈbɑdli/
bodman	/ˈbɑdmən/
bodmer	/ˈbɑdmɚ/
bodnar	/bədˈnɑɹ/
bodner	/ˈbɑdnɚ/
bodo	/ˈboʊdoʊ/
bodwell	/ˈbɑˌdwɛl/
body	/ˈbɑdi/
body's	/ˈbɑdiz/
bodyguard	/ˈbɑdiˌɡɑɹd/
bodyguards	/ˈbɑdiˌɡɑɹdz/
bodziak	/ˈbɔdziæk/
bodziak's	/ˈbɔdziæks/
boe	/ˈboʊ/
boeck	/ˈboʊk/
boeckel	/ˈboʊkəl/
boecker	/ˈboʊkɚ/
boeckman	/ˈboʊkmən/
boeckmann	/ˈboʊkmən/
boedecker	/ˈboʊdɪkɚ/
boedeker	/ˈboʊdɪkɚ/
boeder	/ˈboʊdɚ/
boeding	/ˈboʊdɪŋ/
boege	/ˈboʊdʒ/
boeger	/ˈboʊɡɚ/
boeh	/ˈboʊ/
boehl	/ˈboʊl/
boehle	/ˈboʊhəl/
boehler	/ˈboʊlɚ/
boehlert	/ˈboʊlɚt/
boehlke	/ˈboʊlk/
boehm	/ˈboʊm/
boehme	/ˈboʊm/
boehmer	/ˈboʊmɚ/
boehmke	/ˈboʊmki/
boehne	/ˈboʊn/
boehner	/ˈboʊnɚ/
boehning	/ˈboʊnɪŋ/
boehnke	/ˈboʊŋk/
boehnlein	/ˈboʊnˌlaɪn/
boehringer	/ˈbɔɹɪŋɚ/
boeing	/ˈboʊɪŋ/
boeing's	/ˈboʊɪŋz/
boeke	/ˈboʊk/
boeker	/ˈboʊkɚ/
boelens	/ˈboʊlənz/
boelkow	/ˈboʊlkaʊ/
boelman	/ˈboʊlmən/
boelter	/ˈboʊltɚ/
boen	/ˈboʊn/
boenig	/ˈboʊnɪɡ/
boening	/ˈbɑənɪŋ/
boepple	/ˈboʊpəl/
boer	/ˈbɔɹ/
boerger	/ˈbɔɹɡɚ/
boerman	/ˈbɔɹmən/
boerner	/ˈbɔɹnɚ/
boers	/ˈbɔɹz/
boersma	/ˈbɔɹsmə/
boes	/ˈboʊz/
boesak	/ˈboʊzæk/
boesch	/ˈboʊʃ/
boeschenstein	/ˈboʊʃənˌstin/
boese	/ˈboʊs/
boesel	/ˈboʊsəl/
boesen	/ˈboʊsən/
boesky	/ˈboʊski/
boesky's	/ˈboʊskiz/
boeskys	/ˈboʊskiz/
boetcher	/ˈboʊtʃɚ/
boettcher	/ˈboʊtʃɚ/
boettger	/ˈboʊtɡɚ/
boettner	/ˈboʊtnɚ/
boeve	/ˈboʊv/
boff	/ˈbɔf/
boffa	/ˈbɑfə/
boffo	/ˈbɔfoʊ/
bofors	/ˈboʊfɚz/
bofors's	/ˈboʊfɚzɪz/
bog	/ˈbɑɡ/
bogacki	/bəˈɡɑtski/
bogacz	/ˈbɑɡətʃ/
bogan	/ˈboʊɡən/
bogar	/bəˈɡɑɹ/
bogard	/ˈbɑɡɚd/
bogardus	/ˈbɑɡɑɹdɪs/
bogart	/ˈboʊˌɡɑɹt/
bogdan	/ˈbɑɡdən/
bogdanoff	/ˈbɑɡdənɔf/
bogdanowicz	/bəɡˈdænəˌwɪtʃ/
bogdanski	/bəɡˈdænski/
bogden	/ˈbɑɡdən/
bogdon	/ˈbɑɡdən/
boge	/ˈboʊdʒ/
bogelsong	/ˈbɑɡəlsɔŋ/
bogen	/ˈbɑɡən/
bogenschutz	/ˈbɑɡɪnʃəts/
boger	/ˈboʊɡɚ/
bogert	/ˈbɑɡɚt/
bogey	/ˈboʊɡi/
bogeyed	/ˈboʊɡid/
bogeyman	/ˈboʊɡiˌmæn/
bogeymen	/ˈboʊɡiˌmɪn/
boggan	/ˈbɑɡən/
bogged	/ˈbɑɡd/
boggess	/ˈbɑɡɪs/
bogging	/ˈbɔɡɪŋ/
boggio	/ˈboʊdʒioʊ/
boggle	/ˈbɑɡəl/
boggled	/ˈbɑɡəld/
boggles	/ˈbɑɡəlz/
boggling	/ˈbɑɡəlɪŋ/
boggs	/ˈbɔɡz/
boggus	/ˈbɑɡəs/
boghosian	/bəˈɡoʊʒɪn/
bogie	/ˈbʊɡi/
bogin	/ˈboʊdʒɪn/
bogle	/ˈboʊɡəl/
bognar	/bəɡˈnɑɹ/
bogner	/ˈbɑɡnɚ/
bogor	/ˈboʊˌɡɔɹ/
bogosian	/bəˈɡɑʒɪn/
bogota	/ˌboʊɡəˈtɑ/
bogs	/ˈbɑɡz/
bogucki	/bəˈɡʌtski/
bogue	/ˈboʊɡ/
bogus	/ˈboʊɡəs/
boguslavskaya	/boʊˌɡʌsləvˈskaɪə/
bogusz	/ˈbɑɡəʃ/
bohac	/ˈboʊhək/
bohall	/ˈbɑhəl/
bohan	/ˈboʊhən/
bohanan	/ˈbɑhənæn/
bohannan	/bəˈhænən/
bohannon	/ˈbɑhənɑn/
bohanon	/ˈbɑhənɑn/
bohart	/ˈbɑhɑɹt/
boheme	/boʊˈheɪmeɪ/
bohemia	/boʊˈhimiə/
bohemian	/boʊˈhimiən/
bohen	/ˈboʊən/
bohl	/ˈboʊl/
bohland	/ˈboʊlənd/
bohlander	/ˈboʊləndɚ/
bohle	/ˈboʊhəl/
bohlen	/ˈboʊlən/
bohler	/ˈboʊlɚ/
bohlin	/ˈboʊlɪn/
bohling	/ˈboʊlɪŋ/
bohlinger	/ˈboʊlɪŋɚ/
bohlke	/ˈbɑk/
bohlken	/ˈboʊlkən/
bohlman	/ˈboʊlmən/
bohlmann	/ˈboʊlmən/
bohm	/ˈbɑm/
bohman	/ˈboʊmən/
bohmer	/ˈboʊmɚ/
bohn	/ˈboʊn/
bohne	/ˈboʊn/
bohnen	/ˈboʊnən/
bohnenkamp	/ˈboʊnɪnkæmp/
bohner	/ˈboʊnɚ/
bohnert	/ˈboʊnɚt/
bohnet	/ˈbɑnɪt/
bohnhoff	/ˈboʊnˌhɔf/
bohning	/ˈbɑnɪŋ/
bohnomie	/ˈbɔnɔˌmi/
bohnsack	/ˈboʊnsək/
bohon	/ˈboʊhən/
bohr	/ˈbɔɹ/
bohren	/ˈbɔɹən/
bohrer	/ˈbɔɹɚ/
boice	/ˈbɔɪs/
boies	/ˈbɔɪz/
boik	/ˈbɔɪk/
boike	/ˈbɔɪk/
boil	/ˈbɔɪl/
boilard	/bɔɪˈlɑɹd/
boileau	/ˌbɔɪˈloʊ/
boiled	/ˈbɔɪld/
boiler	/ˈbɔɪlɚ/
boilermaker	/ˈbɔɪlɚˌmeɪkɚ/
boilerplate	/ˈbɔɪlɚˌpleɪt/
boilerplates	/ˈbɔɪlɚˌpleɪts/
boilers	/ˈbɔɪlɚz/
boiling	/ˈbɔɪlɪŋ/
boils	/ˈbɔɪlz/
boink	/ˈbɔɪnk/
boipatong	/ˈbɔɪpətɔŋ/
bois	/ˈbwɑ/
boisclair	/bwɑˈklɛɹ/
boise	/ˈbɔɪzi/
boise's	/ˈbɔɪziz/
boisen	/ˈbɔɪsən/
boisi	/ˈbɔɪsi/
boisjoly	/ˈbɔɪsdʒəli/
boisseau	/ˌbwɑˈsoʊ/
boissonneault	/ˈbwɑsənoʊ/
boisterous	/ˈbɔɪstɚəs/
boisvert	/bwɑˈvɝt/
boitano	/ˌbɔɪˈtɑnoʊ/
boitnott	/bɔɪtˈnɑt/
boivin	/bɔɪˈvæn/
bojangles	/boʊˈdʒæŋɡəlz/
bojangles'	/boʊˈdʒæŋɡəlz/
bojanowski	/bəjəˈnɔfski/
bojarski	/bəˈjɑɹski/
bojenka	/bəˈdʒɛŋkə/
bojorquez	/boʊˈjɔɹkwɛz/
bok	/ˈbɑk/
bokassa	/bəˈkɑsə/
boker	/ˈboʊkɚ/
bokor	/ˈboʊkɚ/
boksen	/ˈbɑksən/
bol	/ˈbɑl/
bola	/ˈboʊlə/
bolam	/ˈboʊləm/
bolan	/ˈboʊlən/
bolancik	/bəˈlænsək/
boland	/ˈboʊlənd/
bolander	/ˈbɑləndɚ/
bolanger	/ˈboʊləndʒɚ/
bolanos	/boʊˈlɑnoʊz/
bolar	/ˈboʊlɚ/
bolar's	/ˈboʊlɚz/
bolch	/ˈboʊltʃ/
bolcom	/ˈboʊlkəm/
bold	/ˈboʊld/
bolda	/ˈboʊldə/
bolden	/ˈboʊldən/
bolder	/ˈboʊldɚ/
boldest	/ˈboʊldɪst/
boldface	/ˈboʊldˌfeɪs/
boldin	/ˈboʊldɪn/
bolding	/ˈboʊldɪŋ/
boldly	/ˈboʊldli/
boldman	/ˈboʊldmən/
boldness	/ˈboʊldnəs/
boldon	/ˈboʊldən/
bolds	/ˈboʊldz/
boldt	/ˈboʊlt/
bolduc	/ˈboʊldək/
bolduc's	/ˈboʊldəks/
bole	/ˈboʊl/
bolek	/ˈboʊlɪk/
bolen	/ˈboʊlən/
bolenbaugh	/bəˈlɛnbɔ/
bolender	/ˈbɑlɛndɚ/
boler	/ˈboʊlɚ/
bolerjack	/ˈbɑlɚdʒək/
bolero	/boʊˈlɛɹoʊ/
boles	/ˈboʊlz/
boleware	/ˈboʊlwɛɹ/
boley	/ˈboʊli/
boleyn	/boʊˈlɪn/
bolf	/ˈboʊlf/
bolger	/ˈboʊldʒɚ/
bolger's	/ˈboʊldʒɚz/
bolich	/ˈbɑlɪk/
bolick	/ˈbɑlɪk/
boliden	/ˈboʊlɪdən/
bolin	/ˈboʊlɪn/
boline	/ˈbɑlaɪn/
boling	/ˈboʊlɪŋ/
bolinger	/ˈboʊlɪŋɚ/
bolio	/ˈboʊlioʊ/
bolitho	/boʊˈlɪθə/
bolivar	/ˈbɑləvɚ/
bolivars	/ˈbɑləvɚz/
bolivia	/bəˈlɪviə/
bolivia's	/bəˈlɪviəz/
bolivian	/boʊˈlɪviən/
bolivians	/boʊˈlɪviənz/
bolker	/ˈboʊlkɚ/
bolkow	/ˈboʊlkaʊ/
boll	/ˈboʊl/
bolla	/ˈbɑlə/
bolland	/ˈbɑlənd/
bollapragada	/boʊˌlɑpɹəˈɡɑdə/
bollard	/ˈbɑlɚd/
bolle	/ˈbɑl/
bollen	/ˈbɑlən/
bollenbach	/ˈbɑlɪnbɑk/
bollenbacher	/ˈbɑlɪnbɑkɚ/
boller	/ˈbɑlɚ/
bolles	/ˈboʊlz/
bollettieri	/bəˌlɛtiˈɛɹi/
bollier	/ˈbɑliɚ/
bollig	/ˈbɑlɪɡ/
bolliger	/ˈbɑlɪɡɚ/
bollin	/ˈbɑlɪn/
bolling	/ˈboʊlɪŋ/
bollinger	/ˈbɑlɪŋɚ/
bollman	/ˈbɑlmən/
bollmann	/ˈbɑlmən/
bollocks	/ˈbɔlɔks/
bollore	/ˈbɑlɔɹ/
bolls	/ˈboʊlz/
bolly	/ˈbɔˌli/
bollywood	/ˈbɑˌliwʊd/
bollywood's	/ˈbɔlɪˌwʊdz/
bologna	/bəˈloʊni/
bolognese	/boʊloʊɡˈneɪzi/
bolognesi	/ˌbɑlɑɡˈnɛsi/
bolon	/ˈboʊlən/
bolotin	/ˈbɑlətɪn/
bolsa	/ˈboʊlsə/
bolsa's	/ˈboʊlsəz/
bolser	/ˈboʊlsɚ/
bolshevik	/ˈboʊlʃəˌvɪk/
bolsheviks	/ˈboʊlʃəˌvɪks/
bolshevism	/ˈboʊlʃəˌvɪzəm/
bolshevist	/ˈboʊlʃɪˌvɪst/
bolshoi	/boʊlˈʃɔɪ/
bolshoi's	/boʊlˈʃɔɪz/
bolson	/ˈboʊlsən/
bolstad	/ˈboʊlstəd/
bolster	/ˈboʊlstɚ/
bolstered	/ˈboʊlstɚd/
bolstering	/ˈboʊlstɚɪŋ/
bolsters	/ˈboʊlstɚz/
bolt	/ˈboʊlt/
bolte	/ˈboʊlt/
bolted	/ˈboʊltəd/
bolten	/ˈboʊltən/
bolter	/ˈboʊltɚ/
bolthouse	/ˈboʊltˌhaʊs/
bolting	/ˈboʊltɪŋ/
bolton	/ˈboʊltən/
bolts	/ˈboʊlts/
boltz	/ˈboʊlts/
boltzmann's	/ˈboʊltsmənz/
boltzmanns	/ˈboʊltsmənz/
bolus	/ˈboʊləs/
bolyard	/bəlˈjɑɹd/
bolz	/ˈboʊlz/
bom	/ˈbɑm/
bomag	/ˈboʊmæɡ/
boman	/ˈboʊmən/
bomar	/bəˈmɑɹ/
bomb	/ˈbɑm/
bomb's	/ˈbɑmz/
bomba	/ˈbɑmbə/
bombard	/bɑmˈbɑɹd/
bombarded	/bɑmˈbɑɹdɪd/
bombardier	/ˌbɑmbɚˈdɪɹ/
bombardiers	/ˌbɑmbɚˈdɪɹz/
bombarding	/bɑmˈbɑɹdɪŋ/
bombardment	/bɑmˈbɑɹdmənt/
bombardments	/bɑmˈbɑɹdmənts/
bombast	/ˈbɑmbæst/
bombastic	/bɑmˈbæstɪk/
bombay	/bɑmˈbeɪ/
bombay's	/bɑmˈbeɪz/
bombeck	/ˈbɑmˌbɛk/
bombed	/ˈbɑmd/
bomber	/ˈbɑmɚ/
bomber's	/ˈbɑmɚz/
bomberg	/ˈbɑmbɚɡ/
bomberger	/ˈbɑmbɚɡɚ/
bombers	/ˈbɑmɚz/
bombing	/ˈbɑmɪŋ/
bombings	/ˈbɑmɪŋz/
bombmaker	/ˈbɑmmeɪkɚ/
bombmaking	/ˈbɑmmeɪkɪŋ/
bombs	/ˈbɑmz/
bombshell	/ˈbɑmˌʃɛl/
bombshells	/ˈbɑmˌʃɛlz/
bomer	/ˈboʊmɚ/
bomgardner	/ˈbɑmˌɡɑɹdnɚ/
bommarito	/ˌbɑmɚˈitoʊ/
bommer	/ˈbɑmɚ/
bon	/ˈbɑn/
bona	/ˈboʊnə/
bonacci	/boʊˈnɑtʃi/
bonadio	/boʊˈnɑdioʊ/
bonadonna	/ˌbɑnəˈdɑnə/
bonaduce	/ˌbɑnəˈdutʃi/
bonafide	/ˈbɑnəˌfaɪd/
bonanni	/boʊˈnɑni/
bonanno	/boʊˈnɑnoʊ/
bonanza	/bəˈnænzə/
bonaparte	/ˈboʊnəˌpɑɹt/
bonaparte's	/ˈboʊnəˌpɑɹts/
bonar	/ˈboʊnɚ/
bonasera	/boʊnɑˈsɛɹə/
bonaventura	/boʊnɑvɛnˈtʊɹə/
bonaventure	/ˈbɑnəˌvɛntʃɚ/
bonavia	/ˌbɑˈneɪviə/
bonavita	/boʊnɑˈvitə/
bonawitz	/ˈbɑnəwɪts/
bonczek	/ˈbɑntʃɛk/
bond	/ˈbɑnd/
bond's	/ˈbɑndz/
bondage	/ˈbɑndɪdʒ/
bondar	/bənˈdɑɹ/
bonde	/ˈbɑnd/
bonded	/ˈbɑndəd/
bonderman	/ˈbɑndɚmən/
bondholder	/ˈbɑndˌhoʊldɚ/
bondholders	/ˈbɑndˌhoʊldɚz/
bondholders'	/ˈbɑndˌhoʊldɚz/
bondi	/ˈbɑndi/
bonding	/ˈbɑndɪŋ/
bondra	/ˈbɑndɹə/
bonds	/ˈbɑndz/
bonds'	/ˈbɑndz/
bondt	/ˈbɑnt/
bondurant	/boʊnˈdʊɹənt/
bondy	/ˈbɑndi/
bone	/ˈboʊn/
bonebrake	/ˈboʊnˌbɹeɪk/
bonecrusher	/ˈboʊnˌkɹʌʃɚ/
bonecutter	/ˈboʊnˌkʌtɚ/
boned	/ˈboʊnd/
boneless	/ˈboʊnləs/
bonelli	/boʊˈnɛli/
bonello	/boʊˈnɛloʊ/
bonenberger	/ˈboʊnənbɚɡɚ/
bonenfant	/ˈboʊnfənt/
boner	/ˈboʊnɚ/
bones	/ˈboʊnz/
bonesteel	/ˈboʊnˌstil/
bonet	/ˈboʊnt/
bonetti	/boʊˈnɛti/
boney	/ˈboʊni/
bonfanti	/boʊnˈfɑnti/
bonfield	/ˈbɑnˌfild/
bonfiglio	/ˌbɑnˈfɪɡlioʊ/
bonfire	/ˈbɑnˌfaɪɚ/
bonfires	/ˈbɑnˌfaɪɚz/
bong	/ˈbɑŋ/
bongard	/bəŋˈɡɑɹd/
bongarten	/ˈbɑŋˌɡɑɹtən/
bongers	/ˈbɔŋɚz/
bongiorno	/boʊnˈdʒɔɹnoʊ/
bongiovanni	/boʊndʒoʊˈvɑni/
bongjin	/ˈbɔŋˈdʒɪn/
bongo	/ˈbɑŋˌɡoʊ/
bongos	/ˈbɑŋˌɡoʊz/
bonham	/ˈbɑnhəm/
boni	/ˈboʊni/
bonica	/ˈbɑnɪkə/
bonier	/ˈbɑnjɚ/
bonifacio	/ˌbɑnɪˈfeɪsioʊ/
bonifas	/ˈbɑnɪfəz/
bonifay	/ˈbɑnɪˌfeɪ/
bonifield	/ˈbɑnɪˌfild/
bonilla	/bəˈnɪlə/
bonin	/ˈboʊnɪn/
bonine	/boʊˈnini/
boning	/ˈboʊnɪŋ/
bonini	/boʊˈnini/
bonino	/boʊˈninoʊ/
bonior	/ˈboʊniɚ/
bonita	/boʊˈnitə/
bonito	/bəˈnitoʊ/
bonjour	/bənˈʒʊɹ/
bonk	/ˈbɑŋk/
bonker	/ˈbɔŋkɚ/
bonkers	/ˈbɑŋkɚz/
bonkowski	/bəŋˈkɔfski/
bonn	/ˈbɑn/
bonn's	/ˈbɑnz/
bonne	/ˈbɑn/
bonneau	/bəˈnoʊ/
bonnell	/ˈbɑnəl/
bonnema	/ˈbɑnɪmə/
bonner	/ˈbɔnɚ/
bonnes	/ˈbɔnz/
bonnet	/ˈbɑnət/
bonnett	/ˈbɑnɪt/
bonnette	/bəˈnɛt/
bonneville	/ˈbɑnəˌvɪl/
bonnevilles	/ˈbɑnəˌvɪlz/
bonney	/ˈbɑni/
bonnibel	/ˈbɑnɪbɛl/
bonnibelle	/ˈbɑnɪbɛl/
bonnie	/ˈbɑni/
bonnie's	/ˈbɑniz/
bonnin	/ˈbɑnɪn/
bonnor	/ˈbɑnɚ/
bonny	/ˈbɑni/
bono	/ˈboʊnoʊ/
bono's	/ˈboʊnoʊz/
bonobo	/bɑˈnɑboʊ/
bonobos	/bɑˈnɑboʊz/
bonomo	/ˈbɑnəmoʊ/
bons	/ˈbɑns/
bonsai	/bɑnˈsaɪ/
bonsall	/boʊnˈsɑl/
bonser	/ˈbɑnsɚ/
bonsignore	/boʊnsiɡˈnɔɹi/
bonta	/ˈbɑntə/
bonte	/ˈbɑnt/
bontempo	/ˌbɑnˈtɛmpoʊ/
bontrager	/ˈbɑnˌtɹeɪɡɚ/
bonum	/ˈboʊnəm/
bonura	/boʊˈnʊɹə/
bonus	/ˈboʊnəs/
bonuses	/ˈboʊnəsɪz/
bonvillain	/ˈbɑnvɪˌleɪn/
bonville	/ˈboʊnvɪl/
bonwell	/ˈbɑnˌwɛl/
bonwit	/ˈbɑnwɪt/
bonwit's	/ˈbɑnwɪts/
bony	/ˈboʊni/
bonzo	/ˈbɑnzoʊ/
boo	/ˈbu/
boob	/ˈbub/
boobs	/ˈbubz/
booby	/ˈbubi/
boock	/ˈbuk/
boodle	/ˈbudəl/
boodles	/ˈbudəlz/
boody	/ˈbudi/
booe	/ˈbɑoʊ/
booed	/ˈbud/
booee	/ˈbui/
boogie	/ˈbuɡi/
boogie-woogie	/ˈbuɡiˈwuɡi/
booher	/ˈbuɚ/
booing	/ˈbuɪŋ/
book	/ˈbʊk/
book's	/ˈbʊks/
bookbinder	/ˈbʊkˌbaɪndɚ/
bookbinders	/ˈbʊkˌbaɪndɚz/
bookcase	/ˈbʊkˌkeɪs/
bookcases	/ˈbʊkˌkeɪsɪz/
bookcellar	/ˈbʊkˈsɛlɚ/
bookcellars	/ˈbʊkˈsɛlɚz/
booked	/ˈbʊkt/
bookend	/ˈbʊˌkɛnd/
bookends	/ˈbʊˌkɛndz/
booker	/ˈbʊkɚ/
booker's	/ˈbʊkɚz/
bookers	/ˈbʊkɚz/
bookie	/ˈbʊki/
bookies	/ˈbʊkiz/
bookin	/ˈbʊkɪn/
booking	/ˈbʊkɪŋ/
bookings	/ˈbʊkɪŋz/
bookish	/ˈbʊkɪʃ/
bookkeeper	/ˈbʊkˌkipɚ/
bookkeepers	/ˈbʊkˌkipɚz/
bookkeeping	/ˈbʊkˌkipɪŋ/
booklet	/ˈbʊklɪt/
booklets	/ˈbʊklɪts/
bookmaker	/ˈbʊkmeɪkɚ/
bookmakers	/ˈbʊkmeɪkɚz/
bookmaking	/ˈbʊkˌmeɪkɪŋ/
bookman	/ˈbʊkmən/
bookmark	/ˈbʊkmɑɹk/
bookmarks	/ˈbʊkmɑɹks/
bookmobile	/ˈbʊkmoʊˌbil/
bookmobiles	/ˈbʊkmoʊˌbilz/
booknote	/ˈbʊkˌnoʊt/
booknotes	/ˈbʊkˌnoʊts/
bookout	/ˈbʊˌkaʊt/
books	/ˈbʊks/
books'	/ˈbʊks/
bookseller	/ˈbʊkˌsɛlɚ/
booksellers	/ˈbʊkˌsɛlɚz/
bookshelf	/ˈbʊkˌʃɛlf/
bookshelves	/ˈbʊkˌʃɛlvz/
bookshop	/ˈbʊkˌʃɑp/
bookshops	/ˈbʊkˌʃɑps/
booksmith	/ˈbʊkˌsmɪθ/
bookstand	/ˈbʊkstænd/
bookstands	/ˈbʊkstændz/
bookstop	/ˈbʊkˌstɑp/
bookstops	/ˈbʊkˌstɑps/
bookstore	/ˈbʊkˌstɔɹ/
bookstores	/ˈbʊkˌstɔɹz/
bookwalter	/ˈbʊkwəltɚ/
bookworm	/ˈbʊˌkwɝm/
boole	/ˈbul/
boolean	/buˈliən/
boom	/ˈbum/
boom's	/ˈbumz/
boombox	/ˈbʊmˌbɑks/
boomboxes	/ˈbʊmˌbɑksɪz/
boomed	/ˈbumd/
boomer	/ˈbumɚ/
boomerang	/ˈbumɚˌæŋ/
boomeranged	/ˈbumɚˌæŋd/
boomers	/ˈbumɚz/
boomers'	/ˈbumɚz/
boomershine	/ˈbumɚˌʃaɪn/
boomhower	/ˈbumhoʊɚ/
booming	/ˈbumɪŋ/
boomlet	/ˈbumlət/
booms	/ˈbumz/
boomsma	/ˈbumzmə/
boomtown	/ˈbumˌtaʊn/
boon	/ˈbun/
boondocks	/ˈbunˌdɑks/
boondoggle	/ˌbunˈdɑɡəl/
boondoggles	/ˌbunˈdɑɡəlz/
boone	/ˈbun/
boons	/ˈbunz/
boonstra	/ˈbunstɹə/
boonton	/ˈbuntən/
boonville	/ˈbunvɪl/
boop	/ˈbup/
boor	/ˈbʊɹ/
booras	/ˈbʊɹəz/
boord	/ˈbʊɹd/
boorda	/ˈbʊɹdə/
boorda's	/ˈbʊɹdəz/
boorish	/ˈbʊɹɪʃ/
boorishness	/ˈbʊɹɪʃnəs/
boorman	/ˈbʊɹmən/
boors	/ˈbʊɹz/
boorstin	/ˈbuɹstɪn/
boortz	/ˈbɔɹts/
boos	/ˈbuz/
boose	/ˈbus/
boost	/ˈbust/
boosted	/ˈbustɪd/
booster	/ˈbustɚ/
booster's	/ˈbustɚz/
boosterism	/ˈbustɚˌɪzəm/
boosters	/ˈbustɚz/
boosting	/ˈbustɪŋ/
boosts	/ˈbusts/
boot	/ˈbut/
boote	/ˈbut/
booted	/ˈbutɪd/
booten	/ˈbutən/
booth	/ˈbuθ/
boothby	/ˈbuθbi/
boothe	/ˈbuð/
boothman	/ˈbuθmən/
boothroyd	/ˈbuˌθɹɔɪd/
booths	/ˈbuθs/
bootie	/ˈbuti/
booties	/ˈbutiz/
booting	/ˈbutɪŋ/
bootleg	/ˈbutˌlɛɡ/
bootlegger	/ˈbutˌlɛɡɚ/
bootleggers	/ˈbutˌlɛɡɚz/
bootlegging	/ˈbutˌlɛɡɪŋ/
bootlegs	/ˈbutˌlɛɡz/
booton	/ˈbutən/
boots	/ˈbuts/
bootstrap	/ˈbutˌstɹæp/
bootstraps	/ˈbutˌstɹæps/
booty	/ˈbuti/
bootz	/ˈbuts/
booz	/ˈbuz/
booze	/ˈbuz/
boozer	/ˈbuzɚ/
boozier	/ˈbuziɚ/
boozing	/ˈbuzɪŋ/
boozy	/ˈbuzi/
bop	/ˈbɑp/
bopeep	/boʊˈpip/
bopera	/boʊˈpɛɹə/
bopha	/ˈboʊfə/
bophuthatswana	/ˌboʊfuθɑtˈswɑnə/
bopp	/ˈbɑp/
bopper	/ˈbɑpɚ/
boppers	/ˈbɑpɚz/
boquist	/ˈbɑkwɪst/
bora	/ˈbɔɹə/
borah	/ˈbɔɹə/
borak	/ˈbɔɹək/
boral	/ˈbɔɹəl/
borawski	/bɚˈɑfski/
borax	/ˈbɔˌɹæks/
borba	/ˈbɔɹbə/
borchard	/bɚˈʃɑɹd/
borchardt	/bɚˈʃɑɹdt/
borchelt	/ˈbɔɹkɪlt/
borcherding	/ˈbɔɹkɚdɪŋ/
borchers	/ˈbɔɹkɚz/
borchert	/ˈbɔɹkɚt/
borck	/ˈbɔɹk/
borda	/ˈbɔɹdə/
borda's	/ˈbɔɹdəz/
bordallo	/bɔɹˈdæloʊ/
bordas	/ˈbɔɹdəz/
bordeau	/bɚˈdoʊ/
bordeaux	/bɔɹˈdoʊ/
bordello	/bɔɹˈdɛˌloʊ/
bordelon	/ˈbɔɹdɪlɑn/
borden	/ˈbɔɹdən/
borden's	/ˈbɔɹdənz/
bordenave	/ˈbɔɹdɛˌnɑv/
border	/ˈbɔɹdɚ/
border's	/ˈbɔɹdɚz/
bordered	/ˈbɔɹdɚd/
bordering	/ˈbɔɹdɚɪŋ/
borderline	/ˈbɔɹdɚˌlaɪn/
borders	/ˈbɔɹdɚz/
bordes	/ˈbɔɹdz/
bordman	/ˈbɔɹdmən/
bordner	/ˈbɔɹdnɚ/
bordonaro	/bɔɹdoʊˈnɑɹoʊ/
bordwell	/ˈbɔɹdwɛl/
bore	/ˈbɔɹ/
borealis	/ˌbɔɹiˈæləs/
bored	/ˈbɔɹd/
boredom	/ˈbɔɹdəm/
borek	/ˈbɔɹɪk/
borel	/ˈbɔɹəl/
borell	/ˈbɔɹəl/
borella	/bɔˈɹɛlə/
borelli	/bɔˈɹɛli/
borello	/bɔˈɹɛloʊ/
boren	/ˈbɔɹən/
boren's	/ˈbɔɹənz/
borenstein	/ˈbɔɹənˌstaɪn/
borer	/ˈbɔɹɚ/
bores	/ˈbɔɹz/
borg	/ˈbɔɹɡ/
borge	/ˈbɔɹdʒ/
borgelt	/ˈbɔɹɡɪlt/
borgen	/ˈbɔɹɡən/
borger	/ˈbɔɹɡɚ/
borgerding	/ˈbɔɹɡɚdɪŋ/
borgert	/ˈbɔɹɡɚt/
borges	/ˈbɔɹɡeɪs/
borgeson	/ˈbɔɹɡɪsən/
borgess	/ˈbɔɹɡɪs/
borghi	/ˈbɔɹɡi/
borgia	/ˈbɔɹdʒə/
borgman	/ˈbɔɹɡmən/
borgmann	/ˈbɔɹɡmən/
borgmeyer	/ˈbɔɹɡmaɪɚ/
borgstrom	/ˈbɔɹɡstɹəm/
borgwardt	/ˈbɔɹˌɡwɔɹt/
boric	/ˈbɔɹɪk/
borin	/ˈbɔɹɪn/
boring	/ˈbɔɹɪŋ/
boris	/ˈbɔɹɪs/
boris'	/ˈbɔɹɪs/
boris's	/ˈbɔɹɪsɪz/
borja	/ˈbɔɹjə/
borjas	/ˈbɔɹjəz/
bork	/ˈbɔɹk/
bork's	/ˈbɔɹks/
borkenhagen	/ˈbɔɹkɪnˌhɑɡən/
borkowski	/bɚˈkɔfski/
borland	/ˈbɔɹlənd/
borland's	/ˈbɔɹləndz/
borman	/ˈbɔɹmən/
borman's	/ˈbɔɹmənz/
bormann	/ˈbɔɹmən/
born	/ˈbɔɹn/
born's	/ˈbɔɹnz/
borne	/ˈbɔɹn/
borneman	/ˈbɔɹnmən/
bornemann	/ˈbɔɹnmən/
borneo	/ˈbɔɹniˌoʊ/
borner	/ˈbɔɹnɚ/
bornholdt	/ˈbɔɹnhoʊlt/
bornhorst	/ˈbɔɹnhɔɹst/
bornman	/ˈbɔɹnmən/
borns	/ˈbɔɹnz/
bornstein	/ˈbɔɹnˈstaɪn/
borntrager	/ˈbɔɹntɹeɪɡɚ/
boro	/ˈbɝoʊ/
borocce	/bəˈɹoʊtʃi/
boroff	/ˈbɔɹɔf/
boroian	/bɔˈɹɔɪən/
boron	/ˈbɔˌɹɑn/
boros	/ˈbɝoʊz/
borosage	/ˈbɔɹəsɪdʒ/
boroski	/bɚˈaʊski/
borough	/ˈbɝˌoʊ/
borough's	/ˈbɝˌoʊz/
boroughs	/ˈbɝˌoʊz/
borowiak	/bɚˈaʊiæk/
borowicz	/ˈbɝoʊvɪtʃ/
borowiec	/bɚˈaʊik/
borowski	/bɚˈɔfski/
borowsky	/bɚˈaʊski/
borowy	/bɚˈaʊi/
borquez	/bɔɹˈkwɛz/
borras	/ˈbɔɹəz/
borre	/ˈbɔɹ/
borrego	/bɔˈɹɛɡoʊ/
borrell	/bɔˈɹeɪl/
borrelli	/bɔˈɹɛli/
borrello	/ˌbɔˈɹɛloʊ/
borrero	/bɔˈɹɛɹoʊ/
borris	/ˈbɔɹɪs/
borroff	/ˈbɔɹɔf/
borror	/ˈbɔɚɹ/
borrow	/ˈbɑˌɹoʊ/
borrowed	/ˈbɑˌɹoʊd/
borrower	/ˈbɑɹoʊɚ/
borrower's	/ˈbɑɹoʊɚz/
borrowers	/ˈbɑɹoʊɚz/
borrowers'	/ˈbɑɹoʊɚz/
borrowing	/ˈbɑɹoʊɪŋ/
borrowings	/ˈbɑɹoʊɪŋz/
borrowman	/ˈbɑɹoʊmən/
borrows	/ˈbɑɹoʊz/
borruso	/ˌbɔˈɹusoʊ/
bors	/ˈbɔɹz/
borsch	/ˈbɔɹʃ/
borscht	/ˈbɔɹʃt/
borse	/ˈbɔɹs/
borseth	/ˈbɔɹsɪθ/
borski	/ˈbɔɹski/
borsod	/ˌbɔɹˈsɔd/
borsodi	/ˌbɔɹˈsɔˌdi/
borst	/ˈbɔɹst/
borsuk	/ˈbɔɹsək/
bort	/ˈbɔɹt/
bortel	/ˈbɔɹˌtɛl/
borten	/ˈbɔɹtən/
borth	/ˈbɔɹθ/
borthwick	/ˈbɔɹθwɪk/
bortle	/ˈbɔɹtəl/
bortner	/ˈbɔɹtnɚ/
bortnick	/ˈbɔɹtnɪk/
borton	/ˈbɔɹtən/
bortz	/ˈbɔɹts/
boruch	/ˈbɔɹək/
borucki	/bɚˈʌtski/
boruff	/ˈbɔɹəf/
borum	/ˈbɔɹəm/
borunda	/bɔˈɹundə/
borup	/ˈbɔɹəp/
borys	/ˈbɔɹiz/
bos	/ˈbɑs/
bosak	/ˈboʊsək/
bosarge	/ˈbɑsɑɹɡ/
boscarino	/boʊskɑˈɹinoʊ/
bosch	/ˈbɔʃ/
boschee	/ˈbɔʃi/
boschen	/ˈbɔʃən/
boschert	/ˈbɔʃɚt/
boschwitz	/ˈbɔʃwɪts/
boscia	/ˈboʊstʃə/
bosco	/ˈbɔskoʊ/
bose	/ˈboʊz/
boseman	/ˈboʊsmən/
bosendorfer	/ˈboʊzənˌdɔɹfɚ/
boser	/ˈboʊzɚ/
bosh	/ˈbɑʃ/
boshart	/ˈbɑʃɑɹt/
boshears	/ˈbɑʃɪɹz/
boshell	/ˈbɑʃəl/
bosher	/ˈbɑʃɚ/
boshers	/ˈbɑʃɚz/
boskin	/ˈbɔskɪn/
bosko	/ˈboʊskoʊ/
boskovich	/ˈbɑskəvɪtʃ/
boslego	/ˌbɔˈsleɪɡoʊ/
bosler	/ˈbɑsəlɚ/
bosley	/ˈbɑzli/
bosma	/ˈboʊsmə/
bosman	/ˈbɑsmən/
bosnia	/ˈbɑzniə/
bosnia's	/ˈbɑzniəz/
bosnian	/ˈbɑzniən/
bosnian's	/ˈbɑzniənz/
bosnians	/ˈbɑzniənz/
bosnias	/ˈbɑzniəz/
boso	/ˈboʊsoʊ/
bosom	/ˈbʊzəm/
bosqi	/ˈbɑski/
bosquez	/boʊˈskwɛz/
boss	/ˈbɑs/
boss'	/ˈbɔs/
boss's	/ˈbɔsɪz/
bossard	/bəˈsɑɹd/
bossart	/bəˈsɑɹt/
bosse	/ˈbɑs/
bossed	/ˈbɑst/
bossen	/ˈbɑsən/
bosserman	/ˈbɔsɚmən/
bossert	/ˈbɑsɚt/
bosses	/ˈbɔsɪz/
bosses'	/ˈbɔsɪz/
bosshardt	/ˈbɔsˌhɑɹt/
bosshart	/ˈbɔsˌhɑɹt/
bossi	/ˈboʊsi/
bossidy	/ˈbɔsɪdi/
bossie	/ˈbɔsi/
bossier	/ˈbɔsiɚ/
bossler	/ˈbɑsəlɚ/
bossman	/ˈbɔsmən/
bosso	/ˈboʊsoʊ/
bossy	/ˈbɔsi/
bost	/ˈbɑst/
bostelman	/ˈbɑstəlmən/
boster	/ˈbɑstɚ/
bostian	/ˈbɑstʃɪn/
bostic	/ˈbɑstɪk/
bostick	/ˈboʊstɪk/
bostock	/ˈboʊˌstɑk/
boston	/ˈbɑstən/
boston's	/ˈbɔstənz/
bostonian	/ˌbɔˈstoʊniən/
bostonians	/ˈbɑstoʊniənz/
bostra	/ˈbɑstɹə/
bostrom	/ˈbɑstɹəm/
bostwick	/ˈbɑstwɪk/
boswell	/ˈbɑzwɛl/
bosworth	/ˈbɔzwɚθ/
bot	/ˈbɔt/
botanic	/bəˈtænɪk/
botanical	/bəˈtænɪkəl/
botanically	/bəˈtænəkəli/
botanist	/ˈbɑtənɪst/
botanists	/ˈbɑtənɪsts/
botany	/ˈbɑtəni/
botch	/ˈbɑtʃ/
botched	/ˈbɑtʃt/
boteler	/ˈbɑtəlɚ/
botelho	/boʊˈtɛloʊ/
botello	/boʊˈtɛloʊ/
botero	/boʊˈtɛɹoʊ/
botfly	/ˈbɑtˌflaɪ/
both	/ˈboʊθ/
botha	/ˈbɑθə/
botha's	/ˈbɑθəz/
botham	/ˈbɑθəm/
botham's	/ˈbɑθəmz/
bothe	/ˈboʊð/
bothell	/ˈbɑθəl/
bother	/ˈbɑðɚ/
bothered	/ˈbɑðɚd/
bothering	/ˈbɑðɚɪŋ/
bothers	/ˈbɑðɚz/
bothersome	/ˈbɑðɚsəm/
bothun	/ˈbɑθən/
bothwell	/ˈbɑθˌwɛl/
botin	/ˈbɑtɪn/
botkin	/ˈbɑtkɪn/
botkins	/ˈbɑtkɪnz/
botner	/ˈbɑtnɚ/
botolf	/ˈbɑtoʊlf/
boton	/ˈboʊtən/
botos	/ˈboʊtoʊz/
botox	/ˈboʊˌtɔks/
botrytis	/bəˈtɹɪtɪs/
bots	/ˈbɔts/
botsford	/ˈbɑtsfɚd/
botshabelo	/ˌbɑtʃəˈbɛloʊ/
botswana	/bɑtˈswɑnə/
bott	/ˈbɑt/
botta	/ˈbɑtə/
bottari	/boʊˈtɑɹi/
bottcher	/ˈbɑttʃɚ/
bottecelli	/ˌbɔtəˈtʃɛli/
bottel	/ˈbɑtəl/
botten	/ˈbɑtən/
bottenfield	/bəˈtɛnfild/
bottger	/ˈbɑtɡɚ/
botting	/ˈbɑtɪŋ/
bottini	/boʊˈtini/
bottino	/boʊˈtinoʊ/
bottle	/ˈbɑtəl/
bottled	/ˈbɑtəld/
bottleneck	/ˈbɑtəlˌnɛk/
bottlenecks	/ˈbɑtəlˌnɛks/
bottler	/ˈbɑtlɚ/
bottlers	/ˈbɑtlɚz/
bottlers'	/ˈbɑtlɚz/
bottles	/ˈbɑtəlz/
bottling	/ˈbɑtəlɪŋ/
bottom	/ˈbɑtəm/
bottom-up	/ˈbɑtəˌmʌp/
bottom's	/ˈbɑtəmz/
bottomed	/ˈbɑtəmd/
bottomfish	/ˈbɑtəmˌfɪʃ/
bottoming	/ˈbɑtəmɪŋ/
bottomless	/ˈbɑtəmləs/
bottomley	/ˈbɑtəmli/
bottoms	/ˈbɑtəmz/
bottone	/boʊˈtoʊni/
bottorf	/ˈbɑtɚf/
bottorff	/ˈbɑtɚf/
bottrell	/ˈbɑtɹəl/
botts	/ˈbɑts/
botulism	/ˈbɑtʃuˌlɪzəm/
botvinick	/ˈbɔtvɪnɪk/
botz	/ˈbɑts/
bouch	/ˈbaʊtʃ/
bouchard	/buˈʃɑɹd/
bouche	/ˈbaʊtʃ/
boucher	/ˈbuʃə/
bouchey	/buˈʃi/
bouchie	/ˈbaʊtʃi/
bouchillon	/ˈbaʊtʃɪlɑn/
bouck	/ˈboʊk/
boudin	/ˈbudɪn/
boudoin	/buˈdɔɪn/
boudoir	/ˈbuˌdɔɪɹ/
boudreau	/ˌbuˈdɹoʊ/
boudreaux	/ˌbuˈdɹoʊ/
bouffard	/buˈfɑɹd/
bougainville	/ˈbuɡɪnˌvɪl/
bougainvillea	/ˌbuˌɡeɪnˈvɪliə/
bough	/ˈbaʊ/
boughan	/ˈbaʊən/
bougher	/ˈbaʊɚ/
boughman	/ˈbaʊmən/
boughner	/ˈbaʊnɚ/
boughs	/ˈbaʊz/
bought	/ˈbɑt/
boughten	/ˈbɔtən/
boughter	/ˈbɔtɚ/
boughton	/ˈbaʊtən/
bougie	/ˈbuˌʒi/
bouie	/buˈi/
bouillabaise	/ˈbuljəˌbeɪs/
bouillon	/ˌbuˈwɪlən/
bouknight	/ˈbaʊknaɪt/
boulais	/buˈleɪ/
boulalas	/ˈbulələs/
boulanger	/ˈbaʊləŋɚ/
boulangerie	/ˌbuˈlæŋɡɚi/
boulay	/buˈleɪ/
boulden	/ˈbʊdən/
boulder	/ˈboʊldɚ/
boulders	/ˈboʊldɚz/
boulding	/ˈboʊlˌdɪŋ/
boule	/ˈbul/
bouler	/ˈbaʊlɚ/
boulet	/buˈlɛt/
boulette	/ˌbuˈlɛt/
boulevard	/ˈbʊləˌvɑɹd/
boulevards	/ˈbʊləˌvɑɹdz/
bouley	/buˈli/
boulez	/ˈbuˌlɛz/
boulier	/ˈbuliɚ/
boullion	/ˈbuljən/
boulos	/buˈloʊz/
boulter	/ˈboʊltɚ/
boultinghouse	/ˈbaʊltɪŋˌhaʊs/
boulton	/ˈbaʊltən/
boulware	/ˈbaʊlwɛɹ/
bouma	/ˈboʊmə/
bouman	/buˈmæn/
bounce	/ˈbaʊns/
bounced	/ˈbaʊnst/
bouncer	/ˈbaʊnsɚ/
bouncers	/ˈbaʊnsɚz/
bounces	/ˈbaʊnsɪz/
bounciness	/ˈbaʊnsinəs/
bouncing	/ˈbaʊnsɪŋ/
bouncy	/ˈbaʊnsi/
bound	/ˈbaʊnd/
boundaries	/ˈbaʊndɚiz/
boundary	/ˈbaʊndɚi/
bounded	/ˈbaʊndəd/
bounder	/ˈbaʊndɚ/
bounding	/ˈbaʊndɪŋ/
boundless	/ˈbaʊndləs/
bounds	/ˈbaʊndz/
boundy	/ˈbaʊndi/
bounties	/ˈbaʊntiz/
bountiful	/ˈbaʊntɪfəl/
bounty	/ˈbaʊnti/
bouquet	/buˈkeɪ/
bouquets	/boʊˈkeɪz/
bour	/ˈbaʊɹ/
bourassa	/bʊˈɹɑsə/
bourbeau	/bʊɹˈboʊ/
bourbon	/ˈbɝbən/
bourbons	/ˈbɝbənz/
bourcier	/ˈbaʊɹkiɚ/
bourdeau	/bʊɹˈdoʊ/
bourg	/ˈbɔɹɡ/
bourgault	/bʊɹˈɡoʊ/
bourgeois	/bʊɹʒˈwɑ/
bourgeoisie	/ˌbʊɹʒˌwɑˈzi/
bourget	/bʊɹˈʒɛt/
bourgoin	/bʊɹˈɡɔɪn/
bourguiba	/bɔɹˈɡwibə/
bourguignon	/ˌbʊɹɡinˈjoʊn/
bourke	/ˈbɝk/
bourland	/bʊɹˈlænd/
bourn	/ˈbɔɹn/
bourne	/ˈbɔɹn/
bournewood	/ˈbɔɹnˌwʊd/
bournias	/ˈbɔɹniəs/
bournonville	/ˈbɔɹnənˌvɪl/
bourque	/ˈbʊɹk/
bourquin	/bʊɹˈkwæn/
bourret	/bʊˈɹɛt/
bourse	/ˈbɔɹs/
bourse's	/ˈbɔɹsɪz/
bourses	/ˈbɔɹsɪz/
boursicot	/ˈbuɹsɪˌkɔt/
bouse	/ˈbaʊs/
bouska	/ˈbuskə/
bousman	/bəˈsmæn/
bousquet	/buˈskɛt/
boussac	/ˈbusæk/
boustany	/ˈbustəni/
bout	/ˈbaʊt/
boutell	/buˈtɛl/
boutelle	/ˌbuˈtɛl/
bouthillier	/ˈbaʊθəliɚ/
boutilier	/ˈbaʊtəliɚ/
boutin	/buˈtæn/
boutique	/buˈtik/
boutiques	/buˈtiks/
bouton	/ˈbaʊtən/
boutros	/ˈbuˌtɹoʊs/
bouts	/ˈbaʊts/
boutte	/ˈbut/
boutwell	/ˈbaʊˌtwɛl/
bouvier	/ˌbuviˈeɪ/
bouwens	/ˈbaʊənz/
bouwkamp	/ˈbaʊˌkæmp/
bouwman	/ˈbaʊmən/
bouwsma	/ˈbuzmə/
bouyer	/ˈbɔɪɚ/
bouygues	/ˈbɔɪˈʒeɪ/
bouza	/ˈbuzə/
bova	/ˈboʊvə/
bovard	/bəˈvɑɹd/
bove	/ˈboʊv/
bovee	/ˈbʌvi/
boven	/ˈbʌvən/
bovenzi	/boʊˈvɛnzi/
boveri	/boʊˈvɛɹi/
bovespa	/ˈboʊvspɑ/
bovey	/ˈboʊvi/
bovik	/ˈboʊvɪk/
bovin	/ˈboʊvɪn/
bovina	/boʊˈvinə/
bovine	/ˈboʊˌvaɪn/
bovino	/boʊˈvinoʊ/
bow	/ˈbaʊ/
bowar	/ˈboʊɚ/
boward	/ˈboʊɚd/
bowater	/ˈbaʊˌʌtɚ/
bowcan	/ˈboʊkən/
bowden	/ˈboʊdən/
bowdish	/ˈboʊdɪʃ/
bowditch	/ˈboʊdɪtʃ/
bowdle	/ˈboʊdəl/
bowdoin	/boʊˈdɔɪn/
bowe	/ˈboʊ/
bowed	/ˈbaʊd/
bowel	/ˈbaʊəl/
bowell	/ˈbɑwɛl/
bowels	/ˈbaʊəlz/
bowen	/ˈboʊən/
bowens	/ˈboʊənz/
bower	/ˈbaʊɚ/
bowerman	/ˈboʊɚmən/
bowermaster	/ˈboʊɚmæstɚ/
bowers	/ˈbaʊɚz/
bowersock	/boʊˈɝsək/
bowersox	/boʊˈɝsɑks/
bowery	/ˈbaʊɚi/
bowery's	/ˈbaʊɚiz/
bowes	/ˈboʊz/
bowick	/ˈboʊɪk/
bowie	/ˈboʊi/
bowing	/ˈboʊɪŋ/
bowker	/ˈboʊkɚ/
bowl	/ˈboʊl/
bowland	/ˈboʊlənd/
bowlby	/ˈboʊlbi/
bowlds	/ˈboʊldz/
bowled	/ˈboʊld/
bowlen	/ˈboʊlən/
bowler	/ˈboʊlɚ/
bowlers	/ˈboʊlɚz/
bowles	/ˈboʊlz/
bowley	/ˈboʊli/
bowlin	/ˈboʊlɪn/
bowline	/ˈboʊlaɪn/
bowling	/ˈboʊlɪŋ/
bowling's	/ˈboʊlɪŋz/
bowls	/ˈboʊlz/
bowlus	/ˈboʊləs/
bowman	/ˈboʊmən/
bowman's	/ˈboʊmənz/
bowmen	/ˈboʊmən/
bowmer	/ˈboʊmɚ/
bown	/ˈboʊn/
bownds	/ˈboʊndz/
bowne	/ˈboʊn/
bowring	/ˈboʊɹɪŋ/
bowron	/ˈboʊɹən/
bows	/ˈbaʊz/
bowse	/ˈboʊs/
bowsed	/ˈbaʊzd/
bowser	/ˈboʊzɚ/
bowses	/ˈbaʊzɪz/
bowsher	/ˈboʊʃɚ/
bowsing	/ˈbaʊzɪŋ/
bowyer	/ˈboʊjɚ/
box	/ˈbɑks/
boxberger	/ˈbɑksbɚɡɚ/
boxcar	/ˈbɑkˌskɑɹ/
boxcars	/ˈbɑkˌskɑɹz/
boxed	/ˈbɑkst/
boxell	/ˈbɑksəl/
boxer	/ˈbɑksɚ/
boxer's	/ˈbɑksɚz/
boxers	/ˈbɑksɚz/
boxes	/ˈbɑksəz/
boxing	/ˈbɑksɪŋ/
boxing's	/ˈbɑksɪŋz/
boxley	/ˈbɑksli/
boxwell	/ˈbɑkˌswɛl/
boxwood	/ˈbɑkˌswʊd/
boxx	/ˈbɑks/
boxy	/ˈbɑksi/
boy	/ˈbɔɪ/
boy-ar-dee	/ˈbɔɪˈɑɹˈdi/
boy-scout	/ˈbɔɪskaʊt/
boy's	/ˈbɔɪz/
boyack	/ˈbɔɪək/
boyajian	/bɔɪˈædʒiən/
boyan	/ˈbɔɪɑn/
boyar	/boʊˈjɑɹ/
boyce	/ˈbɔɪs/
boycott	/ˈbɔɪˌkɑt/
boycotted	/ˈbɔɪˌkɑtɪd/
boycotting	/ˈbɔɪˌkɑtɪŋ/
boycotts	/ˈbɔɪˌkɑts/
boyd	/ˈbɔɪd/
boyd-crotty	/ˈbɔɪdˈkɹɑti/
boyd's	/ˈbɔɪdz/
boyde	/ˈbɔɪd/
boyden	/ˈbɔɪdən/
boydston	/ˈbɔɪdstən/
boydstun	/ˈbɔɪdstən/
boye	/ˈbɔɪ/
boyea	/ˈbɔɪiə/
boyer	/ˈbɔɪɚ/
boyers	/ˈbɔɪɚz/
boyertown	/ˈbɔɪɚtaʊn/
boyes	/ˈbɔɪz/
boyett	/ˈbɔɪɪt/
boyette	/ˈbɔɪˈɛt/
boyfriend	/ˈbɔɪˌfɹɛnd/
boyfriend's	/ˈbɔɪˌfɹɛndz/
boyfriends	/ˈbɔɪˌfɹɛndz/
boyhood	/ˈbɔɪˌhʊd/
boyington	/ˈbɔɪɪŋtən/
boyish	/ˈbɔɪɪʃ/
boykin	/ˈbɔɪkɪn/
boykins	/ˈbɔɪkɪnz/
boyko	/ˈbɔɪkoʊ/
boylan	/ˈbɔɪlən/
boyland	/ˈbɔɪlənd/
boyle	/ˈbɔɪl/
boylen	/ˈbɔɪlən/
boyles	/ˈbɔɪlz/
boyleston	/ˈbɔɪlstən/
boyleston's	/ˈbɔɪlstənz/
boylls	/ˈbɔɪlz/
boylston	/ˈbɔɪlstən/
boylston's	/ˈbɔɪlstənz/
boyne	/ˈbɔɪn/
boynton	/ˈbɔɪntən/
boys	/ˈbɔɪz/
boys'	/ˈbɔɪz/
boysel	/ˈbɔɪsəl/
boysen	/ˈbɔɪsən/
boyson	/ˈbɔɪzən/
boyt	/ˈbɔɪt/
boyte	/ˈbɔɪt/
boyter	/ˈbɔɪtɚ/
boytoy	/ˈbɔɪˌtɔɪ/
boytoys	/ˈbɔɪˌtɔɪz/
boyum	/bɔɪˈʌm/
boyz	/ˈbɔɪz/
boza	/ˈboʊzə/
bozard	/bəˈzɑɹd/
bozarth	/ˈbɑzɚθ/
boze	/ˈboʊz/
bozek	/ˈboʊzɛk/
bozell	/boʊˈzɛl/
bozell's	/boʊˈzɛlz/
bozeman	/ˈboʊzmən/
bozian	/ˈboʊziən/
bozic	/ˈbɑzɪk/
bozich	/ˈbɑzɪh/
bozman	/ˈbɑzmən/
bozo	/ˈboʊˌzoʊ/
bozos	/ˈboʊˌzoʊz/
boztepe	/bɑzˈtɛp/
bozza	/ˈbɑzə/
bozzi	/ˈbɑzi/
bozzo	/ˈbɑzoʊ/
bp	/ˌbiˈpi/
bra	/ˈbɹɑ/
braaksma	/ˈbɹɑksmə/
braasch	/ˈbɹɑʃ/
braaten	/ˈbɹɑeɪtən/
braatz	/ˈbɹɑts/
brabant	/ˈbɹɑbənt/
brabec	/ˈbɹɑbɪk/
brabender	/ˈbɹæbɛndɚ/
brabham	/ˈbɹæbhəm/
brabson	/ˈbɹæbsən/
brac	/ˈbɹæk/
bracamonte	/ˌbɹækəˈmɑnti/
bracamonte's	/ˌbɹækəˈmɑntiz/
bracamontes	/ˌbɹækəˈmɑntiz/
bracci	/ˈbɹɑtʃi/
bracco	/ˈbɹækoʊ/
brace	/ˈbɹeɪs/
brace's	/ˈbɹeɪsɪz/
braced	/ˈbɹeɪst/
bracelet	/ˈbɹeɪslət/
bracelets	/ˈbɹeɪslɪts/
bracer	/ˈbɹeɪsɚ/
bracero	/bɹɑˈtʃɛɹoʊ/
braces	/ˈbɹeɪsəz/
bracewell	/ˈbɹeɪˌswɛl/
bracey	/ˈbɹeɪsi/
brach	/ˈbɹætʃ/
bracher	/ˈbɹækɚ/
bracher's	/ˈbɹækɚz/
brachfeld	/ˈbɹɑkˌfɛld/
brachia	/ˈbɹeɪˌkiə/
brachii	/ˈbɹeɪkiˌaɪ/
brachiopod	/ˈbɹeɪkiəˌpɑd/
brachiopods	/ˈbɹeɪkiəˌpɑdz/
bracht	/ˈbɹækt/
bracing	/ˈbɹeɪsɪŋ/
bracingly	/ˈbɹeɪsɪŋɡli/
brack	/ˈbɹæk/
brackbill	/ˈbɹækbəl/
brackeen	/bɹəˈkin/
bracken	/ˈbɹækən/
brackenbury	/ˈbɹækənˌbɛɹi/
brackens	/ˈbɹækənz/
bracker	/ˈbɹækɚ/
bracket	/ˈbɹækɪt/
brackets	/ˈbɹækəts/
brackett	/ˈbɹækɪt/
brackin	/ˈbɹækɪn/
brackins	/ˈbɹækɪnz/
brackish	/ˈbɹækɪʃ/
brackman	/ˈbɹækmən/
bracknell	/bɹækˈnɛl/
brackney	/ˈbɹækni/
bracy	/ˈbɹeɪsi/
brad	/ˈbɹæd/
brad's	/ˈbɹædz/
bradberry	/ˈbɹædˌbɛɹi/
bradburn	/ˈbɹædˌbɝn/
bradbury	/ˈbɹædˌbɛɹi/
bradco	/ˈbɹædkoʊ/
braddock	/ˈbɹædək/
braddy	/ˈbɹædi/
bradeen	/bɹəˈdin/
brademas	/bɹəˈdeɪməs/
braden	/ˈbɹeɪdən/
bradenton	/ˈbɹædəntən/
brader	/ˈbɹædɚ/
bradfield	/ˈbɹædfild/
bradford	/ˈbɹædfɚd/
bradford's	/ˈbɹædfɚdz/
bradfords	/ˈbɹædfɚdz/
bradham	/ˈbɹædhəm/
bradish	/ˈbɹædɪʃ/
bradlee	/ˈbɹædˌli/
bradlees	/ˈbɹædˌliz/
bradley	/ˈbɹædli/
bradley's	/ˈbɹædliz/
bradleys	/ˈbɹædliz/
bradner	/ˈbɹædnɚ/
bradney	/ˈbɹædni/
bradshaw	/ˈbɹædˌʃɔ/
bradsher	/ˈbɹædʃɚ/
bradstreet	/ˈbɹædˌstɹit/
bradstreet's	/ˈbɹædˌstɹits/
bradt	/ˈbɹædt/
bradtke	/ˈbɹædki/
bradtmiller	/ˈbɹætˌmɪlɚ/
bradway	/ˈbɹæˌdweɪ/
bradwell	/ˈbɹæˌdwɛl/
brady	/ˈbɹeɪdi/
brady's	/ˈbɹeɪdiz/
bradycardia	/ˌbɹædəˈkɑɹdiə/
bradykinin	/bɹəˈdɪkɪnɪn/
bradys	/ˈbɹeɪdiz/
brae	/ˈbɹeɪ/
braendstroem	/ˈbɹændstɹoʊm/
braer	/ˈbɹeɪɹ/
braff	/ˈbɹæf/
brafford	/ˈbɹæfɚd/
brag	/ˈbɹæɡ/
braga	/ˈbɹɑɡə/
bragan	/ˈbɹeɪɡən/
braganza	/bɹəˈɡɑnzə/
bragdon	/ˈbɹæɡdən/
brager	/ˈbɹeɪɡɚ/
bragg	/ˈbɹæɡ/
braggadocio	/ˌbɹæɡəˈdoʊʃiˌoʊ/
bragged	/ˈbɹæɡd/
bragger	/ˈbɹæɡɚ/
braggers	/ˈbɹæɡɚz/
bragging	/ˈbɹæɡɪŋ/
braggiotti	/ˌbɹæɡiˈɔti/
braggs	/ˈbɹæɡz/
brags	/ˈbɹæɡz/
braham	/ˈbɹæhəm/
brahm	/ˈbɹɑm/
brahman	/ˈbɹɑmən/
brahmin	/ˈbɹɑmɪn/
brahms	/ˈbɹɑmz/
brahms's	/ˈbɹɑmzɪz/
braid	/ˈbɹeɪd/
braided	/ˈbɹeɪdɪd/
braiding	/ˈbɹeɪdɪŋ/
braids	/ˈbɹeɪdz/
braidwood	/ˈbɹeɪˌdwʊd/
brailey	/ˈbɹeɪli/
braille	/ˈbɹeɪl/
brailles	/ˈbɹeɪlz/
brailsford	/ˈbɹeɪlsfɚd/
brain	/ˈbɹeɪn/
brain's	/ˈbɹeɪnz/
brainard	/ˈbɹeɪnɚd/
brainchild	/ˈbɹeɪnˌtʃaɪld/
braindead	/ˈbɹeɪnˌdɛd/
brained	/ˈbɹeɪnd/
brainer	/ˈbɹeɪnɚ/
brainerd	/ˈbɹeɪnɚd/
brainless	/ˈbɹeɪnlɪs/
brainpower	/ˈbɹeɪnˌpaʊɚ/
brains	/ˈbɹeɪnz/
brainstorm	/ˈbɹeɪnˌstɔɹm/
brainstormed	/ˈbɹeɪnˌstɔɹmd/
brainstorming	/ˈbɹeɪnˌstɔɹmɪŋ/
brainstorms	/ˈbɹeɪnˌstɔɹmz/
braintree	/ˈbɹeɪnˌtɹi/
brainwash	/ˈbɹeɪnˌwɑʃ/
brainwashed	/ˈbɹeɪnˌwɑʃt/
brainwashes	/ˈbɹeɪnˌwɑʃəz/
brainwashing	/ˈbɹeɪnˌwɑʃɪŋ/
brainy	/ˈbɹeɪni/
braise	/ˈbɹeɪz/
braised	/ˈbɹeɪzd/
braithwaite	/ˈbɹeɪθˌweɪt/
brajdas	/ˈbɹaɪdəs/
brajovic	/ˈbɹɑdʒoʊvɪtʃ/
brake	/ˈbɹeɪk/
brakebill	/ˈbɹeɪkˌbɪl/
braked	/ˈbɹeɪkt/
brakefield	/ˈbɹeɪkˌfild/
brakeman	/ˈbɹeɪkmən/
brakemen	/ˈbɹeɪkmɛn/
braker	/ˈbɹeɪkɚ/
brakes	/ˈbɹeɪks/
braking	/ˈbɹeɪkɪŋ/
brakke	/ˈbɹæk/
braley	/ˈbɹæli/
bralley	/ˈbɹæli/
brallier	/ˈbɹæliɚ/
bralorne	/ˈbɹælɔɹn/
braly	/ˈbɹɑli/
bram	/ˈbɹæm/
bramah	/ˈbɹɑmə/
bramalea	/ˌbɹæməˈliə/
bramalea's	/ˈbɹæməˌliz/
braman	/ˈbɹeɪmən/
brambila	/bɹɑmˈbilə/
bramble	/ˈbɹæmbəl/
brambles	/ˈbɹæmbəlz/
bramblett	/ˈbɹæmblɪt/
brame	/ˈbɹeɪm/
bramel	/ˈbɹæməl/
bramer	/ˈbɹeɪmɚ/
bramhall	/ˈbɹæmhəl/
bramlage	/ˈbɹæmlɪdʒ/
bramlet	/ˈbɹæmlɪt/
bramlett	/ˈbɹæmlɪt/
bramlette	/ˌbɹæmˈlɛt/
bramley	/ˈbɹæmli/
brammeier	/ˈbɹæmaɪɚ/
brammer	/ˈbɹæmɚ/
brampton	/ˈbɹæmptən/
brams	/ˈbɹæmz/
bramson	/ˈbɹæmsən/
bramwell	/ˈbɹæmˌwɛl/
bran	/ˈbɹæn/
branagan	/ˈbɹænəɡæn/
branagh	/ˈbɹænəɡ/
branam	/ˈbɹænəm/
branaman	/ˈbɹænəmən/
branan	/ˈbɹeɪnən/
branca	/ˈbɹæŋkə/
brancaccio	/bɹɑnˈkɑtʃioʊ/
brancato	/bɹɑnˈkɑtoʊ/
branch	/ˈbɹæntʃ/
branch's	/ˈbɹæntʃɪz/
branche	/ˈbɹæntʃ/
brancheau	/bɹənˈʃoʊ/
branched	/ˈbɹæntʃt/
branches	/ˈbɹæntʃəz/
branching	/ˈbɹæntʃɪŋ/
branchlet	/ˈbɹæntʃlət/
branchlets	/ˈbɹæntʃləts/
branco	/ˈbɹæŋkoʊ/
brand	/ˈbɹænd/
brand-new	/ˈbɹændˌnu/
brand's	/ˈbɹændz/
branda	/ˈbɹændə/
brandau	/ˈbɹændaʊ/
brande	/ˈbɹænd/
brandeberry	/ˈbɹændbɛɹi/
branded	/ˈbɹændɪd/
brandeis	/ˈbɹændaɪs/
brandel	/ˈbɹændəl/
branden	/ˈbɹændən/
brandenberg	/ˈbɹændənbɚɡ/
brandenberger	/ˈbɹændənbɚɡɚ/
brandenburg	/ˈbɹændənbɚɡ/
brandenburger	/ˈbɹændənbɚɡɚ/
brandenstein	/ˈbɹændɛnˌstaɪn/
brander	/ˈbɹændɚ/
brandes	/ˈbɹændz/
brandford	/ˈbɹændfɚd/
brandhorst	/ˈbɹændhɔɹst/
brandi	/ˈbɹændi/
branding	/ˈbɹændɪŋ/
brandis	/ˈbɹændɪs/
brandish	/ˈbɹændɪʃ/
brandished	/ˈbɹændɪʃt/
brandishes	/ˈbɹændɪʃɪz/
brandishing	/ˈbɹændɪʃɪŋ/
brandl	/ˈbɹændəl/
brandle	/ˈbɹændəl/
brandname	/ˈbɹændˌneɪm/
brandner	/ˈbɹændnɚ/
brandnew	/ˈbɹændˌnu/
brando	/ˈbɹændoʊ/
brando's	/ˈbɹændoʊz/
brandon	/ˈbɹændən/
brandon's	/ˈbɹændənz/
brandow	/ˈbɹænˌdaʊ/
brands	/ˈbɹændz/
brands'	/ˈbɹændz/
brands's	/ˈbɹændzɪz/
brandstetter	/ˈbɹændstɪtɚ/
brandt	/ˈbɹænt/
brandtner	/ˈbɹæntnɚ/
brandvold	/ˈbɹændˌvoʊld/
brandwein	/ˈbɹænˌdwaɪn/
brandy	/ˈbɹændi/
brandywine	/ˈbɹændiˌwaɪn/
braner	/ˈbɹeɪnɚ/
branford	/ˈbɹænfɚd/
branham	/ˈbɹænhəm/
brani	/ˈbɹæni/
braniff	/ˈbɹænɪf/
braniff's	/ˈbɹænɪfs/
branigan	/ˈbɹænɪɡən/
branillo	/bɹəˈnɪloʊ/
branin	/ˈbɹænɪn/
branislov	/ˈbɹænɪˌslɑv/
branitzky	/bɹəˈnɪtˌski/
brank	/ˈbɹæŋk/
brank's	/ˈbɹæŋks/
branki	/ˈbɹæŋki/
branko	/ˈbɹæŋkoʊ/
branks	/ˈbɹæŋks/
brann	/ˈbɹæn/
branna	/ˈbɹænə/
brannam	/ˈbɹænəm/
brannan	/ˈbɹænən/
brannen	/ˈbɹænən/
branner	/ˈbɹænɚ/
brannick	/ˈbɹænɪk/
brannigan	/ˈbɹænɪɡən/
branning	/ˈbɹænɪŋ/
brannock	/ˈbɹænək/
brannon	/ˈbɹænən/
brannum	/ˈbɹænəm/
branon	/ˈbɹænən/
branscom	/ˈbɹænskəm/
branscomb	/ˈbɹænskəm/
branscome	/ˈbɹænzˌkʌm/
branscum	/ˈbɹænskəm/
bransfield	/ˈbɹænzˌfild/
bransford	/ˈbɹænsfɚd/
bransom	/ˈbɹænsəm/
branson	/ˈbɹænsən/
branson's	/ˈbɹænˌsʌnz/
branstad	/ˈbɹænˌstæd/
branstetter	/ˈbɹænstɪtɚ/
brant	/ˈbɹænt/
brantley	/ˈbɹæntli/
brantly	/ˈbɹæntli/
brantner	/ˈbɹæntnɚ/
branton	/ˈbɹæntən/
branum	/ˈbɹænəm/
branyon	/ˈbɹænjən/
branz	/ˈbɹænz/
braque	/ˈbɹæk/
bras	/ˈbɹæs/
brascade	/bɹəˈskeɪd/
brascan	/ˈbɹæskən/
brasch	/ˈbɹæʃ/
brasco	/ˈbɹæskoʊ/
brase	/ˈbɹeɪz/
brasel	/ˈbɹæsəl/
braselton	/bɹəˈsɛltən/
brasfield	/ˈbɹæsfild/
brash	/ˈbɹæʃ/
brashear	/ˈbɹæʃiɹ/
brashears	/ˈbɹæʃiɹz/
brasher	/ˈbɹæʃɚ/
brashers	/ˈbɹæʃɚz/
brashier	/ˈbɹæʃiɚ/
brashness	/ˈbɹæʃnəs/
brasil	/ˈbɹæsəl/
brasilia	/bɹəˈzɪljə/
brasington	/ˈbɹæsɪŋtən/
brasow	/ˈbɹæsoʊ/
brass	/ˈbɹæs/
brassard	/ˈbɹæsɚd/
brasseaux	/bɹəˈsoʊ/
brassell	/ˈbɹæsəl/
brasserie	/ˈbɹæsɚi/
brasses	/ˈbɹæsɪz/
brasseur	/ˈbɹæˌsɝ/
brasseux	/ˈbɹɑˌsʊ/
brassfield	/ˈbɹæsˌfild/
brasso	/ˈbɹæsoʊ/
brasso's	/ˈbɹæsoʊz/
brassy	/ˈbɹæsi/
braswell	/ˈbɹæswɛl/
brat	/ˈbɹæt/
bratcher	/ˈbɹætʃɚ/
braton	/ˈbɹætɪn/
brats	/ˈbɹæts/
bratsch	/ˈbɹætʃ/
bratt	/ˈbɹæt/
brattain	/bɹəˈteɪn/
brattaslava	/ˌbɹɑtəˈslɑvə/
brattaslava's	/ˌbɹɑtəˈslɑvəz/
bratten	/ˈbɹætən/
brattin	/ˈbɹætɪn/
brattle	/ˈbɹætəl/
bratton	/ˈbɹætən/
bratwurst	/ˈbɹætwɚst/
bratz	/ˈbɹæts/
brau	/ˈbɹaʊ/
brauch	/ˈbɹɔtʃ/
braucher	/ˈbɹɔtʃɚ/
brauchli	/ˈbɹɔtʃli/
braud	/ˈbɹɔd/
braude	/ˈbɹɔd/
brauer	/ˈbɹaʊɚ/
braughton	/ˈbɹɔtən/
brauhau	/ˈbɹɑˌhɑ/
brault	/ˈbɹɔlt/
braun	/ˈbɹɔn/
braun's	/ˈbɹɔnz/
braund	/ˈbɹɔnd/
braune	/ˈbɹɔn/
brauner	/ˈbɹɔnɚ/
brauns	/ˈbɹɔnz/
braunschweig	/ˈbɹaʊnʃwaɪɡ/
braunstein	/ˈbɹɔnˌstin/
braunwald	/ˈbɹɔnˌwɔld/
brause	/ˈbɹɔz/
brautigam	/ˈbɹoʊtɪɡəm/
brautigams	/ˈbɹɔtɪɡæmz/
bravado	/bɹəˈvɑdoʊ/
brave	/ˈbɹeɪv/
braved	/ˈbɹeɪvd/
braveheart	/ˈbɹeɪvhɑɹt/
bravely	/ˈbɹeɪvli/
braver	/ˈbɹeɪvɚ/
braverman	/ˈbɹeɪvɚmən/
bravery	/ˈbɹeɪvɚi/
braves	/ˈbɹeɪvz/
braves'	/ˈbɹeɪvz/
bravest	/ˈbɹeɪvəst/
braving	/ˈbɹeɪvɪŋ/
bravo	/ˈbɹɑvoʊ/
bravura	/bɹəvˈjʊɹə/
brawer	/ˈbɹɔɚ/
brawl	/ˈbɹɔl/
brawley	/ˈbɹɔli/
brawling	/ˈbɹɔlɪŋ/
brawls	/ˈbɹɔlz/
brawn	/ˈbɹɔn/
brawner	/ˈbɹɔnɚ/
brawny	/ˈbɹɔni/
braxton	/ˈbɹækstən/
bray	/ˈbɹeɪ/
brayboy	/ˈbɹeɪˌbɔɪ/
brayer	/ˈbɹeɪɚ/
brayfield	/ˈbɹeɪˌfild/
brayman	/ˈbɹeɪmən/
brayton	/ˈbɹeɪtən/
braz	/ˈbɹæz/
brazda	/ˈbɹæzdə/
brazeal	/bɹəˈzil/
brazeau	/bɹəˈzoʊ/
brazee	/ˈbɹæzi/
brazel	/ˈbɹæzəl/
brazell	/ˈbɹæzəl/
brazelton	/bɹəˈzɛltən/
brazen	/ˈbɹeɪzən/
brazenly	/ˈbɹeɪzənli/
brazenness	/ˈbɹeɪzənəs/
braziel	/bɹəˈzil/
brazier	/ˈbɹeɪziɚ/
braziers	/ˈbɹeɪʒɚz/
brazil	/bɹəˈzɪl/
brazil's	/bɹəˈzɪlz/
brazile	/ˈbɹɑzaɪl/
brazilian	/bɹəˈzɪljən/
brazilians	/bɹəˈzɪljənz/
brazill	/ˈbɹæzəl/
brazos	/ˈbɹɑzoʊs/
brazzaville	/ˈbɹæzəvɪl/
brazzaville's	/ˈbɹæzəvɪlz/
brazzel	/ˈbɹæzəl/
brazzell	/ˈbɹæzəl/
brca	/ˈbɹɪkə/
brcko	/ˈbɝtʃkoʊ/
brcko's	/ˈbɝtʃkoʊz/
brea	/ˈbɹi/
breach	/ˈbɹitʃ/
breached	/ˈbɹitʃt/
breaches	/ˈbɹitʃɪz/
breaching	/ˈbɹitʃɪŋ/
bread	/ˈbɹɛd/
breadbasket	/ˈbɹɛdˌbæskət/
breadbox	/ˈbɹɛdˌbɑks/
breadcrumb	/ˈbɹɛdˈkɹʌm/
breaded	/ˈbɹɛdɪd/
breadfruit	/ˈbɹɛdˌfɹut/
breading	/ˈbɹɛdɪŋ/
breads	/ˈbɹɛdz/
breadth	/ˈbɹɛdθ/
breadwinner	/ˈbɹɛˌdwɪnɚ/
breadwinners	/ˈbɹɛˌdwɪnɚz/
bready	/ˈbɹɛdi/
break	/ˈbɹeɪk/
break-in	/ˈbɹeɪˌkɪn/
breakable	/ˈbɹeɪkəbəl/
breakage	/ˈbɹeɪkɪdʒ/
breakaway	/ˈbɹeɪkəˌweɪ/
breakdown	/ˈbɹeɪkˌdaʊn/
breakdowns	/ˈbɹeɪkˌdaʊnz/
breaker	/ˈbɹeɪkɚ/
breakers	/ˈbɹeɪkɚz/
breakeven	/ˈbɹeɪˌkivən/
breakey	/ˈbɹeɪki/
breakfast	/ˈbɹɛkfəst/
breakfasts	/ˈbɹɛkfəsts/
breakfield	/ˈbɹeɪkˌfild/
breaking	/ˈbɹeɪkɪŋ/
breakmate	/ˈbɹeɪkˌmeɪt/
breakneck	/ˈbɹeɪkˌnɛk/
breakout	/ˈbɹeɪˌkaʊt/
breakouts	/ˈbɹeɪˌkaʊts/
breaks	/ˈbɹeɪks/
breakthrough	/ˈbɹeɪkˌθɹu/
breakthroughs	/ˈbɹeɪkˌθɹuz/
breakup	/ˈbɹeɪˌkʌp/
breakups	/ˈbɹeɪkəps/
breakwater	/ˈbɹeɪˌkwɔtɚ/
breaky	/ˈbɹeɪki/
bream	/ˈbɹim/
brean	/ˈbɹin/
brearley	/ˈbɹɝli/
breast	/ˈbɹɛst/
breasted	/ˈbɹɛstəd/
breastfed	/ˈbɹɛstˌfɛd/
breastfeed	/ˈbɹɛstfid/
breastfeeding	/ˈbɹɛstfidɪŋ/
breastfeeding's	/ˈbɹɛstfidɪŋz/
breastfeeds	/ˈbɹɛstfidz/
breasting	/ˈbɹɛstɪŋ/
breastplate	/ˈbɹɛstˌpleɪt/
breasts	/ˈbɹɛsts/
breath	/ˈbɹɛθ/
breathe	/ˈbɹið/
breathed	/ˈbɹiðd/
breather	/ˈbɹiðɚ/
breathes	/ˈbɹiðz/
breathing	/ˈbɹiðɪŋ/
breathless	/ˈbɹɛθləs/
breathlessly	/ˈbɹɛθləsli/
breaths	/ˈbɹɛθs/
breathtaking	/ˈbɹɛθˌteɪkɪŋ/
breathtakingly	/ˈbɹɛθˌteɪkɪŋli/
breathy	/ˈbɹɛθi/
breau	/ˈbɹoʊ/
breault	/ˈbɹoʊ/
breaux	/ˈbɹoʊ/
breazeale	/ˈbɹiˌzil/
brebach	/ˈbɹɛbək/
brechbill	/ˈbɹɛkbəl/
brecheen	/ˈbɹɛkin/
brecheisen	/ˈbɹɛkaɪsən/
brecher	/ˈbɹɛkɚ/
brecht	/ˈbɹɛkt/
brechtel	/ˈbɹɛktəl/
breck	/ˈbɹɛk/
breckenridge	/ˈbɹɛkənˌɹɪdʒ/
brecker	/ˈbɹɛkɚ/
breco	/ˈbɹɛkoʊ/
bred	/ˈbɹɛd/
breda	/ˈbɹeɪdə/
brede	/ˈbɹid/
breden	/ˈbɹidən/
bredeson	/ˈbɹɛdɪsən/
bree	/ˈbɹi/
breece	/ˈbɹis/
breech	/ˈbɹitʃ/
breeches	/ˈbɹitʃɪz/
breeching	/ˈbɹitʃɪŋ/
breed	/ˈbɹid/
breed's	/ˈbɹidz/
breeden	/ˈbɹidən/
breeden's	/ˈbɹidənz/
breeder	/ˈbɹidɚ/
breeders	/ˈbɹidɚz/
breeders'	/ˈbɹidɚz/
breeding	/ˈbɹidɪŋ/
breedlove	/ˈbɹidˌlʌv/
breeds	/ˈbɹidz/
breeland	/ˈbɹilənd/
breen	/ˈbɹin/
brees	/ˈbɹiz/
breese	/ˈbɹiz/
breeze	/ˈbɹiz/
breezed	/ˈbɹizd/
breezes	/ˈbɹizɪz/
breezeway	/ˈbɹizˌweɪ/
breezy	/ˈbɹizi/
brege	/ˈbɹidʒ/
breger	/ˈbɹiɡɚ/
breglio	/ˈbɹɛɡlioʊ/
bregman	/ˈbɹɛɡmən/
breguet	/ˈbɹiɡət/
brehm	/ˈbɹɛm/
brehmer	/ˈbɹɛmɚ/
breidenbach	/ˈbɹaɪdɪnbɑk/
breidenstein	/ˈbɹaɪdənstaɪn/
breier	/ˈbɹaɪɚ/
breighner	/ˈbɹeɪnɚ/
breighton	/ˈbɹaɪtən/
breiner	/ˈbɹaɪnɚ/
breining	/ˈbɹaɪnɪŋ/
breininger	/ˈbɹaɪnɪŋɚ/
breisch	/ˈbɹaɪʃ/
breit	/ˈbɹit/
breitbach	/ˈbɹaɪtˌbɑk/
breitbarth	/ˈbɹaɪtˌbɑɹθ/
breitenbach	/ˈbɹaɪtɪnbɑk/
breitenstein	/ˈbɹaɪtənstaɪn/
breithaupt	/ˈbɹaɪθaʊpt/
breitkreutz	/ˈbɹaɪtˌkɹɔɪts/
breitling	/ˈbɹaɪtəlɪŋ/
breitman	/ˈbɹaɪtmən/
breitschwerdt	/ˈbɹaɪtʃwɚt/
breitweiser	/ˈbɹaɪˌtwaɪsɚ/
breitzman	/ˈbɹaɪtsmən/
brekke	/ˈbɹɛk/
breland	/ˈbɹɛlənd/
brelsford	/ˈbɹɛlsfɚd/
brem	/ˈbɹɛm/
bremen	/ˈbɹɛmən/
bremer	/ˈbɹimɚ/
bremmer	/ˈbɹɛmɚ/
bremner	/ˈbɹɛmnɚ/
brems	/ˈbɹɛmz/
bren	/ˈbɹɛn/
brenda	/ˈbɹɛndə/
brenda's	/ˈbɹɛndəz/
brendan	/ˈbɹɛndən/
brendel	/ˈbɹɛndəl/
brenden	/ˈbɹɛndən/
brender	/ˈbɹɛndɚ/
brendle	/ˈbɹɛndəl/
brendlinger	/ˈbɹɛndəlɪŋɚ/
brendon	/ˈbɹɛndən/
brendor	/ˈbɹɛndɚ/
brendsel	/ˈbɹɛndsəl/
breneman	/ˈbɹinmən/
brener	/ˈbɹinɚ/
brenes	/ˈbɹinz/
brengle	/ˈbɹɪŋəl/
brenizer	/ˈbɹɛnaɪzɚ/
brenn	/ˈbɹɛn/
brenna	/ˈbɹɛnə/
brennan	/ˈbɹɛnən/
brennan's	/ˈbɹɛnənz/
brennans	/ˈbɹɛnənz/
brennecke	/ˈbɹɛnɪk/
brenneke	/ˈbɹɛnəki/
brenneman	/ˈbɹɛnmən/
brennen	/ˈbɹɛnən/
brenner	/ˈbɹɛnɚ/
brenning	/ˈbɹɛnɪŋ/
brensinger	/ˈbɹɛnsɪŋɚ/
brent	/ˈbɹɛnt/
brentano	/ˌbɹɛnˈtɑnoʊ/
brentanos	/ˌbɹɛnˈtɑnoʊz/
brentlinger	/ˈbɹɛntəlɪŋɚ/
brenton	/ˈbɹɛntən/
brents	/ˈbɹɛnts/
brentwood	/ˈbɹɛnˌtwʊd/
breon	/ˈbɹiən/
bresca	/ˈbɹɛskə/
brescia	/ˈbɹɛstʃə/
bresee	/bɹɪˈsi/
bresette	/bɹɪˈsɛt/
breshears	/ˈbɹɛʃiɹz/
breslaw	/ˈbɹɛslɑ/
bresler	/ˈbɹɛslɚ/
breslin	/ˈbɹɛslɪn/
breslow	/ˈbɹɛsloʊ/
bresnahan	/ˈbɹɛsnəhæn/
bresnan	/ˈbɹɛsnən/
bresnick	/ˈbɹɛsnɪk/
bress	/ˈbɹɛs/
bresse	/ˈbɹɛs/
bresseau	/ˈbɹɛsoʊ/
bresser	/ˈbɹɛsɚ/
bresser's	/ˈbɹɛsɚz/
bressette	/ˌbɹɛˈsɛt/
bressler	/ˈbɹɛslɚ/
bressman	/ˈbɹɛsmən/
bresson	/ˈbɹɛsən/
brest	/ˈbɹɛst/
brester	/ˈbɹɛstɚ/
bret	/ˈbɹɛt/
breth	/ˈbɹɛθ/
brethauer	/ˈbɹɛθaʊɚ/
brethen	/ˈbɹiθən/
brethren	/ˈbɹɛðɹən/
breton	/ˈbɹɛtən/
bretschneider	/ˈbɹɛtʃnaɪdɚ/
brett	/ˈbɹɛt/
bretthauer	/ˈbɹɛθaʊɚ/
bretton	/ˈbɹɛtən/
bretts	/ˈbɹɛts/
brettschneider	/ˈbɹɛtʃˌnaɪdɚ/
bretz	/ˈbɹɛts/
breuer	/ˈbɹuɚ/
breunig	/ˈbɹunɪɡ/
breuninger	/ˈbɹunɪŋɚ/
brevard	/ˈbɹɛvɚd/
brevets	/bɹəˈvɛts/
brevig	/ˈbɹɛvɪɡ/
brevik	/ˈbɹɛvɪk/
brevity	/ˈbɹɛvəti/
brew	/ˈbɹu/
brewbaker	/ˈbɹuˌbeɪkɚ/
brewed	/ˈbɹud/
brewer	/ˈbɹuɚ/
brewer's	/ˈbɹuɚz/
breweries	/ˈbɹuɚiz/
brewers	/ˈbɹuɚz/
brewers'	/ˈbɹuɚz/
brewery	/ˈbɹuɚi/
brewing	/ˈbɹuɪŋ/
brewington	/ˈbɹuɪŋtən/
brewry	/ˈbɹuɹi/
brews	/ˈbɹuz/
brewster	/ˈbɹustɚ/
brewton	/ˈbɹutən/
brey	/ˈbɹeɪ/
breyer	/ˈbɹeɪɚ/
breyer's	/ˈbɹeɪɚz/
breyfogle	/ˈbɹeɪˌfoʊɡəl/
breza	/ˈbɹɛzə/
brezhnev	/ˈbɹɛznəv/
brezhnev's	/ˈbɹɛznəvz/
brezina	/bɹɛˈzinə/
brezinski	/bɹɪˈzɪnski/
bria	/ˈbɹiə/
brian	/ˈbɹaɪən/
brian's	/ˈbɹaɪənz/
briana	/bɹiˈænə/
briana's	/bɹiˈænəz/
briancon	/ˈbɹaɪənsən/
briand	/ˈbɹaɪənd/
brianna	/bɹiˈænə/
brianna's	/bɹiˈænəz/
briant	/ˈbɹaɪənt/
briar	/ˈbɹaɪɚ/
briarcliff	/ˈbɹaɪɹˌklɪf/
bribe	/ˈbɹaɪb/
bribed	/ˈbɹaɪbd/
bribery	/ˈbɹaɪbɚi/
bribes	/ˈbɹaɪbz/
bribing	/ˈbɹaɪbɪŋ/
bric	/ˈbɹɪk/
briccetti	/bɹɪˈtʃɛti/
bricco	/ˈbɹɪkoʊ/
brice	/ˈbɹaɪs/
briceno	/bɹiˈtʃɛnoʊ/
brick	/ˈbɹɪk/
brickbat	/ˈbɹɪkˌbæt/
brickbats	/ˈbɹɪkˌbæts/
brickel	/ˈbɹɪkəl/
brickell	/ˈbɹɪkəl/
bricker	/ˈbɹɪkɚ/
brickey	/ˈbɹɪki/
brickhouse	/ˈbɹɪkˌhaʊs/
bricklayer	/ˈbɹɪˌkleɪɚ/
bricklayers	/ˈbɹɪˌkleɪɚz/
brickle	/ˈbɹɪkəl/
brickler	/ˈbɹɪklɚ/
brickley	/ˈbɹɪkli/
bricklin	/ˈbɹɪklɪn/
bricklin's	/ˈbɹɪklɪnz/
brickman	/ˈbɹɪkmən/
brickner	/ˈbɹɪknɚ/
bricks	/ˈbɹɪks/
brickyard	/ˈbɹɪkˌjɑɹd/
bricom	/ˈbɹɪkəm/
bridal	/ˈbɹaɪdəl/
bride	/ˈbɹaɪd/
bride's	/ˈbɹaɪdz/
brideau	/bɹɪˈdoʊ/
bridegroom	/ˈbɹaɪdˌɡɹum/
bridegroom's	/ˈbɹaɪdˌɡɹumz/
briden	/ˈbɹaɪdən/
bridenbaugh	/ˈbɹɪdɪnbaʊ/
bridenstine	/ˈbɹɪdɪnstin/
brides	/ˈbɹaɪdz/
bridesburg	/ˈbɹaɪdzbəɹɡ/
bridesmaid	/ˈbɹaɪdzˌmeɪd/
bridesmaid's	/ˈbɹaɪdzˌmeɪdz/
bridesmaids	/ˈbɹaɪdzˌmeɪdz/
bridesmaids'	/ˈbɹaɪdzˌmeɪdz/
bridge	/ˈbɹɪdʒ/
bridge's	/ˈbɹɪdʒɪz/
bridged	/ˈbɹɪdʒd/
bridgeford	/ˈbɹɪdʒfɔɹd/
bridgeforth	/ˈbɹɪdʒˌfɔɹθ/
bridgehead	/ˈbɹɪdʒˌhɛd/
bridgeman	/ˈbɹɪdʒmən/
bridgeport	/ˈbɹɪdʒˌpɔɹt/
bridger	/ˈbɹɪdʒɚ/
bridgers	/ˈbɹɪdʒɚz/
bridges	/ˈbɹɪdʒəz/
bridgestone	/ˈbɹɪdʒˌstoʊn/
bridgestone's	/ˈbɹɪdʒˌstoʊnz/
bridget	/ˈbɹɪdʒət/
bridget's	/ˈbɹɪdʒəts/
bridgeton	/ˈbɹɪdʒtən/
bridgetown	/ˈbɹɪdʒˌtaʊn/
bridgett	/ˈbɹɪdʒɪt/
bridgette	/ˈbɹɪdʒɪt/
bridgewater	/ˈbɹɪdʒˌwɔtɚ/
bridgham	/ˈbɹɪdʒhəm/
bridging	/ˈbɹɪdʒɪŋ/
bridgman	/ˈbɹɪdʒmən/
bridie	/ˈbɹɪdi/
bridle	/ˈbɹaɪdəl/
bridled	/ˈbɹaɪdəld/
bridwell	/ˈbɹɪˌdwɛl/
brie	/ˈbɹi/
brieant	/ˈbɹiənt/
brief	/ˈbɹif/
briefcase	/ˈbɹifˌkeɪs/
briefcases	/ˈbɹifˌkeɪsɪz/
briefed	/ˈbɹift/
briefer	/ˈbɹifɚ/
briefers	/ˈbɹifɚz/
briefest	/ˈbɹifəst/
briefing	/ˈbɹifɪŋ/
briefings	/ˈbɹifɪŋz/
briefly	/ˈbɹifli/
briefs	/ˈbɹifs/
briegel	/ˈbɹiɡəl/
brieger	/ˈbɹiɡɚ/
briel	/ˈbɹil/
brien	/ˈbɹaɪɪn/
brienza	/ˈbɹinzə/
brier	/ˈbɹaɪɚ/
briere	/ˈbɹɪɹ/
brierley	/ˈbɹaɪɚli/
brierly	/ˈbɹaɪɚli/
briese	/ˈbɹiz/
brietzke	/ˈbɹitski/
brig	/ˈbɹɪɡ/
brigade	/bɹəˈɡeɪd/
brigadeer	/ˌbɹɪɡəˈdɪɹ/
brigades	/bɹɪˈɡeɪdz/
brigadier	/ˌbɹɪɡəˈdɪɹ/
brigance	/ˈbɹɪɡəns/
brigandi	/bɹɪˈɡændi/
brigante	/bɹiˈɡɑnti/
briganti	/bɹɪˈɡænti/
brigantine	/ˌbɹɪɡənˈtin/
briggs	/ˈbɹɪɡz/
briggstone	/ˈbɹɪɡstoʊn/
brigham	/ˈbɹɪɡəm/
brigham's	/ˈbɹɪɡəmz/
brighams	/ˈbɹɪɡəmz/
bright	/ˈbɹaɪt/
bright's	/ˈbɹaɪts/
brightbill	/ˈbɹaɪtˌbɪl/
brighten	/ˈbɹaɪtən/
brightened	/ˈbɹaɪtənd/
brightening	/ˈbɹaɪtənɪŋ/
brightens	/ˈbɹaɪtənz/
brighter	/ˈbɹaɪtɚ/
brightest	/ˈbɹaɪtəst/
brightly	/ˈbɹaɪtli/
brightman	/ˈbɹaɪtmən/
brightness	/ˈbɹaɪtnəs/
brighton	/ˈbɹaɪtən/
brightwell	/ˈbɹaɪˌtwɛl/
brigitte	/ˈbɹɪdʒɪt/
brigman	/ˈbɹɪɡmən/
brignac	/ˈbɹɪɡnək/
brigner	/ˈbɹaɪɡnɚ/
brigode	/bɹɪˈɡoʊdə/
briguglio	/bɹɪˈɡʌɡlioʊ/
briles	/ˈbɹaɪlz/
briley	/ˈbɹɪli/
brill	/ˈbɹɪl/
brill's	/ˈbɹɪlz/
brillhart	/ˈbɹɪlˌhɑɹt/
brilliance	/ˈbɹɪljəns/
brilliant	/ˈbɹɪljənt/
brilliantly	/ˈbɹɪljəntli/
brillstein	/ˈbɹɪlˌstin/
brim	/ˈbɹɪm/
brimberry	/ˈbɹɪmˌbɛɹi/
brimelow	/ˈbɹɪməloʊ/
brimer	/ˈbɹaɪmɚ/
brimhall	/ˈbɹɪmˌhɔl/
brimm	/ˈbɹɪm/
brimmed	/ˈbɹɪmd/
brimmer	/ˈbɹɪmɚ/
brimming	/ˈbɹɪmɪŋ/
brimstone	/ˈbɹɪmstoʊn/
brin	/ˈbɹɪn/
brindel	/ˈbɹɪnˌdɛl/
brindle	/ˈbɹɪndəl/
brindley	/ˈbɹɪndli/
brine	/ˈbɹaɪn/
brinegar	/ˈbɹɪnɪɡɚ/
briner	/ˈbɹaɪnɚ/
brines	/ˈbɹaɪnz/
briney	/ˈbɹɪni/
bring	/ˈbɹɪŋ/
bringhurst	/ˈbɹɪŋhɚst/
bringing	/ˈbɹɪŋɪŋ/
bringle	/ˈbɹɪŋɡəl/
bringman	/ˈbɹɪŋmən/
brings	/ˈbɹɪŋz/
brington	/ˈbɹɪŋtən/
brining	/ˈbɹaɪnɪŋ/
brink	/ˈbɹɪŋk/
brink's	/ˈbɹɪŋks/
brinker	/ˈbɹɪŋkɚ/
brinkerhoff	/ˈbɹɪŋkɚˌhɔf/
brinkley	/ˈbɹɪŋkli/
brinkley's	/ˈbɹɪŋkliz/
brinkly	/ˈbɹɪŋkli/
brinkman	/ˈbɹɪŋkmən/
brinkmann	/ˈbɹɪŋkmən/
brinkmann's	/ˈbɹɪŋkmənz/
brinkmanship	/ˈbɹɪŋkmənˌʃɪp/
brinkmeier	/ˈbɹɪŋkmaɪɚ/
brinkmeyer	/ˈbɹɪŋkmaɪɚ/
brinks	/ˈbɹɪŋks/
brinksmanship	/ˈbɹɪŋksmənˌʃɪp/
brinlee	/ˈbɹɪnli/
brinley	/ˈbɹɪnli/
brinn	/ˈbɹɪn/
brinner	/ˈbɹɪnɚ/
brinser	/ˈbɹɪnsɚ/
brinsfield	/ˈbɹɪnsfild/
brinson	/ˈbɹɪnsən/
brintec	/ˈbɹɪnˌtɛk/
brinton	/ˈbɹɪntən/
brio	/ˈbɹaɪoʊ/
brioche	/ˌbɹiˈoʊʃ/
briody	/ˈbɹaɪədi/
brion	/ˈbɹaɪən/
briones	/bɹiˈoʊnɛs/
briony	/ˈbɹaɪəˌni/
briony's	/ˈbɹaɪəˌniz/
briquemont	/ˈbɹɪkmɔnt/
brisbane	/ˈbɹɪzˌbeɪn/
brisbin	/ˈbɹɪzbɪn/
brisbois	/bɹɪzbˈwɑ/
brisbon	/ˈbɹɪzbən/
brisburg	/ˈbɹɪsbɚɡ/
brisco	/ˈbɹiskoʊ/
briscoe	/ˈbɹɪskoʊ/
brisendine	/ˈbɹɪsɪnˌdaɪn/
briseno	/bɹiˈsɛnoʊ/
briseno's	/bɹiˈsɛnoʊz/
brisk	/ˈbɹɪsk/
brisker	/ˈbɹɪskɚ/
brisket	/ˈbɹɪskət/
briskey	/ˈbɹɪski/
briski	/ˈbɹɪski/
briskin	/ˈbɹɪskɪn/
briskly	/ˈbɹɪskli/
brisky	/ˈbɹɪski/
brislin	/ˈbɹɪslɪn/
brison	/ˈbɹɪsən/
brissette	/bɹɪˈsɛt/
brissey	/ˈbɹɪsi/
brisson	/ˈbɹɪsən/
brister	/ˈbɹɪstɚ/
bristle	/ˈbɹɪsəl/
bristled	/ˈbɹɪsəld/
bristles	/ˈbɹɪsəlz/
bristling	/ˈbɹɪsəlɪŋ/
bristol	/ˈbɹɪstəl/
bristol's	/ˈbɹɪstəlz/
bristow	/ˈbɹɪstoʊ/
brit	/ˈbɹɪt/
brita	/ˈbɹitə/
britain	/ˈbɹɪtən/
britain's	/ˈbɹɪtənz/
britains	/ˈbɹɪtənz/
britannia	/bɹɪˈtæniə/
britannica	/bɹɪˈtænɪkə/
britcher	/ˈbɹɪtʃɚ/
britches	/ˈbɹɪtʃəz/
brite	/ˈbɹaɪt/
britian	/ˈbɹɪʃən/
british	/ˈbɹɪtɪʃ/
britnell	/ˈbɹɪtnəl/
britney	/ˈbɹitˌni/
britney's	/ˈbɹɪtˌniz/
brito	/ˈbɹitoʊ/
britoil	/bɹɪˈtɔɪl/
briton	/ˈbɹɪtən/
britons	/ˈbɹɪtənz/
britons'	/ˈbɹɪtənz/
brits	/ˈbɹɪts/
britsch	/ˈbɹɪtʃ/
britt	/ˈbɹɪt/
brittain	/ˈbɹɪtən/
brittan	/ˈbɹɪtən/
brittania	/bɹɪˈtæniə/
brittany	/ˈbɹɪtəni/
britten	/ˈbɹɪtən/
brittenham	/ˈbɹɪtɪnhəm/
brittian	/ˈbɹɪtiən/
brittin	/ˈbɹɪtɪn/
brittingham	/ˈbɹɪtɪŋhæm/
brittle	/ˈbɹɪtəl/
brittler	/ˈbɹɪtlɚ/
brittlest	/ˈbɹɪtlɪst/
britton	/ˈbɹɪtən/
britts	/ˈbɹɪts/
britz	/ˈbɹɪts/
brix	/ˈbɹɪks/
brixey	/ˈbɹɪksi/
brixius	/ˈbɹaɪksiɪs/
brizendine	/bɹizɛnˈdini/
brizill	/bɹɪˈzɪl/
brizola	/bɹɪˈzoʊlə/
brizzi	/ˈbɹɪzi/
brizzolara	/bɹitsoʊˈlɑɹə/
bro	/ˈbɹoʊ/
bro's	/ˈbɹoʊz/
broach	/ˈbɹoʊtʃ/
broached	/ˈbɹoʊtʃt/
broaches	/ˈbɹoʊtʃɪz/
broaching	/ˈbɹoʊtʃɪŋ/
broad	/ˈbɹɔd/
broad's	/ˈbɹɔdz/
broadacre	/ˈbɹɔdeɪkɚ/
broadaway	/ˈbɹɔdəˌweɪ/
broadband	/ˈbɹɔdˌbænd/
broadbase	/ˈbɹɔdˌbeɪs/
broadbased	/ˈbɹɔdˌbeɪst/
broadbeach	/ˈbɹɔdˌbitʃ/
broadbent	/ˈbɹɔdˌbɛnt/
broadcast	/ˈbɹɔdˌkæst/
broadcaster	/ˈbɹɔdˌkæstɚ/
broadcaster's	/ˈbɹɔdˌkæstɚz/
broadcasters	/ˈbɹɔdˌkæstɚz/
broadcasters'	/ˈbɹɔdˌkæstɚz/
broadcasting	/ˈbɹɔdˌkæstɪŋ/
broadcasting's	/ˈbɹɔdˌkæstɪŋz/
broadcasts	/ˈbɹɔdˌkæsts/
broaddus	/ˈbɹɔdɪs/
broaden	/ˈbɹɔdən/
broadened	/ˈbɹɔdənd/
broadening	/ˈbɹɔdənɪŋ/
broadens	/ˈbɹɔdənz/
broader	/ˈbɹɔdɚ/
broadest	/ˈbɹɔdɪst/
broadhead	/ˈbɹɔdˌhɛd/
broadhurst	/ˈbɹɔdhɚst/
broadie	/ˈbɹɔdi/
broadley	/ˈbɹɔdli/
broadly	/ˈbɹɔdli/
broadnax	/ˈbɹɔdnæks/
broadpfoot	/ˈbɹɔdfʊt/
broadrick	/ˈbɹɔdɹɪk/
broadside	/ˈbɹɔdˌsaɪd/
broadsided	/ˈbɹɔdˌsaɪdɪd/
broadstreet	/ˈbɹɔdˌstɹit/
broadsword	/ˈbɹɔdˌsɔɹd/
broadus	/ˈbɹoʊdəs/
broadview	/ˈbɹɔdvˌju/
broadway	/ˈbɹɔˌdweɪ/
broadway's	/ˈbɹɔˌdweɪz/
broadwell	/ˈbɹɔˌdwɛl/
broady	/ˈbɹɔdi/
brobdingnagian	/ˌbɹɔbdɪɡˈnæɡiən/
brobdingnagians	/ˌbɹɔbdɪɡˈnæɡiənz/
brobeck	/ˈbɹoʊˌbɛk/
broberg	/ˈbɹoʊbɚɡ/
brobst	/ˈbɹɑbst/
broc	/ˈbɹɑk/
brocade	/bɹoʊˈkeɪd/
brocades	/bɹoʊˈkeɪdz/
brocato	/bɹoʊˈkɑtoʊ/
brocco	/ˈbɹɑkoʊ/
broccoli	/ˈbɹɑkəli/
broce	/ˈbɹoʊs/
brochu	/ˈbɹoʊku/
brochure	/bɹoʊˈʃʊɹ/
brochures	/bɹoʊˈʃʊɹz/
brocious	/bɹəˈʃis/
brock	/ˈbɹɑk/
brock's	/ˈbɹɑks/
brockbank	/ˈbɹɑkbəŋk/
brockel	/ˈbɹɑkəl/
brocker	/ˈbɹɑkɚ/
brockert	/ˈbɹɑkɚt/
brockett	/ˈbɹɑkɪt/
brockhaus	/ˈbɹɑkˌhaʊs/
brockhoff	/ˈbɹɑkˌhɔf/
brockhouse	/ˈbɹɑkˌhaʊs/
brockie	/ˈbɹɑki/
brockington	/ˈbɹɑkɪŋtən/
brocklehurst	/ˈbɹɑkəlhɚst/
brockley	/ˈbɹɑkli/
brocklin	/ˈbɹɑklɪn/
brocklin's	/ˈbɹɑklɪnz/
brockman	/ˈbɹɑkmən/
brockmann	/ˈbɹɑkmən/
brockmeier	/ˈbɹɑkmaɪɚ/
brockmeyer	/ˈbɹɑkmaɪɚ/
brockner	/ˈbɹɑknɚ/
brocksmith	/ˈbɹɑkˌsmɪθ/
brockton	/ˈbɹɑktən/
brockway	/ˈbɹɑˌkweɪ/
brockway's	/ˈbɹɑˌkweɪz/
brockwell	/ˈbɹɑˌkwɛl/
brod	/ˈbɹɑd/
broda	/ˈbɹoʊdə/
brodbeck	/ˈbɹɑdˌbɛk/
brode	/ˈbɹoʊd/
broden	/ˈbɹoʊdən/
broder	/ˈbɹoʊdɚ/
broder's	/ˈbɹoʊdɚz/
broderbund	/ˈbɹoʊtɚbənd/
broderick	/ˈbɹɑdɚɪk/
broderick's	/ˈbɹɑdɚɪkz/
brodersen	/ˈbɹɑdɚsən/
brodersohn	/ˈbɹoʊtɚsən/
broderson	/ˈbɹɑdɚsən/
brodeur	/ˈbɹɑdɚ/
brodhead	/ˈbɹɑdˌhɛd/
brodie	/ˈbɹoʊti/
brodin	/ˈbɹoʊdɪn/
brodkin	/ˈbɹɑdkɪn/
brodman	/ˈbɹɑdmən/
brodnax	/ˈbɹɑdnæks/
brodowski	/bɹəˈdɔfski/
brodrick	/ˈbɹɑdɹɪk/
brodry	/ˈbɹɑdɹi/
brodsky	/ˈbɹɑdski/
brodt	/ˈbɹɑdt/
brody	/ˈbɹoʊdi/
brody's	/ˈbɹoʊdiz/
brodzinski	/bɹəˈdʒɪnski/
broe	/ˈbɹoʊ/
broecker	/ˈbɹoʊkɚ/
broeker	/ˈbɹoʊkɚ/
broer	/ˈbɹoʊɚ/
broerman	/ˈbɹoʊɚmən/
broers	/ˈbɹoʊɚz/
brogan	/ˈbɹoʊɡən/
brogden	/ˈbɹɑɡdən/
brogdon	/ˈbɹɑɡdən/
brogna	/ˈbɹoʊɡnə/
broich	/ˈbɹɔɪtʃ/
broil	/ˈbɹɔɪl/
broiled	/ˈbɹɔɪld/
broiler	/ˈbɹɔɪlɚ/
broilers	/ˈbɹɔɪlɚz/
broiling	/ˈbɹɔɪlɪŋ/
broin	/ˈbɹɔɪn/
brok	/ˈbɹɑk/
brokaw	/ˈbɹoʊkɔ/
broke	/ˈbɹoʊk/
broken	/ˈbɹoʊkən/
broken-tooth	/ˈbɹoʊkənˌtuθ/
broken-wind	/ˈbɹoʊkənˈwɪnd/
broken-winded	/ˈbɹoʊkənˈwɪndɪd/
broker	/ˈbɹoʊkɚ/
broker's	/ˈbɹoʊkɚz/
brokerage	/ˈbɹoʊkɚɪdʒ/
brokerage's	/ˈbɹoʊkɚɪdʒɪz/
brokerages	/ˈbɹoʊkɚɪdʒɪz/
brokerages'	/ˈbɹoʊkɚɪdʒɪz/
brokered	/ˈbɹoʊkɚd/
brokering	/ˈbɹoʊkɚɪŋ/
brokers	/ˈbɹoʊkɚz/
brokers'	/ˈbɹoʊkɚz/
broking	/ˈbɹoʊkɪŋ/
brokini	/bɹəˈkini/
brolin	/ˈbɹoʊlɪn/
brolly	/ˈbɹɑli/
brom	/ˈbɹɑm/
broman	/ˈbɹoʊmən/
bromberg	/ˈbɹɑmbɚɡ/
bromfield	/ˈbɹɑmˌfild/
bromfield's	/ˈbɹɑmˌfildz/
bromide	/ˈbɹoʊˌmaɪd/
bromides	/ˈbɹoʊˌmaɪdz/
bromine	/ˈbɹoʊˌmin/
bromley	/ˈbɹɑmli/
bromm	/ˈbɹɑm/
brommer	/ˈbɹɑmɚ/
bromont	/ˈbɹoʊˌmɑnt/
brompheril	/ˈbɹɑmfɛɹɪl/
bromwell	/ˈbɹɑmˌwɛl/
bromwich	/ˈbɹɑmwɪtʃ/
bronaugh	/ˈbɹɑnɔ/
bronc	/ˈbɹɑŋk/
bronchial	/ˈbɹɑntʃiəl/
bronchitis	/bɹɑŋˈkaɪtəs/
bronchoscope	/ˈbɹɑnkəˈskoʊp/
bronco	/ˈbɹɑŋkoʊ/
broncos	/ˈbɹɑŋkoʊz/
bronder	/ˈbɹɑndɚ/
broner	/ˈbɹoʊnɚ/
bronfman	/ˈbɹɑnfmən/
bronfman's	/ˈbɹɑnfmənz/
bronfmans	/ˈbɹɑnfmənz/
bronk	/ˈbɹɑŋk/
bronkema	/bɹəŋˈkimə/
bronn	/ˈbɹɑn/
bronner	/ˈbɹɑnɚ/
brons	/ˈbɹɑnz/
bronson	/ˈbɹɑnsən/
bronstein	/ˈbɹɑnˌstin/
bronston	/ˈbɹɑnstən/
bronte	/ˈbɹɑnti/
bronte's	/ˈbɹɑntiz/
brontosaurus	/ˌbɹɔntəˈsɔɹəs/
bronwen	/ˈbɹɔnwɪn/
bronwyn	/ˈbɹɑnwɪn/
bronx	/ˈbɹɑŋks/
brony	/ˈbɹoʊˌni/
bronze	/ˈbɹɑnz/
bronzed	/ˈbɹɑnzd/
bronzen	/ˈbɹɑnzən/
bronzes	/ˈbɹɑnzəz/
brooch	/ˈbɹutʃ/
brood	/ˈbɹud/
brooded	/ˈbɹudɪd/
brooding	/ˈbɹudɪŋ/
broody	/ˈbɹudi/
brook	/ˈbɹʊk/
brook's	/ˈbɹʊks/
brookbank	/ˈbɹʊkˌbæŋk/
brooke	/ˈbɹʊk/
brooke's	/ˈbɹʊks/
brookehill	/ˈbɹʊkˌhɪl/
brooken	/ˈbɹʊkən/
brookens	/ˈbɹʊkənz/
brooker	/ˈbɹʊkɚ/
brookes	/ˈbɹʊks/
brookfield	/ˈbɹʊkˌfild/
brookhart	/ˈbɹukhɑɹt/
brookhaven	/ˈbɹʊkˌheɪvən/
brookhurst	/ˈbɹʊkˌhɝst/
brooking	/ˈbɹʊkɪŋ/
brookings	/ˈbɹʊkɪŋz/
brookins	/ˈbɹukɪnz/
brookline	/ˈbɹʊˌklaɪn/
brooklyn	/ˈbɹʊklən/
brooklyn's	/ˈbɹʊklənz/
brookman	/ˈbɹʊkmən/
brookner	/ˈbɹʊknɚ/
brookner's	/ˈbɹʊknɚz/
brookover	/ˈbɹʊˌkoʊvɚ/
brooks	/ˈbɹʊks/
brooks'	/ˈbɹʊks/
brooks's	/ˈbɹʊksɪz/
brookshier	/ˈbɹukʃiɚ/
brookshire	/ˈbɹukʃaɪɹ/
brookside	/ˈbɹʊkˌsaɪd/
brookstone	/ˈbɹʊkˌstoʊn/
brooksville	/ˈbɹʊksvɪl/
brooksville's	/ˈbɹʊksvɪlz/
broom	/ˈbɹum/
broomall	/ˈbɹuməl/
broome	/ˈbɹum/
broomfield	/ˈbɹumˌfild/
brooms	/ˈbɹumz/
broomstick	/ˈbɹumˌstɪk/
broomsticks	/ˈbɹumˌstɪks/
brophy	/ˈbɹoʊfi/
brosch	/ˈbɹɔʃ/
brose	/ˈbɹoʊz/
brosh	/ˈbɹɑʃ/
broshears	/ˈbɹɑʃɪɹz/
brosious	/ˈbɹoʊziəs/
brosius	/ˈbɹoʊsiɪs/
broski	/ˈbɹaʊski/
brosky	/ˈbɹɑski/
brosnahan	/ˈbɹɑsnəhæn/
brosnan	/ˈbɹɑsnən/
bross	/ˈbɹɔs/
brossard	/bɹəˈsɑɹd/
brossart	/ˈbɹɑsɑɹt/
brosseau	/bɹəˈsoʊ/
brosser	/ˈbɹɑsɚ/
brossette	/bɹəˈsɛt/
brossman	/ˈbɹɔsmən/
brost	/ˈbɹɑst/
brostrom	/ˈbɹɑstɹəm/
brosz	/ˈbɹɑʃ/
broten	/ˈbɹoʊtən/
broth	/ˈbɹɔθ/
brothel	/ˈbɹɑθəl/
brothels	/ˈbɹɑθəlz/
brother	/ˈbɹʌðɚ/
brother-in-law	/ˈbɹʌðɚɪnˌlɔ/
brother's	/ˈbɹʌðɚz/
brotherhood	/ˈbɹʌðɚˌhʊd/
brotherly	/ˈbɹʌðɚli/
brothers	/ˈbɹʌðɚz/
brothers-in-law	/ˈbɹʌðɚzɪnˌlɔ/
brothers'	/ˈbɹʌðɚz/
brothers's	/ˈbɹʌðɚzɪz/
brotherson	/ˈbɹʌðɚsən/
brotherton	/ˈbɹʌðɚtən/
broths	/ˈbɹɔθs/
brotman	/ˈbɹɑtmən/
brott	/ˈbɹɑt/
brotzman	/ˈbɹɑtsmən/
broucek	/ˈbɹutʃɛk/
broudy	/ˈbɹaʊdi/
brough	/ˈbɹaʊ/
brougham	/ˈbɹuɡəm/
brougher	/ˈbɹaʊɚ/
broughman	/ˈbɹaʊmən/
brought	/ˈbɹɔt/
broughton	/ˈbɹɔtən/
brouhaha	/ˈbɹuhɑˌhɑ/
brouhard	/ˈbɹɑuɚd/
brouillard	/bɹwiˈlɑɹd/
brouillet	/bɹwiˈlɛt/
brouillette	/bɹwiˈlɛt/
broun	/ˈbɹun/
brountas	/ˈbɹaʊntəs/
brouse	/ˈbɹaʊs/
broussard	/bɹuˈsɑɹd/
brousseau	/ˌbɹuˈsoʊ/
brousset	/ˈbɹusɛt/
brouwer	/ˈbɹaʊwɚ/
brow	/ˈbɹaʊ/
broward	/ˈbɹaʊɚd/
browbeat	/ˈbɹaʊˌbit/
browder	/ˈbɹaʊdɚ/
browe	/ˈbɹoʊ/
browed	/ˈbɹaʊd/
brower	/ˈbɹaʊɚ/
brown	/ˈbɹaʊn/
brown's	/ˈbɹaʊnz/
brownback	/ˈbɹaʊnˌbæk/
browne	/ˈbɹaʊn/
browned	/ˈbɹaʊnd/
brownell	/bɹaʊˈnɛl/
browner	/ˈbɹaʊnɚ/
brownest	/ˈbɹaʊnɪst/
brownfield	/ˈbɹaʊnˌfild/
brownfields	/ˈbɹaʊnˌfildz/
brownie	/ˈbɹaʊni/
brownies	/ˈbɹaʊniz/
browning	/ˈbɹaʊnɪŋ/
browning's	/ˈbɹaʊnɪŋz/
brownish	/ˈbɹaʊnɪʃ/
brownlee	/ˈbɹaʊnli/
brownley	/ˈbɹaʊnli/
brownlie	/ˈbɹaʊnli/
brownlow	/ˈbɹaʊnˌloʊ/
brownmiller	/ˈbɹaʊnˌmɪlɚ/
brownout	/ˈbɹaʊˌnaʊt/
brownouts	/ˈbɹaʊˌnaʊts/
brownrigg	/ˈbɹaʊnɹɪɡ/
browns	/ˈbɹaʊnz/
browns'	/ˈbɹaʊnz/
brownson	/ˈbɹaʊnsən/
brownstein	/ˈbɹaʊnˌstaɪn/
brownstone	/ˈbɹaʊnˌstoʊn/
brownsville	/ˈbɹaʊnzvɪl/
brows	/ˈbɹaʊz/
browse	/ˈbɹaʊz/
browsed	/ˈbɹaʊzd/
browser	/ˈbɹaʊzɚ/
browsers	/ˈbɹaʊzɚz/
browsing	/ˈbɹaʊzɪŋ/
brox	/ˈbɹɑks/
broxson	/ˈbɹɑksən/
broxterman	/ˈbɹɑkstɚmən/
broxton	/ˈbɹɑkstən/
broy	/ˈbɹɔɪ/
broyard	/ˈbɹɔɪɚd/
broyhill	/ˈbɹɔɪˌhɪl/
broyles	/ˈbɹɔɪlz/
broz	/ˈbɹɑz/
brozek	/ˈbɹoʊzɛk/
brozman	/ˈbɹɑzmən/
brozovich	/ˈbɹɑzəvɪtʃ/
brozowski	/bɹəˈzɔfski/
brubaker	/ˈbɹʌbəkɚ/
brubeck	/ˈbɹuˌbɛk/
brucato	/bɹuˈkɑtoʊ/
bruce	/ˈbɹus/
bruce's	/ˈbɹusəz/
bruch	/ˈbɹʌtʃ/
bruchhausen	/ˈbɹukˌhaʊzən/
brucie	/ˈbɹʌki/
brucite	/ˈbɹuˌsaɪt/
bruck	/ˈbɹʌk/
bruck's	/ˈbɹʌks/
brucker	/ˈbɹʌkɚ/
bruckheimer	/ˈbɹʌkˌhaɪmɚ/
bruckman	/ˈbɹʌkmən/
bruckner	/ˈbɹʌknɚ/
brucks	/ˈbɹʌks/
bruder	/ˈbɹudɚ/
brue	/ˈbɹu/
bruecher	/ˈbɹutʃɚ/
brueck	/ˈbɹuk/
brueckner	/ˈbɹʊknɚ/
bruegge	/ˈbɹuɡə/
brueggeman	/ˈbɹuɡmən/
brueggemann	/ˈbɹuɡmən/
brueggen	/ˈbɹuɡən/
bruegger	/ˈbɹuɡɚ/
bruegger's	/ˈbɹuɡɚz/
bruehl	/ˈbɹul/
bruella	/ˌbɹuˈɛlə/
bruemmer	/ˈbɹumɚ/
bruen	/ˈbɹun/
bruening	/ˈbɹunɪŋ/
bruer	/ˈbɹuɚ/
bruff	/ˈbɹʌf/
bruford	/ˈbɹufɚd/
bruges	/ˈbɹudʒɪz/
bruggeman	/ˈbɹʌɡmən/
brugger	/ˈbɹʌɡɚ/
brugh	/ˈbɹʌ/
brugman	/ˈbɹʌɡmən/
bruha	/ˈbɹuhə/
bruhl	/ˈbɹʌl/
bruhn	/ˈbɹʌn/
bruin	/ˈbɹuɪn/
bruin's	/ˈbɹuɪnz/
bruington	/ˈbɹuɪŋtən/
bruins	/ˈbɹuɪnz/
bruinsma	/bɹuˈɪnsmə/
bruise	/ˈbɹuz/
bruised	/ˈbɹuzd/
bruises	/ˈbɹuzəz/
bruising	/ˈbɹuzɪŋ/
brule	/ˈbɹul/
bruley	/ˈbɹuli/
brum	/ˈbɹʌm/
brumbach	/ˈbɹʌmˌbɑk/
brumback	/ˈbɹʌmˌbæk/
brumbaugh	/ˈbɹʌmˌbɔ/
brumbelow	/ˈbɹʌmbɪloʊ/
brumer	/ˈbɹumɚ/
brumett	/ˈbɹʌmɪt/
brumfield	/ˈbɹʌmˌfild/
brumit	/ˈbɹumɪt/
brumitt	/ˈbɹumɪt/
brumley	/ˈbɹʌmli/
brumlow	/ˈbɹʌmloʊ/
brumm	/ˈbɹʌm/
brummel	/ˈbɹʌməl/
brummell	/ˈbɹʌməl/
brummer	/ˈbɹʌmɚ/
brummet	/ˈbɹʌmɪt/
brummett	/ˈbɹʌmɪt/
brummitt	/ˈbɹʌmɪt/
brummond	/ˈbɹʌmənd/
brun	/ˈbɹʌn/
bruna	/ˈbɹunə/
brunch	/ˈbɹʌntʃ/
brunches	/ˈbɹʌntʃɪz/
bruncor	/ˈbɹʌnˌkɔɹ/
brundage	/ˈbɹʌndɪdʒ/
brundidge	/ˈbɹʌndɪdʒ/
brundige	/ˈbɹʌndɪɡ/
brundtland	/ˈbɹʌntlənd/
brune	/ˈbɹun/
bruneau	/bɹəˈnoʊ/
brunei	/bɹuˈnaɪ/
brunell	/ˈbɹʌnəl/
brunella	/ˌbɹuˈnɛlə/
brunelle	/bɹəˈnɛl/
brunelli	/bɹuˈnɛli/
bruner	/ˈbɹunɚ/
brunet	/bɹuˈnɛt/
brunett	/ˈbɹʌnɪt/
brunetta	/bɹuˈnɛtə/
brunette	/bɹuˈnɛt/
brunettes	/bɹuˈnɛts/
brunetti	/bɹuˈnɛti/
brunetto	/bɹuˈnɛtoʊ/
bruney	/ˈbɹuni/
brungard	/ˈbɹʌŋɡɚd/
brungardt	/ˈbɹʌŋɡɑɹt/
brunger	/ˈbɹʌŋɚ/
brunhilda	/bɹunˈhildə/
bruni	/ˈbɹuni/
brunick	/ˈbɹunɪk/
bruning	/ˈbɹunɪŋ/
brunjes	/bɹənˈʒiz/
brunk	/ˈbɹʌŋk/
brunke	/ˈbɹʌŋk/
brunken	/ˈbɹʌŋkən/
brunker	/ˈbɹʌŋkɚ/
brunkhorst	/ˈbɹʌŋkhɔɹst/
brunkow	/ˈbɹʌŋkoʊ/
brunn	/ˈbɹʌn/
brunner	/ˈbɹʌnɚ/
brunnhilde	/ˈbɹʌnhɪld/
bruno	/ˈbɹunoʊ/
bruno's	/ˈbɹunoʊz/
bruns	/ˈbɹʌnz/
brunskill	/ˈbɹʌnˌskɪl/
brunsman	/ˈbɹʌnsmən/
brunson	/ˈbɹʌnsən/
brunsvold	/ˈbɹʌnzˌvoʊld/
brunswick	/ˈbɹʌnzwɪk/
brunswick's	/ˈbɹʌnzwɪks/
brunswig	/ˈbɹʌnswɪɡ/
brunswig's	/ˈbɹʌnswɪɡz/
brunt	/ˈbɹʌnt/
bruntjen	/ˈbɹʌntˌdʒɛn/
brunton	/ˈbɹʌntən/
brunty	/ˈbɹʌnti/
bruntz	/ˈbɹʌnts/
brus	/ˈbɹʌs/
brusca	/ˈbɹʌskə/
bruschi	/ˈbɹuski/
brusco	/ˈbɹuskoʊ/
bruse	/ˈbɹuz/
brusett	/bɹʊˈsɛt/
brusette	/ˌbɹuˈsɛt/
brush	/ˈbɹʌʃ/
brushaber	/ˈbɹʌʃəbɚ/
brushed	/ˈbɹʌʃt/
brushes	/ˈbɹʌʃɪz/
brushfire	/ˈbɹʌʃˌfaɪɹ/
brushfires	/ˈbɹʌʃˌfaɪɹz/
brushing	/ˈbɹʌʃɪŋ/
brushwork	/ˈbɹʌʃˌwɝk/
brushy	/ˈbɹʌʃi/
bruske	/ˈbɹʌsk/
bruski	/ˈbɹʌski/
brusky	/ˈbɹʌski/
bruso	/ˈbɹusoʊ/
brusque	/ˈbɹʌsk/
brusquely	/ˈbɹʌskli/
bruss	/ˈbɹʌs/
brusseau	/bɹəˈsoʊ/
brussel	/ˈbɹʌsəl/
brusselmans	/ˈbɹʌsəlmənz/
brussels	/ˈbɹʌsəlz/
brust	/ˈbɹʌst/
bruster	/ˈbɹʌstɚ/
brustoloni	/ˈbɹustoʊˈloʊni/
brut	/ˈbɹut/
brutal	/ˈbɹutəl/
brutalities	/bɹuˈtælətiz/
brutality	/bɹuˈtæləti/
brutalization	/ˈbɹutələˌzeɪʃən/
brutalize	/ˈbɹutəˌlaɪz/
brutalized	/ˈbɹutəˌlaɪzd/
brutalizes	/ˈbɹutəˌlaɪzɪz/
brutalizing	/ˈbɹutəˌlaɪzɪŋ/
brutally	/ˈbɹutəli/
brute	/ˈbɹut/
bruting	/ˈbɹutɪŋ/
brutish	/ˈbɹutɪʃ/
bruton	/ˈbɹutən/
brutsche	/ˈbɹʌtʃi/
brutus	/ˈbɹutəs/
bruun	/ˈbɹun/
bruxelles	/bɹəkˈsɛləs/
bruyette	/bɹuˈɛt/
bruynes	/ˈbɹuɪnz/
bruzzese	/bɹutˈseɪzi/
bryan	/ˈbɹaɪən/
bryan's	/ˈbɹaɪənz/
bryans	/ˈbɹaɪənz/
bryans'	/ˈbɹaɪənz/
bryant	/ˈbɹaɪənt/
bryars	/ˈbɹaɪɚz/
bryce	/ˈbɹaɪs/
bryden	/ˈbɹaɪdən/
brydges	/ˈbɹɪdʒɪz/
brydie	/ˈbɹɪdi/
brydon	/ˈbɹɪdən/
brye	/ˈbɹaɪ/
bryen	/ˈbɹaɪən/
bryer	/ˈbɹaɪɚ/
bryk	/ˈbɹɪk/
brymer	/ˈbɹaɪmɚ/
bryn	/ˈbɹɪn/
bryna	/ˈbɹɪnə/
bryne	/ˈbɹaɪn/
bryner	/ˈbɹaɪnɚ/
bryngelson	/ˈbɹɪŋɡɪlsən/
bryon	/ˈbɹaɪən/
brys	/ˈbɹɪs/
bryson	/ˈbɹaɪsən/
brzeska	/ˈbɹɛzˌkɑ/
brzezinski	/bɹɪˈzɪnski/
brzoska	/ˈbɹoʊskə/
brzozowski	/bɹəˈzɔfski/
brzycki	/ˈbɹɪtski/
bs	/ˌbiˈɛs/
bt	/ˈbiˈti/
bta	/ˈbiˈtiˈeɪ/
bua	/ˈbjuə/
bub	/ˈbʌb/
bubar	/ˈbubɚ/
bubb	/ˈbʌb/
bubba	/ˈbʌbə/
bubble	/ˈbʌbəl/
bubbled	/ˈbʌbəld/
bubbles	/ˈbʌbəlz/
bubbling	/ˈbʌbəlɪŋ/
bubbly	/ˈbʌbli/
bubeck	/ˈbubɛk/
bubel	/ˈbubəl/
buber	/ˈbuˌbɝ/
bubier	/ˈbjubiɚ/
bubinga	/bəˈbɪŋɡə/
bubka	/ˈbʌbkə/
bublitz	/ˈbʌblɪts/
buboltz	/ˈbjuˌboʊlts/
bubolz	/ˈbjuˌboʊlz/
bubonic	/bjuˈbɑnɪk/
buc	/ˈbʌk/
bucaro	/buˈkɑɹoʊ/
bucase	/ˈbjuˌkeɪs/
buccal	/ˈbjukəl/
buccaneer	/ˌbʌkəˈniɹ/
buccaneers	/ˌbʌkəˈniɹz/
buccellato	/butʃɛˈlɑtoʊ/
buccheri	/buˈkɛɹi/
bucci	/ˈbutʃi/
bucciarelli	/butʃɚˈɛli/
buccieri	/buˈtʃɪɹi/
buccino	/buˈtʃinoʊ/
bucco	/ˈbukoʊ/
buccola	/buˈkoʊlə/
bucek	/ˈbutʃɛk/
bucey	/ˈbjusi/
buch	/ˈbʌtʃ/
buchalter	/ˈbʌkəltɚ/
buchan	/ˈbʌkən/
buchanan	/bjuˈkænən/
buchanan's	/bjuˈkænənz/
buchananism	/bjuˈkænəˌnɪzəm/
buchanans	/bjuˈkænənz/
buchannan	/bjuˈkænən/
buchanon	/bjuˈkænən/
bucharest	/ˈbjukɚˌɛst/
buchberger	/ˈbʌkbɚɡɚ/
buchbinder	/ˈbʌkˌbɪndɚ/
buche	/ˈbʌtʃ/
buchen	/ˈbʌkən/
buchenwald	/ˈbjukɛnˌwɑld/
bucher	/ˈbʌkɚ/
buchert	/ˈbʌtʃɚt/
buchheit	/ˈbʌkhaɪt/
buchholtz	/ˈbʌkhoʊlts/
buchholz	/ˈbʌkhoʊlz/
buchi	/ˈbʌtʃi/
buchi's	/ˈbʌtʃiz/
buchinger	/ˈbʌkɪndʒɚ/
buchko	/ˈbʌtʃkoʊ/
buchler	/ˈbʌkəlɚ/
buchman	/ˈbʌkmən/
buchmann	/ˈbʌkmən/
buchmiller	/ˈbʌkməlɚ/
buchner	/ˈbʌknɚ/
bucholtz	/ˈbʌkoʊlts/
bucholz	/ˈbʌkoʊlz/
buchs	/ˈbʌks/
buchsbaum	/ˈbʌksbaʊm/
buchta	/ˈbʌtʃtə/
buchter	/ˈbʌktɚ/
buchwald	/ˈbʌkwɔld/
buck	/ˈbʌk/
buck's	/ˈbʌks/
buckalew	/ˈbʌkəlu/
buckbee	/ˈbʌkˌbi/
bucked	/ˈbʌkt/
buckel	/ˈbʌkəl/
buckelew	/ˈbʌkɪlu/
buckels	/ˈbʌkəlz/
bucket	/ˈbʌkət/
buckets	/ˈbʌkəts/
buckey	/ˈbʌki/
buckeye	/ˈbʌˌkaɪ/
buckeyes	/ˈbʌˌkaɪz/
buckhantz	/ˈbʌkˌhænts/
buckholtz	/ˈbʌkˌhoʊlts/
buckholz	/ˈbʌkhoʊlz/
buckhorn	/ˈbʌkˌhɔɹn/
bucking	/ˈbʌkɪŋ/
buckingham	/ˈbʌkɪŋˌhæm/
buckland	/ˈbʌklənd/
buckle	/ˈbʌkəl/
buckled	/ˈbʌkəld/
buckler	/ˈbʌkəlɚ/
buckles	/ˈbʌkəlz/
bucklew	/ˈbʌklu/
buckley	/ˈbʌkli/
bucklin	/ˈbʌklɪn/
buckling	/ˈbʌklɪŋ/
buckman	/ˈbʌkmən/
buckmaster	/ˈbʌkˌmæstɚ/
buckminster	/ˈbʌkˌmɪnstɚ/
bucknam	/ˈbʌknəm/
bucknell	/ˌbʌkˈnɛl/
buckner	/ˈbʌknɚ/
bucko	/ˈbʌkoʊ/
bucks	/ˈbʌks/
buckshot	/ˈbʌkˌʃɑt/
buckskin	/ˈbʌkˌskɪn/
buckskins	/ˈbʌkˌskɪnz/
buckstein	/ˈbʌkˌstin/
buckthorn	/ˈbʌkˌθɔɹn/
buckwalter	/ˈbʌkwəltɚ/
buckwheat	/ˈbʌˌkwit/
bucky	/ˈbʌki/
bucoba	/bjuˈkoʊbə/
bucolic	/bjuˈkɑlɪk/
bucs	/ˈbʌks/
bucs'	/ˈbʌks/
bucy	/ˈbjusi/
buczek	/ˈbʌtʃɛk/
buczkowski	/bətʃˈkɔfski/
buczynski	/bəˈtʃɪnski/
bud	/ˈbʌd/
bud-test	/ˈbʌdˈtɛst/
bud's	/ˈbʌdz/
budai	/buˈdɑi/
budapest	/ˈbudəˌpɛst/
budapest's	/ˈbudəˌpɛsts/
buday	/ˈbudeɪ/
budd	/ˈbʌd/
budde	/ˈbʌd/
budden	/ˈbʌdən/
buddenbrooks	/ˈbʌdənˌbɹʊks/
buddenhagen	/ˈbʌdɪnhəɡən/
buddha	/ˈbudə/
buddha's	/ˈbudəz/
buddhism	/ˈbudɪzəm/
buddhist	/ˈbudəst/
buddhists	/ˈbudəsts/
buddie	/ˈbʌdi/
buddier	/ˈbʌdiɚ/
buddiers	/ˈbʌdiɚz/
buddies	/ˈbʌdiz/
buddin	/ˈbʌdɪn/
budding	/ˈbʌdɪŋ/
buddy	/ˈbʌdi/
buddy's	/ˈbʌdiz/
buder	/ˈbjudɚ/
budge	/ˈbʌdʒ/
budged	/ˈbʌdʒd/
budget	/ˈbʌdʒɪt/
budget's	/ˈbʌdʒɪts/
budgetary	/ˈbʌdʒɪˌtɛɹi/
budgeted	/ˈbʌdʒɪtəd/
budgeteer	/ˌbʌdʒɪˈtɪɹ/
budgeteers	/ˌbʌdʒɪˈtɪɹz/
budgeting	/ˈbʌdʒɪtɪŋ/
budgets	/ˈbʌdʒɪts/
budging	/ˈbʌdʒɪŋ/
budick	/ˈbʌdɪk/
budick's	/ˈbʌdɪks/
budiman	/ˈbjutɪmən/
budin	/ˈbudɪn/
budinger	/ˈbjudɪŋɚ/
budka	/ˈbʌdkə/
budke	/ˈbʌdki/
budlong	/ˈbʌdˌlɔŋ/
budner	/ˈbʌdnɚ/
budney	/ˈbʌdni/
budnick	/ˈbʌdnɪk/
budnik	/ˈbʌdnɪk/
budny	/ˈbʌdni/
budreau	/bəˈdɹoʊ/
budrow	/ˈbʌˌdɹoʊ/
buds	/ˈbʌdz/
budson	/ˈbʌdsən/
budvar	/ˈbʌdˌvɑɹ/
budweiser	/ˈbʌdwaɪzɚ/
budyonnovsk	/ˈbudjəˌnɑvsk/
budz	/ˈbʌdz/
budzinski	/bəˈdʒɪnski/
budzyn	/ˈbʌdzɪn/
budzynski	/bəˈdʒɪnski/
bue	/ˈbwɛ/
bueche	/ˈbutʃ/
buechel	/ˈbjukəl/
buechele	/ˈbjukəl/
buechler	/ˈbjukəlɚ/
buechner	/ˈbjuknɚ/
buege	/ˈbudʒ/
buegler	/ˈbjuɡlɚ/
buehl	/ˈbjul/
buehler	/ˈbjulɚ/
buehner	/ˈbjunɚ/
buehrer	/ˈbjuhɚ/
buehring	/ˈbjuɹɪŋ/
buehrle	/ˈbjuɹəl/
bueker	/ˈbjukɚ/
buel	/ˈbjul/
buell	/ˈbjuəl/
buelow	/ˈbuloʊ/
buena	/ˈbunə/
buendia	/ˈbundiə/
buenger	/ˈbjundʒɚ/
buening	/ˈbwɛnɪŋ/
bueno	/ˈbweɪnoʊ/
buenos	/ˈbweɪnoʊs/
buenos-aires	/ˌbweɪnoʊˈseɪɹis/
buenrostro	/bwɛnˈɹoʊstɹoʊ/
buentello	/bunˈtɛloʊ/
buer	/ˈbuɚ/
buerge	/ˈbjuɹdʒ/
buerger	/ˈbjuɹɡɚ/
buerkle	/ˈbjuɹkəl/
buerry	/ˈbɛɹi/
buescher	/ˈbjuʃɚ/
buesing	/ˈbjusɪŋ/
bueter	/ˈbjutɚ/
buetow	/ˈbutoʊ/
buettner	/ˈbjutnɚ/
bufano	/buˈfɑnoʊ/
bufe	/ˈbjuf/
bufete	/ˌbjuˈfit/
buff	/ˈbʌf/
buff's	/ˈbʌfs/
buffa	/ˈbʌfə/
buffalo	/ˈbʌfəˌloʊ/
buffalo's	/ˈbʌfəˌloʊz/
buffalos	/ˈbʌfəˌloʊz/
buffer	/ˈbʌfɚ/
buffered	/ˈbʌfɚd/
bufferin	/ˈbʌfɚɪn/
buffering	/ˈbʌfɚɪŋ/
buffers	/ˈbʌfɚz/
buffet	/ˈbʌfət/
buffeted	/bəˈfeɪd/
buffeting	/bəˈfeɪɪŋ/
buffets	/ˈbʌfəts/
buffett	/ˈbʌfɪt/
buffett's	/ˈbʌfəts/
buffin	/ˈbʌfɪn/
buffington	/ˈbʌfɪŋtən/
buffkin	/ˈbʌfkɪn/
buffo	/ˈbufoʊ/
buffone	/buˈfoʊni/
buffoon	/bəˈfun/
bufford	/ˈbʌfɚd/
buffs	/ˈbʌfs/
buffton	/ˈbʌftən/
buffum	/ˈbʌfəm/
buffy	/ˈbʌfi/
bufkin	/ˈbʌfkɪn/
buford	/ˈbjufɚd/
bug	/ˈbʌɡ/
buga	/ˈbjuɡə/
bugaboo	/ˈbʌɡəˌbu/
bugai	/ˈbjuɡaɪ/
bugai's	/ˈbjuɡaɪz/
bugaj	/ˈbuɡədʒ/
bugarin	/ˈbjuɡɚɪn/
bugatti	/bəˈɡɑti/
bugay	/ˈbjuɡeɪ/
bugbee	/ˈbʌɡˌbi/
bugeye	/ˈbʌˌɡaɪ/
bugeyed	/ˈbʌˌɡaɪd/
bugg	/ˈbʌɡ/
bugge	/ˈbʌɡ/
bugged	/ˈbʌɡd/
bugger	/ˈbʌɡɚ/
buggers	/ˈbʌɡɚz/
buggies	/ˈbʌɡiz/
bugging	/ˈbʌɡɪŋ/
buggs	/ˈbʌɡz/
buggy	/ˈbʌɡi/
bugh	/ˈbjuɡ/
bugher	/ˈbjuɡɚ/
bugle	/ˈbjuɡəl/
bugles	/ˈbjuɡəlz/
bugling	/ˈbjuɡəlɪŋ/
bugliosi	/buɡliˈoʊsi/
bugliosi's	/buɡliˈoʊsiz/
bugojno	/buˈɡoʊʒnoʊ/
bugs	/ˈbʌɡz/
bugsy	/ˈbʌɡzi/
buhl	/ˈbjul/
buhler	/ˈbulɚ/
buhman	/ˈbʌmən/
buhr	/ˈbjʊɹ/
buhrman	/ˈbʊɹmən/
buhrow	/ˈbʊɹoʊ/
bui	/ˈbɪ/
buice	/ˈbɪs/
buick	/ˈbjuɪk/
buick's	/ˈbjuɪks/
buicks	/ˈbjuɪks/
buie	/buˈi/
buikema	/bɪˈkeɪmə/
buil	/ˈbjuəl/
build	/ˈbɪld/
build-up	/ˈbɪlˌdʌp/
buildable	/ˈbɪldəbəl/
builder	/ˈbɪldɚ/
builder's	/ˈbɪldɚz/
builders	/ˈbɪldɚz/
builders'	/ˈbɪldɚz/
building	/ˈbɪldɪŋ/
building's	/ˈbɪldɪŋz/
buildings	/ˈbɪldɪŋz/
builds	/ˈbɪldz/
buildup	/ˈbɪlˌdʌp/
buildups	/ˈbɪlˌdʌps/
built	/ˈbɪlt/
built-in	/ˈbɪlˌtɪn/
builtin	/ˈbɪlˌtɪn/
buis	/ˈbɪz/
buisson	/ˌbwiˈsɑn/
buist	/ˈbuɪst/
buitoni	/bjuˈtoʊni/
buitrago	/bɪˈtɹɑɡoʊ/
buitron	/ˈbɪtɹən/
bujak	/ˈbujək/
bujumbura	/budʒəmˈbʊɹə/
bukar	/ˈbjukɑɹ/
bukavu	/buˈkɑˌvu/
bukavu's	/buˈkɑˌvuz/
buker	/ˈbjukɚ/
bukharin	/ˈbʌkhɚɪn/
bukkake	/ˌbuˈkɑˌkɛ/
bukovina	/ˌbukɔˈvɪnɑ/
bukovsky	/buˈkɑvski/
bukowski	/bjuˈkɔfski/
bula	/ˈbjulə/
bulat	/ˈbulət/
bulb	/ˈbʌlb/
bulbous	/ˈbʌlbəs/
bulbs	/ˈbʌlbz/
bulemia	/bəˈlimiə/
bulemic	/bəˈlimɪk/
bulen	/ˈbʌlən/
bulent	/ˈbjulənt/
buley	/ˈbjuli/
bulfinch	/ˈbʊlˌfɪntʃ/
bulfinch's	/ˈbʊlˌfɪntʃɪz/
bulgaria	/bəlˈɡɛɹiə/
bulgaria's	/bəlˈɡɛɹiəz/
bulgarian	/bəlˈɡɛɹiən/
bulgarians	/bəlˈɡɛɹiənz/
bulge	/ˈbʌldʒ/
bulged	/ˈbʌldʒd/
bulger	/ˈbʌlɡɚ/
bulges	/ˈbʌldʒɪz/
bulging	/ˈbʌldʒɪŋ/
bulgrin	/ˈbʊlɡɹɪn/
bulimia	/bjuˈlɪmiə/
bulimic	/bjuˈlɪmɪk/
bulin	/ˈbjulɪn/
bulk	/ˈbʌlk/
bulkeley	/ˈbʊlkəli/
bulkhead	/ˈbʌlkˌhɛd/
bulkheads	/ˈbʌlkˌhɛdz/
bulkier	/ˈbʌlkiɚ/
bulkley	/ˈbʌlkli/
bulky	/ˈbʌlki/
bull	/ˈbʊl/
bull's	/ˈbʊlz/
bulla	/ˈbʊlə/
bullard	/ˈbʊlɚd/
bulldog	/ˈbʊlˌdɔɡ/
bulldogs	/ˈbʊlˌdɔɡz/
bulldoze	/ˈbʊlˌdoʊz/
bulldozed	/ˈbʊlˌdoʊzd/
bulldozer	/ˈbʊlˌdoʊzɚ/
bulldozers	/ˈbʊlˌdoʊzɚz/
bulldozes	/ˈbʊlˌdoʊzɪz/
bulldozing	/ˈbʊlˌdoʊzɪŋ/
bullen	/ˈbʊlən/
buller	/ˈbʊlɚ/
bullet	/ˈbʊlət/
bulletin	/ˈbʊlɪtən/
bulletins	/ˈbʊlətənz/
bulletproof	/ˈbʊlətˌpɹuf/
bullets	/ˈbʊləts/
bullfight	/ˈbʊlˌfaɪt/
bullfighter	/ˈbʊlˌfaɪtɚ/
bullfighting	/ˈbʊlˌfaɪtɪŋ/
bullfights	/ˈbʊlˌfaɪtz/
bullfrog	/ˈbʊlˌfɹɔɡ/
bullfrogs	/ˈbʊlˌfɹɔɡz/
bullhead	/ˈbʊlˌhɛd/
bullheads	/ˈbʊlˌhɛdz/
bullhorn	/ˈbʊlˌhɔɹn/
bullhorns	/ˈbʊlˌhɔɹnz/
bullied	/ˈbʊlid/
bullies	/ˈbʊliz/
bullinger	/ˈbʊlɪŋɚ/
bullington	/ˈbʊlɪŋtən/
bullins	/ˈbʊlɪnz/
bullion	/ˈbʊljən/
bullis	/ˈbʊlɪs/
bullish	/ˈbʊlɪʃ/
bullishly	/ˈbʊlɪʃli/
bullishness	/ˈbʊlɪʃnəs/
bullitt	/ˈbulɪt/
bullman	/ˈbʊlmən/
bulloch	/ˈbʊlək/
bullock	/ˈbʊlək/
bullock's	/ˈbʊləks/
bullocks	/ˈbʊləks/
bullpen	/ˈbʊlˌpɛn/
bulls	/ˈbʊlz/
bulls'	/ˈbʊlz/
bullseye	/ˈbulzaɪ/
bullshit	/ˈbʊlˌʃɪt/
bullshitter	/ˈbʊlˌʃɪtɚ/
bullshitting	/ˈbʊlˌʃɪtɪŋ/
bulluck	/ˈbʊlək/
bullwinkle	/ˈbʊlˌwɪŋkəl/
bully	/ˈbʊli/
bullying	/ˈbʊliɪŋ/
bulman	/ˈbʌlmən/
bulmer	/ˈbʌlmɚ/
bulova	/bjuˈloʊvə/
bulow	/ˈbjuloʊ/
bulrush	/ˈbʊlɹəʃ/
bulson	/ˈbʊlsən/
bult	/ˈbʌlt/
bultema	/bulˈtɛmə/
bulthuis	/ˈbʌlðuɪz/
bultman	/ˈbʊltmən/
bulwark	/ˈbʊlwɚk/
bulwinkle	/ˈbʊlˌwɪŋkəl/
bum	/ˈbʌm/
bumann	/ˈbjumən/
bumbalough	/ˈbʌmbəlaʊ/
bumbarger	/ˈbʌmˌbɑɹɡɚ/
bumbaugh	/ˈbʌmˌbɔ/
bumble	/ˈbʌmbəl/
bumblebee	/ˈbʌmbəlˌbi/
bumblebees	/ˈbʌmbəlˌbiz/
bumbling	/ˈbʌmbəlɪŋ/
bumbly	/ˈbʌmbli/
bumgardner	/ˈbʌmˌɡɑɹdnɚ/
bumgarner	/ˈbʌmˌɡɑɹnɚ/
bumiputra	/ˌbumipˈjutɹə/
bummed	/ˈbʌmd/
bummer	/ˈbʌmɚ/
bump	/ˈbʌmp/
bumpas	/ˈbʌmpəz/
bumpass	/ˈbʌmˌpæs/
bumped	/ˈbʌmpt/
bumper	/ˈbʌmpɚ/
bumpers	/ˈbʌmpɚz/
bumpersticker	/ˈbʌmpɚstɪkɚ/
bumperstickers	/ˈbʌmpɚstɪkɚz/
bumping	/ˈbʌmpɪŋ/
bumpings	/ˈbʌmpɪŋz/
bumpkin	/ˈbʌmpkɪn/
bumps	/ˈbʌmps/
bumpus	/ˈbʌmpəs/
bumpy	/ˈbʌmpi/
bums	/ˈbʌmz/
bumstead	/ˈbʌmˌstɛd/
bun	/ˈbʌn/
bunce	/ˈbʌns/
bunch	/ˈbʌntʃ/
bunche	/ˈbʌntʃ/
bunched	/ˈbʌntʃt/
bunches	/ˈbʌntʃəz/
bunching	/ˈbʌntʃɪŋ/
bunchy	/ˈbʌntʃi/
bund	/ˈbʌnd/
bunda	/ˈbʌndə/
bunde	/ˈbʌnd/
bundesbank	/ˈbʊndɪsˌbæŋk/
bundesbank's	/ˈbʊndɪsˌbæŋks/
bundespost	/ˈbʊndɪˌspoʊst/
bundespost's	/ˈbʊndɪˌspoʊsts/
bundesrat	/ˈbʊndɪsˌɹæt/
bundestag	/ˈbʌndəˌstæɡ/
bundeswehr	/ˈbʌndəˌswɛɹ/
bundick	/ˈbʌndɪk/
bundle	/ˈbʌndəl/
bundled	/ˈbʌndəld/
bundles	/ˈbʌndəlz/
bundling	/ˈbʌndəlɪŋ/
bundren	/ˈbʌndɚən/
bundrick	/ˈbʌndɹɪk/
bunds	/ˈbʌndz/
bundschuh	/ˈbʌndʃu/
bundy	/ˈbʌndi/
bundy's	/ˈbʌndiz/
bundys	/ˈbʌndiz/
bung	/ˈbʌŋ/
bungalow	/ˈbʌŋɡəˌloʊ/
bungalows	/ˈbʌŋɡəˌloʊz/
bungard	/ˈbʌŋɡɚd/
bunge	/ˈbʌndʒ/
bungee	/ˈbʌndʒi/
bunger	/ˈbʌŋɚ/
bungert	/ˈbʌŋɡɚt/
bungey	/ˈbʌndʒi/
bungle	/ˈbʌŋɡəl/
bungled	/ˈbʌŋɡəld/
bungler	/ˈbʌŋɡlɚ/
bunglers	/ˈbʌŋɡlɚz/
bungling	/ˈbʌŋɡəlɪŋ/
bunk	/ˈbʌŋk/
bunke	/ˈbʌŋk/
bunker	/ˈbʌŋkɚ/
bunkers	/ˈbʌŋkɚz/
bunkley	/ˈbʌŋkli/
bunks	/ˈbʌŋks/
bunn	/ˈbʌn/
bunnell	/ˈbʌnəl/
bunner	/ˈbʌnɚ/
bunney	/ˈbʌni/
bunni	/ˈbuni/
bunnie	/ˈbʌni/
bunnies	/ˈbʌniz/
bunning	/ˈbʌnɪŋ/
bunny	/ˈbʌni/
bunol	/ˈbjunoʊl/
bunowski	/ˌbuˈnaʊski/
buns	/ˈbʌnz/
bunt	/ˈbʌnt/
bunt's	/ˈbʌnts/
buntain	/bənˈteɪn/
bunte	/ˈbʌnt/
bunten	/ˈbʌntən/
buntin	/ˈbʌntɪn/
bunting	/ˈbʌntɪŋ/
bunton	/ˈbʌntən/
buntrock	/ˈbʌnˌtɹɑk/
buntstrock	/ˈbʌntˌstɹɑk/
buntyn	/ˈbʌntɪn/
buntz	/ˈbʌnts/
bunyan	/ˈbʌnjən/
bunyard	/bənˈjɑɹd/
bunzl	/ˈbʌnzəl/
buol	/ˈboʊl/
buonanno	/bwoʊˈnɑnoʊ/
buonicontis	/ˌbwɑnɪˈkɑntiz/
buono	/ˈbwoʊnoʊ/
buonocore	/bwoʊnoʊˈkɔɹi/
buonomo	/bwoʊˈnoʊmoʊ/
buoy	/ˈbui/
buoyancy	/ˈbɔɪənsi/
buoyant	/ˈbɔɪənt/
buoyed	/ˈbuid/
buoying	/ˈbɔɪɪŋ/
buoys	/ˈbuiz/
bupkus	/ˈbʌpkəs/
bupp	/ˈbʌp/
buprenorphine	/ˈbjupɹənɚˌfin/
bur	/ˈbɝ/
burack	/ˈbjuɹək/
burak	/ˈbjuɹək/
buran	/ˈbjuɹən/
burandt	/ˈbjuɹənt/
buras	/ˈbjuɹəz/
burba	/ˈbɝbə/
burbach	/ˈbɝbɑk/
burback	/ˈbɝbæk/
burbage	/ˈbɝbɪdʒ/
burbank	/ˈbɝˌbæŋk/
burbank's	/ˈbɝbæŋks/
burbidge	/ˈbɝbɪdʒ/
burble	/ˈbɝbəl/
burbled	/ˈbɝbəld/
burbles	/ˈbɝbəlz/
burbling	/ˈbɝblɪŋ/
burbridge	/ˈbɝbɹɪdʒ/
burby	/ˈbɝbi/
burch	/ˈbɝtʃ/
burcham	/bɚˈʃæm/
burchard	/bɚˈʃɑɹd/
burchell	/ˈbɝkəl/
burcher	/ˈbɝtʃɚ/
burchett	/ˈbɝtʃɪt/
burchette	/bɚˈʃɛt/
burchfield	/ˈbɝtʃfild/
burchill	/ˈbɝtʃɪl/
burciaga	/bʊɹsiˈɑɡə/
burck	/ˈbɝk/
burckhard	/ˈbɝkhɚd/
burckhardt	/ˈbɝkhɑɹt/
burd	/ˈbɝd/
burda	/ˈbʊɹdə/
burdell	/bɚˈdɛl/
burden	/ˈbɝdən/
burdened	/ˈbɝdənd/
burdening	/ˈbɝdənɪŋ/
burdens	/ˈbɝdənz/
burdensome	/ˈbɝdənsəm/
burdett	/ˈbɝdɪt/
burdette	/bɚˈdɛt/
burdge	/ˈbɝdʒ/
burdi	/ˈbʊɹdi/
burdick	/ˈbɝdɪk/
burdin	/ˈbɝdɪn/
burdine	/bɚˈdin/
burdine's	/bɚˈdinz/
burdines	/bɚˈdinz/
burditt	/bɚˈdɪt/
burdo	/ˈbʊɹdoʊ/
burdon	/ˈbɝdən/
burdsall	/ˈbɝdsəl/
bureau	/ˈbjʊɹoʊ/
bureau's	/ˈbjʊɹoʊz/
bureaucracies	/bjʊˈɹɑkɹəsiz/
bureaucracy	/bjʊˈɹɑkɹəsi/
bureaucracy's	/bjʊˈɹɑkɹəsiz/
bureaucrat	/ˈbjʊɹəˌkɹæt/
bureaucratese	/ˈbjʊɹəkɹæˌtiz/
bureaucratic	/ˌbjʊɹəˈkɹætɪk/
bureaucrats	/ˈbjʊɹəˌkɹæts/
bureaus	/ˈbjʊɹoʊz/
burek	/ˈbɛɹɪk/
burel	/ˈbɛɹəl/
burell	/ˈbɛɹəl/
buren	/ˈbjʊɹən/
bures	/ˈbɛɹz/
buresh	/ˈbɛɹɪʃ/
burfeind	/ˈbɝfaɪnd/
burfield	/ˈbɝfild/
burford	/ˈbɝfɚd/
burg	/ˈbɝɡ/
burgamy	/ˈbɝɡəmi/
burgan	/ˈbɝɡæn/
burgard	/ˈbɝɡɚd/
burgdorf	/ˈbɝɡdɔɹf/
burge	/ˈbɝɡ/
burgee	/ˈbɝɡi/
burgener	/ˈbɝɡinɚ/
burgeon	/ˈbɝdʒən/
burgeoned	/ˈbɝdʒənd/
burgeoning	/ˈbɝdʒənɪŋ/
burger	/ˈbɝɡɚ/
burger's	/ˈbɝɡɚz/
burgers	/ˈbɝɡɚz/
burgert	/ˈbɝɡɚt/
burges	/ˈbɝɡz/
burgeson	/ˈbɝɡɪsən/
burgess	/ˈbɝdʒəs/
burget	/ˈbɝɡɛt/
burgett	/ˈbɝdʒɪt/
burggraf	/ˈbɝɡɹəf/
burghardt	/ˈbɝɡɑɹt/
burghart	/ˈbɝɡhɑɹt/
burgher	/ˈbɝɡɚ/
burghley	/ˈbɝɡli/
burgin	/ˈbɝɡɪn/
burgio	/ˈbɝɡioʊ/
burglar	/ˈbɝɡlɚ/
burglaries	/ˈbɝɡlɚiz/
burglarize	/ˈbɝɡlɚˌaɪz/
burglarized	/ˈbɝɡlɚˌaɪzd/
burglars	/ˈbɝɡlɚz/
burglary	/ˈbɝɡlɚi/
burgling	/ˈbɝɡlɪŋ/
burgman	/ˈbɝɡmən/
burgmaster	/ˈbɝɡˌmæstɚ/
burgner	/ˈbɝɡnɚ/
burgo	/ˈbɝɡoʊ/
burgomaster	/ˈbɝɡəˌmæstɚ/
burgomaster's	/ˈbɝɡəˌmæstɚz/
burgomasters	/ˈbɝɡəˌmæstɚz/
burgoon	/ˈbɝɡun/
burgos	/ˈbɝɡoʊz/
burgoyne	/bɚˈɡɔɪn/
burgoyne's	/bɚˈɡɔɪnz/
burgundian	/bɚˈɡʌndiən/
burgundians	/bɚˈɡʌndiənz/
burgundies	/ˈbɝɡəndiz/
burgundy	/ˈbɝɡəndi/
burgundy's	/ˈbɝɡəndiz/
burgy	/ˈbɝdʒi/
burham	/ˈbɝhəm/
burhans	/ˈbɝhənz/
buri	/ˈbʊɹi/
burial	/ˈbɛɹiəl/
burials	/ˈbɛɹiəlz/
burian	/ˈbjʊɹiən/
burich	/ˈbɛɹɪk/
buried	/ˈbɛɹid/
buries	/ˈbɛɹiz/
burk	/ˈbɝk/
burkard	/ˈbɝkɚd/
burkart	/ˈbɝkɑɹt/
burke	/ˈbɝk/
burke's	/ˈbɝks/
burkeen	/bɚˈkin/
burkel	/ˈbɝkəl/
burkemper	/ˈbɝkɪmpɚ/
burkert	/ˈbɝkɚt/
burkes	/ˈbɝks/
burket	/ˈbɝkɪt/
burkett	/ˈbɝkɪt/
burkey	/ˈbɝki/
burkhalter	/ˈbɝkhəltɚ/
burkhammer	/ˈbɝkhəmɚ/
burkhard	/ˈbɝkhɚd/
burkhardt	/ˈbɝkhɑɹt/
burkhart	/ˈbɝkhɑɹt/
burkhead	/ˈbɝkhɛd/
burkholder	/ˈbɝkhoʊldɚ/
burkina	/bɚˈkinə/
burkina-faso	/bɚˌkinəˈfɑsoʊ/
burkina-faso's	/bɚˌkinəˈfɑsoʊz/
burkina's	/bɚˈkinəz/
burkins	/ˈbɝkɪnz/
burkitt	/ˈbɝkɪt/
burkland	/ˈbɝklənd/
burkle	/ˈbɝkəl/
burkley	/ˈbɝkli/
burklow	/ˈbɝklaʊ/
burklund	/ˈbɝklənd/
burkman	/ˈbɝkmən/
burks	/ˈbɝks/
burkus	/ˈbɝkəs/
burl	/ˈbɝl/
burland	/ˈbɝlənd/
burlap	/ˈbɝˌlæp/
burlapped	/ˈbɝˌlæpt/
burlatsky	/bɚˈlætski/
burleigh	/ˈbɝlə/
burleson	/ˈbɝlɪsən/
burlesque	/bɚˈlɛsk/
burlew	/ˈbɝlu/
burley	/ˈbɝli/
burling	/ˈbɝlɪŋ/
burlingame	/ˈbɝlɪŋˌɡeɪm/
burlingham	/ˈbɝlɪŋˌhæm/
burlington	/ˈbɝlɪŋtən/
burlington's	/ˈbɝlɪŋtənz/
burlison	/ˈbɝlɪsən/
burly	/ˈbɝli/
burma	/ˈbɝmə/
burma's	/ˈbɝməz/
burmah	/ˈbɝmə/
burman	/ˈbɝmən/
burmans	/ˈbɝmənz/
burmaster	/ˈbɝmæstɚ/
burmeister	/ˈbɝmaɪstɚ/
burmese	/bɚˈmiz/
burmester	/ˈbɝmɪstɚ/
burn	/ˈbɝn/
burnable	/ˈbɝnəbəl/
burnaby	/ˈbɝnəbi/
burnam	/ˈbɝnəm/
burnap	/ˈbɝnəp/
burnard	/bɚˈnɑɹd/
burndy	/ˈbɝndi/
burne	/ˈbɝn/
burned	/ˈbɝnd/
burnell	/ˈbɝnəl/
burner	/ˈbɝnɚ/
burners	/ˈbɝnɚz/
burnes	/ˈbɝnz/
burness	/ˈbɝnəs/
burnet	/ˈbɝnɪt/
burnett	/bɚˈnɛt/
burnett's	/bɚˈnɛts/
burnette	/ˈbɝˈnɛt/
burney	/ˈbɝni/
burnham	/ˈbɝnəm/
burnham's	/ˈbɝnəmz/
burning	/ˈbɝnɪŋ/
burningham	/ˈbɝnɪŋˌhæm/
burnings	/ˈbɝnɪŋz/
burnish	/ˈbɝnɪʃ/
burnished	/ˈbɝnɪʃt/
burnley	/ˈbɝnli/
burnley's	/ˈbɝnliz/
burnout	/ˈbɝˌnaʊt/
burns	/ˈbɝnz/
burns'	/ˈbɝnz/
burns's	/ˈbɝnzɪz/
burnsed	/ˈbɝnzd/
burnside	/ˈbɝnˌsaɪd/
burnside's	/ˈbɝnˌsaɪdz/
burnstein	/ˈbɝnˌstaɪn/
burnsworth	/ˈbɝnzˌwɝθ/
burnt	/ˈbɝnt/
burnup	/ˈbɝˌnʌp/
burnworth	/ˈbɝnˌwɝθ/
buroker	/ˈbjuɹəkɚ/
burow	/ˈbjʊɹoʊ/
burp	/ˈbɝp/
burpee	/ˈbɝpi/
burpees	/ˈbɝpiz/
burping	/ˈbɝpɪŋ/
burpo	/ˈbʊɹpoʊ/
burr	/ˈbɝ/
burrage	/ˈbɝɪdʒ/
burrell	/bɚˈɛl/
burrell's	/bɚˈɛlz/
burrer	/ˈbɝɚ/
burres	/ˈbɝz/
burress	/ˈbɝəs/
burri	/ˈbʊɹi/
burridge	/ˈbɔɹɪdʒ/
burrier	/ˈbɝiɚ/
burright	/ˈbɔɹaɪt/
burrill	/ˈbɔɹəl/
burrington	/ˈbɝɪŋtən/
burris	/ˈbɝɪs/
burriss	/ˈbɝɪsɪz/
burrito	/bɚˈitoʊ/
burritos	/bɚˈitoʊs/
burritt	/ˈbɝɪt/
burro	/ˈbɝoʊ/
burrola	/bʊˈɹoʊlə/
burros	/ˈbɝoʊz/
burrough	/ˈbɝoʊ/
burroughs	/ˈbʌɹoʊz/
burrous	/ˈbɝəs/
burrow	/ˈbɝoʊ/
burrower	/ˈbɝoʊɚ/
burrowers	/ˈbɝoʊɚz/
burrowes	/ˈbɝˌoʊz/
burrowing	/ˈbɝoʊɪŋ/
burrows	/ˈbɝoʊz/
burrus	/ˈbʊɹəs/
burruss	/ˈbʊɹəs/
burry	/ˈbɝi/
bursch	/ˈbɝʃ/
burse	/ˈbɝs/
bursey	/ˈbɝsi/
bursley	/ˈbɝsli/
burson	/ˈbɝsən/
burst	/ˈbɝst/
burstein	/ˈbɝstaɪn/
bursting	/ˈbɝstɪŋ/
burston	/ˈbɝstən/
bursts	/ˈbɝsts/
burt	/ˈbɝt/
burtch	/ˈbɝtʃ/
burtis	/ˈbɝtɪs/
burtner	/ˈbɝtnɚ/
burtness	/ˈbɝtnɪs/
burtnett	/ˈbɝtnɪt/
burton	/ˈbɝtən/
burton's	/ˈbɝtənz/
burts	/ˈbɝts/
burtt	/ˈbɝt/
burundi	/bɚˈʌndi/
burundi's	/bɚˈʌndiz/
burwell	/ˈbɝwɛl/
burwick	/ˈbɝwɪk/
bury	/ˈbɛɹi/
bury's	/ˈbɛɹiz/
burying	/ˈbɛɹiɪŋ/
burzynski	/bɚˈzɪnski/
bus	/ˈbʌs/
busa	/ˈbjusə/
busalacchi	/busɑˈlɑki/
busam	/ˈbɪsəm/
busbee	/ˈbʌsˌbi/
busbey	/ˈbʌsbi/
busbin	/ˈbʌsbɪn/
busboom	/ˈbʌsˌbum/
busboy	/ˈbʌsˌbɔɪ/
busboys	/ˈbʌsˌbɔɪz/
busby	/ˈbʌzbi/
buscaglia	/buˈskɑɡliə/
buscemi	/busˈtʃɛmi/
busch	/ˈbʊʃ/
busch's	/ˈbʊʃɪz/
buschbaum	/ˈbʊʃˌbaʊm/
busche	/ˈbʌʃ/
buscher	/ˈbuʃɚ/
buschman	/ˈbʌʃmən/
buschmann	/ˈbʌʃmən/
buse	/ˈbjuz/
bused	/ˈbʌst/
buseman	/ˈbɪsmən/
busenbark	/ˈbɪsɪnbɑɹk/
buser	/ˈbɪsɚ/
buses	/ˈbʌsɪz/
busey	/ˈbjuzi/
bush	/ˈbʊʃ/
bush's	/ˈbʊʃɪz/
busha	/ˈbʌʃə/
bushard	/ˈbʊʃɚd/
bushart	/ˈbʊʃɑɹt/
bushaw	/ˈbʊʃɔ/
bushby	/ˈbʊʃbi/
bushee	/ˈbʊˈʃi/
bushel	/ˈbʊʃəl/
bushell	/ˈbʊʃəl/
bushels	/ˈbʊʃəlz/
busher	/ˈbʊʃɚ/
bushes	/ˈbʊʃəz/
bushey	/ˈbʊʃi/
bushings	/ˈbʊʃɪŋz/
bushkin	/ˈbʊʃˌkɪn/
bushman	/ˈbʊʃmən/
bushmen	/ˈbʊʃmɛn/
bushnell	/ˈbʊʃnəl/
bushong	/ˈbʊʃɔŋ/
bushway	/ˈbʊʃˌweɪ/
bushwhack	/ˈbʊʃˌwæk/
bushwhacked	/ˈbʊʃˌwækt/
bushwhacking	/ˈbʊʃˌwækɪŋ/
bushwhacks	/ˈbʊʃˌwæks/
bushy	/ˈbʊʃi/
busic	/ˈbʌsɪk/
busick	/ˈbɪsɪk/
busied	/ˈbɪzid/
busier	/ˈbɪziɚ/
busiest	/ˈbɪziəst/
busily	/ˈbɪzəli/
business	/ˈbɪznəs/
business'	/ˈbɪznɪs/
business's	/ˈbɪznɪsɪz/
businesses	/ˈbɪznəsəz/
businesses'	/ˈbɪzˌnɛsɪz/
businessland	/ˈbɪznɪˌslænd/
businesslike	/ˈbɪznɪˌslaɪk/
businessman	/ˈbɪznəˌsmæn/
businessman's	/ˈbɪznɪˌsmænz/
businessmen	/ˈbɪznɪˌsmɛn/
businesspeople	/ˈbɪznəˈspipəl/
businessperson	/ˈbɪznəˈspɝsən/
businessphone	/ˈbɪznəsˌfoʊn/
businessphones	/ˈbɪznəsˌfoʊnz/
businesswoman	/ˈbɪznɪˌswʊmən/
businesswomen	/ˈbɪznəˈswoʊmən/
busing	/ˈbʌsɪŋ/
busk	/ˈbʌsk/
buske	/ˈbʌsk/
busker	/ˈbʌskɚ/
busker's	/ˈbʌskɚz/
buskey	/ˈbʌˌski/
buskirk	/ˈbʌskɚk/
buslease	/ˈbʌˌslis/
busler	/ˈbʌsəlɚ/
busload	/bəˈsloʊd/
busloads	/bəˈsloʊdz/
buspar	/ˈbʌspɚ/
buss	/ˈbʌs/
bussa	/ˈbusə/
bussard	/ˈbʌsɚd/
busse	/ˈbʌs/
bussed	/ˈbʌst/
bussell	/ˈbʌsəl/
bussen	/ˈbʌsən/
busser	/ˈbʌsɚ/
bussert	/ˈbʌsɚt/
busses	/ˈbʌsəz/
bussey	/ˈbʌsi/
bussi	/ˈbʌsi/
bussie	/ˈbʌsi/
bussiere	/ˈbʌsiɛɹ/
bussing	/ˈbʌsɪŋ/
bussinger	/ˈbʌsɪndʒɚ/
bussman	/ˈbʌsmən/
bust	/ˈbʌst/
busta	/ˈbʌstə/
bustamante	/ˌbustəˈmɑnti/
bustard	/ˈbʌstɚd/
busted	/ˈbʌstɪd/
buster	/ˈbʌstɚ/
busters	/ˈbʌstɚz/
busti	/ˈbʌsti/
bustier	/ˈbʌstjɚ/
bustillo	/buˈstɪloʊ/
bustillos	/ˈbʌstaɪloʊz/
bustin	/ˈbʌstɪn/
busting	/ˈbʌstɪŋ/
bustle	/ˈbʌsəl/
bustling	/ˈbʌsəlɪŋ/
busto	/ˈbʌstoʊ/
bustos	/ˈbʌstoʊz/
busts	/ˈbʌsts/
busty	/ˈbʌsti/
busulaki	/ˈbjusəˌlæki/
buswell	/ˈbʌˌswɛl/
busy	/ˈbɪzi/
but	/ˈbʌt/
but's	/ˈbʌts/
butala	/buˈtɑlə/
butan	/ˈbuˌtɑn/
butane	/bjuˈteɪn/
butare	/buˈtɑɹi/
butare's	/buˈtɑɹiz/
butch	/ˈbʊtʃ/
butchart	/ˈbʊtʃɚt/
butcher	/ˈbʊtʃɚ/
butcher's	/ˈbʊtʃɚz/
butchered	/ˈbʊtʃɚd/
butchering	/ˈbʊtʃɚɪŋ/
butchers	/ˈbʊtʃɚz/
butchery	/ˈbʊtʃɚi/
butchko	/ˈbʌtʃkoʊ/
bute	/ˈbjut/
buteau	/bjuˈtoʊ/
buteco	/ˌbuˈtɛkoʊ/
butenhoff	/ˈbjutɪnhɔf/
butera	/buˈtɛɹə/
buterbaugh	/ˈbjutɚbaʊ/
buth	/ˈbuθ/
buthan	/ˌbuˈtɑn/
buthelezi	/ˌbutəˈleɪzi/
buthelezi's	/ˌbutəˈleɪziz/
butka	/ˈbʌtkə/
butkiewicz	/ˈbʌtkɔwɪtʃ/
butkovich	/ˈbʌtˌkɔvɪtʃ/
butkus	/ˈbʌtkɪs/
butler	/ˈbʌtlɚ/
butler's	/ˈbʌtlɚz/
butlers	/ˈbʌtlɚz/
butman	/ˈbʌtmən/
butner	/ˈbʌtnɚ/
butorac	/bjuˈtɔɹək/
butrick	/ˈbʌtɹɪk/
butros	/ˈbuˌtɹoʊs/
buts	/ˈbʌts/
butsch	/ˈbʌtʃ/
butson	/ˈbʌtsən/
butt	/ˈbʌt/
buttacavoli	/butɑkɑˈvoʊli/
buttafuoco	/butəfˈwoʊkoʊ/
buttafuoco's	/butəfˈwoʊkoʊz/
buttars	/ˈbʌtɚz/
butte	/ˈbjut/
butter	/ˈbʌtɚ/
butterball	/ˈbʌtɚˌbɔl/
butterballs	/ˈbʌtɚˌbɔlz/
butterbaugh	/ˈbʌtɚbaʊ/
buttercup	/ˈbʌtɚˌkʌp/
buttercups	/ˈbʌtɚˌkʌps/
buttered	/ˈbʌtɚd/
butterfat	/ˈbʌtɚˌfæt/
butterfield	/ˈbʌtɚfild/
butterfields	/ˈbʌtɚfildz/
butterflies	/ˈbʌtɚˌflaɪz/
butterfly	/ˈbʌtɚˌflaɪ/
butterfly's	/ˈbʌtɚˌflaɪz/
butterick	/ˈbʌtɚɪk/
butterick's	/ˈbʌtɚɪks/
buttering	/ˈbʌtɚɪŋ/
buttermilk	/ˈbʌtɚˌmɪlk/
buttermore	/ˈbʌtɚmɔɹ/
butters	/ˈbʌtɚz/
butterscotch	/ˈbʌtɚˌskɑtʃ/
butterworth	/ˈbʌtɚˌwɝθ/
buttery	/ˈbʌtɚi/
butthead	/ˈbʌtˌhɛd/
butting	/ˈbʌtɪŋ/
buttitta	/buˈtitə/
buttke	/ˈbʌtki/
buttler	/ˈbʌtlɚ/
buttner	/ˈbʌtnɚ/
buttock	/ˈbʌtək/
buttocks	/ˈbʌtəks/
button	/ˈbʌtən/
buttoned	/ˈbʌtənd/
buttonhole	/ˈbʌtənˌhoʊl/
buttonholed	/ˈbʌtənˌhoʊld/
buttonholes	/ˈbʌtənˌhoʊlz/
buttons	/ˈbʌtənz/
buttonville	/ˈbʌtənˌvɪl/
buttram	/ˈbʌˌtɹæm/
buttress	/ˈbʌtɹəs/
buttressed	/ˈbʌtɹəst/
buttresses	/ˈbʌtɹəsəz/
buttressing	/ˈbʌtɹəsɪŋ/
buttrey	/ˈbʌtɹi/
buttrick	/ˈbʌtɹɪk/
buttrum	/ˈbʌtɹəm/
buttry	/ˈbʌtɹi/
butts	/ˈbʌts/
butulesi	/ˌbutəˈleɪzi/
butulesi's	/ˌbutəˈleɪziz/
butyl	/ˈbjutəl/
butz	/ˈbʌts/
butzberger	/ˈbʌtsbɚɡɚ/
butzen	/ˈbʌtsən/
butzer	/ˈbʌtsɚ/
butzin	/ˈbʌtsən/
buus	/ˈbuz/
buxbaum	/ˈbʌksbaʊm/
buxom	/ˈbʌksəm/
buxton	/ˈbʌkstən/
buy	/ˈbaɪ/
buy's	/ˈbaɪz/
buyback	/ˈbaɪˌbæk/
buybacks	/ˈbaɪˌbæks/
buyer	/ˈbaɪɚ/
buyer's	/ˈbaɪɚz/
buyers	/ˈbaɪɚz/
buyers'	/ˈbaɪɚz/
buying	/ˈbaɪɪŋ/
buyout	/ˈbaɪˌaʊt/
buyouts	/ˈbaɪˌaʊts/
buys	/ˈbaɪz/
buysse	/ˈbaɪs/
buza	/ˈbjuzə/
buzan	/ˈbjuzən/
buzard	/bjuˈzɑɹd/
buzbee	/ˈbʌzˌbi/
buzby	/ˈbʌzbi/
buzek	/ˈbuzɛk/
buzz	/ˈbʌz/
buzzard	/ˈbʌzɚd/
buzzard's	/ˈbʌzɚdz/
buzzards	/ˈbʌzɚdz/
buzze	/ˈbʌz/
buzzed	/ˈbʌzd/
buzzell	/bəˈzɛl/
buzzelli	/butˈsɛli/
buzzer	/ˈbʌzɚ/
buzzes	/ˈbʌzɪz/
buzzetta	/bjuˈzɛtə/
buzzfeed	/ˈbʌzˈfid/
buzzing	/ˈbʌzɪŋ/
buzzword	/ˈbʌzwɚd/
buzzwords	/ˈbʌzwɚdz/
buzzy	/ˈbʌzi/
buzzy's	/ˈbʌziz/
by	/ˈbaɪ/
byam	/ˈbaɪəm/
byard	/ˈbjɑɹd/
byars	/ˈbaɪɚz/
byas	/ˈbaɪəs/
byassee	/biˈɑsi/
bybee	/ˈbaɪˌbi/
bye	/ˈbaɪ/
bye-bye	/ˈbaɪˈbaɪ/
byelorussia	/ˌbaɪəloʊˈɹʌʃə/
byer	/ˈbaɪɚ/
byerlein	/ˈbaɪɹˌlaɪn/
byerley	/ˈbaɪɚli/
byerly	/ˈbaɪɚli/
byers	/ˈbaɪɚz/
byers'	/ˈbaɪɚz/
byfield	/ˈbaɪˌfild/
byford	/ˈbɪfɚd/
bygone	/ˈbaɪˌɡɔn/
bygones	/ˈbaɪˌɡɔnz/
byham	/ˈbaɪəm/
byington	/ˈbaɪɪŋtən/
byker	/ˈbaɪkɚ/
bykowski	/bɪˈkɔfski/
byland	/ˈbaɪlənd/
bylaw	/ˈbaɪˌlɔ/
bylaws	/ˈbaɪˌlɔz/
byler	/ˈbaɪlɚ/
byles	/ˈbaɪlz/
byline	/ˈbaɪˌlaɪn/
bylines	/ˈbaɪˌlinz/
bylsma	/ˈbɪlsmə/
bylund	/ˈbɪlənd/
byner	/ˈbaɪnɚ/
bynes	/ˈbaɪnz/
bynoe	/ˈbɪnoʊ/
bynum	/ˈbɪnəm/
bypass	/ˈbaɪˌpæs/
bypassed	/ˈbaɪˌpæst/
bypasses	/ˈbaɪˌpæsɪz/
bypassing	/ˈbaɪˌpæsɪŋ/
byproduct	/ˈbaɪpɹɑdəkt/
byproducts	/ˈbaɪˌpɹɔdəkts/
byram	/ˈbɪɹəm/
byrd	/ˈbɝd/
byrd's	/ˈbɝdz/
byrer	/ˈbaɪɹɚ/
byrge	/ˈbaɪɹdʒ/
byrle	/ˈbaɪɹəl/
byrn	/ˈbɪɹn/
byrne	/ˈbɝn/
byrne's	/ˈbɝnz/
byrnes	/ˈbɝnz/
byrns	/ˈbɪɹnz/
byrom	/ˈbaɪɹəm/
byron	/ˈbaɪɹən/
byron's	/ˈbaɪɹənz/
byrum	/ˈbɪɹəm/
bystander	/ˈbaɪˌstændɚ/
bystanders	/ˈbaɪˌstændɚz/
bystrom	/ˈbɪstɹəm/
byte	/ˈbaɪt/
bytes	/ˈbaɪts/
byu	/ˈbiˈwaɪˈju/
byun	/ˈbjʌn/
byus	/ˈbaɪəs/
bywater	/ˈbaɪˌwɔtɚ/
byway	/ˈbaɪˌweɪ/
byways	/ˈbaɪˌweɪz/
byword	/ˈbaɪˌwɝd/
byzantine	/ˈbɪzənˌtaɪn/
byzantium	/bəˈzæntiəm/
c	/ˈsi/
c-code	/ˈsiˈkoʊd/
c-codes	/ˈsiˈkoʊdz/
c-span	/ˈsiˌspæn/
c-span's	/ˈsiˌspænz/
c.	/ˈsi/
c.'s	/ˈsiz/
c.d.s	/ˈsiˈdiz/
c.o.d.	/ˈsiˈoʊˈdi/
c.s	/ˈsiz/
c'est	/ˈsɛst/
c'mon	/kəˈmɑn/
c's	/ˈsiz/
ca	/ˈkʌ/
caan	/ˈkɑn/
cab	/ˈkæb/
cab's	/ˈkæbz/
caba	/ˈkɑbə/
cabal	/kəˈbɑl/
caballero	/ˌkæbəˈjɛɹoʊ/
caban	/ˈkeɪbən/
cabana	/kəˈbænə/
cabanas	/kəˈbænəz/
cabaniss	/ˈkæbənɪs/
cabaret	/ˌkæbɚˈeɪ/
cabarets	/ˌkæbɚˈeɪz/
cabbage	/ˈkæbədʒ/
cabbages	/ˈkæbɪdʒɪz/
cabbie	/ˈkæbi/
cabbies	/ˈkæbiz/
cabby	/ˈkæbi/
cabdriver	/ˈkæbˌdɹaɪvɚ/
cabdrivers	/ˈkæbˌdɹaɪvɚz/
cabe	/ˈkeɪb/
cabela	/ˌkɑˈbɛlə/
cabela's	/ˌkɑˈbɛlə/
cabell	/kɑˈbɛl/
cabello	/kəˈbɛloʊ/
cabernet	/ˌkæbɚˈneɪ/
cabernets	/ˌkæbɚˈnɛts/
cabey	/ˈkeɪbi/
cabezas	/kəˈbeɪzəz/
cabin	/ˈkæbən/
cabinda	/kəˈbɪndə/
cabiness	/ˈkeɪbinɪs/
cabinet	/ˈkæbənət/
cabinet's	/ˈkæbnəts/
cabinetry	/ˈkæbnətɹi/
cabinets	/ˈkæbənəts/
cabins	/ˈkæbənz/
cable	/ˈkeɪbəl/
cable's	/ˈkeɪbəlz/
cablec	/ˈkæblək/
cablecomm	/ˈkeɪbəlˌkɑm/
cablecomms	/ˈkeɪbəlˌkɑmz/
cabled	/ˈkeɪbəld/
cablegram	/ˈkeɪbəlˌɡɹæm/
cableone	/ˈkeɪbəlˌwʌn/
cabler	/ˈkeɪbəlɚ/
cables	/ˈkeɪbəlz/
cablesystem	/ˈkeɪbəlˌsɪstəm/
cablesystems	/ˈkeɪbəlˌsɪstəmz/
cabletron	/ˈkeɪbəlˌtɹɑn/
cabletron's	/ˈkeɪbəlˌtɹɑnz/
cablevision	/ˈkeɪbəlˌvɪʒən/
cablevision's	/ˈkeɪbəlˌvɪʒənz/
cabo	/kæˈboʊ/
cabok	/ˈæboʊ/
caboodle	/kəˈbudəl/
caboose	/kəˈbus/
cabooses	/kəˈbusɪz/
cabot	/ˈkæbət/
cabot's	/ˈkæbəts/
cabotage	/ˈkæbətɪdʒ/
cabral	/ˈkæbɹəl/
cabrales	/kɑˈbɹɑlɛs/
cabrall	/kəˈbɹɑl/
cabrall's	/kəˈbɹɑlz/
cabranes	/kəˈbɹeɪnz/
cabrera	/kɑˈbɹɛɹə/
cabrini	/kəˈbɹini/
cabrini's	/kəˈbɹiniz/
cabriolet	/ˌkæbɹioʊˈleɪ/
cabs	/ˈkæbz/
cac	/ˈkæk/
cac's	/ˈkæks/
cacace	/ˈkækəs/
cacaci	/kəˈkɑsi/
cacao	/kəˈkeɪoʊ/
caccamise	/kɑˈkɑmɪs/
caccamo	/kɑˈkɑmoʊ/
caccavale	/kɑkəˈvɑli/
caccia	/ˈkɑtʃə/
cacciatore	/kɑtʃəˈtɔɹi/
cacciola	/kɑkˈtʃoʊlə/
caceres	/kɑˈsɛɹɛs/
cache	/ˈkæʃ/
cached	/ˈkæʃt/
caches	/ˈkæʃɪz/
cachet	/ˈkæʃeɪ/
caching	/ˈkæʃɪŋ/
cacho	/ˈkætʃoʊ/
cacioppo	/kɑˈtʃoʊpoʊ/
cacique	/kəˈsik/
cackle	/ˈkækəl/
cackling	/ˈkækəlɪŋ/
cacld	/ˈkækəld/
cacophony	/kæˈkɑfəni/
cacti	/ˈkæktaɪ/
cactus	/ˈkæktəs/
cad	/ˈkæd/
cada	/ˈkɑdə/
cadam	/ˈkædəm/
cadaver	/kəˈdævɚ/
cadavers	/kəˈdævɚz/
cadbury	/ˈkædˌbɛɹi/
cadbury's	/ˈkædˌbɛɹiz/
cadby	/ˈkædbi/
caddell	/ˈkædəl/
cadden	/ˈkædən/
caddick	/ˈkædɪk/
caddie	/ˈkædi/
caddie's	/ˈkædiz/
caddied	/ˈkædid/
caddies	/ˈkædiz/
caddock	/ˈkædək/
caddy	/ˈkædi/
caddying	/ˈkædiɪŋ/
caddyshack	/ˈkædiˌʃæk/
cade	/ˈkeɪd/
cadell	/kɑˈdeɪl/
cadena	/kəˈdinə/
cadence	/ˈkeɪdəns/
cadences	/ˈkeɪdənsɪz/
cadenhead	/ˈkeɪdənˌhɛd/
cadet	/kəˈdɛt/
cadets	/kəˈdɛts/
cadge	/ˈkædʒ/
cadiddlehopper	/kəˈdɪdəlˌhɔpɚ/
cadieux	/ˈkædioʊ/
cadillac	/ˈkædəˌlæk/
cadillac's	/ˈkædəˌlæks/
cadillacs	/ˈkædəˌlæks/
cadiz	/kəˈdiz/
cadle	/ˈkeɪdəl/
cadman	/ˈkædmən/
cadmium	/ˈkædmiəm/
cadmus	/ˈkædməs/
cadnetix	/ˌkædˈnɛtɪks/
cadogan	/kɑdoʊˈɡɑn/
cadorette	/ˈkædɚɛt/
cadotte	/kəˈdɔt/
cadre	/ˈkædɹi/
cadres	/ˈkædɹiz/
cadrone	/kəˈdɹoʊn/
cads	/ˈkæds/
cadwalader	/ˌkæˈdwɔlədɚ/
cadwalader's	/ˌkæˈdwɔlədɚz/
cadwallader	/ˌkæˈdwɔlədɚ/
cadwell	/ˈkæˌdwɛl/
cady	/ˈkeɪdi/
caen	/ˈkæn/
caen's	/ˈkænz/
caesar	/ˈsizɚ/
caesar's	/ˈsizɚz/
caesarea	/ˌkeɪsɚˈiə/
caesarean	/ˈkeɪsɚˌin/
caesareans	/ˈkeɪsɚˌinz/
caesars	/ˈsizɚz/
caesars'	/ˈsizɚz/
caetano	/kəˈtɑnoʊ/
cafarella	/kɑfɑˈɹɛlə/
cafarelli	/kɑfɑˈɹɛli/
cafaro	/kɑˈfɑɹoʊ/
cafe	/kəˈfeɪ/
cafes	/ˌkæˈfeɪz/
cafeteria	/ˌkæfəˈtɪɹiə/
cafeterias	/ˌkæfəˈtɪɹiəz/
cafetizer	/ˈkæfɪˌtaɪzɚ/
caffee	/ˈkæfi/
caffeinate	/ˈkæfɪˌneɪt/
caffeinated	/ˈkæfɪˌneɪtəd/
caffeine	/kæˈfin/
cafferty	/ˈkæfɚti/
caffery	/ˈkæfɚi/
caffey	/ˈkæfi/
caffrey	/ˈkæfɹi/
cafiero	/ˌkæfiˈɛɹoʊ/
caftan	/ˈkæfˌtæn/
caftans	/ˈkæfˌtænz/
cagan	/ˈkeɪɡən/
cage	/ˈkeɪdʒ/
cage's	/ˈkeɪdʒɪz/
caged	/ˈkeɪdʒd/
cages	/ˈkeɪdʒɪz/
cagey	/ˈkeɪdʒi/
caggiano	/kɑdʒiˈɑnoʊ/
cagle	/ˈkeɪɡəl/
cagley	/ˈkæɡli/
cagliari	/ˌkæɡliˈɑɹi/
cagney	/ˈkæɡni/
caguas	/ˈkɑˌɡwɑs/
cahalan	/ˈkæhələn/
cahall	/ˈkæhəl/
cahan	/ˈkæhən/
cahasa	/kəˈhɑsə/
cahill	/ˈkeɪˌhɪl/
cahn	/ˈkæn/
cahners	/ˈkɑnɚz/
cahoon	/kəˈhun/
cahoot	/kəˈhut/
cahoots	/kəˈhuts/
cahora	/kəˈhɔɹə/
cahouet	/kəˈhut/
cai	/ˈkaɪ/
caiazzo	/kɑˈjɑzoʊ/
caicedo	/kəˈtʃeɪdoʊ/
cail	/ˈkeɪl/
caillebotte	/kaɪˈbɔt/
caillier	/ˈkeɪliɚ/
caillouet	/ˌkeɪˈlut/
cain	/ˈkeɪn/
cain's	/ˈkeɪnz/
caine	/ˈkeɪn/
caines	/ˈkeɪnz/
caiola	/ˈkaɪoʊlə/
caire	/ˈkɛɹ/
cairn	/ˈkɛɹn/
cairnes	/ˈkɛɹnz/
cairns	/ˈkɛɹnz/
cairo	/ˈkaɪɹoʊ/
cairo's	/ˈkaɪɹoʊz/
caison	/ˈkeɪzən/
caisse	/ˈkeɪs/
caissie	/ˈkeɪsi/
caisson	/ˈkeɪsən/
caissons	/ˈkeɪsənz/
caitlin	/ˈkeɪtlɪn/
caito	/ˈkeɪtoʊ/
cajole	/kəˈdʒoʊl/
cajoled	/kəˈdʒoʊld/
cajoling	/kəˈdʒoʊlɪŋ/
cajun	/ˈkeɪdʒən/
cajuns	/ˈkeɪdʒənz/
cake	/ˈkeɪk/
cake's	/ˈkeɪks/
caked	/ˈkeɪkt/
cakes	/ˈkeɪks/
cal	/ˈkæl/
cala	/ˈkɑlə/
calabasas	/ˌkæləˈbɑsəs/
calabrese	/kɑlɑˈbɹeɪzi/
calabria	/kəˈlæbɹiə/
calabro	/kəˈlæbɹoʊ/
caladiums	/kəˈleɪdiəmz/
calaf	/ˈkæləf/
calahan	/ˈkæləhæn/
calais	/kəˈleɪ/
calamander	/ˈkæləˌmændɚ/
calamari	/kɑlɑˈmɑɹi/
calame	/kɑˈlɑmi/
calamia	/kəˈleɪmiə/
calamine	/ˈkæləˌmaɪn/
calamine's	/ˈkæləˌmaɪnz/
calamities	/kəˈlæmətiz/
calamitous	/kəˈlæmətəs/
calamity	/kəˈlæməti/
calan	/ˈkeɪlən/
calandra	/kəˈlændɹə/
calandro	/kəˈlændɹoʊ/
calantha	/kəˈlænθə/
calarco	/kəˈlɑɹkoʊ/
calaveras	/kæləˈvɛɹəz/
calaway	/ˈkɑləweɪ/
calbert	/ˈkælbɚt/
calbos	/ˈkɑlboʊs/
calcagni	/kɑlˈkɑɡni/
calcagno	/kɑlˈkɑɡnoʊ/
calcaterra	/ˌkælkəˈtɛɹə/
calcified	/ˈkælsəˌfaɪd/
calcify	/ˈkælsəˌfaɪ/
calcite	/ˈkælˌsaɪt/
calcium	/ˈkælsiəm/
calcomp	/ˈkɔlˌkɑmp/
calcote	/kɑlˈkoʊti/
calculate	/ˈkælkjəˌleɪt/
calculated	/ˈkælkjəˌleɪtɪd/
calculates	/ˈkælkjəˌleɪts/
calculating	/ˈkælkjəˌleɪtɪŋ/
calculation	/ˌkælkjəˈleɪʃən/
calculations	/ˌkælkjəˈleɪʃənz/
calculator	/ˈkælkjəˌleɪtɚ/
calculators	/ˈkælkjəˌleɪtɚz/
calculus	/ˈkælkjələs/
calcutt	/ˈkælkət/
calcutta	/ˌkælˈkʌtə/
caldeira	/kɑlˈdɛɹə/
calder	/ˈkɔldɚ/
caldera	/ˌkælˈdɛɹə/
calderaro	/kɑldɚˈɑɹoʊ/
calderon	/ˈkɔldɚɑn/
calderone	/kɑldɚˈoʊni/
calderwood	/ˈkɔldɚwʊd/
caldor	/ˈkældɔɹ/
caldrello	/ˌkɑlˈdɹɛloʊ/
caldwell	/ˈkɔldwɛl/
caldwell's	/ˈkɔldwɛlz/
cale	/ˈkeɪl/
caleb	/ˈkeɪləb/
calebs	/ˈkeɪləbz/
caleca	/kɑˈlɛkə/
caledonia	/ˌkæləˈdoʊniə/
caledonian	/ˌkælɪˈdoʊniən/
caledonian's	/ˌkælɪˈdoʊniənz/
calef	/ˈkælɪf/
calemburg	/ˈkæləmbɚɡ/
calendar	/ˈkæləndɚ/
calendars	/ˈkæləndɚz/
calender	/ˈkæləndɚ/
calendula	/kəˈlɛdʒələ/
caler	/ˈkeɪlɚ/
calero	/kəˈlɛɹoʊ/
cales	/ˈkeɪlz/
caley	/ˈkeɪli/
calf	/ˈkæf/
calf's	/ˈkæfs/
calfed	/ˈkæft/
calfed's	/ˈkælˌfɛdz/
calfee	/ˈkælfi/
calgary	/ˈkælɡɚi/
calgene	/ˈkælˌdʒin/
calgene's	/ˈkælˌdʒinz/
calgon	/ˈkælɡɔn/
calgroup	/ˈkælˌɡɹup/
calhoon	/kælˈhun/
calhoun	/kælˈhun/
cali	/ˈkɑli/
calia	/ˈkɑliə/
caliber	/ˈkæləbɚ/
calibrate	/ˈkæləˌbɹeɪt/
calibrated	/ˈkæləˌbɹeɪtəd/
calibration	/ˌkæləˈbɹeɪʃən/
calico	/ˈkæləˌkoʊ/
calida	/kɑˈlidə/
caliendo	/kɑliˈɛndoʊ/
calif	/ˈkælɪf/
califano	/kɑliˈfɑnoʊ/
califf	/ˈkælɪf/
california	/ˌkæləˈfɔɹnjə/
california's	/ˌkælɪˈfɔɹnjəz/
californian	/ˌkælɪˈfɔɹnjən/
californian's	/ˌkælɪˈfɔɹnjənz/
californians	/ˌkælɪˈfɔɹnjənz/
caligiuri	/ˌkæləˈdʒɪɹi/
calill	/kəˈlɪl/
calills	/kəˈlɪlz/
caliper	/ˈkæləpɚ/
calipers	/ˈkæləpɚz/
caliph	/ˈkæləf/
caliri	/kɑˈlɪɹi/
calise	/ˈkɑlaɪz/
calista	/kəˈlɪstə/
calisthenic	/ˌkæləsˈθɛnɪk/
calisthenics	/ˌkæləsˈθɛnɪks/
calite	/ˈkæˌlaɪt/
calix	/ˈkælɪks/
calk	/ˈkɔk/
calkin	/ˈkælkɪn/
calkins	/ˈkælkɪnz/
call	/ˈkɔl/
call's	/ˈkɔlz/
calla	/ˈkælə/
callable	/ˈkɔləbəl/
callace	/ˈkæləs/
callaghan	/ˈkæləhæn/
callaham	/ˈkæləˌhæm/
callahan	/ˈkæləˌhæn/
callahan's	/ˈkæləˌhænz/
callais	/kəˈleɪ/
callan	/ˈkælən/
callanan	/ˈkælənən/
calland	/ˈkælənd/
callander	/ˈkæləndɚ/
callari	/kɑˈlɑɹi/
callas	/ˈkæləz/
callaway	/ˈkæləweɪ/
callaway's	/ˈkɔləˌweɪz/
callback	/ˈkɔlˌbæk/
calle	/ˈkeɪl/
callebs	/ˈkeɪˌlɛbz/
called	/ˈkɔld/
callegari	/kɑlɛˈɡɑɹi/
calleja	/kɑˈleɪjə/
callejas	/kɑˈleɪjɑz/
callen	/ˈkælən/
callender	/kəˈlɛndɚ/
callens	/ˈkɔlənz/
caller	/ˈkɔlɚ/
caller's	/ˈkɔlɚz/
callers	/ˈkɔlɚz/
callery	/ˈkælɚi/
calles	/ˈkeɪlz/
calley	/ˈkæli/
callicoat	/ˈkælɪˌkoʊt/
callicott	/ˈkælɪkɑt/
callicutt	/ˈkælɪkət/
callie	/ˈkɔli/
callier	/ˈkæliɚ/
callies	/ˈkæliz/
calligan	/ˈkælɪɡən/
calligrapher	/kəˈlɪɡɹəfɚ/
calligraphic	/ˌkæləˈɡɹæfɪk/
calligraphy	/kəˈlɪɡɹəfi/
callihan	/ˈkælɪhæn/
callinan	/ˈkælɪnən/
calling	/ˈkɔlɪŋ/
calliope	/kəˈlaɪəˌpi/
calliopes	/kəˈlaɪəˌpiz/
callis	/ˈkælɪs/
callison	/ˈkælɪsən/
callister	/ˈkɔlɪstɚ/
callous	/ˈkæləs/
calloused	/ˈkæləst/
callously	/ˈkæləsli/
callousness	/ˈkæləsnəs/
callow	/ˈkæloʊ/
calloway	/ˈkæloʊˌweɪ/
calls	/ˈkɔlz/
callula	/ˈkælulə/
callum	/ˈkæləm/
callus	/ˈkæləs/
cally	/ˈkæli/
calm	/ˈkɑm/
calma	/ˈkɑlmə/
calmaquip	/ˈkælməˌkwɪp/
calmar	/ˈkælmɑɹ/
calmark	/ˈkɑlˌmɑɹk/
calmart	/ˈkɑlˌmɑɹt/
calmart's	/ˈkɑlˌmɑɹts/
calmat	/ˈkælmæt/
calmat's	/ˈkælmæts/
calmed	/ˈkɑmd/
calmer	/ˈkɑmɚ/
calmes	/ˈkɑlmɛs/
calmest	/ˈkɑməst/
calming	/ˈkɑmɪŋ/
calmly	/ˈkɑmli/
calmness	/ˈkɑmnəs/
calms	/ˈkɑmz/
calnan	/ˈkælnən/
calny	/ˈkælni/
calo	/ˈkɑloʊ/
calogero	/kɑloʊˈdʒɛɹoʊ/
calor	/ˈkælɚ/
caloric	/kəˈlɔɹɪk/
calorie	/ˈkælɚi/
calories	/ˈkælɚiz/
caloway	/ˈkæloʊˌweɪ/
calpers	/ˈkælpɚz/
calpers's	/ˈkælpɚzɪz/
calpis	/ˈkælpɪs/
caltabiano	/kɑltɑbiˈɑnoʊ/
caltagirone	/kɑltɑdʒɪˈɹoʊni/
caltex	/ˈkʌlˈtɛks/
caltha	/ˈkælðə/
calton	/ˈkæltən/
caltrain	/ˈkælˌtɹeɪn/
caltrans	/ˈkælˌtɹænz/
calumet	/ˌkæljəˈmɛt/
calumny	/ˈkæləmni/
calutzi	/kəˈlutzi/
caluzu	/kəˈluzu/
caluzzi	/kəˈluzi/
calvani	/ˌkɔlˈvɑni/
calvano	/kɑlˈvɑnoʊ/
calvaries	/ˈkælvɚiz/
calvary	/ˈkælvɚi/
calveras	/kælˈvɛɹəs/
calverley	/ˈkælvɚli/
calvert	/ˈkælvɚt/
calvery	/ˈkælvɚi/
calves	/ˈkævz/
calvet	/ˈkælvət/
calvey	/kælˈveɪ/
calvi	/ˈkɑlvi/
calvillo	/kɑlˈvɪloʊ/
calvin	/ˈkælvən/
calvin's	/ˈkælvənz/
calvina	/kɑlˈvinə/
calving	/ˈkævɪŋ/
calvinist	/ˈkælvənəst/
calvino	/ˌkɔlˈvinoʊ/
calvo	/ˈkɑlvoʊ/
calypso	/kəˈlɪpˌsoʊ/
calypsos	/kəˈlɪpˌsoʊz/
calyx	/ˈkælɪks/
calzada	/kɑlˈzɑdə/
cam	/ˈkæm/
cam's	/ˈkæmz/
cama	/ˈkɑmə/
camacho	/kəˈmɑtʃoʊ/
camaguey	/ˈkæməɡeɪ/
caman	/ˈkeɪmən/
camara	/kɑˈmɑɹə/
camaraderie	/ˌkɑmɚˈɑdɚi/
camarata	/kɑmɑˈɹɑtə/
camarena	/kɑmɑˈɹɛnə/
camargo	/kɑˈmɑɹɡoʊ/
camarillo	/kɑmɑˈɹɪloʊ/
camaro	/kəˈmɛɹoʊ/
camaros	/kəˈmɑɹoʊs/
cambell	/ˈkæmbəl/
camber	/ˈkæmbɚ/
cambex	/ˈkæmbəks/
cambior	/ˈkæmbiɚ/
cambodia	/ˌkæmˈboʊdiə/
cambodia's	/ˌkæmˈboʊdiəz/
cambodian	/ˌkæmˈboʊdiən/
cambodians	/ˌkæmˈboʊdiənz/
cambra	/ˈkæmbɹə/
cambre	/ˈkæmbɚ/
cambria	/ˈkæmbɹiə/
cambrian	/ˈkæmbɹiən/
cambrian's	/ˈkæmbɹiənz/
cambridge	/ˈkeɪmbɹɪdʒ/
cambridgeport	/ˈkeɪmˌbɹɪdʒˌpɔɹt/
cambridgeside	/ˈkeɪmˌbɹɪdʒˌsaɪd/
cambron	/ˈkæmbɹən/
camburn	/ˈkæmˌbɝn/
camby	/ˈkæmbi/
camby's	/ˈkæmbiz/
camco	/ˈkæmkoʊ/
camcorder	/ˈkæmˌkɔɹdɚ/
camcorders	/ˈkæmˌkɔɹdɚz/
camden	/ˈkæmdən/
camden's	/ˈkæmdənz/
camdessus	/kæmˈdɛsəs/
came	/ˈkeɪm/
cameco	/ˈkæmɪkoʊ/
camejo	/kɑˈmeɪjoʊ/
camel	/ˈkæməl/
camel's	/ˈkæməlz/
camelot	/ˈkæməˌlɑt/
camels	/ˈkæməlz/
camembert	/ˈkæməmbɛɹ/
cameo	/ˈkæmiˌoʊ/
cameos	/ˈkæmiˌoʊz/
camera	/ˈkæmɚə/
camera's	/ˈkæmɹəz/
cameraman	/ˈkæmɚəmən/
cameramen	/ˈkæmɚəmɛn/
cameras	/ˈkæmɚəz/
camerer	/ˈkæmɚɚ/
camero	/kəˈmɛɹoʊ/
cameron	/ˈkæmɚən/
cameron's	/ˈkæmɚənz/
camerons	/ˈkæmɚənz/
cameroon	/ˈkæmɚˌun/
camfield	/ˈkæmˌfild/
camhi	/ˈkæmhi/
camilla	/kəˈmɪlə/
camille	/kəˈmil/
camilleri	/kɑmiˈlɛɹi/
camilli	/kəˈmɪli/
camillo	/kəˈmɪloʊ/
caminiti	/kɑmiˈniti/
camino	/kəˈminoʊ/
camire	/kɑˈmɪɹi/
camisole	/ˈkæmɪsoʊl/
camm	/ˈkæm/
cammack	/ˈkæmək/
cammarano	/kɑmɑˈɹɑnoʊ/
cammarata	/kɑmɑˈɹɑtə/
cammarota	/kɑmɑˈɹoʊtə/
cammer	/ˈkæmɚ/
cammermeyer	/ˈkæmɚˌmaɪɚ/
cammie	/ˈkæmi/
cammisa	/kəˈmisə/
cammon	/ˈkæmən/
cammy	/ˈkæmi/
camomile	/ˌkæməˈmaɪl/
camorra	/kəˈmɔɹə/
camouflage	/ˈkæməˌflɑʒ/
camouflaged	/ˈkæməˌflɑʒd/
camouflaging	/ˈkæməˌflɑʒɪŋ/
camp	/ˈkæmp/
camp's	/ˈkæmps/
campa	/ˈkæmpə/
campaign	/kæmˈpeɪn/
campaign's	/kæmˈpeɪnz/
campaigned	/kæmˈpeɪnd/
campaigner	/kæmˈpeɪnɚ/
campaigners	/kæmˈpeɪnɚz/
campaigning	/kæmˈpeɪnɪŋ/
campaigns	/kæmˈpeɪnz/
campana	/kɑmˈpænə/
campanale	/kɑmpɑˈnɑli/
campanaro	/kɑmpɑˈnɑɹoʊ/
campanella	/ˌkæmpəˈnɛlə/
campanelli	/kɑmpɑˈnɛli/
campanis	/ˌkæmˈpɑnɪs/
campau	/ˈkɑmpaʊ/
campbell	/ˈkæmbəl/
campbell's	/ˈkæmbəlz/
campbells	/ˈkæmbəlz/
campeau	/kæmˈpoʊ/
campeau's	/kæmˈpoʊz/
camped	/ˈkæmpt/
campen	/ˈkæmpən/
camper	/ˈkæmpɚ/
campers	/ˈkæmpɚz/
campesinos	/ˌkæmpɛˈsinoʊs/
campfield	/ˈkæmpˌfild/
campfire	/ˈkæmpˌfaɪɚ/
campfires	/ˈkæmpˌfaɪɚz/
campground	/ˈkæmpˌɡɹaʊnd/
campgrounds	/ˈkæmpˌɡɹaʊndz/
campi	/ˈkæmpi/
camping	/ˈkæmpɪŋ/
campion	/ˈkæmpiən/
campione	/kɑmpiˈoʊni/
campise	/ˈkɑmpaɪz/
campisi	/kɑmˈpisi/
campo	/ˈkæmpoʊ/
campobasso	/kɑmpoʊˈbɑsoʊ/
campofrio	/ˌkæmˈpɔfɹioʊ/
campoli	/kɑmˈpoʊli/
campopiano	/kɑmpoʊpiˈɑnoʊ/
campos	/ˈkæmpoʊz/
camps	/ˈkæmps/
camps'	/ˈkæmps/
campsite	/ˈkæmpˌsaɪt/
campsites	/ˈkæmpˌsaɪts/
campton	/ˈkæmptən/
campus	/ˈkæmpəs/
campuses	/ˈkæmpəsəz/
campuzano	/kɑmpuˈzɑnoʊ/
campy	/ˈkæmpi/
camro	/ˈkæmɹoʊ/
camry	/ˈkæmɹi/
camrys	/ˈkæmɹiz/
cams	/ˈkæmz/
camshaft	/ˈkæmˌʃæft/
camshafts	/ˈkæmˌʃæfts/
camus	/ˈkæmɪs/
camuso	/kɑˈmusoʊ/
can	/ˈkæn/
can's	/ˈkænz/
can't	/ˈkænt/
cana	/ˈkænə/
canaan	/ˈkeɪnən/
canaanite	/ˈkeɪnəˌnaɪt/
canace	/kɑˈnɑtʃi/
canada	/ˈkænədə/
canada's	/ˈkænədəz/
canadair	/ˌkænəˈdɛɹ/
canaday	/ˈkænəˌdeɪ/
canadian	/kəˈneɪdiən/
canadian's	/kəˈneɪdiənz/
canadians	/kəˈneɪdiənz/
canadians'	/kəˈneɪdiənz/
canadienne	/kəˈnædiˌɛn/
canady	/kəˈnɑdi/
canal	/kəˈnæl/
canal's	/kəˈnælz/
canale	/kɑˈnɑli/
canales	/ˈkænəlz/
canals	/kəˈnælz/
canam	/ˈkænəm/
canan	/ˈkeɪnən/
canandaigua	/ˌkænənˈdeɪɡwə/
cananea	/ˌkænəˈniə/
canape	/ˈkɑnəˌpeɪ/
canapes	/ˈkɑnəˌpeɪz/
canard	/kəˈnɑɹd/
canariensis	/kəˌnɛɹiˈɛnsəs/
canaries	/kəˈnɛɹiz/
canary	/kəˈnɛɹi/
canas	/ˈkænəz/
canasta	/kəˈnæstə/
canavan	/ˈkænəˌvæn/
canaveral	/kəˈnævɚəl/
canberra	/ˌkænˈbɛɹə/
canby	/ˈkænbi/
cancan	/ˈkænˌkæn/
cancel	/ˈkænsəl/
canceled	/ˈkænsəld/
canceling	/ˈkænsəlɪŋ/
cancellation	/ˌkænsəˈleɪʃən/
cancellations	/ˌkænsəˈleɪʃənz/
cancelled	/ˈkænsəld/
cancelling	/ˈkænsəlɪŋ/
cancels	/ˈkænsəlz/
cancer	/ˈkænsɚ/
cancer's	/ˈkænsɚz/
cancerous	/ˈkænsɚəs/
cancerphobia	/ˌkænsɚˈfoʊbiə/
cancers	/ˈkænsɚz/
canchola	/kɑnˈkoʊlə/
cancienne	/kɑnˈtʃiɛn/
cancilla	/kɑnˈtʃɪlə/
cancino	/kɑnˈtʃinoʊ/
cancio	/ˈkænsioʊ/
cancom	/ˈkæŋkəm/
cancro	/ˈkɑnkɹoʊ/
cancun	/ˈkæŋkən/
candace	/ˈkændəs/
candee	/ˈkænˈdi/
candela	/ˌkænˈdɛlə/
candelabra	/ˌkændəˈlɑbɹə/
candelaria	/kɑndɛˈlɑɹiə/
candelario	/kɑndɛˈlɑɹioʊ/
candella	/kɑnˈdɛlə/
candellin	/ˈkændəlɪn/
candia	/ˈkændiə/
candice	/ˈkændɪs/
candice's	/ˈkændɪsɪz/
candid	/ˈkændəd/
candida	/ˈkændɪdə/
candidacies	/ˈkændədəsiz/
candidacy	/ˈkændɪdəsi/
candidate	/ˈkændədeɪt/
candidate's	/ˈkændədeɪts/
candidates	/ˈkændədeɪts/
candidates'	/ˈkændədeɪts/
candidly	/ˈkændɪdli/
candido	/kænˈdidoʊ/
candie	/ˈkændi/
candied	/ˈkændid/
candies	/ˈkændiz/
candilin	/ˈkændɪlɪn/
candiotti	/ˌkændiˈɑti/
candiotti's	/ˌkændiˈɑtiz/
candle	/ˈkændəl/
candlelight	/ˈkændəlˌlaɪt/
candlemaker	/ˈkændəlˌmeɪkɚ/
candler	/ˈkændəlɚ/
candles	/ˈkændəlz/
candlestick	/ˈkændəlˌstɪk/
candlesticks	/ˈkændəlˌstɪks/
candlish	/ˈkændlɪʃ/
candor	/ˈkændɚ/
candy	/ˈkændi/
candy's	/ˈkændiz/
candyman	/ˈkændimæn/
cane	/ˈkeɪn/
cane-grass	/ˈkeɪnˌɡɹæs/
caned	/ˈkeɪnd/
canedo	/kɑˈneɪdoʊ/
canedy	/kəˈnidi/
canelo	/kəˈnɛloʊ/
canepa	/kɑˈnɛpə/
canes	/ˈkeɪnz/
canevari	/kɑnɛˈvɑɹi/
canez	/kɑˈnɛz/
canfield	/ˈkænˌfild/
canfor	/ˈkænfɚ/
canfor's	/ˈkænfɚz/
cangelosi	/kɑŋɡɛˈloʊsi/
cangemi	/kɑŋˈɡɛmi/
cangialosi	/kɑndʒəˈloʊsi/
cangiano	/kɑŋɡiˈɑnoʊ/
canham	/ˈkænhəm/
canida	/kɑˈnidə/
caniglia	/kəˈnɪɡliə/
canilles	/kəˈnɪliz/
canin	/ˈkeɪnɪn/
canine	/ˈkeɪˌnaɪn/
canines	/ˈkeɪˌnaɪnz/
caning	/ˈkeɪnɪŋ/
canings	/ˈkeɪnɪŋz/
canino	/kɑˈninoʊ/
canion	/ˈkænjən/
canipe	/kɑˈnipi/
canister	/ˈkænəstɚ/
canisters	/ˈkænəstɚz/
canker	/ˈkæŋkɚ/
cankers	/ˈkæŋkɚz/
cann	/ˈkæn/
cannabis	/ˈkænəbəs/
cannaday	/ˈkænəˌdeɪ/
cannady	/ˈkænədi/
cannan	/ˈkænən/
cannata	/kɑˈnɑtə/
cannavino	/ˌkænəˈvinoʊ/
cannavo	/kɑˈnɑvoʊ/
canned	/ˈkænd/
cannedy	/ˈkænɪdi/
cannell	/ˈkænəl/
cannella	/kɑˈnɛlə/
cannelloni	/ˌkænəˈloʊni/
cannelton	/ˈkænəltən/
canner	/ˈkænɚ/
canneries	/ˈkænɚiz/
cannery	/ˈkænɚi/
cannes	/ˈkænz/
canney	/ˈkæni/
cannibal	/ˈkænəbəl/
cannibalism	/ˈkænəbəˌlɪzəm/
cannibalization	/ˌkænəbəlɪˈzeɪʃən/
cannibalize	/ˈkænəbəˌlaɪz/
cannibalizing	/ˈkænəbəˌlaɪzɪŋ/
cannibals	/ˈkænəbəlz/
canniff	/ˈkænɪf/
canning	/ˈkænɪŋ/
cannister	/ˈkænɪstɚ/
cannisters	/ˈkænɪstɚz/
cannistraro	/ˌkænɪˈstɹɑɹoʊ/
cannizzaro	/kɑnitˈsɑɹoʊ/
cannizzo	/kɑˈnizoʊ/
cannock	/ˈkænək/
cannon	/ˈkænən/
cannon's	/ˈkænənz/
cannonball	/ˈkænənˌbɔl/
cannondale	/ˈkænənˌdeɪl/
cannone	/kɑˈnoʊni/
cannons	/ˈkænənz/
cannonsburg	/ˈkænənzbɚɡ/
cannot	/ˈkænɑt/
canny	/ˈkæni/
cano	/ˈkɑnoʊ/
canoe	/kəˈnu/
canoed	/kəˈnud/
canoeing	/kəˈnuɪŋ/
canoeist	/kəˈnuəst/
canoes	/kəˈnuz/
canoga	/kəˈnoʊɡə/
canola	/kəˈnoʊlə/
canon	/ˈkænən/
canon's	/ˈkænənz/
canonic	/kəˈnɑnək/
canonical	/kəˈnɑnəkəl/
canonico	/kɑnoʊˈnikoʊ/
canonie	/ˈkænəni/
canonization	/ˌkænənəˈzeɪʃən/
canonize	/ˈkænəˌnaɪz/
canonized	/ˈkænəˌnaɪzd/
canons	/ˈkænənz/
canopy	/ˈkænəpi/
canosa	/kəˈnoʊsə/
canova	/kɑˈnoʊvə/
canoy	/ˈkænɔɪ/
canrad	/ˈkænɹæd/
canron	/ˈkænɹən/
cans	/ˈkænz/
canseco	/ˌkænˈsɛkoʊ/
cansler	/ˈkænsəlɚ/
canso	/ˈkænsoʊ/
canson	/ˈkænsən/
canstar	/ˈkænˌstɑɹ/
cant	/ˈkænt/
cantaloupe	/ˈkæntəˌloʊp/
cantaloupes	/ˈkæntəˌloʊps/
cantalupo	/ˌkæntəˈlupoʊ/
cantankerous	/kænˈtæŋkɚəs/
cantara	/kɑnˈtɑɹə/
cantata	/ˌkænˈtɑtə/
canteen	/kænˈtin/
canteens	/kænˈtinz/
cantel	/ˈkænˌtɛl/
canter	/ˈkæntɚ/
canterbury	/ˈkæntɚˌbɛɹi/
canterbury's	/ˈkæntɚˌbɛɹiz/
cantero	/kɑnˈtɛɹoʊ/
canterra	/ˌkɑnˈtɛɹə/
cantey	/ˈkænti/
cantin	/kɑnˈtin/
cantina	/ˌkænˈtinə/
cantle	/ˈkæntəl/
cantley	/ˈkæntli/
cantlin	/ˈkæntlɪn/
cantlon	/ˈkæntlən/
canto	/ˈkæntoʊ/
canton	/ˈkæntən/
cantonal	/ˈkæntənəl/
cantone	/kɑnˈtoʊni/
cantonese	/ˌkæntəˈniz/
cantons	/ˈkæntənz/
cantor	/ˈkæntɚ/
cantor's	/ˈkæntɚz/
cantore	/ˈkænˌtɔɹ/
cantors	/ˈkæntɚz/
cantrall	/ˈkæntɹəl/
cantrell	/kænˈtɹɛl/
cantrelle	/kənˈtɹɛl/
cantu	/ˈkæntu/
cantv	/ˈkænˈtiˈvi/
cantwell	/ˈkænˌtwɛl/
canty	/ˈkænti/
canuck	/ˈkeɪnək/
canucks	/ˈkeɪnəks/
canup	/ˈkæˌnʌp/
canupp	/ˈkænəp/
canvas	/ˈkænvəs/
canvases	/ˈkænvəsɪz/
canvass	/ˈkænvəs/
canvassed	/ˈkænvəst/
canvassers	/ˈkænvəsɚz/
canvasses	/ˈkænvəsɪz/
canvassing	/ˈkænvəsɪŋ/
canwest	/ˈkænˌwɛst/
canyon	/ˈkænjən/
canyon's	/ˈkænjənz/
canyons	/ˈkænjənz/
canzano	/kɑnˈzɑnoʊ/
canzoneri	/kɑnzoʊˈnɛɹi/
cao	/ˈkaʊ/
caouette	/ˌkæˈwɛt/
cap	/ˈkæp/
cap's	/ˈkæps/
capabilities	/ˌkeɪpəˈbɪlətiz/
capability	/ˌkeɪpəˈbɪləti/
capable	/ˈkeɪpəbəl/
capacious	/kəˈpeɪʃəs/
capacitance	/kəˈpæsətəns/
capacities	/kəˈpæsətiz/
capacitor	/kəˈpæsətɚ/
capacitors	/kəˈpæsətɚz/
capacity	/kəˈpæsəti/
capalbo	/kəˈpælboʊ/
capaldi	/kɑˈpɑldi/
capaldo	/kɑˈpɑldoʊ/
capano	/kɑˈpɑnoʊ/
capasso	/kɑˈpɑsoʊ/
capcha	/ˈkɑptʃə/
capcom	/ˈkæpkəm/
cape	/ˈkeɪp/
cape-town	/ˈkeɪpˌtaʊn/
capece	/kəˈpis/
capeci	/kəˈpɛtʃi/
caped	/ˈkeɪpt/
capehart	/ˈkeɪpˌhɑɹt/
capek	/ˈkæpɪk/
capel	/ˈkeɪpəl/
capel's	/ˈkæpəlz/
capell	/kɑˈpeɪl/
capella	/kəˈpɛlə/
capelle	/kəˈpɛl/
capelli	/kəˈpɛli/
capello	/kəˈpɛloʊ/
capen	/ˈkeɪpən/
caper	/ˈkeɪpɚ/
capernaum	/kəˈpɝniəm/
capers	/ˈkeɪpɚz/
caperton	/ˈkeɪpɚtən/
capes	/ˈkeɪps/
capetillo	/kɑpɛˈtɪloʊ/
capetown	/ˈkeɪpˌtaʊn/
capillaries	/ˈkæpəˌlɛɹiz/
capillary	/ˈkæpəˌlɛɹi/
capistrano	/ˌkæpɪˈstɹɑnoʊ/
capita	/ˈkæpɪtə/
capital	/ˈkæpətəl/
capital's	/ˈkæpɪtəlz/
capitalism	/ˈkæpɪtəˌlɪzəm/
capitalism's	/ˈkæpətəˌlɪzəmz/
capitalist	/ˈkæpətəlɪst/
capitalistic	/ˌkæpɪtəˈlɪstɪk/
capitalists	/ˈkæpətəlɪsts/
capitalization	/ˌkæpɪtəlɪˈzeɪʃən/
capitalizations	/ˌkæpɪtəlɪˈzeɪʃənz/
capitalize	/ˈkæpətəˌlaɪz/
capitalized	/ˈkæpɪtəˌlaɪzd/
capitalizes	/ˈkæpətəˌlaɪzɪz/
capitalizing	/ˈkæpɪtəˌlaɪzɪŋ/
capitals	/ˈkæpətəlz/
capitan	/ˈkæpɪtən/
capitano	/kɑpiˈtɑnoʊ/
capito	/kɑˈpitoʊ/
capitol	/ˈkæpɪtəl/
capitol's	/ˈkæpɪtəlz/
capitoline	/ˈkæpɪˌtoʊˌlaɪn/
capitols	/ˈkæpɪtəlz/
capitulate	/kəˈpɪtʃulɪt/
capitulated	/kəˈpɪtʃəˌleɪtɪd/
capitulation	/kəˌpɪtʃəˈleɪʃən/
capizzi	/kɑˈpitsi/
caplan	/ˈkæplən/
caple	/ˈkeɪpəl/
caples	/ˈkeɪpəlz/
capley	/ˈkæpli/
caplin	/ˈkæplɪn/
caplinger	/ˈkeɪpəlɪŋɚ/
capo	/ˈkɑpoʊ/
capobianco	/kɑpoʊbiˈɑnkoʊ/
capon	/ˈkeɪˌpɑn/
capone	/kəˈpoʊn/
caponi	/kɑˈpoʊni/
caponigro	/kɑpoʊˈniɡɹoʊ/
caporale	/kɑpɔˈɹɑli/
caporaso	/kɑpɔˈɹɑsoʊ/
capote	/kəˈpoʊt/
capote's	/kəˈpoʊts/
capoten	/kəˈpoʊtən/
capozzi	/kəˈpɑzi/
capozzoli	/kɑpoʊtˈsoʊli/
capp	/ˈkæp/
cappa	/ˈkæpə/
cappadona	/kɑpɑˈdoʊnə/
capparelli	/kɑpɑˈɹɛli/
capped	/ˈkæpt/
cappel	/ˈkæpəl/
cappella	/kɑˈpɛlə/
cappelletti	/kɑpɛˈlɛti/
cappelli	/kɑˈpɛli/
cappello	/kɑˈpɛloʊ/
capper	/ˈkæpɚ/
cappetta	/kɑˈpɛtə/
cappiello	/kɑpiˈɛloʊ/
capping	/ˈkæpɪŋ/
cappo	/ˈkæpoʊ/
capps	/ˈkæps/
cappuccino	/ˌkæˌpuˈtʃinoʊ/
cappuccio	/kɑˈputʃioʊ/
cappy	/ˈkæpi/
cappy's	/ˈkæpiz/
capra	/ˈkæpɹə/
capraro	/kɑˈpɹɑɹoʊ/
caprese	/ˌkɑˈpɹeɪseɪ/
capri	/ˈkæpɹi/
capri's	/ˈkæpɹiz/
capriati	/ˌkæpɹiˈɑti/
capriati's	/ˌkæpɹiˈɑtiz/
caprica	/ˈkæpɹɪkə/
caprice	/kəˈpɹis/
caprices	/kəˈpɹisəz/
capricious	/kəˈpɹɪʃəs/
capriciously	/kəˈpɹɪʃɪsli/
capricorn	/ˈkæpɹəkɔɹn/
caprio	/ˈkæpɹioʊ/
capriotti	/kɑpɹiˈoʊti/
capron	/ˈkæpɹən/
caps	/ˈkæps/
capsaicin	/ˌkæpˈseɪsən/
capshaw	/ˈkæpˌʃɔ/
capsize	/ˈkæpˌsaɪz/
capsized	/ˈkæpˌsaɪzd/
capstan	/ˈkæpstən/
capstick	/ˈkæpˌstɪk/
capstone	/ˈkæpˌstoʊn/
capsule	/ˈkæpsəl/
capsules	/ˈkæpsəlz/
captain	/ˈkæptən/
captain's	/ˈkæptənz/
captaining	/ˈkæptənɪŋ/
captains	/ˈkæptənz/
caption	/ˈkæpʃən/
captioned	/ˈkæpʃənd/
captioning	/ˈkæpʃənɪŋ/
captions	/ˈkæpʃənz/
captivate	/ˈkæptɪˌveɪt/
captivated	/ˈkæptɪˌveɪtɪd/
captivates	/ˈkæptɪˌveɪts/
captivating	/ˈkæptɪˌveɪtɪŋ/
captive	/ˈkæptɪv/
captives	/ˈkæptɪvz/
captivity	/kæpˈtɪvəti/
captor	/ˈkæptɚ/
captors	/ˈkæptɚz/
capture	/ˈkæptʃɚ/
captured	/ˈkæptʃɚd/
captures	/ˈkæptʃɚz/
capturing	/ˈkæptʃɚɪŋ/
capua	/ˈkæpjuə/
capuano	/kɑpuˈɑnoʊ/
capulet	/ˈkæpuˌlɛt/
caput	/kəˈpʊt/
caputi	/kɑˈputi/
caputo	/kɑˈputoʊ/
capwell	/ˈkæpˌwɛl/
caq	/ˈkæk/
caq's	/ˈkæks/
car	/ˈkɑɹ/
car's	/ˈkɑɹz/
cara	/ˈkɛɹə/
cara's	/ˈkɛɹəz/
cara'veras	/ˌkɑɹəˈvɛɹəz/
carabajal	/kɚˈæbədʒəl/
caraballo	/ˌkæɹəˈbæloʊ/
carabello	/ˌkæɹəˈbɛloʊ/
caracara	/ˌkɑɹəˈkɑɹə/
caracas	/kɚˈɑkəs/
caracci	/kɑˈɹɑtʃi/
caracciolo	/kɑɹɑkˈtʃoʊloʊ/
caradine	/kɑɹɑˈdini/
caradonna	/kɑɹɑˈdoʊnə/
carafate	/ˈkɛɹəˌfeɪt/
carafe	/kəˈɹæf/
caraher	/ˈkæɹəhɚ/
caraker	/ˈkæɹəkɚ/
caramandi	/ˌkæɹəˈmɑndi/
caramel	/ˈkɛɹəməl/
caramelize	/ˈkɛɹəməˌlaɪz/
caramelized	/ˈkɛɹəməˌlaɪzd/
carangelo	/kɑɹɑŋˈɡɛloʊ/
carano	/kɑˈɹɑnoʊ/
caras	/ˈkɑɹəz/
carat	/ˈkɛɹət/
carats	/ˈkɛɹəts/
carava	/ˈkæɹəvə/
caravan	/ˈkæɹəˌvæn/
caravans	/ˈkæɹəˌvænz/
caravel	/ˈkɛɹəˌvɛl/
caravella	/ˌkæɹəˈvɛlə/
caravelle	/ˈkɛɹəˌvɛl/
caravello	/ˌkæɹəˈvɛloʊ/
caraveo	/kɑˈɹɑvioʊ/
carawan	/ˈkæɹəwæn/
caraway	/ˈkæɹəˌweɪ/
carb	/ˈkɑɹb/
carbajal	/kɑɹbɑˈjæl/
carballo	/kɑɹˈbɑloʊ/
carbary	/ˈkɑɹbɛɹi/
carbaugh	/ˈkɑɹˌbɔ/
carberry	/ˈkɑɹˌbɛɹi/
carberry's	/ˈkɑɹˌbɛɹiz/
carbide	/ˈkɑɹˌbaɪd/
carbide's	/ˈkɑɹˌbaɪdz/
carbin	/ˈkɑɹbɪn/
carbine	/ˈkɑɹˌbaɪn/
carbo	/ˈkɑɹboʊ/
carbohydrate	/ˌkɑɹboʊˈhaɪˌdɹeɪt/
carbohydrates	/ˌkɑɹboʊˈhaɪdɹeɪts/
carbon	/ˈkɑɹbən/
carbonara	/kɑɹboʊˈnɑɹə/
carbonaro	/kɑɹboʊˈnɑɹoʊ/
carbonate	/ˈkɑɹbəˌneɪt/
carbonated	/ˈkɑɹbəˌneɪtɪd/
carbonates	/ˈkɑɹbəˌneɪts/
carbondale	/ˈkɑɹbənˌdeɪl/
carbone	/ˈkɑɹˌboʊn/
carbonell	/ˌkɑɹbəˈnɛl/
carbonetto	/ˌkɑɹboʊˈnɛtoʊ/
carboni	/kɑɹˈboʊni/
carbonic	/kɑɹˈbɔnɪk/
carboniferous	/ˌkɑɹbəˈnɪfɚəs/
carbonize	/ˈkɑɹbəˌnaɪz/
carbonized	/ˈkɑɹbəˌnaɪzd/
carbonneau	/ˈkɑɹbəˌnoʊ/
carbons	/ˈkɑɹbənz/
carborundum	/ˌkɑɹbɚˈʌndəm/
carboxylic	/kɑɹbɔkˈsɪlɪk/
carboy	/ˈkɑɹˌbɔɪ/
carbs	/ˈkɑɹbz/
carburete	/ˈkɑɹbjɚˌɛt/
carbureted	/ˈkɑɹbjɚˌɛtɪd/
carburetion	/ˌkɑɹbjɚˈiʃən/
carburetor	/ˈkɑɹbɚˌeɪtɚ/
carburetors	/ˈkɑɹbɚˌeɪtɚz/
carby	/ˈkɑɹˌbi/
carcass	/ˈkɑɹkəs/
carcasses	/ˈkɑɹkəsɪz/
carcinogen	/kɑɹˈsɪnədʒən/
carcinogenic	/ˌkɑɹsənoʊˈdʒɛnɪk/
carcinogens	/kɑɹˈsɪnədʒənz/
carcinoma	/ˌkɑɹsəˈnoʊmə/
carcione	/kɑɹˈtʃoʊni/
card	/ˈkɑɹd/
card's	/ˈkɑɹdz/
carda	/ˈkɑɹdə/
cardamom	/ˈkɑɹdəməm/
cardarelli	/kɑɹdɑˈɹɛli/
cardassian	/kəɹˈdɑsiən/
cardassians	/kəɹˈdɑsiənz/
cardboard	/ˈkɑɹdˌbɔɹd/
cardboards	/ˈkɑɹdˌbɔɹdz/
carded	/ˈkɑɹdɪd/
cardell	/kɑɹˈdeɪl/
cardella	/ˌkɑɹˈdɛlə/
cardello	/ˌkɑɹˈdɛloʊ/
carden	/ˈkɑɹdən/
cardenas	/kɑɹˈdinəs/
cardenas's	/kɑɹˈdinəsɪz/
carder	/ˈkɑɹdɚ/
cardholder	/ˈkɑɹdˌhoʊldɚ/
cardholders	/ˈkɑɹdˌhoʊldɚz/
cardia	/ˈkɑɹdiə/
cardiac	/ˈkɑɹdiˌæk/
cardiel	/ˈkɑɹˌdil/
cardiff	/ˈkɑɹdɪf/
cardigan	/ˈkɑɹdɪɡən/
cardigans	/ˈkɑɹdɪɡənz/
cardiges	/ˈkɑɹdɪdʒɪz/
cardillo	/ˌkɑɹˈdɪloʊ/
cardin	/ˈkɑɹdɪn/
cardinal	/ˈkɑɹdənəl/
cardinal's	/ˈkɑɹdənəlz/
cardinale	/kɑɹdiˈnɑli/
cardinali	/kɑɹdiˈnɑˌli/
cardinals	/ˈkɑɹdənəlz/
cardinals'	/ˈkɑɹdɪnəlz/
cardio	/ˈkɑɹdioʊ/
cardiologist	/ˌkɑɹdiˈɑlədʒɪst/
cardiologists	/ˌkɑɹdiˈɑlədʒɪsts/
cardiology	/ˌkɑɹdiˈɑlədʒi/
cardiomyopathy	/ˌkɑɹdioʊmaɪˈɑpəθi/
cardiopulmonary	/ˌkɑɹdioʊˈpʊlməˌnɛɹi/
cardiovascular	/ˌkɑɹdioʊˈvæskjəlɚ/
cardis	/ˈkɑɹdɪs/
cardiss	/ˈkɑɹdɪs/
cardizem	/ˌkɑɹdɪˈzɛm/
cardoen	/ˈkɑɹˌdoʊən/
cardon	/kɑɹˈdɔn/
cardona	/kɑɹˈdoʊnə/
cardone	/kɑɹˈdoʊni/
cardoni	/kɑɹˈdoʊni/
cardoon	/kɑɹˈdun/
cardosa	/kɑɹˈdoʊsə/
cardosi	/kɑɹˈdoʊsi/
cardoso	/kɑɹˈdoʊsoʊ/
cardoso's	/kɑɹˈdoʊsoʊz/
cardoza	/kɑɹˈdoʊzə/
cardozo	/kɑɹˈdoʊzoʊ/
cards	/ˈkɑɹdz/
cards'	/ˈkɑɹdz/
carducci	/kɑɹˈdutʃi/
cardwell	/ˈkɑɹˌdwɛl/
cardy	/ˈkɑɹdi/
care	/ˈkɛɹ/
care's	/ˈkɛɹz/
cared	/ˈkɛɹd/
careen	/kɚˈin/
careened	/kɚˈind/
careening	/kɚˈinɪŋ/
careens	/kɚˈinz/
career	/kɚˈɪɹ/
careercom	/kɚˈɪɹkɑm/
careering	/kɚˈɪɹɪŋ/
careerism	/kɚˈiɹɪzəm/
careerist	/kɚˈɪɹɪst/
careerists	/kɚˈɪɹɪsts/
careers	/kɚˈɪɹz/
carefree	/ˈkɛɹˌfɹi/
careful	/ˈkɛɹfəl/
carefully	/ˈkɛɹfəli/
carefulness	/ˈkɛɹfəlˌnɛs/
caregiver	/ˈkɛɹˌɡɪvɚ/
caregivers	/ˈkɛɹˌɡɪvɚz/
caregiving	/ˈkɛɹˌɡɪvɪŋ/
carel	/kɑˈɹɛl/
careless	/ˈkɛɹləs/
carelessly	/ˈkɛɹləsli/
carelessness	/ˈkɛɹləsnəs/
carella	/kɑˈɹɛlɑ/
carelli	/kɑˈɹɛli/
carello	/ˌkɛˈɹɛloʊ/
carelock	/ˈkæɹɪlɑk/
caremark	/ˈkɛɹˌmɑɹk/
caremark's	/ˈkɛɹˌmɑɹks/
carena	/ˌkɛˈɹinɑ/
careplus	/ˈkɛɹˈplʌs/
carer	/ˈkɛɹɚ/
cares	/ˈkɛɹz/
caress	/kɚˈɛs/
caresse	/ˈkɑɹɛs/
caressed	/kɚˈɛst/
caresses	/kɚˈɛsɪz/
caressing	/kɚˈɛsɪŋ/
caretaker	/ˈkɛɹˌteɪkɚ/
caretakers	/ˈkɛɹˌteɪkɚz/
careunit	/ˈkɛɹˌjunɪt/
careunits	/ˈkɛɹˌjunɪts/
carew	/ˈkæɹu/
carey	/ˈkɛɹi/
carey's	/ˈkɛɹiz/
carfagno	/kɑɹˈfɑɡnoʊ/
carfora	/kɑɹˈfɔɹɑ/
cargal	/kɑɹˈɡæl/
cargile	/ˈkɑɹdʒəl/
cargill	/ˈkɑɹˌɡɪl/
cargo	/ˈkɑɹˌɡoʊ/
cargo's	/ˈkɑɹˌɡoʊz/
cargoes	/ˈkɑɹˌɡoʊz/
cargonoff	/ˈkɑɹɡəˌnɔf/
cargos	/ˈkɑɹˌɡoʊz/
carhart	/ˈkɑɹˌhɑɹt/
caribbean	/kɚˈɪbiən/
caribe	/ˌkɛˈɹib/
caribou	/ˈkɛɹɪˌbu/
caricature	/ˈkɛɹəkətʃɚ/
caricatured	/kɚˈɪkətʃɚd/
caricatures	/kɚˈɪkətʃɚz/
caricaturist	/ˈkɛɹəkətʃɚəst/
carico	/kɑˈɹikoʊ/
caricom	/ˈkɛɹɪˌkɑm/
caricom's	/ˈkɛɹɪˌkɑmz/
caridad	/ˈkæɹəˌdæd/
caridi	/kɑˈɹidi/
carie	/ˈkɛɹi/
cariello	/kɑɹiˈɛloʊ/
carignan	/ˈkæɹɪɡnən/
cariker	/ˈkæɹɪkɚ/
carilla	/kɑˈɹɪlɑ/
carillo	/kɑˈɹɪloʊ/
carillon	/ˈkɛɹəˌlɑn/
carilou	/ˌkɛɹəˈlu/
carin	/ˈkæɹɪn/
carine	/kɑˈɹini/
caring	/ˈkɛɹɪŋ/
carini	/kɑˈɹini/
carinii	/ˌkɛˈɹini/
carino	/kɑˈɹinoʊ/
carioca	/ˌkɛɹiˈoʊkə/
caris	/ˈkæɹɪs/
carisbrook	/ˈkɛɹɪsˌbɹʊk/
carissa	/kɑˈɹisə/
carita	/kɑˈɹitə/
carithers	/ˈkæɹɪðɚz/
carjack	/ˈkɑɹˌdʒæk/
carjacked	/ˈkɑɹˌdʒækt/
carjacker	/ˈkɑɹˌdʒækɚ/
carjacker's	/ˈkɑɹˌdʒækɚz/
carjackers	/ˈkɑɹˌdʒækɚz/
carjacking	/ˈkɑɹˌdʒækɪŋ/
carjackings	/ˈkɑɹˌdʒækɪŋz/
carjacks	/ˈkɑɹˌdʒæks/
carkhuff	/ˈkɑɹkhəf/
carl	/ˈkɑɹl/
carl's	/ˈkɑɹlz/
carla	/ˈkɑɹlɑ/
carla's	/ˈkɑɹləz/
carlan	/ˈkɑɹlən/
carland	/ˈkɑɹlənd/
carlberg	/ˈkɑɹlbɚɡ/
carle	/ˈkɑɹəl/
carleen	/kɑɹˈlin/
carlen	/ˈkɑɹlən/
carlene	/ˈkɑɹˌlin/
carles	/ˈkɑɹlz/
carleton	/ˈkɑɹltən/
carley	/ˈkɑɹli/
carli	/ˈkɑɹli/
carlile	/ˈkɑɹˌlaɪl/
carlin	/ˈkɑɹlɪn/
carlin's	/ˈkɑɹlɪnz/
carliner	/ˈkɑɹˌlaɪnɚ/
carling	/ˈkɑɹlɪŋ/
carling's	/ˈkɑɹlɪŋz/
carlini	/kɑɹˈlini/
carlino	/kɑɹˈlinoʊ/
carlisi	/kɑɹˈlisi/
carlisle	/ˈkɑɹˌlaɪl/
carlita	/kɑɹˈlitɑ/
carlito	/kɑɹˈlitoʊ/
carlito's	/kɑɹˈlitoʊz/
carll	/ˈkɑɹl/
carlo	/ˈkɑɹloʊ/
carload	/ˈkɑɹˌloʊd/
carloading	/ˈkɑɹˌloʊdɪŋ/
carloadings	/ˈkɑɹˌloʊdɪŋz/
carloads	/ˈkɑɹˌloʊdz/
carlock	/ˈkɑɹˌlɑk/
carlon	/ˈkɑɹlən/
carlone	/kɑɹˈloʊni/
carloni	/kɑɹˈloʊni/
carlos	/ˈkɑɹloʊs/
carlotta	/kɑɹˈlɔtɑ/
carlough	/ˈkɑɹloʊ/
carlow	/ˈkɑɹˌloʊ/
carls	/ˈkɑɹlz/
carlsbad	/ˈkɑɹlsbæd/
carlsberg	/ˈkɑɹlzbɚɡ/
carlsen	/ˈkɑɹlsən/
carlson	/ˈkɑɹlsən/
carlson's	/ˈkɑɹlsənz/
carlsson	/ˈkɑɹlsən/
carlstadt	/ˈkɑɹlˌstæt/
carlston	/ˈkɑɹlstən/
carlstrom	/ˈkɑɹlstɹəm/
carlton	/ˈkɑɹltən/
carlton's	/ˈkɑɹltənz/
carlucci	/kɑɹˈlutʃi/
carly	/ˈkɑɹli/
carlyle	/ˈkɑɹˌlaɪl/
carlyle's	/kɑɹˈlaɪlz/
carlyon	/ˈkɑɹliɑn/
carlzon	/ˈkɑɹlzɑn/
carma	/ˈkɑɹmɑ/
carmack	/ˈkɑɹmək/
carmaker	/ˈkɑɹˌmeɪkɚ/
carmaker's	/ˈkɑɹˌmeɪkɚz/
carmakers	/ˈkɑɹˌmeɪkɚz/
carmakers'	/ˈkɑɹˌmeɪkɚz/
carman	/ˈkɑɹmən/
carmany	/ˈkɑɹməˌni/
carmean	/ˈkɑɹˌmiən/
carmel	/kɑɹˈmɛl/
carmela	/kɑɹˈmɛlɑ/
carmelita	/kɑɹməˈlitɑ/
carmelite	/ˈkɑɹməˌlaɪt/
carmelo	/kɑɹˈmɛloʊ/
carmen	/ˈkɑɹmən/
carmer	/ˈkɑɹmɚ/
carmical	/ˈkɑɹmɪkəl/
carmichael	/ˈkɑɹˌmaɪkəl/
carmickle	/ˈkɑɹmɪkəl/
carmie	/ˈkɑɹˌmi/
carmike	/ˈkɑɹˌmaɪk/
carmine	/ˈkɑɹmən/
carmita	/kɑɹˈmitɑ/
carmody	/ˈkɑɹmədi/
carmon	/ˈkɑɹmən/
carmona	/kɑɹˈmoʊnɑ/
carmony	/ˈkɑɹmoʊˌni/
carmouche	/kɑɹˈmuʃ/
carmoy	/ˈkɑɹmɔɪ/
carmy	/ˈkɑɹmi/
carn	/ˈkɑɹn/
carnage	/ˈkɑɹnɪdʒ/
carnahan	/ˈkɑɹnəhæn/
carnahan's	/ˈkɑɹnəhænz/
carnal	/ˈkɑɹnəl/
carnathan	/ˈkɑɹnəθæn/
carnation	/kɑɹˈneɪʃən/
carnations	/kɑɹˈneɪʃənz/
carnauba	/kɑɹˈnɔbɑ/
carnaud	/kɑɹˈnɔ/
carne	/ˈkɑɹn/
carneal	/ˈkɑɹnəl/
carnegie	/ˈkɑɹnəɡi/
carnegie-mellon	/ˈkɑɹnəɡiˈmɛlən/
carnegie's	/ˈkɑɹnəɡiz/
carnegies	/ˈkɑɹnəɡiz/
carneiro	/kɑɹˈnɛɹoʊ/
carnell	/ˈkɑɹnəl/
carner	/ˈkɑɹnɚ/
carnes	/ˈkɑɹnz/
carnett	/ˈkɑɹnət/
carnevale	/kɑɹneɪˈvɑleɪ/
carney	/ˈkɑɹni/
carnicero	/ˌkɑɹnɪˈsɛɹoʊ/
carnine	/kɑɹˈnini/
carnival	/ˈkɑɹnəvəl/
carnival's	/ˈkɑɹnəvəlz/
carnivals	/ˈkɑɹnəvəlz/
carnivore	/ˈkɑɹnɪˌvɔɹ/
carnivores	/ˈkɑɹnəˌvɔɹz/
carnivorous	/kɑɹˈnɪvɚəs/
carnley	/ˈkɑɹnli/
carns	/ˈkɑɹnz/
caro	/ˈkɑɹoʊ/
carob	/ˈkɛɹəb/
caroche	/kɚˈoʊtʃ/
carol	/ˈkæɹəl/
carol's	/ˈkɛɹəlz/
carolan	/ˈkɛɹəlæn/
carolco	/kɚˈɑlkoʊ/
carolco's	/ˈkɛɹəlˌkoʊz/
carole	/ˈkæɹəl/
carolina	/ˌkɛɹəˈlaɪnə/
carolina's	/ˌkɛɹəˈlaɪnəz/
carolinas	/ˌkɛɹəˈlaɪnəz/
caroline	/ˈkɛɹəˌlaɪn/
caroline's	/ˈkɛɹəˌlaɪnz/
carolingian	/ˌkɛɹəˈlɪndʒiən/
carolinian	/ˌkɛɹoʊˈlɪniən/
carolinians	/ˌkɛɹəˈlɪniənz/
carollan	/kɚˈɑlən/
carollo	/kɚˈɑloʊ/
carols	/ˈkɛɹəlz/
carolus	/ˈkɛɹələs/
carolyn	/ˈkɛɹəlɪn/
carolyne	/ˈkɛɹəlɪn/
caron	/kɑˈɹɔn/
carone	/kɚˈoʊn/
caronna	/kɚˈɑnə/
carosella	/kɑɹoʊˈsɛlə/
caroselli	/kɑɹoʊˈsɛli/
carosi	/kɚˈoʊsi/
carota	/kɚˈoʊtə/
carotene	/ˈkɛɹəˌtin/
carotenes	/ˈkɛɹəˌtinz/
carotenuto	/kɑɹoʊtɛˈnutoʊ/
carothers	/ˈkæɹəðɚz/
carotid	/kɚˈɑtɪd/
carouse	/kɚˈaʊz/
carousel	/ˈkɛɹəˌsɛl/
carousing	/kɚˈaʊzɪŋ/
carow	/ˈkæɹoʊ/
carozza	/kɚˈɑzə/
carp	/ˈkɑɹp/
carpal	/ˈkɑɹpəl/
carpe-diem	/ˈkɑɹpəˈdiəm/
carpencic	/kɑɹˈpɛntʃɪk/
carpencic's	/kɑɹˈpɛntʃɪks/
carpenito	/kɑɹpɛˈnitoʊ/
carpenter	/ˈkɑɹpəntɚ/
carpenter's	/ˈkɑɹpəntɚz/
carpenters	/ˈkɑɹpəntɚz/
carpentier	/ˈkɑɹpəntiɚ/
carpentieri	/kɑɹpɛnˈtɪɹi/
carpentry	/ˈkɑɹpəntɹi/
carper	/ˈkɑɹpɚ/
carpet	/ˈkɑɹpət/
carpetbagger	/ˈkɑɹpətˌbæɡɚ/
carpetbaggers	/ˈkɑɹpətˌbæɡɚz/
carpeted	/ˈkɑɹpətɪd/
carpeting	/ˈkɑɹpətɪŋ/
carpets	/ˈkɑɹpəts/
carpinelli	/kɑɹpiˈnɛli/
carping	/ˈkɑɹpɪŋ/
carpino	/kɑɹˈpinoʊ/
carpio	/ˈkɑɹpioʊ/
carpool	/ˈkɑɹˌpul/
carport	/ˈkɑɹˌpɔɹt/
carports	/ˈkɑɹˌpɔɹts/
carr	/ˈkɑɹ/
carr's	/ˈkɑɹz/
carra	/ˈkɑɹə/
carragher	/ˈkæɹəɡɚ/
carraher	/ˈkæɹəhɚ/
carranco	/kɑˈɹɑnkoʊ/
carrano	/ˌkɑˈɹɑnoʊ/
carranza	/kɑˈɹɑnzə/
carrara	/ˌkɑˈɹɑɹə/
carras	/ˈkæɹəz/
carrasco	/kɑˈɹɑskoʊ/
carrasquel	/ˌkɛɹəˈskɛl/
carrasquillo	/ˌkɛɹəˈskɪloʊ/
carraway	/ˈkæɹəˌweɪ/
carrawell	/ˈkɛɹəwɛl/
carre	/ˈkɑɹ/
carreira	/kɑˈɹɛɹɑ/
carreiro	/kɑˈɹɛɹoʊ/
carreker	/ˈkɛɹɪkɚ/
carrel	/ˈkæɹəl/
carrell	/kɑˈɹeɪl/
carreno	/kɑˈɹɛˌnoʊ/
carreon	/kɑɹeɪˈɔn/
carrera	/kɑˈɹɛˌɹɑ/
carreras	/kɑˈɹɛˌɹɑz/
carrere	/kɑˈɹɛɹeɪ/
carrero	/ˌkɑˈɹɛɹoʊ/
carretta	/kɑˈɹɛtə/
carrey	/ˈkɛɹi/
carrey's	/ˈkæɹiz/
carriage	/ˈkæɹɪdʒ/
carriages	/ˈkæɹɪdʒɪz/
carrian	/ˈkɛɹiən/
carrian's	/ˈkæɹiənz/
carribean	/kɚˈɪˌbiən/
carrick	/ˈkɛɹɪk/
carrico	/kɑˈɹikoʊ/
carrie	/ˈkɛɹi/
carried	/ˈkæɹid/
carrier	/ˈkæɹiɚ/
carrier's	/ˈkæɹiɚz/
carriere	/kɑˈɹɪɹi/
carriero	/kɑˈɹɪɹoʊ/
carriers	/ˈkæɹiɚz/
carriers'	/ˈkɛɹiɚz/
carriers's	/ˈkæɹiɚzɪz/
carries	/ˈkæɹiz/
carrig	/ˈkæɹɪɡ/
carrigan	/ˈkæɹɪɡən/
carriger	/ˈkæɹɪdʒɚ/
carrigg	/ˈkæɹɪɡ/
carriker	/ˈkæɹɪkɚ/
carrillo	/kɚˈɪloʊ/
carringer	/ˈkæɹɪŋɚ/
carrington	/ˈkɛɹɪŋtən/
carrington's	/ˈkɛɹɪŋtənz/
carrino	/ˌkɑˈɹinoʊ/
carrion	/ˈkɛɹiən/
carris	/ˈkæɹɪs/
carrisyn	/ˈkæɹɪsɪn/
carrithers	/ˈkæɹɪðɚz/
carriveau	/ˈkæɹɪˌvoʊ/
carrizales	/kɑɹiˈzɑlɛs/
carro	/ˈkɑɹoʊ/
carrol	/ˈkæɹəl/
carroll	/ˈkæɹəl/
carroll's	/ˈkæɹəlz/
carrollton	/ˈkɛɹəltən/
carron	/ˈkæɹən/
carrot	/ˈkæɹət/
carrothers	/ˈkæɹəðɚz/
carrots	/ˈkæɹəts/
carrousel	/ˈkɛɹəˌsɛl/
carrow	/ˈkæɹoʊ/
carrozza	/kɑˈɹoʊzə/
carrubba	/ˌkɑˈɹubə/
carruth	/ˈkæɹuθ/
carruthers	/kɚˈʌðɚz/
carry	/ˈkæɹi/
carryanne	/ˈkæɹiˈæn/
carryforward	/ˈkɛɹiˌfɔɹwɚd/
carryforwards	/ˈkɛɹiˌfɔɹwɚdz/
carrying	/ˈkæɹiɪŋ/
carryover	/ˈkɛɹˌjoʊvɚ/
cars	/ˈkɑɹz/
cars'	/ˈkɑɹz/
carse	/ˈkɑɹs/
carsey	/ˈkɑɹsi/
carsick	/ˈkɑɹsɪk/
carson	/ˈkɑɹsən/
carson's	/ˈkɑɹsənz/
carstarphen	/kɑɹˈstɑɹfən/
carsten	/ˈkɑɹstən/
carstens	/ˈkɑɹstənz/
carstensen	/kɑɹˈstɛnsən/
carswell	/ˈkɑɹˌswɛl/
cart	/ˈkɑɹt/
carta	/ˈkɑɹtə/
cartagena	/ˌkɑɹtəˈdʒinə/
cartaya	/ˌkɑɹˈtaɪə/
carte	/ˈkɑɹt/
carted	/ˈkɑɹtɪd/
cartee	/ˈkɑɹˈti/
cartel	/kɑɹˈtɛl/
cartel's	/kɑɹˈtɛlz/
cartels	/kɑɹˈtɛlz/
carter	/ˈkɑɹtɚ/
carter's	/ˈkɑɹtɚz/
cartera	/ˌkɑɹˈtɛɹə/
carteret	/ˈkɑɹtɚɪt/
carteret's	/ˌkɑɹtɚˈɛts/
carters	/ˈkɑɹtɚz/
cartersville	/ˈkɑɹtɚzˌvɪl/
cartesian	/kɑɹˈtiʒən/
carthage	/ˈkɑɹθədʒ/
carthaginian	/ˌkɑɹθəˈdʒɪniən/
cartier	/ˈkɑɹtiɚ/
cartilage	/ˈkɑɹtələdʒ/
carting	/ˈkɑɹtɪŋ/
cartland	/ˈkɑɹtlənd/
cartledge	/ˈkɑɹtˌlɛdʒ/
cartlidge	/ˈkɑɹtlɪdʒ/
cartmell	/kɑɹtˈmeɪl/
cartmill	/ˈkɑɹtˌmɪl/
cartner	/ˈkɑɹtnɚ/
carton	/ˈkɑɹtən/
cartoneros	/ˌkɑɹˌtoʊˈnɛɹoʊs/
cartonnage	/ˈkɑɹtənədʒ/
cartons	/ˈkɑɹtənz/
cartoon	/kɑɹˈtun/
cartooning	/kɑɹˈtunɪŋ/
cartoonist	/kɑɹˈtunəst/
cartoonists	/kɑɹˈtunɪsts/
cartoons	/kɑɹˈtunz/
cartrette	/ˌkɑɹˈtɹɛt/
cartridge	/ˈkɑɹtɹədʒ/
cartridges	/ˈkɑɹtɹədʒəz/
carts	/ˈkɑɹts/
cartusciello	/kɑɹˌtusiˈɛloʊ/
cartwheel	/ˈkɑɹˌtwil/
cartwheels	/ˈkɑɹˌtwilz/
cartwright	/ˈkɑɹˌtɹaɪt/
carty	/ˈkɑɹti/
caruana	/kɑɹuˈænə/
carucci	/kɑˈɹutʃi/
caruso	/kɚˈusoʊ/
carusone	/kɑɹuˈsoʊni/
caruth	/ˈkæɹuθ/
caruthers	/kɚˈʌðɚz/
carvajal	/kɑɹvɑˈjæl/
carvalho	/kɑɹˈvɑlhoʊ/
carve	/ˈkɑɹv/
carved	/ˈkɑɹvd/
carvel	/kɑɹˈvɛl/
carvell	/kɑɹˈveɪl/
carver	/ˈkɑɹvɚ/
carver's	/ˈkɑɹvɚz/
carvers	/ˈkɑɹvɚz/
carves	/ˈkɑɹvz/
carvey	/ˈkɑɹvi/
carville	/ˈkɑɹˌvɪl/
carville's	/ˈkɑɹˌvɪlz/
carvin	/ˈkɑɹvɪn/
carving	/ˈkɑɹvɪŋ/
carvings	/ˈkɑɹvɪŋz/
carwell	/ˈkɑɹˌwɛl/
carwile	/ˈkɑɹˌwaɪl/
cary	/ˈkɛɹi/
caryl	/ˈkɛɹəl/
caryn	/ˈkɑɹɪn/
cas	/ˈkæs/
casa	/ˈkɑsə/
casablanca	/ˌkæsəˈblæŋkə/
casad	/ˈkæsəd/
casada	/kɑˈsɑdɑ/
casado	/kɑˈsɑdoʊ/
casados	/kɑˈsɑdoʊz/
casady	/kəˈsɑˌdi/
casagrande	/kɑˈsɑɡɹændi/
casal	/kɑˈsɑl/
casale	/kɑˈsɑli/
casali	/kɑˈsɑli/
casalino	/kɑsɑˈlinoʊ/
casals	/kɑˈsɑlz/
casamento	/ˌkæsəˈmɛntoʊ/
casanova	/ˌkæsəˈnoʊvɑ/
casares	/kɑˈsɑɹɛs/
casarez	/kɑˈsɑɹɛz/
casas	/ˈkɑsəz/
casassa	/kɑˈsɑsə/
casaus	/ˈkæsɔz/
casavant	/ˈkæsəvənt/
casazza	/kɑˈsɑtsə/
casbah	/ˈkæsbə/
cascade	/kæˈskeɪd/
cascade's	/kæˈskeɪdz/
cascaded	/kæˈskeɪdɪd/
cascades	/kæˈskeɪdz/
cascades'	/kæˈskeɪdz/
cascading	/kæˈskeɪdɪŋ/
casciano	/kɑstʃiˈɑnoʊ/
casciato	/kɑsˈtʃɑtoʊ/
cascio	/ˈkæsioʊ/
casco	/ˈkæskoʊ/
cascone	/kɑˈskoʊni/
casdorph	/ˈkæsdɚf/
case	/ˈkeɪs/
case's	/ˈkeɪsɪz/
casebeer	/kæsɪˈbɪɹ/
casebier	/ˈkæsɪbiɚ/
casebolt	/ˈkeɪsˌboʊlt/
casein	/keɪˈsin/
casella	/kəˈsɛlə/
caselli	/kəˈsɛli/
caseload	/ˈkeɪˌsloʊd/
caseloads	/ˈkæsəˌloʊdz/
casera	/kəˈsɛɹə/
caserta	/kɑˈsɛɹtə/
cases	/ˈkeɪsəz/
casesa	/kəˈsɛsə/
casework	/ˈkeɪˌswɝk/
caseworker	/ˈkeɪˌswɝkɚ/
caseworkers	/ˈkeɪˌswɝkɚz/
casey	/ˈkeɪsi/
casey's	/ˈkeɪsiz/
caseze	/kəˈsizi/
caseze's	/kəˈsiziz/
casgrain	/ˈkæsˌɡɹeɪn/
cash	/ˈkæʃ/
cashatt	/ˈkæʃət/
cashdollar	/ˈkæʃˌdɑlɚ/
cashed	/ˈkæʃt/
cashen	/ˈkæʃən/
casher	/ˈkæʃɚ/
cashes	/ˈkæʃɪz/
cashew	/ˈkæˌʃu/
cashews	/ˈkæˌʃuz/
cashflow	/ˈkæʃˌfloʊ/
cashflows	/ˈkæʃˌfloʊz/
cashier	/kæˈʃɪɹ/
cashier's	/kæˈʃɪɹz/
cashiered	/kæˈʃɪɹd/
cashiers	/ˌkæˈʃɪɹz/
cashin	/ˈkæʃɪn/
cashing	/ˈkæʃɪŋ/
cashion	/kɑˈʃin/
cashless	/ˈkæʃləs/
cashman	/ˈkæʃmən/
cashmere	/ˈkæʒmɪɹ/
cashmeres	/ˈkæʒmɪɹz/
cashmore	/ˈkæʃmɔɹ/
cashon	/ˈkæʃən/
cashway	/ˈkæʃˌweɪ/
cashways	/ˈkæʃˌweɪz/
cashwell	/ˈkæʃˌwɛl/
casiano	/kɑsiˈɑnoʊ/
casias	/kɑˈsiəz/
casillas	/kɑˈsɪləz/
casillo	/kəˈsɪloʊ/
casimir	/ˈkæsɪˌmiɹ/
casimiro	/kɑsiˈmɪɹoʊ/
casing	/ˈkeɪsɪŋ/
casings	/ˈkeɪsɪŋz/
casino	/kəˈsinoʊ/
casino's	/kəˈsinoʊz/
casinos	/kəˈsinoʊz/
casio	/ˈkæsioʊ/
cask	/ˈkæsk/
casket	/ˈkæskət/
caskets	/ˈkæskəts/
caskey	/ˈkæski/
casks	/ˈkæsks/
casler	/ˈkæsəlɚ/
caslin	/ˈkæslɪn/
casner	/ˈkæsnɚ/
caso	/ˈkɑsoʊ/
casola	/kɑˈsoʊlə/
cason	/ˈkæsən/
caspar	/ˈkæspɚ/
casper	/ˈkæspɚ/
casper's	/ˈkæspɚz/
caspers	/ˈkæspɚz/
caspersen	/ˈkæspɚsən/
casperson	/ˈkæspɚsən/
caspian	/ˈkæspiən/
cass	/ˈkæs/
cassada	/kɑˈsɑdə/
cassaday	/ˈkæsəˌdeɪ/
cassady	/ˈkæsədi/
cassandra	/kəˈsændɹə/
cassandras	/kəˈsændɹəs/
cassani	/kɑˈsɑni/
cassano	/kɑˈsɑnoʊ/
cassar	/ˈkæsɚ/
cassara	/kɑˈsɑɹə/
cassarino	/kɑsɑˈɹinoʊ/
cassaro	/kɑˈsɑɹoʊ/
cassata	/kɑˈsɑtə/
cassatt	/ˈkæsət/
cassavetes	/ˌkæsəˈvitiz/
casseb	/ˈkæsəb/
cassedy	/ˈkæsɪdi/
cassel	/ˈkæsəl/
casselberry	/ˈkæsəlˌbɛɹi/
cassell	/ˈkæsɛl/
cassella	/kɑˈsɛlə/
cassells	/ˈkæsəlz/
casselman	/ˈkæsəlmən/
cassels	/ˈkæsəlz/
cassens	/ˈkæsənz/
casserly	/ˈkæsɚli/
casserole	/ˈkæsɚˌoʊl/
cassese	/kɑˈseɪzi/
cassetta	/kɑˈsɛtə/
cassette	/kəˈsɛt/
cassettes	/kəˈsɛts/
cassetty	/ˈkæsɪti/
cassia	/ˈkæʃiə/
cassiday	/ˈkæsideɪ/
cassidy	/ˈkæsɪdi/
cassidy's	/ˈkæsɪdiz/
cassie	/ˈkæsi/
cassin	/ˈkæsɪn/
cassinelli	/kɑsiˈnɛli/
cassini	/kəˈsini/
cassini's	/kəˈsiniz/
cassino	/kəˈsinoʊ/
cassiopeia	/ˌkʌsiəˈpiə/
cassis	/ˈkæsɪs/
cassity	/ˈkæsɪti/
casso	/ˈkæsoʊ/
cassock	/ˈkæsək/
casson	/ˈkæsən/
cassone	/kɑˈsoʊni/
cassoni	/kəˈsoʊni/
cassoni's	/kəˈsoʊniz/
cassowary	/ˈkæsəˌwɛɹi/
casstevens	/ˌkæˈstivənz/
cast	/ˈkæst/
casta	/ˈkæstə/
castagna	/kɑˈstɑɡnə/
castagno	/kɑˈstɑɡnoʊ/
castagnola	/kɑstɑɡˈnoʊlə/
castaldi	/kɑˈstɑldi/
castaldo	/kɑˈstɑldoʊ/
castaneda	/kɑstɑˈnɛdə/
castano	/kɑˈstɑnoʊ/
castanon	/ˈkæstənɑn/
castaway	/ˈkæstəˌweɪ/
castaways	/ˈkæstəˌweɪz/
caste	/ˈkæst/
casteel	/ˈkeɪstil/
casteen	/kəˈstin/
castel	/ˈkeɪstəl/
castell	/ˈkeɪstəl/
castellana	/kɑstɛˈlænə/
castellani	/kɑstɛˈlɑni/
castellano	/kɑstɛˈlɑnoʊ/
castellanos	/kɑsteɪˈlɑnoʊz/
castellaw	/ˈkeɪstɪlɔ/
castelli	/kɑˈstɛli/
castello	/kəˈstɛloʊ/
castellon	/ˈkeɪstɪlɑn/
castellucci	/kɑstɛˈlutʃi/
castelluccio	/kɑstɛˈlutʃioʊ/
castellvi	/kəˈstɛlvi/
castelo	/kɑˈstɛloʊ/
casten	/ˈkæstən/
caster	/ˈkæstɚ/
casterline	/ˈkæstɚˌlaɪn/
casters	/ˈkæstɚz/
castes	/ˈkæsts/
castigate	/ˈkæstəˌɡeɪt/
castigated	/ˈkæstəˌɡeɪtɪd/
castigates	/ˈkæstəˌɡeɪts/
castigating	/ˈkæstəˌɡeɪtɪŋ/
castiglia	/kɑˈstiɡliə/
castiglione	/kɑstiɡliˈoʊni/
castile	/ˌkæˈstaɪl/
castilla	/kɑˈstɪlə/
castille	/ˌkæˈstɪl/
castilleja	/kɑstiˈleɪjə/
castillo	/ˌkæˈstioʊ/
castillon	/ˈkæstɪlɑn/
castine	/kɑˈstini/
casting	/ˈkæstɪŋ/
castings	/ˈkæstɪŋz/
castio	/kæˈstioʊ/
castle	/ˈkæsəl/
castle's	/ˈkæsəlz/
castleberry	/ˈkæsəlˌbɛɹi/
castleman	/ˈkæsəlmən/
castles	/ˈkæsəlz/
castner	/ˈkæstnɚ/
casto	/ˈkæstoʊ/
castoff	/ˈkæˌstɔf/
castoffs	/ˈkæˌstɔfs/
caston	/ˈkæstən/
castonguay	/kəˈstɑŋɡeɪ/
castor	/ˈkæstɚ/
castorena	/ˈkɑstɔɹnə/
castoro	/kɑˈstɔɹoʊ/
castpart	/ˈkæstˌpɑɹt/
castparts	/ˈkæstˌpɑɹts/
castrate	/ˈkæˌstɹeɪt/
castrated	/ˈkæˌstɹeɪtɪd/
castrates	/ˈkæˌstɹeɪts/
castrating	/ˈkæˌstɹeɪtɪŋ/
castration	/ˌkæˈstɹeɪʃən/
castrations	/ˌkæˈstɹeɪʃənz/
castrejon	/ˈkæstɹɪdʒɑn/
castrillon	/kəˈstɹɪljən/
castro	/ˈkæstɹoʊ/
castro's	/ˈkæstɹoʊz/
castrol	/ˈkæstɹɑl/
castronova	/kæstɹoʊˈnoʊvə/
castronovo	/kæstɹoʊˈnoʊvoʊ/
castrucci	/kəˈstɹutʃi/
castruita	/kɑˈstɹutə/
casts	/ˈkæsts/
casual	/ˈkæʒəwəl/
casually	/ˈkæʒəwəli/
casualness	/ˈkæʒəwəlnɛs/
casuals	/ˈkæʒəwəlz/
casualties	/ˈkæʒəwəltiz/
casualty	/ˈkæʒəwəlti/
caswell	/ˈkæzˌwɛl/
cat	/ˈkæt/
cat-o-nine-tails	/ˈkætoʊˌnaɪnˌteɪlz/
cat's	/ˈkæts/
cataclysm	/ˈkætəˌklɪsəm/
cataclysmic	/ˌkætəˈklɪzmɪk/
catacomb	/ˈkætəˌkoʊm/
catacombs	/ˈkætəˌkoʊmz/
catacosinos	/kəˌtækəˈsinoʊs/
catacosinos's	/kəˌtækəˈsinəsɪz/
catain	/ˈkætɪn/
catala	/ˈkætɑˌlɑn/
catalan	/ˈkætələn/
catalano	/ˌkɑtɑˈlɑˌnoʊ/
catalanotto	/ˌkɑtɑlɑˈnoʊtoʊ/
catalans	/ˈkætəˌlɑnz/
cataldi	/kɑˈtɑldi/
cataldo	/kɑˈtɑldoʊ/
catalfamo	/kɑtɑlˈfɑmoʊ/
catalina	/ˌkætəˈlinə/
catalog	/ˈkætəlɔɡ/
cataloged	/ˈkætəlɔɡd/
cataloger	/ˈkætəˌlɔɡɚ/
catalogers	/ˈkætəˌlɔɡɚz/
cataloging	/ˈkætəlɑɡɪŋ/
catalogs	/ˈkætəlɑɡz/
catalogue	/ˈkætəˌlɔɡ/
catalogued	/ˈkætəˌlɔɡd/
catalogues	/ˈkætəˌlɔɡz/
cataloguing	/ˈkætəˌlɔɡɪŋ/
catalonia	/ˌkætəˈloʊnjə/
catalonian	/ˌkætəˈloʊnjən/
catalyst	/ˈkætələst/
catalyst's	/ˈkætəˌlɪsts/
catalysts	/ˈkætələsts/
catalytic	/ˌkætəˈlɪtɪk/
catalyze	/ˈkætəˌlaɪz/
catalyzed	/ˈkætəˌlaɪzd/
catamaran	/ˌkætəmɚˈæn/
catamarans	/kəˈtæˌmɝənz/
catamount	/ˈkætəˌmaʊnt/
catanese	/kɑtɑˈneɪzi/
catania	/kəˈteɪnjə/
catano	/kɑˈtɑnoʊ/
catanzarite	/kəˈtænzɚˌaɪt/
catanzaro	/kɑtɑnˈzɑɹoʊ/
catapano	/kɑtɑˈpɑnoʊ/
catapult	/ˈkætəˌpʌlt/
catapulted	/ˈkætəˌpʌltɪd/
catapulting	/ˈkætəˌpʌltɪŋ/
catapults	/ˈkætəpəlts/
cataract	/ˈkætɚækt/
cataracts	/ˈkætɚˌækts/
catastrophe	/kəˈtæstɹəfi/
catastrophes	/kəˈtæstɹəfiz/
catastrophic	/ˌkætəˈstɹɑfɪk/
catatonic	/ˌkætəˈtɑnɪk/
catawba	/kəˈtɔbə/
catbird	/ˈkætˌbɝd/
catcall	/ˈkætˌkɔl/
catcalls	/ˈkætˌkɔlz/
catch	/ˈkætʃ/
catchacan	/ˈkætʃəˌkɑn/
catchall	/ˈkæˌtʃɔl/
catcher	/ˈkæˌtʃɝ/
catcher's	/ˈkæˌtʃɝz/
catchers	/ˈkæˌtʃɝz/
catches	/ˈkætʃəz/
catching	/ˈkætʃɪŋ/
catchings	/ˈkætʃɪŋz/
catchment	/ˈkætʃmənt/
catchup	/ˈkætʃəp/
catchword	/ˈkætʃˌwɝd/
catchy	/ˈkæˌtʃi/
cate	/ˈkeɪt/
catechism	/ˈkætəˌkɪzəm/
categorical	/ˌkætəˈɡɑɹɪkəl/
categorically	/ˌkætəˈɡɑɹɪkli/
categories	/ˈkætəˌɡɔɹiz/
categorization	/ˌkætəɡɚɪˈzeɪʃən/
categorize	/ˈkætəɡɚˌaɪz/
categorized	/ˈkætəɡɚˌaɪzd/
categorizes	/ˈkætəɡɚˌaɪzɪz/
categorizing	/ˈkætəɡɚˌaɪzɪŋ/
category	/ˈkætəˌɡɔɹi/
catelli	/kəˈtɛli/
catena	/kəˈtinə/
cater	/ˈkeɪtɚ/
catered	/ˈkeɪtɚd/
caterer	/ˈkeɪtɚɚ/
caterers	/ˈkeɪtɚɚz/
catering	/ˈkeɪtɚɪŋ/
caterings	/ˈkætɚɪŋz/
caterino	/kɑtɚˈinoʊ/
caterpillar	/ˈkætəˌpɪlɚ/
caterpillar's	/ˈkætɚˌpɪlɚz/
caterpillars	/ˈkætəˌpɪlɚz/
caterpiller	/ˈkætəˌpɪlɚ/
caterpiller's	/ˈkætəˌpɪlɚz/
caters	/ˈkeɪtɚz/
caterwaul	/ˈkætɚwɑl/
cates	/ˈkeɪts/
catfish	/ˈkætˌfɪʃ/
catharine	/ˈkæθɹɪn/
catharines	/ˈkæθɹɪnz/
catharsis	/kəˈθɑɹsəs/
cathartic	/kəˈθɑɹtɪk/
cathay	/kæˈθeɪ/
cathcart	/ˈkæθkɑɹt/
cathedral	/kəˈθidɹəl/
cathedrals	/kəˈθidɹəlz/
cathell	/ˈkæθəl/
cather	/ˈkæðɚ/
cather's	/ˈkæðɚz/
catherina	/kɑθɚˈinə/
catherine	/ˈkæθɚən/
catherine's	/ˈkæθɹɪnz/
catherines	/ˈkæθɹɪnz/
catherman	/ˈkæðɚmən/
cathers	/ˈkæðɚz/
catherwood	/ˈkæðɚˌwʊd/
catheter	/ˈkæθətɚ/
catheters	/ˈkæθətɚz/
cathey	/ˈkæði/
cathie	/ˈkæθi/
cathleen	/ˌkæθˈlin/
cathmor	/ˈkæθəmɚ/
cathode	/ˈkæˌθoʊd/
cathodes	/ˈkæˌθoʊdz/
catholic	/ˈkæθlɪk/
catholicism	/kəˈθɔləˌsɪzəm/
catholics	/ˈkæθlɪks/
cathy	/ˈkæθi/
cathy's	/ˈkæθiz/
catija	/kəˈtidʒə/
catino	/kɑˈtinoʊ/
cation	/ˈkæˌtaɪən/
catkins	/ˈkætkənz/
catledge	/ˈkætlɪdʒ/
catlett	/ˈkætlɪt/
catlike	/ˈkætˌlaɪk/
catlin	/ˈkætlɪn/
catnap	/ˈkætˌnæp/
catnip	/ˈkætnɪp/
catniss	/ˈkætˌnɪs/
cato	/ˈkeɪtoʊ/
catoe	/ˈkætoʊ/
catolica	/kəˈtoʊlɪkə/
caton	/ˈkætən/
catone	/kəˈtoʊn/
catrambone	/ˈkæˌtɹæmˌboʊn/
catrett	/ˈkætɹɪt/
catron	/ˈkætɹən/
cats	/ˈkæts/
catskill	/ˈkætˌskɪl/
catskills	/ˈkætˌskɪlz/
catsup	/ˈkɛtʃəp/
catt	/ˈkæt/
cattanach	/ˈkætənætʃ/
cattaneo	/kɑˈtɑnioʊ/
cattani	/kɑˈtɑni/
cattell	/kəˈtɛl/
catterall	/ˈkætɚˌɔl/
catterson	/ˈkætɚsən/
catterton	/ˈkætɚtən/
cattle	/ˈkætəl/
cattlemen	/ˈkætəlmən/
cattlemen's	/ˈkætəlmənz/
catto	/ˈkætoʊ/
cattolica	/kəˈtoʊlɪkə/
catton	/ˈkætən/
catty	/ˈkæti/
catwalk	/ˈkæˌtwɑk/
catwoman	/ˈkæˌtwʊmən/
cau	/ˈkaʊ/
cauble	/ˈkɔbəl/
caucasian	/kɔˈkeɪʒən/
caucasians	/kɔˈkeɪʒənz/
caucasus	/ˈkɔkəsəs/
caucus	/ˈkɔkəs/
caucus's	/ˈkɔkəsɪz/
caucuses	/ˈkɔkəsɪz/
caudal	/ˈkɑdəl/
caudell	/koʊˈdɛl/
caudill	/ˈkɔdəl/
caudillo	/ˌkɔˈdɪloʊ/
caudle	/ˈkɔdəl/
cauffman	/ˈkɔfmən/
caufield	/ˈkoʊfild/
caughey	/ˈkɔi/
caughlin	/ˈkɔlɪn/
caughman	/ˈkɔmən/
caughron	/ˈkɔɹən/
caught	/ˈkɑt/
caul	/ˈkɑl/
caulder	/ˈkɔldɚ/
cauldron	/ˈkɑldɹən/
cauley	/ˈkɔli/
caulfield	/ˈkɔlˌfild/
cauliflower	/ˈkɑləˌflaʊɚ/
caulk	/ˈkɑk/
caulking	/ˈkɔkɪŋ/
caulkins	/ˈkɔlkɪnz/
causal	/ˈkɔzəl/
causalities	/ˌkɔˈzælɪtiz/
causality	/ˌkɔˈzɑlɪti/
causation	/ˌkɔˈzeɪʃən/
causative	/ˈkɑzətɪv/
causby	/ˈkɔzbi/
cause	/ˈkɑz/
caused	/ˈkɑzd/
causer	/ˈkɔzɚ/
causes	/ˈkɑzəz/
causeway	/ˈkɑzˌweɪ/
causeways	/ˈkɔzˌweɪz/
causey	/ˈkɔzi/
causing	/ˈkɑzɪŋ/
caustic	/ˈkɑstɪk/
cauterization	/ˌkɔtɚɪˈzeɪʃən/
cauterize	/ˈkɔtɚaɪz/
cauterized	/ˈkɔtɚaɪzd/
cauterizes	/ˈkɔtɚaɪzɪz/
cauterizing	/ˈkɔtɚaɪzɪŋ/
cauthen	/ˈkɔθən/
cauthon	/ˈkɔθən/
cauthorn	/ˈkɔθɚn/
caution	/ˈkɑʃən/
cautionary	/ˈkɔʃəˌnɛɹi/
cautioned	/ˈkɑʃənd/
cautioning	/ˈkɔʃənɪŋ/
cautions	/ˈkɔʃənz/
cautious	/ˈkɔʃəs/
cautiously	/ˈkɔʃəsli/
cautiousness	/ˈkɔʃəsnəs/
cava	/ˈkɑvə/
cavaco	/ˈkævəkoʊ/
cavagnaro	/kɑvɑɡˈnɑɹoʊ/
cavalcade	/ˈkævəlˌkeɪd/
cavalier	/ˌkævəˈlɪɹ/
cavaliere	/kɑvɑˈlɪɹi/
cavalieri	/kɑvɑˈlɪɹi/
cavalierly	/ˌkævəˈlɪɹli/
cavaliers	/ˌkævəˈlɪɹz/
cavallaro	/kɑvɑˈlɑɹoʊ/
cavallero	/kɑvɑˈlɛɹoʊ/
cavalli	/kəˈvæli/
cavalli-sfor	/kəˌvælisˈfɔɹ/
cavalli-sforza	/kəˌvælisˈfɔɹˌzɑ/
cavallo	/kəˈvæloʊ/
cavalry	/ˈkævəlɹi/
cavan	/ˈkeɪvən/
cavanagh	/ˈkævənæɡ/
cavanah	/ˈkævənə/
cavanaugh	/ˈkævənɔ/
cavaness	/ˈkɑvənɪs/
cavataio	/kɑvɑˈtɑioʊ/
cavazos	/kɑˈvɑzoʊz/
cave	/ˈkeɪv/
cave's	/ˈkeɪvz/
caveat	/ˈkeɪviˌæt/
caveats	/ˈkeɪviˌæts/
caved	/ˈkeɪvd/
cavell	/kəˈvɛl/
caveman	/ˈkeɪvˌmæn/
caven	/ˈkeɪvən/
cavenaugh	/ˈkævɪnɔ/
cavender	/kəˈvɛndɚ/
cavendish	/ˈkævəndɪʃ/
caver	/ˈkeɪvɚ/
caverly	/ˈkeɪvɚli/
cavern	/ˈkævɚn/
cavernous	/ˈkævɚnəs/
caverns	/ˈkævɚnz/
cavers	/ˈkeɪvɚz/
caves	/ˈkeɪvz/
cavett	/ˈkævɪt/
cavey	/ˈkeɪvi/
caviar	/ˈkæviˌɑɹ/
caviar's	/ˈkæviˌɑɹz/
cavin	/ˈkævɪn/
caviness	/ˈkeɪvinɪs/
caving	/ˈkeɪvɪŋ/
cavins	/ˈkævɪnz/
cavities	/ˈkævɪtiz/
cavitt	/ˈkævɪt/
cavity	/ˈkævəti/
cavness	/ˈkævnɪs/
cavort	/kəˈvɔɹt/
cavorting	/kəˈvɔɹtɪŋ/
caw	/ˈkɔ/
cawley	/ˈkɔli/
cawood	/ˈkɑwʊd/
cawsl	/ˈkɔsəl/
cawthon	/ˈkɔθən/
cawthorn	/ˈkɔθɚn/
cawthorne	/ˈkɔθɚn/
caxton	/ˈkækstən/
cay	/ˈkeɪ/
caya	/ˈkeɪə/
cayce	/ˈkeɪs/
cayenne	/ˌkaɪˈɛn/
cayer	/ˈkeɪɚ/
cayes	/ˈkeɪz/
caylin	/ˈkeɪlɪn/
caylor	/ˈkeɪlɚ/
cayman	/ˈkeɪmən/
caymans	/ˈkeɪmənz/
cayne	/ˈkeɪn/
cayson	/ˈkeɪsən/
cayton	/ˈkeɪtən/
cayuses	/ˈkaɪˌusəz/
caywood	/ˈkeɪˌwʊd/
cazares	/kɑˈzɑɹɛs/
cazenove	/ˈkæzəˌnoʊv/
cazier	/ˈkeɪziɚ/
cb	/ˌsiˈbi/
cbc	/ˌsiˌbiˈsi/
cbs	/ˌsiˌbiˈɛs/
cc	/ˌsiˈsi/
ccd	/ˌsiˌsiˈdi/
ccs	/ˈsiˈsiˈɛs/
cctv	/ˈsiˌsiˈtiˌvi/
cd	/ˌsiˈdi/
cdc	/ˌsiˌdiˈsi/
cdebaca	/sidɪˈbɑkə/
cdrom	/ˈsiˈdiˈɹɑm/
cdroms	/ˈsiˈdiˈɹɑmz/
cds	/ˌsiˈdiz/
ce	/ˌsiˈi/
cea	/ˌsiˌiˈeɪ/
ceara	/ˈsiɹə/
cearley	/ˈsɝli/
ceasar	/səˈsɑɹ/
cease	/ˈsis/
cease-fire	/ˈsisˈfaɪɚ/
ceased	/ˈsist/
ceasefire	/ˈsisˈfaɪɚ/
ceasefires	/ˈsisˈfaɪɚz/
ceaseless	/ˈsislɪs/
ceaselessly	/ˈsizləsli/
ceaser	/ˈsisɚ/
ceases	/ˈsisɪz/
ceasing	/ˈsisɪŋ/
ceaucescu	/tʃaʊˈtʃɛskju/
ceausescu	/tʃaʊˈtʃɛskju/
ceausescu's	/tʃaʊˈtʃɛskjuz/
ceballos	/seɪˈbɑloʊz/
cebu	/siˈbu/
cebu's	/siˈbuz/
cebula	/tʃɛˈbulə/
cebulski	/tʃɪˈbʌlski/
cecala	/tʃɛˈkɑlə/
ceccarelli	/tʃɛkɚˈɛli/
cecchi	/ˈsɛki/
cecchini	/tʃɛˈkini/
cecconi	/tʃɛˈkoʊni/
cece	/ˈsis/
cecelia	/sɪˈsiljə/
cecere	/tʃɛˈtʃɛɹi/
cech	/ˈsɛk/
ceci	/ˈsɛsi/
cecil	/ˈsisəl/
cecil's	/ˈsisəlz/
cecile	/sɪˈsil/
cecilia	/sɪˈsiljə/
cecin	/ˈsɛsɪn/
ceco	/ˈsikoʊ/
cecola	/sɛˈkoʊlə/
cecos	/ˈsikoʊs/
cedar	/ˈsidɚ/
cedar-rapids	/ˈsidɚˈɹæpɪdz/
cedars	/ˈsidɚz/
cede	/ˈsid/
ceded	/ˈsidəd/
cedeno	/tʃɛˈdɛnoʊ/
ceder	/ˈsidɚ/
cederberg	/ˈsidɚbɚɡ/
cedergren	/ˈsidɚɡɹɛn/
cederholm	/ˈsidɚhoʊm/
cederquist	/ˈsɛdɚkwɪst/
cedes	/ˈsidz/
cedillo	/tʃɛˈdɪloʊ/
ceding	/ˈsidɪŋ/
cedras	/ˈseɪˌdɹɑs/
cedras'	/ˈseɪˌdɹɑs/
cedras's	/ˈseɪˌdɹɑsɪs/
cedric	/ˈsɛdɹɪk/
cedrone	/seɪˈdɹoʊneɪ/
cees	/ˈsiz/
cefalo	/tʃɛˈfɑloʊ/
cefalu	/tʃɛˈfɑlu/
cegielski	/tʃɪˈɡilski/
ceiling	/ˈsilɪŋ/
ceilings	/ˈsilɪŋz/
ceja	/ˈseɪjə/
cejka	/ˈtʃeɪkə/
cel	/ˈsɛl/
cela	/ˈsɛlə/
celadon	/ˈsɛləˌdɑn/
celandine	/ˈsɛlənˌdaɪn/
celanese	/ˈsɛləˌniz/
celani	/tʃɛˈlɑni/
celano	/tʃɛˈlɑnoʊ/
celaya	/seɪˈleɪə/
cele	/ˈsil/
celeb	/səˈlɛb/
celebate	/ˈsɛləbət/
celebrant	/ˈsɛləbɹənt/
celebrants	/ˈsɛləbɹənts/
celebrate	/ˈsɛləˌbɹeɪt/
celebrated	/ˈsɛləˌbɹeɪtɪd/
celebrates	/ˈsɛləˌbɹeɪts/
celebrating	/ˈsɛləˌbɹeɪtɪŋ/
celebration	/ˌsɛləˈbɹeɪʃən/
celebrations	/ˌsɛləˈbɹeɪʃənz/
celebratory	/səˈlɛbɹəˌtɔɹi/
celebre	/ˈsɛləbɹə/
celebrities	/səˈlɛbɹɪtiz/
celebrity	/səˈlɛbɹɪti/
celebrity's	/səˈlɛbɹɪtiz/
celebs	/səˈlɛbz/
celena	/tʃɛˈlɛnə/
celene	/ˈtʃɛlin/
celentano	/tʃɛlɛnˈtɑnoʊ/
celerity	/səˈlɛɹəti/
celeron	/ˈsɛlɚɑn/
celery	/ˈsɛlɚi/
celesta	/sɪˈlɛstə/
celeste	/səˈlɛst/
celestial	/səˈlɛstʃəl/
celestin	/ˈsɛlɪstɪn/
celestina	/tʃɛlɛˈstinə/
celestine	/tʃɛlɛˈstini/
celestino	/tʃɛlɛˈstinoʊ/
celestory	/səˈlɛstɚi/
celia	/ˈsiljə/
celibacy	/ˈsɛləbəsi/
celibate	/ˈsɛlɪbət/
celica	/ˈsɛlɪkə/
celie	/ˈsɛli/
celimene	/ˈsɛlɪˌmin/
celina	/səˈlinə/
celinda	/tʃɛˈlində/
celine	/səˈlin/
celio	/ˈsilioʊ/
celis	/ˈsɛlɪs/
celium	/ˈsiˌliəm/
cell	/ˈsɛl/
cell's	/ˈsɛlz/
cella	/ˈsɛlə/
cellar	/ˈsɛlɚ/
cellars	/ˈsɛlɚz/
celled	/ˈsɛld/
celli	/ˈtʃɛli/
cellini	/tʃɛˈlini/
cellio	/ˈtʃɛlioʊ/
cellist	/ˈtʃɛləst/
cellmark	/ˈsɛlˌmɑɹk/
cellmark's	/ˈsɛlˌmɑɹks/
cellnet	/ˈsɛlˌnɛt/
cello	/ˈtʃɛloʊ/
cellophane	/ˈsɛləˌfeɪn/
cellphone	/ˈsɛlfoʊn/
cellphones	/ˈsɛlˌfoʊnz/
cellpro	/ˈsɛlpɹoʊ/
cells	/ˈsɛlz/
cells'	/ˈsɛlz/
cellstar	/ˈsɛlˌstɑɹ/
cellucci	/tʃɛˈlutʃi/
cellular	/ˈsɛljəlɚ/
cellular's	/ˈsɛljəlɚz/
celluloid	/ˈsɛləˌlɔɪd/
cellulosa	/ˌsɛluˈloʊsə/
cellulose	/ˈsɛljəˌloʊs/
celmer	/ˈsɛlmɚ/
celnik	/ˈsɛlnɪk/
celo	/ˈsɛloʊ/
celona	/tʃɛˈloʊnə/
celosia	/tʃɛˈloʊsiə/
cels	/ˈsɛlz/
celsius	/ˈsɛlsiəs/
celso	/ˈsɛlsoʊ/
celt	/ˈsɛlt/
celtic	/ˈsɛltɪk/
celtics	/ˈsɛltɪks/
celtics'	/ˈsɛltɪks/
celts	/ˈsɛlts/
cement	/səˈmɛnt/
cemented	/səˈmɛntɪd/
cementing	/sɪˈmɛntɪŋ/
cementos	/sɛˈmɛntoʊs/
cemeteries	/ˈsɛməˌtɛɹiz/
cemetery	/ˈsɛməˌtɛɹi/
cemex	/ˈkɛˌmɛks/
cemp	/ˈsɛmp/
cencall	/ˈsɛnˌsɛl/
cenci	/ˈtʃɛntʃi/
cencor	/ˈsɛnˌkɔɹ/
cendejas	/seɪnˈdeɪjɑz/
cenergy	/ˈsɛnɚdʒi/
ceniceros	/seɪniˈsɛɹoʊz/
cenith	/ˈsɛnɪθ/
cenith's	/ˈsɛnɪθs/
cenozoic	/ˌsinəˈzoʊɪk/
censer	/ˈsɛnsɚ/
censor	/ˈsɛnsɚ/
censored	/ˈsɛnsɚd/
censoring	/ˈsɛnsɚɪŋ/
censors	/ˈsɛnsɚz/
censorship	/ˈsɛnsɚˌʃɪp/
censure	/ˈsɛnʃɚ/
censured	/ˈsɛnʃɚd/
census	/ˈsɛnsəs/
censuses	/ˈsɛnsəsɪz/
cent	/ˈsɛnt/
centanni	/tʃɛnˈtɑni/
centaur	/ˈsɛnˌtɔɹ/
centaur's	/ˈsɛnˌtɔɹz/
centauri	/sɛnˈtɑɹi/
centaurs	/ˈsɛnˌtɔɹz/
centavos	/sɛnˈtɑˌvoʊs/
centel	/ˈsɛnˌtɛl/
centel's	/ˈsɛnˌtɛlz/
centenarian	/ˌsɛntəˈnɛɹiən/
centenarians	/ˌsɛntəˈnɛɹiənz/
centenary	/ˈsɛntəˌnɛɹi/
centennial	/sɛnˈtɛniəl/
centennial's	/sɛnˈtɛniəlz/
centeno	/tʃɛnˈtɛnoʊ/
center	/ˈsɛntɚ/
center's	/ˈsɛntɚz/
centerbanc	/ˈsɛntɚbæŋk/
centerbank	/ˈsɛntɚˌbæŋk/
centered	/ˈsɛntɚd/
centerfielder	/ˈsɛntɚˌfildɚ/
centerfold	/ˈsɛntɚˌfoʊld/
centering	/ˈsɛntɚɪŋ/
centerior	/ˌsɛnˈtɪɹiɚ/
centerpiece	/ˈsɛntɚˌpis/
centerre	/ˈsɛntɚ/
centerre's	/ˈsɛntɚz/
centers	/ˈsɛntɚz/
centers'	/ˈsɛntɚz/
centerville	/ˈsɛntɚvɪl/
centex	/ˈsɛnˌtɛks/
centigrade	/ˈsɛntəˌɡɹeɪd/
centigram	/ˈsɛntəˌɡɹæm/
centime	/ˈsɛnˌtaɪm/
centimes	/ˈsɛnˌtaɪmz/
centimeter	/ˈsɛntəˌmitɚ/
centimeters	/ˈsɛntəˌmitɚz/
centimetre	/ˈsɛntəˌmitɚ/
centimetres	/ˈsɛntəˌmitɚz/
centipede	/ˈsɛntɪˌpid/
centner	/ˈsɛntnɚ/
centocor	/ˈsɛntəˌkɔɹ/
centocor's	/ˈsɛntəˌkɔɹz/
centofanti	/tʃɛntoʊˈfɑnti/
centola	/tʃɛnˈtoʊlə/
centoxin	/ˌsɛnˈtɑksɪn/
central	/ˈsɛntɹəl/
central's	/ˈsɛntɹəlz/
centrale	/sɛnˈtɹɑl/
centralia	/sɛnˈtɹeɪliə/
centralism	/ˈsɛntɹəˌlɪzəm/
centralists	/ˈsɛntɹəlɪsts/
centrality	/sɛnˈtælɪti/
centralization	/ˌsɛntɹəlɪˈzeɪʃən/
centralize	/ˈsɛntɹəˌlaɪz/
centralized	/ˈsɛntɹəˌlaɪzd/
centralizing	/ˈsɛntɹəˌlaɪzɪŋ/
centrally	/ˈsɛntɹəli/
centram	/ˈsɛnˌtɹæm/
centre	/ˈsɛntɚ/
centrella	/ˌsɛnˈtɹɛlə/
centres	/ˈsɛntɚz/
centrex	/ˈsɛntɹəks/
centrifugal	/ˈsɛntɹɪfˌjuɡəl/
centrifuge	/ˈsɛntɹəfˌjudʒ/
centrifuges	/ˈsɛntɹəfˌjudʒɪz/
centrist	/ˈsɛntɹɪst/
centrists	/ˈsɛntɹɪsts/
centro	/ˈsɛntɹoʊ/
centromin	/ˈsɛntɹəmɪn/
centronics	/ˌsɛnˈtɹɑnɪks/
centrust	/ˈsɛnˌtɹʌst/
centrust's	/ˈsɛnˌtɹʌsts/
cents	/ˈsɛnts/
centum	/ˈkɛntəm/
centuri	/sɛnˈtʊɹi/
centuries	/ˈsɛntʃɚiz/
centurion	/sɛnˈtʊɹiən/
century	/ˈsɛntʃɚi/
century's	/ˈsɛntʃɚiz/
cenvill	/ˈsɛnvɪl/
ceo	/ˈsiˌiˈoʊ/
cep	/ˈsɛp/
cepeda	/seɪˈpeɪdə/
cepero	/seɪˈpɛɹoʊ/
cephalon	/ˈsɛfəˌlɑn/
cephalopod	/ˈsɛfələˌpɑd/
cephalosporin	/ˌsɛfəˈlɔˌspɔɹɪn/
cephas	/ˈsɛfəz/
cephus	/ˈsɛfəs/
cera	/ˈsɛɹə/
ceraceous	/sɚˈeɪʃəs/
ceradyne	/ˈsɛɹəˌdaɪn/
cerami	/tʃɚˈɑmi/
ceramic	/sɚˈæmɪk/
ceramics	/sɚˈæmɪks/
cerankosky	/ˌsɛɹəŋˈkɔˌski/
cerasoli	/tʃɚɑˈsoʊli/
ceravolo	/tʃɚɑˈvoʊloʊ/
cerbone	/ˈtʃɝboʊn/
cercone	/tʃɚˈkoʊni/
cerda	/ˈtʃɛɹdə/
cereal	/ˈsɪɹiəl/
cereals	/ˈsɪɹiəlz/
cerebral	/ˈsɛɹəbɹəl/
cerebrally	/sɚˈibɹəli/
ceredase	/ˈsɛɹəˌdeɪz/
cereghino	/tʃɚɛˈɡinoʊ/
cerelia	/tʃɚˈɛliə/
ceremonial	/ˌsɛɹəˈmoʊniəl/
ceremonies	/ˈsɛɹəˌmoʊniz/
ceremony	/ˈsɛɹəˌmoʊni/
cereno	/sɚˈeɪnoʊ/
ceres	/ˈsɪɹiz/
cerezo	/ˌsɛˈɹeɪzoʊ/
cerf	/ˈsɝf/
ceridian	/sɚˈɪdiən/
cerino	/tʃɚˈinoʊ/
cerio	/ˈtʃɛɹioʊ/
cerise	/sɚˈis/
cermak	/ˈtʃɝmək/
cern	/ˈsɝn/
cerna	/ˈtʃɛɹnə/
cerney	/ˈsɝni/
cerniglia	/ˌtʃɝˈniɡliɑ/
cernuda	/sɚˈnudə/
cernuda's	/sɚˈnudəz/
cerny	/ˈsɝni/
cero	/ˈsɛˌɹoʊ/
cerone	/tʃɚˈoʊni/
cerra	/ˈsɛɹə/
cerrato	/tʃɚˈɑtoʊ/
cerreta	/tʃɚˈɛtə/
cerrito	/tʃɚˈitoʊ/
cerritos	/sɛˈɹitoʊs/
cerro	/ˈsɛɹoʊ/
cerrone	/tʃɚˈoʊni/
cerruti	/tʃɚˈuti/
cerska	/ˈkɝskə/
cert	/ˈsɝt/
certain	/ˈsɝtən/
certainly	/ˈsɝtənli/
certainteed	/ˈsɝtənˌtid/
certainties	/ˈsɝtəntiz/
certainty	/ˈsɝtənti/
certificate	/sɚˈtɪfɪkət/
certificates	/sɚˈtɪfɪkəts/
certification	/ˌsɝtəfəˈkeɪʃən/
certifications	/ˌsɝtəfəˈkeɪʃənz/
certified	/ˈsɝtəˌfaɪd/
certified's	/ˈsɝtəˌfaɪdz/
certifies	/ˈsɝtəˌfaɪz/
certify	/ˈsɝtəˌfaɪ/
certifying	/ˈsɝtəˌfaɪɪŋ/
certitude	/ˈsɝtəˌtud/
certo	/ˈtʃɛɹtoʊ/
certron	/ˈsɝtɹɑn/
cerulli	/tʃɚˈuli/
cerullo	/tʃɚˈuloʊ/
cerus	/ˈsɛɹəs/
cerutti	/tʃɚˈuti/
cervantes	/sɛɹˈvɑntɛs/
cervantez	/sɛɹˈvɑntɛz/
cerveceria	/ˌsɝvəˈsɪɹiə/
cervenka	/sɛɹˈveɪŋkə/
cerveny	/tʃɚˈvini/
cervera	/tʃɚˈvɛɹə/
cervesato	/ˌsɛɹvɛˈsɑˌtoʊ/
cerveza	/ˌsɝˈveɪzə/
cervi	/ˈtʃɛɹvi/
cervical	/ˈsɝvəkəl/
cervini	/tʃɚˈvini/
cervix	/ˈsɝvɪks/
cervone	/tʃɚˈvoʊni/
ceryl	/ˈsɛɹəl/
cesar	/ˈsizɚ/
cesare	/tʃeɪˈzɑɹeɪ/
cesario	/tʃɛˈsɑɹioʊ/
cesaro	/tʃɛˈsɑɹoʊ/
cesarz	/ˈseɪsɑɹz/
cesena	/tʃɛˈsɛnə/
cesium	/ˈsiziəm/
cespedes	/seɪˈspeɪdɛs/
cessation	/ˌsɛˈseɪʃən/
cessna	/ˈsɛsnə/
cessna's	/ˈsɛsnəz/
cesspool	/ˈsɛˌspul/
cestaro	/tʃɛˈstɑɹoʊ/
ceta	/ˈsɛtə/
cetacean	/sɪˈteɪʃən/
cetec	/ˈsiˌtɛk/
cetera	/ˈsɛtɚə/
cetus	/ˈsitəs/
cetus's	/ˈsitəsɪz/
cevallos	/seɪˈvɑloʊz/
cevaxs	/ˈsɛvæksɪz/
ceylon	/sɪˈlɑn/
cezanne	/ˌsɛˈzæn/
cezanne's	/ˌsɛˈzænz/
cfo	/ˈsiˌɛˈfoʊ/
cgi	/ˌsiˌɡiˈaɪ/
cha	/ˈtʃɑ/
cha-chas	/ˈtʃɑˌtʃɑz/
chablis	/ʃəˈbli/
chabon	/ˈtʃeɪbən/
chabot	/ʃəˈboʊ/
chacabuco	/ˌtʃækəbˈjukoʊ/
chace	/ˈtʃeɪs/
chachere	/ʃəˈʃɪɹ/
chachi	/ˈtʃɑtʃi/
chacin	/ˈʃeɪsɪn/
chacko	/ˈtʃækoʊ/
chacon	/ˈtʃækən/
chad	/ˈtʃæd/
chad's	/ˈtʃædz/
chadbourne	/ʃədˈbʊɹn/
chadd	/ˈtʃæd/
chadderdon	/tʃəˈdɝdən/
chaddock	/ˈtʃædək/
chadel	/ˈtʃædəl/
chadian	/ˈtʃeɪdiən/
chadick	/ˈtʃædɪk/
chadli	/ˈtʃædli/
chadron	/ˈtʃædɹən/
chadwell	/ˈtʃæˌdwɛl/
chadwick	/ˈtʃædwɪk/
chadwick's	/ˈtʃædwɪks/
chae	/ˈtʃaɪ/
chaebol	/ˈtʃeɪbəl/
chafe	/ˈtʃeɪf/
chafed	/ˈtʃeɪft/
chafee	/ˈtʃæfi/
chafee's	/ˈtʃeɪfiz/
chafes	/ˈtʃeɪfs/
chafete	/tʃəˈfit/
chaff	/ˈtʃæf/
chaffee	/ˈtʃæfi/
chaffin	/ˈtʃæfɪn/
chaffins	/ˈtʃæfɪnz/
chaffy	/ˈtʃæfi/
chafin	/ˈtʃæfɪn/
chafing	/ˈtʃeɪfɪŋ/
chagall	/tʃəˈɡɑl/
chagnon	/ˈtʃæɡnən/
chagrin	/ʃəˈɡɹɪn/
chagrined	/ʃəˈɡɹɪnd/
chai	/ˈtʃaɪ/
chaidez	/tʃɑˈidɛz/
chaiken	/ˈtʃeɪkən/
chaikin	/ˈtʃeɪkɪn/
chaim	/ˈhaɪɪm/
chain	/ˈtʃeɪn/
chain's	/ˈtʃeɪnz/
chained	/ˈtʃeɪnd/
chaining	/ˈtʃeɪnɪŋ/
chains	/ˈtʃeɪnz/
chains'	/ˈtʃeɪnz/
chainsaw	/ˈtʃeɪnˌsɔ/
chainsaws	/ˈtʃeɪnˌsɔz/
chair	/ˈtʃɛɹ/
chaired	/ˈtʃɛɹd/
chaires	/ˈʃɛɹz/
chairez	/tʃɑˈɪɹɛz/
chairing	/ˈtʃɛɹɪŋ/
chairman	/ˈtʃɛɹmən/
chairman's	/ˈtʃɛɹmənz/
chairmanship	/ˈtʃɛɹmənˌʃɪp/
chairmanships	/ˈtʃɛɹmənˌʃɪps/
chairmen	/ˈtʃɛɹmɪn/
chairpeople	/ˈtʃɛɹˌpipəl/
chairperson	/ˈtʃɛɹˌpɝsən/
chairs	/ˈtʃɛɹz/
chairwoman	/ˈtʃɛɹˌwʊmən/
chairwomen	/ˈtʃɛɹˌwɪmɛn/
chaise	/ˈʃeɪz/
chaisson	/ˈtʃeɪsən/
chait	/ˈtʃeɪt/
chajet	/ˈtʃædʒət/
chalabi	/tʃəˈlɑbi/
chalasani	/ˌtʃæləˈsæni/
chalcedony	/ˈtʃælsəˌdoʊni/
chalet	/ˈʃæˌleɪ/
chalets	/ʃəˈleɪz/
chalfant	/ˈtʃæfənt/
chalfin	/ˈtʃælfɪn/
chalice	/ˈtʃælɪs/
chalifoux	/ˈʃælɪfu/
chalk	/ˈtʃɑk/
chalked	/ˈtʃɔkt/
chalker	/ˈtʃɔkɚ/
chalking	/ˈtʃɔkɪŋ/
chalkley	/ˈtʃælkli/
chalks	/ˈtʃɔks/
challender	/tʃəˈlɛndɚ/
challenge	/ˈtʃæləndʒ/
challenged	/ˈtʃæləndʒd/
challenger	/ˈtʃæləndʒɚ/
challenger's	/ˈtʃæləndʒɚz/
challengers	/ˈtʃæləndʒɚz/
challengery	/ˈtʃæləndʒɚi/
challenges	/ˈtʃæləndʒɪz/
challenging	/ˈtʃæləndʒɪŋ/
challis	/ˈʃæli/
chalmers	/ˈtʃɑmɚz/
chalmette	/ʃælˈmɛt/
chaloupka	/tʃəˈlupkə/
chaloux	/ʃəˈlu/
chalsty	/ˈtʃælsti/
chalupa	/tʃəˈlupə/
cham	/ˈtʃæm/
chamber	/ˈtʃeɪmbɚ/
chamber's	/ˈtʃeɪmbɚz/
chambered	/ˈtʃeɪmbɚd/
chamberlain	/ˈtʃeɪmbɚlən/
chamberlain's	/ˈtʃeɪmbɚlənz/
chamberland	/ˈtʃæmbɚlənd/
chamberlayne	/ˈtʃeɪmbɚˌleɪn/
chamberlin	/ˈtʃeɪmbɚlɪn/
chambers	/ˈtʃeɪmbɚz/
chambers'	/ˈtʃeɪmbɚz/
chambers's	/ˈtʃeɪmbɚzɪz/
chamblee	/ˈtʃæmbli/
chambless	/ʃəmˈblis/
chamblin	/ˈtʃæmblɪn/
chambliss	/ˈtʃæmblɪs/
chambon	/ˈtʃæmbən/
chameleon	/kəˈmiliən/
chamlee	/ˈtʃæmli/
chamlong	/ˈtʃæmˌlɔŋ/
chamness	/ˈtʃæmnɪs/
chamomile	/ˌkæməˈmaɪl/
chamonix	/ˈtʃæmənɪks/
chamorro	/tʃəˈmɔɹoʊ/
chamorro's	/tʃəˈmɔɹoʊz/
champ	/ˈtʃæmp/
champa	/ˈkɑmpə/
champagne	/ʃæmˈpeɪn/
champagnes	/ʃæmˈpeɪnz/
champaign	/tʃæmˈpeɪn/
champaign-urbana	/tʃæmˈpeɪnɚˈbænə/
champeau	/ʃæmˈpoʊ/
champine	/ˈtʃæmˌpaɪn/
champion	/ˈtʃæmpiən/
champion's	/ˈtʃæmpiənz/
championed	/ˈtʃæmpiənd/
championing	/ˈtʃæmpiənɪŋ/
champions	/ˈtʃæmpiənz/
championship	/ˈtʃæmpiənˌʃɪp/
championship's	/ˈtʃæmpiənˌʃɪps/
championships	/ˈtʃæmpiənˌʃɪps/
champlain	/ʃæmˈpleɪn/
champlin	/ˈtʃæmplɪn/
champney	/ˈtʃæmpni/
champoux	/ʃæmˈpu/
champs	/ˈtʃæmps/
chan	/ˈtʃæn/
chan's	/ˈtʃænz/
chana	/ˈtʃænə/
chance	/ˈtʃæns/
chanced	/ˈtʃænst/
chancellor	/ˈtʃænsəlɚ/
chancellor's	/ˈtʃænsəlɚz/
chancellors	/ˈtʃænsəlɚz/
chancery	/ˈtʃænsɚi/
chances	/ˈtʃænsəz/
chancey	/ˈtʃænsi/
chancy	/ˈtʃænsi/
chand	/ˈtʃænd/
chanda	/ˈtʃændə/
chandelier	/ʃændəˈlɪɹ/
chandeliers	/ˌʃændəˈlɪz/
chandler	/ˈtʃændlɚ/
chandler's	/ˈtʃændlɚz/
chandley	/ˈtʃændli/
chandon	/ˈtʃændɪn/
chandra	/ˈtʃændɹə/
chandrika	/tʃɑnˈdɹikə/
chandross	/tʃænˈdɹɔs/
chanel	/ʃəˈnɛl/
chaney	/ˈtʃeɪni/
chang	/ˈtʃæŋ/
chang-hsin	/ˈtʃɑŋˈʃɪn/
chang-ming	/ˈtʃɑŋˈmɪŋ/
changchun	/ˈtʃɑŋˈtʃʊn/
change	/ˈtʃeɪndʒ/
changeable	/ˈtʃeɪndʒəbəl/
changed	/ˈtʃeɪndʒd/
changeover	/ˈtʃeɪnˌdʒoʊvɚ/
changeovers	/ˈtʃeɪnˌdʒoʊvɚz/
changer	/ˈtʃeɪndʒɚ/
changers	/ˈtʃeɪndʒɚz/
changes	/ˈtʃeɪndʒəz/
changing	/ˈtʃeɪndʒɪŋ/
changsho	/ˈtʃæŋˈʃoʊ/
chanin	/ˈtʃænɪn/
chanishiva	/ʃɑnɪˈʃivə/
chanley	/ˈtʃænli/
channel	/ˈtʃænəl/
channel's	/ˈtʃænəlz/
channeled	/ˈtʃænəld/
channeling	/ˈtʃænəlɪŋ/
channell	/ˈtʃænəl/
channell's	/ʃəˈnɛlz/
channels	/ˈtʃænəlz/
channing	/ˈtʃænɪŋ/
channon	/ˈtʃænən/
chanos	/ˈtʃɑnoʊs/
chanson	/ˈʃɑnˌsɔn/
chant	/ˈtʃænt/
chantal	/ˈtʃæntəl/
chanted	/ˈtʃæntɪd/
chantilly	/ˌʃænˈtɪli/
chanting	/ˈtʃæntɪŋ/
chants	/ˈtʃænts/
chanukah	/ˈhɑnəkə/
chany	/ˈtʃeɪni/
chao	/ˈtʃaʊ/
chaos	/ˈkeɪɑs/
chaotic	/keɪˈɑtɪk/
chap	/ˈtʃæp/
chapa	/ˈtʃɑpə/
chaparral	/ˌʃæpɚˈæl/
chaparro	/kɑˈpɑɹoʊ/
chapas	/ˈtʃɑpəs/
chapdelaine	/ˈʃæpdɪleɪn/
chapek	/ˈtʃæpɪk/
chapel	/ˈtʃæpəl/
chapel's	/ˈtʃæpəlz/
chapell	/ʃəˈpɛl/
chapelle	/ʃəˈpɛl/
chaperone	/ˈʃæpɚˌoʊn/
chaperones	/ˈʃæpɚˌoʊnz/
chaperoning	/ˈʃæpɚˌoʊnɪŋ/
chapin	/ʃəˈpæn/
chaplain	/ˈtʃæplən/
chaplains	/ˈtʃæplənz/
chaplan	/ˈtʃæplən/
chaplin	/ˈtʃæplən/
chaplin's	/ˈtʃæplɪnz/
chapman	/ˈtʃæpmən/
chapman's	/ˈtʃæpmənz/
chapnick	/ˈtʃæpnɪk/
chapoton	/ˈtʃæpoʊˌtɑn/
chapp	/ˈtʃæp/
chappaquiddick	/ˌtʃæpəˈkwɪdɪk/
chappel	/ˈtʃæpəl/
chappelear	/ˈʃæpɪlɚ/
chappell	/ˈtʃæpəl/
chappelle	/ʃəˈpɛl/
chappie	/ˈtʃæpi/
chapple	/ˈtʃæpəl/
chappuis	/ˈʃæpuɪz/
chaps	/ˈtʃæps/
chapter	/ˈtʃæptɚ/
chapters	/ˈtʃæptɚz/
chaput	/ˈtʃæpət/
char	/ˈtʃɑɹ/
chara	/ˈtʃɑɹə/
character	/ˈkɛɹɪktɚ/
character's	/ˈkɛɹɪktɚz/
characteristic	/ˌkɛɹəktɚˈɪstɪk/
characteristically	/ˌkɛɹəktɚˈɪstɪkli/
characteristics	/ˌkɛɹəktɚˈɪstɪks/
characterization	/ˌkɛɹəktɚɪˈzeɪʃən/
characterizations	/ˌkɛɹəktɚɪˈzeɪʃənz/
characterize	/ˈkɛɹəktɚˌaɪz/
characterized	/ˈkɛɹəktɚˌaɪzd/
characterizes	/ˈkɛɹəktɚˌaɪzəz/
characterizing	/ˈkɛɹəktɚˌaɪzɪŋ/
characters	/ˈkæɹəktɚz/
characters'	/ˈtʃɛɹəktɚz/
charade	/ʃɚˈeɪd/
charades	/ʃɚˈeɪdz/
charalambos	/ˌtʃɑɹəˈlɑmboʊs/
charasse	/ˈtʃɛɹæs/
charboneau	/ˈʃɑɹbənoʊ/
charbonneau	/ˈʃɑɹbəˌnoʊ/
charbonnet	/ˈʃɑɹbənɪt/
charcoal	/ˈtʃɑɹˌkoʊl/
charcoals	/ˈtʃɑɹˌkoʊlz/
charcuterie	/ˈʃɑɹkʊˌtɹi/
chard	/ˈtʃɑɹd/
chardonnay	/tʃɑɹˈdɑneɪ/
chardonnays	/tʃɑɹˈdɑneɪz/
charen	/ˈtʃɑɹən/
charen's	/ˈtʃɑɹənz/
charest	/ʃɑˈɹɛst/
charette	/ʃɚˈɛt/
charge	/ˈtʃɑɹdʒ/
chargeable	/ˈtʃɑɹdʒəbəl/
chargeback	/ˈtʃɑɹdʒˌbæk/
chargebacks	/ˈtʃɑɹdʒˌbæks/
charged	/ˈtʃɑɹdʒd/
charger	/ˈtʃɑɹdʒɚ/
chargers	/ˈtʃɑɹdʒɚz/
charges	/ˈtʃɑɹdʒəz/
chargeurs	/tʃɑɹɡˈjuɹz/
charging	/ˈtʃɑɹdʒɪŋ/
chargit	/ˈtʃɑɹdʒɪt/
chargois	/ʃɑɹˈɡwɑ/
chariot	/ˈtʃɛɹiət/
chariots	/ˈtʃɛɹiəts/
charisma	/kɚˈɪzmə/
charismatic	/kɛɹɪzˈmætɪk/
charismatics	/ˌkɛɹɪzˈmætɪks/
charissa	/kɑˈɹisə/
charita	/kɑˈɹitə/
charitable	/ˈtʃæɹətəbəl/
charitably	/ˈtʃɛɹɪtəbli/
charities	/ˈtʃɛɹətiz/
charities'	/ˈtʃɛɹɪtiz/
charity	/ˈtʃɛɹɪti/
charity's	/ˈtʃɛɹətiz/
charla	/ˈtʃɑɹlə/
charland	/ˈtʃɑɹlənd/
charlatan	/ˈʃɑɹlətən/
charlatans	/ˈʃɑɹlətənz/
charlayne	/ʃɑɹˈleɪn/
charle	/ˈtʃɑɹl/
charlebois	/ˈʃɑɹlɪbwɑ/
charleen	/tʃɑɹˈlin/
charlemagne	/ˈʃɑɹləˌmeɪn/
charlene	/ʃɑɹˈlin/
charles	/ˈtʃɑɹlz/
charles'	/ˈtʃɑɹlz/
charles's	/ˈtʃɑɹlzɪz/
charleston	/ˈtʃɑɹlstən/
charleston's	/ˈtʃɑɹlstənz/
charlestown	/ˈtʃɑɹlˌstaʊn/
charlesworth	/ˈtʃɑɹəlswɚθ/
charlet	/ˈtʃɑɹlɪt/
charlevoix	/ˈʃɑɹləvwə/
charley	/ˈtʃɑɹli/
charley's	/ˈtʃɑɹliz/
charlie	/ˈtʃɑɹli/
charlie's	/ˈtʃɑɹliz/
charlier	/ˈtʃɑɹliɚ/
charline	/ʃɑɹˈlin/
charlize	/ˌʃɑɹˈliz/
charlot	/ˈtʃɑɹlət/
charlotte	/ˈʃɑɹlət/
charlotte's	/ˈʃɑɹləts/
charlottesville	/ˈʃɑɹlətsˌvɪl/
charlottetown	/ˈʃɑɹlətˌtaʊn/
charlotteville	/ˈʃɑɹlətˌvɪl/
charls	/ˈtʃɑɹlz/
charlson	/ˈtʃɑɹlsən/
charlton	/ˈtʃɑɹltən/
charm	/ˈtʃɑɹm/
charmain	/ʃɑɹˈmeɪn/
charmaine	/ʃɑɹˈmeɪn/
charmed	/ˈtʃɑɹmd/
charmer	/ˈtʃɑɹmɚ/
charmers	/ˈtʃɑɹmɚz/
charmian	/ˈtʃɑɹmiən/
charming	/ˈtʃɑɹmɪŋ/
charmingly	/ˈtʃɑɹmɪŋli/
charmion	/ˈtʃɑɹmiən/
charms	/ˈtʃɑɹmz/
charney	/ˈtʃɑɹni/
charnley	/ˈtʃɑɹnli/
charnock	/ˈtʃɑɹnək/
charon	/ˈkɛɹən/
charpentier	/ˌʃɑɹpənˈtɪɹ/
charpie	/ˈtʃɑɹpi/
charred	/ˈtʃɑɹd/
charren	/ˈtʃɛɹən/
charrette	/ʃəˈɹɛt/
charrier	/ˈtʃæɹiɚ/
charring	/ˈtʃɑɹɪŋ/
charron	/ˈtʃɛɹən/
charry	/ˈtʃæɹi/
chart	/ˈtʃɑɹt/
charted	/ˈtʃɑɹtəd/
charter	/ˈtʃɑɹtɚ/
charter's	/ˈtʃɑɹtɚz/
chartered	/ˈtʃɑɹtɚd/
charterhouse	/ˈtʃɑɹtɚˌhaʊs/
chartering	/ˈtʃɑɹtɚɪŋ/
charters	/ˈtʃɑɹtɚz/
chartier	/ˈtʃɑɹtiɚ/
charting	/ˈtʃɑɹtɪŋ/
chartist	/ˈtʃɑɹtɪst/
chartists	/ˈtʃɑɹtɪsts/
chartrand	/ˈtʃɑɹtɹənd/
chartres	/ˈtʃɑɹtɹiz/
chartreuse	/ʃɑɹˈtɹuz/
charts	/ˈtʃɑɹts/
chartwell	/ˈtʃɑɹˌtwɛl/
charvat	/ˈtʃɑɹvət/
charwoman	/ˈtʃɑɹwʊmən/
charwomen	/ˈtʃɑɹwɪmən/
chary	/ˈtʃɑɹi/
charyl	/ˈtʃæɹəl/
chas	/ˈtʃɑz/
chase	/ˈtʃeɪs/
chase's	/ˈtʃeɪsɪz/
chased	/ˈtʃeɪst/
chasen	/ˈtʃeɪsən/
chaser	/ˈtʃeɪsɚ/
chasers	/ˈtʃeɪsɚz/
chases	/ˈtʃeɪsəz/
chasin	/ˈtʃæsɪn/
chasing	/ˈtʃeɪsɪŋ/
chaska	/ˈtʃæskə/
chasm	/ˈkæzəm/
chason	/ˈtʃæsən/
chasse	/ˈtʃæs/
chassis	/ˈtʃæsi/
chastain	/ʃəˈsteɪn/
chaste	/ˈtʃeɪst/
chasteen	/tʃəˈstin/
chasten	/ˈtʃeɪsən/
chastened	/ˈtʃeɪsənd/
chastise	/tʃæˈstaɪz/
chastised	/tʃæˈstaɪzd/
chastises	/tʃæˈstaɪzɪz/
chastising	/tʃæˈstaɪzɪŋ/
chastity	/ˈtʃæstəti/
chasuble	/ˈtʃɑˌsubəl/
chat	/ˈtʃæt/
chataqua	/ʃəˈtɑkwə/
chateau	/ʃæˈtoʊ/
chateaux	/ʃəˈtoʊ/
chatfield	/ˈtʃætˌfild/
chatham	/ˈtʃætəm/
chatichai	/ˈtʃætɪˌtʃaɪ/
chatichai's	/ˈtʃæˌtɪkaɪz/
chatihachi	/ˌtʃætɪˈhɑtʃi/
chatihachi's	/ˌtʃætɪˈhɑtʃiz/
chatman	/ˈtʃætmən/
chatmon	/ˈtʃætmən/
chato	/ˈtʃeɪtoʊ/
chatroom	/ˈtʃæˌtɹum/
chats	/ˈtʃæts/
chatswood	/ˈtʃætˌswʊd/
chatsworth	/ˈtʃætˌswɝθ/
chattahoochee	/ˌtʃætəˈhutʃi/
chattahoochee's	/ˌtʃætəˈhutʃiz/
chattanooga	/ˌtʃætəˈnuɡə/
chattanooga's	/ˌtʃætəˈnuɡəz/
chattanuga	/ˌtʃætəˈnuɡə/
chatted	/ˈtʃætəd/
chattel	/ˈtʃætəl/
chatter	/ˈtʃætɚ/
chattering	/ˈtʃætɚɪŋ/
chatterjee	/tʃəˈtɝdʒi/
chatterton	/ˈtʃætɚtən/
chatterton's	/ˈtʃætɚtənz/
chattin	/ˈtʃætɪn/
chatting	/ˈtʃætɪŋ/
chatty	/ˈtʃæti/
chatwal	/ˈtʃæˌtwɔl/
chatwin	/ˈtʃætwɪn/
chatz	/ˈtʃæts/
chatz'	/ˈtʃæts/
chatz's	/ˈtʃætsɪz/
chau	/ˈʃoʊ/
chaucer	/ˈtʃɔsɚ/
chaucer's	/ˈtʃɔsɚz/
chaudhry	/ˈtʃɔdɹi/
chaudoin	/ʃoʊˈdɔɪn/
chauffeur	/ʃoʊˈfɝ/
chauffeur's	/ʃoʊˈfɝz/
chauffeured	/ʃoʊˈfɝd/
chauffeurs	/ʃoʊˈfɝz/
chaumet	/ˈtʃɔmɪt/
chaunce	/ˈtʃɔns/
chauncey	/ˈtʃɔnsi/
chauncy	/ˈtʃɔnsi/
chaus	/ˈtʃaʊs/
chausse	/ˈtʃaʊs/
chaussee	/ˈtʃaʊsi/
chautauqua	/ʃəˈtɔkwə/
chautauquan	/ʃəˈtɔkwən/
chautauquans	/ʃəˈtɔkwənz/
chauvin	/ʃoʊˈvæn/
chauvinism	/ˈʃoʊvəˌnɪzəm/
chauvinist	/ˈʃoʊvənəst/
chauvinistic	/ˌtʃoʊvəˈnɪstɪk/
chauvinists	/ˈʃoʊvənəsts/
chavalit	/tʃəˈvɑlɪt/
chavarria	/tʃəˈvæɹiə/
chavers	/ˈtʃeɪvɚz/
chaves	/ˈtʃeɪvz/
chavez	/ˈʃɑvɛz/
chavin	/ˈtʃeɪvɪn/
chavira	/kɑˈvɪɹə/
chavis	/ˈtʃævɪs/
chavis'	/ˈtʃævɪs/
chavitz	/ˈtʃævɪts/
chavous	/ʃəˈvɔs/
chaw	/ˈtʃɔ/
chawla	/ˈtʃɔlə/
chayon	/ˈtʃeɪən/
chaz	/ˈtʃæz/
chazanoff	/ˈtʃæzənɔf/
chazen	/ˈtʃeɪzən/
chazov	/ˈtʃæzɑv/
chazz	/ˈtʃæz/
che	/ˈtʃeɪ/
che's	/ˈtʃeɪz/
chea	/ˈtʃi/
cheadle	/ˈtʃidəl/
cheane	/ˈtʃin/
cheane's	/ˈtʃinz/
cheaney	/ˈtʃini/
cheap	/ˈtʃip/
cheapen	/ˈtʃipən/
cheapened	/ˈtʃipənd/
cheapening	/ˈtʃipənɪŋ/
cheapens	/ˈtʃipənz/
cheaper	/ˈtʃipɚ/
cheapest	/ˈtʃipəst/
cheaply	/ˈtʃipli/
cheapness	/ˈtʃipnəs/
cheapo	/ˈtʃiˌpoʊ/
cheapskate	/ˈtʃipˌskeɪt/
cheat	/ˈtʃit/
cheated	/ˈtʃitəd/
cheater	/ˈtʃitɚ/
cheaters	/ˈtʃitɚz/
cheatham	/ˈtʃitəm/
cheating	/ˈtʃitɪŋ/
cheats	/ˈtʃits/
cheatum	/ˈtʃitəm/
cheatwood	/ˈtʃiˌtwʊd/
chebrikov	/ˈtʃɛbɹɪˌkɑv/
chebyshev	/ˌtʃɛbɪˈʃɛv/
checchi	/ˈtʃɛki/
chechen	/ˈtʃɛtʃɪn/
chechen's	/ˈtʃɛtʃɪnz/
chechens	/ˈtʃɛtʃɪnz/
chechnya	/ˈtʃɛtʃniə/
chechnya's	/ˈtʃɛtʃniəz/
chechnyan	/ˈtʃɛtʃniən/
chechnyan's	/ˈtʃɛtʃniənz/
chechnyans	/ˈtʃɛtʃniənz/
check	/ˈtʃɛk/
check-up	/ˈtʃɛˌkʌp/
checkbook	/ˈtʃɛkˌbʊk/
checkbooks	/ˈtʃɛkˌbʊks/
checked	/ˈtʃɛkt/
checker	/ˈtʃɛkɚ/
checkerboard	/ˈtʃɛkɚˌbɔɹd/
checkerboarding	/ˈtʃɛkɚˌbɔɹdɪŋ/
checkerboards	/ˈtʃɛkɚˌbɔɹdz/
checkered	/ˈtʃɛkɚd/
checkers	/ˈtʃɛkɚz/
checkerspot	/ˈtʃɛkɚˌspɑt/
checketts	/ˈtʃɛkɪts/
checking	/ˈtʃɛkɪŋ/
checklist	/ˈtʃɛˌklɪst/
checklists	/ˈtʃɛˌklɪsts/
checkmate	/ˈtʃɛkˌmeɪt/
checkmates	/ˈtʃɛkˌmeɪts/
checkoff	/ˈtʃɛˌkɔf/
checkout	/ˈtʃɛˌkaʊt/
checkouts	/ˈtʃɛˌkaʊts/
checkpoint	/ˈtʃɛkˌpɔɪnt/
checkpoints	/ˈtʃɛkˌpɔɪnts/
checks	/ˈtʃɛks/
checkup	/ˈtʃɛˌkʌp/
checkups	/ˈtʃɛˌkʌps/
cheddar	/ˈtʃɛdɚ/
cheddars	/ˈtʃɛdɚz/
chedester	/ˈtʃɛdɪstɚ/
chee	/ˈtʃi/
cheech	/ˈtʃitʃ/
cheek	/ˈtʃik/
cheekbone	/ˈtʃikˌboʊn/
cheekbones	/ˈtʃikˌboʊnz/
cheeked	/ˈtʃikt/
cheeks	/ˈtʃiks/
cheektowaga	/ˌtʃiktəˈwɑɡə/
cheeky	/ˈtʃiki/
cheely	/ˈtʃili/
cheer	/ˈtʃɪɹ/
cheered	/ˈtʃɪɹd/
cheerful	/ˈtʃɪɹfəl/
cheerfully	/ˈtʃɪɹfəli/
cheerfulness	/ˈtʃɪɹfəlnəs/
cheerier	/ˈtʃɪɹiɚ/
cheeriest	/ˈtʃɪɹiəst/
cheering	/ˈtʃɪɹɪŋ/
cheerio	/ˈtʃɪɹioʊ/
cheerios	/ˈtʃɪɹioʊs/
cheerleader	/ˈtʃɪɹˌlidɚ/
cheerleaders	/ˈtʃɪɹˌlidɚz/
cheerleading	/ˈtʃɪɹˌlidɪŋ/
cheers	/ˈtʃɪɹz/
cheery	/ˈtʃɪɹi/
cheese	/ˈtʃiz/
cheeseburger	/ˈtʃizbɚɡɚ/
cheeseburgers	/ˈtʃizbɚɡɚz/
cheesecake	/ˈtʃizˌkeɪk/
cheeseman	/ˈtʃizmən/
cheeser	/ˈtʃizɚ/
cheeses	/ˈtʃizɪz/
cheesier	/ˈtʃiziɚ/
cheesiest	/ˈtʃiziɪst/
cheesman	/ˈtʃizmən/
cheesy	/ˈtʃizi/
cheetah	/ˈtʃitə/
cheetahs	/ˈtʃitəz/
cheetal	/ˈtʃitəl/
cheetan	/ˈtʃitən/
cheetham	/ˈtʃiθəm/
cheever	/ˈtʃivɚ/
chef	/ˈʃɛf/
chef's	/ˈʃɛfs/
chefitz	/ˈtʃɛfɪts/
chefs	/ˈʃɛfs/
cheil	/ˈtʃaɪl/
cheimi	/ˈtʃeɪmi/
chek	/ˈtʃɛk/
chekhov	/ˈtʃɛkɑv/
chekhov's	/ˈtʃɛkɑvz/
chelan	/ˈtʃɛlən/
chelette	/ʃɪˈlɛt/
chelf	/ˈtʃɛlf/
chell	/ˈtʃɛl/
chellis	/ˈtʃɛlɪs/
chelmsford	/ˈtʃɛlmsfɚd/
chelsea	/ˈtʃɛlsi/
chelsea's	/ˈtʃɛlsiz/
chelyabinsk	/tʃɛljəˈbɪnsk/
chem	/ˈkɛm/
chema	/ˈtʃɛmɑ/
chemania	/tʃəˈmeɪnjə/
chemclear	/ˈtʃɛmˌklɪɹ/
chemdesign	/ˈtʃɛmdəˌzaɪn/
chemed	/ˈkɛmɛd/
chemel	/ˈkɛmɛl/
chemerinsky	/ˌtʃɛmɚˈɪnski/
chemetron	/ˈtʃɛmətɹɑn/
chemfix	/ˈtʃɛmfɪks/
chemi	/ˈkɛmi/
chemical	/ˈkɛməkəl/
chemical's	/ˈkɛmɪkəlz/
chemically	/ˈkɛməkli/
chemicals	/ˈkɛmɪkəlz/
chemicals'	/ˈtʃɛməkəlz/
chemie	/ˈtʃɛmi/
chemins	/ˈtʃɛmɪnz/
chemise	/ʃəˈmiz/
chemist	/ˈkɛmɪst/
chemistry	/ˈkɛməstɹi/
chemists	/ˈkɛməsts/
chemlawn	/ˈkɛmˌlɔn/
chemlawn's	/ˈkɛmˌlɔnz/
chemo	/ˈkimoʊ/
chemotherapy	/ˌkimoʊˈθɛɹəpi/
chemyr	/ˈkɛmɪɹ/
chen	/ˈtʃɛn/
chen's	/ˈtʃɛnz/
chenard	/ˈtʃɛnɚd/
chenault	/ʃɪˈnoʊ/
chenette	/ʃɪˈnɛt/
chenevert	/ˈtʃɛnɪvɚt/
cheney	/ˈtʃeɪni/
cheney's	/ˈtʃeɪniz/
cheng	/ˈtʃɛŋ/
cheng-chung	/ˈtʃɛŋˈtʃʊŋ/
cheng-hua	/ˈtʃɛŋhˈwɑ/
chengdu	/ˌtʃɛŋˈdu/
chengxiang	/ˈtʃɛŋʃˈjɑŋ/
chenier	/ˈtʃɛnjɚ/
chennai	/ˈtʃɛˌnaɪ/
chennault	/ˈtʃɛnɔlt/
chenoweth	/ˈtʃɛnəwɛθ/
chenowitz	/ˈtʃɛnəwɪts/
chenxiang	/ˈtʃɛnʃˈjɑŋ/
cheong	/ˈtʃiɔŋ/
cheque	/ˈtʃɛk/
cheques	/ˈtʃɛks/
cher	/ˈʃɛɹ/
cheramie	/ˈtʃɛɹəˌmi/
cherbourg	/ˈʃɛɹbuɹɡ/
cheri	/ˈʃɛɹi/
cherico	/kɚˈikoʊ/
cherie	/ˈʃɛɹi/
cherish	/ˈtʃɛɹɪʃ/
cherished	/ˈtʃɛɹɪʃt/
cherishes	/ˈtʃɛɹɪʃɪz/
cherishing	/ˈtʃɛɹɪʃɪŋ/
chermak	/ˈtʃɝmək/
chern	/ˈtʃɝn/
cherne	/ˈtʃɝn/
chernenko	/tʃɚˈnɛŋkoʊ/
cherney	/ˈtʃɝni/
chernick	/ˈtʃɝnɪk/
chernin	/ˈtʃɝnɪn/
chernobyl	/tʃɚˈnoʊbəl/
chernobyl's	/tʃɚˈnoʊbəlz/
chernoff	/ˈkɝnɔf/
chernomyrdin	/ˌtʃɛɹnoʊˈmɪɹdən/
chernomyrdin's	/ˌtʃɛɹnoʊˈmɪɹdənz/
chernow	/ˈtʃɝnoʊ/
cherny	/ˈtʃɝni/
cherokee	/ˈtʃɛɹəˌki/
cherokee's	/ˈtʃɛɹəˌkiz/
cherokees	/ˈtʃɛɹəˌkiz/
cherrapunji	/ˌtʃɛɹəˈpʌndʒi/
cherrier	/ˈtʃɛɹiɚ/
cherries	/ˈtʃɛɹiz/
cherrington	/ˈtʃɛɹɪŋtən/
cherry	/ˈtʃɛɹi/
cherry's	/ˈtʃɛɹiz/
cherrystone	/ˈtʃɛɹiˌstoʊn/
cherrystones	/ˈtʃɛɹiˌstoʊnz/
chert	/ˈtʃɝt/
chertkow	/ˈtʃɝtkaʊ/
chertoff	/ˈtʃɝtɑf/
cherts	/ˈtʃɝts/
cherub	/ˈtʃɛɹəb/
cherubic	/tʃɚˈubɪk/
cherubini	/kɚuˈbini/
cherubs	/ˈtʃɛɹəbz/
cherumirdan	/ˌtʃɛɹəˈmɪɹdən/
cherumirdan's	/ˌtʃɛɹəˈmɪɹdənz/
chervenak	/ˈtʃɝvɪnæk/
chery	/ˈtʃɛɹi/
cheryl	/ˈʃɛɹəl/
ches	/ˈtʃɛs/
chesapeake	/ˈtʃɛsəˌpik/
chesbro	/ˈkɛsbɹoʊ/
chesebro	/kɛˈsɛbɹoʊ/
chesebrough	/ˈtʃɛsəbɹu/
chesher	/ˈtʃɛʃɚ/
cheshier	/ˈtʃɛʃiɚ/
cheshire	/ˈtʃɛʃɚ/
chesler	/ˈtʃɛsəlɚ/
chesley	/ˈtʃɛsli/
cheslock	/ˈtʃɛslək/
chesney	/ˈtʃɛsni/
chesnut	/ˈtʃɛˌsnʌt/
chesnutt	/ʃɪˈsnʌt/
chess	/ˈtʃɛs/
chessboard	/ˈtʃɛsˌbɔɹd/
chessboards	/ˈtʃɛsˌbɔɹdz/
chesser	/ˈtʃɛsɚ/
chessher	/ˈtʃɛʃɚ/
chesshir	/ʃɪˈʃɝ/
chessman	/ˈtʃɛsmən/
chesson	/ˈtʃɛsən/
chest	/ˈtʃɛst/
chestang	/ˈtʃɛstəŋ/
chested	/ˈtʃɛstəd/
chester	/ˈtʃɛstɚ/
chesterfield	/ˈtʃɛstɚˌfild/
chesterman	/ˈtʃɛstɚmən/
chesters	/ˈtʃɛstɚz/
chesterson	/ˈtʃɛstɚsən/
chesterton	/ˈtʃɛstɚtən/
chestman	/ˈtʃɛstmən/
chestnut	/ˈtʃɛˌsnʌt/
chestnuts	/ˈtʃɛsnəts/
chestnutt	/ˈtʃɛstnət/
cheston	/ˈtʃɛstən/
chests	/ˈtʃɛsts/
chet	/ˈtʃɛt/
chetniks	/ˈtʃɛtnɪks/
chetwin	/ˈtʃɛtwɪn/
cheung	/ˈtʃjuŋ/
cheuse	/ˈtʃus/
cheuvront	/ʃuvˈɹɑnt/
chevalier	/ˌʃɛvəˈlɪɹ/
cheverly	/ˈtʃɛvɚli/
cheves	/ˈtʃivz/
chevette	/ʃəˈvɛt/
chevies	/ˈtʃɛviz/
chevik	/ˈtʃɛvɪk/
cheviot	/ˈʃɛviət/
cheviots	/ˈtʃiviəts/
chevis	/ˈtʃɛvɪs/
chevrette	/ʃɪvˈɹɛt/
chevrier	/ˈtʃɛvɚiɚ/
chevrolet	/ˌʃɛvɹəˈleɪ/
chevrolet's	/ˌʃɛvɹəˈleɪz/
chevrolets	/ˌʃɛvɹəˈleɪz/
chevron	/ˈʃɛvɹən/
chevron's	/ˈʃɛvɹənz/
chevy	/ˈʃɛˌvi/
chevy's	/ˈʃɛˌviz/
chevys	/ˈʃɛˌvis/
chew	/ˈtʃu/
chewed	/ˈtʃud/
chewer	/ˈtʃuɚ/
chewers	/ˈtʃuɚz/
chewing	/ˈtʃuɪŋ/
chewning	/ˈtʃunɪŋ/
chews	/ˈtʃuz/
chewy	/ˈtʃui/
cheyenne	/ʃaɪˈɛn/
cheyenne's	/ʃaɪˈɛnz/
cheyennes	/ʃaɪˈɛnz/
cheyne	/ˈtʃeɪn/
cheyney	/ˈtʃeɪˌni/
chez	/ˈʃeɪ/
chi	/ˈkaɪ/
chi's	/ˈkaɪz/
chia	/ˈtʃiə/
chianese	/kiɑˈneɪzi/
chiang	/ˈtʃæŋ/
chiang's	/ˈtʃæŋz/
chianti	/tʃiˈænti/
chiaoscurist	/ˈkiɑˌɔˌskuɹɪst/
chiaoscuro	/ˈkiɑˌɔˌskuɹoʊ/
chiapas	/tʃiˈɑpəs/
chiapas'	/tʃiˈɑpəz/
chiapparone	/tʃiˈæpɚˌoʊn/
chiappetta	/kiɑˈpɛtə/
chiappone	/kiɑˈpoʊni/
chiara	/ˈkjɑɹə/
chiaramonte	/kiɑɹɑˈmoʊnti/
chiarella	/kiɑˈɹɛlə/
chiarelli	/kiɑˈɹɛli/
chiarello	/kiɑˈɹɛloʊ/
chiarenza	/kiɑˈɹɛnzə/
chiarnim	/kiˈɑɹˌnɪm/
chiaro	/kiˈɑɹoʊ/
chiasso	/tʃiˈɑsoʊ/
chiasson	/tʃiˈɑsən/
chiat	/ˈtʃiæt/
chiavetta	/kiɑˈvɛtə/
chiba	/ˈtʃibə/
chic	/ˈʃik/
chicago	/ʃəˈkɑˌɡoʊ/
chicago's	/ʃəˈkɑˌɡoʊz/
chicagoan	/ˈtʃɪkəˌɡoʊn/
chicagoans	/ʃəˈkɑˌɡoʊənz/
chicanery	/ʃɪˈkeɪnɚi/
chicano	/tʃɪˈkɑnoʊ/
chicanos	/tʃɪˈkɑnoʊz/
chichauha	/ˌtʃiˈtʃaʊə/
chichauha's	/ˌtʃiˈtʃaʊəz/
chichester	/ˈtʃɪtʃɛstɚ/
chichi	/ˈtʃitʃi/
chick	/ˈtʃɪk/
chick's	/ˈtʃɪks/
chickasaw	/ˈtʃɪkəˌsɔ/
chickasaws	/ˈtʃɪkəˌsɔz/
chicked	/tʃɪkt/
chicken	/ˈtʃɪkən/
chicken's	/ˈtʃɪkənz/
chickened	/ˈtʃɪkənd/
chickening	/ˈtʃɪkənɪŋ/
chickens	/ˈtʃɪkənz/
chickens'	/ˈtʃɪkənz/
chickering	/ˈtʃɪkɚɪŋ/
chicks	/ˈtʃɪks/
chico	/ˈtʃiˌkoʊ/
chico's	/ˈtʃiˌkoʊz/
chicoine	/tʃɪˈkɔɪn/
chicots	/ˈtʃɪkəts/
chide	/ˈtʃaɪd/
chided	/ˈtʃaɪdɪd/
chides	/ˈtʃaɪdz/
chidester	/ˈtʃɪdɪstɚ/
chideya	/tʃɪˈdijə/
chiding	/ˈtʃaɪdɪŋ/
chidsey	/ˈtʃɪdzi/
chief	/ˈtʃif/
chief's	/ˈtʃifs/
chiefdom	/ˈtʃifdəm/
chieffo	/ˈkifoʊ/
chiefly	/ˈtʃifli/
chiefs	/ˈtʃifs/
chiefs'	/ˈtʃifs/
chieftain	/ˈtʃiftən/
chieftain's	/ˈtʃiftənz/
chieftains	/ˈtʃiftənz/
chien	/ˈtʃɛn/
chiengmai	/ˈtʃɛŋˈmaɪ/
chiesa	/ˈkisə/
chiffon	/ʃɪˈfɑn/
chiffre	/ˈʃifɹə/
chiggers	/ˈtʃɪɡɚz/
chigney	/ˈtʃɪɡni/
chihuahua	/tʃəˈwɑˌwɑ/
chikane	/tʃɪˈkɑneɪ/
chikatilo	/ˌtʃɪkəˈtɪˌloʊ/
chikos	/ˈtʃiˌkoʊs/
chilblain	/ˈtʃɪlˌbleɪn/
chilblains	/ˈtʃɪlˌbleɪnz/
chilcoat	/ˈtʃɪlˌkoʊt/
chilcote	/ˈtʃɪlˌkoʊt/
chilcott	/ˈtʃɪlkət/
chilcutt	/ˈtʃɪlkət/
child	/ˈtʃaɪld/
child's	/ˈtʃaɪldz/
childbearing	/ˈtʃaɪldˌbɛɹɪŋ/
childbirth	/ˈtʃaɪldˌbɝθ/
childcare	/ˈtʃaɪldˌkɛɹ/
childcraft	/ˈtʃaɪldˌkɹæft/
childe	/ˈtʃɪld/
childener	/ˈtʃɪldnɚ/
childener's	/ˈtʃɪldnɚz/
childers	/ˈtʃɪldɚz/
childhood	/ˈtʃaɪldˌhʊd/
childhoods	/ˈtʃaɪldˌhʊdz/
childish	/ˈtʃaɪldɪʃ/
childless	/ˈtʃaɪldləs/
childlike	/ˈtʃaɪldˌlaɪk/
childminder	/ˈtʃaɪldˌmaɪndɚ/
childraising	/ˈtʃaɪlˌdɹeɪzɪŋ/
childree	/tʃaɪlˈdɹi/
children	/ˈtʃɪldɹən/
children's	/ˈtʃɪldɹənz/
childrens	/ˈtʃɪldɹənz/
childrens'	/ˈtʃɪldɹənz/
childres	/ˈtʃaɪldɚz/
childress	/ˈtʃɪldɹɪs/
childrey	/ˈtʃɪldɹi/
childs	/ˈtʃaɪldz/
chile	/ˈtʃɪli/
chile's	/ˈtʃɪliz/
chilean	/ˈtʃɪliən/
chileans	/ˈtʃɪliənz/
chiles	/ˈtʃaɪlz/
chiles's	/ˈtʃɪlizɪz/
chili	/ˈtʃɪli/
chili's	/ˈtʃɪliz/
chilies	/ˈtʃɪliz/
chilis	/ˈtʃɪliz/
chill	/ˈtʃɪl/
chilled	/ˈtʃɪld/
chillemi	/kiˈlɛmi/
chiller	/ˈtʃɪlɚ/
chillicothe	/ˈtʃɪlɪkɔθ/
chillier	/ˈtʃɪliɚ/
chillies	/ˈtʃɪliz/
chilliest	/ˈtʃɪliəst/
chilling	/ˈtʃɪlɪŋ/
chillingly	/ˈtʃɪlɪŋli/
chills	/ˈtʃɪlz/
chilly	/ˈtʃɪli/
chilmark	/ˈtʃɪlˌmɑɹk/
chilson	/ˈtʃɪlsən/
chilton	/ˈtʃɪltən/
chimayo	/tʃɪˈmaɪoʊ/
chime	/ˈtʃaɪm/
chimed	/ˈtʃaɪmd/
chimenti	/tʃɪˈmɛnti/
chimento	/tʃɪˈmɛntoʊ/
chimera	/tʃɪˈmɛɹə/
chimerical	/kɪˈmɛɹəkəl/
chimerine	/ˈtʃɪmɚˌin/
chimes	/ˈtʃaɪmz/
chimicles	/ˈtʃɪmɪkəlz/
chimie	/ˈtʃɪmi/
chimney	/ˈtʃɪmni/
chimneys	/ˈtʃɪmniz/
chimp	/ˈtʃɪmp/
chimpanzee	/tʃɪmˈpænzi/
chimpanzees	/tʃɪmˈpænziz/
chimps	/ˈtʃɪmps/
chimurenga	/ˌtʃɪmɚˈɛnɡə/
chin	/ˈtʃɪn/
china	/ˈtʃaɪnə/
china's	/ˈtʃaɪnəz/
chinatown	/ˈtʃaɪnəˌtaʊn/
chinchilla	/tʃɪnˈtʃɪlə/
chinen	/ˈtʃɪnən/
chinese	/tʃaɪˈniz/
chinese-englishman	/tʃaɪˌniˈzɪŋɡlɪʃmən/
ching	/ˈtʃɪŋ/
chinh	/ˈtʃɪn/
chink	/ˈtʃɪŋk/
chinks	/ˈtʃɪŋks/
chinn	/ˈtʃɪn/
chinn's	/ˈtʃɪnz/
chinnici	/kiˈnitʃi/
chinnock	/ˈtʃɪnək/
chino	/ˈtʃinoʊ/
chinook	/ʃɪˈnʊk/
chinooks	/tʃɪˈnʊks/
chinoy	/ˈtʃɪˌnɔɪ/
chintung	/ˈtʃɪntəŋ/
chintzy	/ˈtʃɪntsi/
chiodo	/kiˈoʊˌdoʊ/
chip	/ˈtʃɪp/
chip-in	/ˈtʃɪˌpɪn/
chip's	/ˈtʃɪps/
chipboard	/ˈtʃɪpˌbɔɹd/
chipcom	/ˈtʃɪpˌkɑm/
chipcom's	/ˈtʃɪpˌkɑmz/
chipello	/tʃɪˈpɛloʊ/
chipetas	/tʃɪˈpitəz/
chipita	/tʃəˈpitɑ/
chipley	/ˈtʃɪpli/
chipmaker	/ˈtʃɪpˌmeɪkɚ/
chipmakers	/ˈtʃɪpˌmeɪkɚz/
chipman	/ˈtʃɪpmən/
chipmunk	/ˈtʃɪpməŋk/
chipmunks	/ˈtʃɪpməŋks/
chipote	/tʃɪˈpoʊt/
chipotle	/tʃɪˈpoʊtˌli/
chipped	/ˈtʃɪpt/
chippendale	/ˈtʃɪpəˌdeɪl/
chippendales	/ˈtʃɪpəˌdeɪl/
chipper	/ˈtʃɪpɚ/
chippewa	/ˈtʃɪpəˌwɑ/
chipping	/ˈtʃɪpɪŋ/
chipps	/ˈtʃɪps/
chippy	/ˈtʃɪpi/
chips	/ˈtʃɪps/
chipsoft	/ˈtʃɪpˌsɔft/
chiquita	/kɪˈkwitə/
chirac	/ʃɪˈɹæk/
chirac's	/ʃɪˈɹæks/
chirco	/ˈkɪɹkoʊ/
chirico	/kɪˈɹikoʊ/
chiron	/ˈtʃaɪɹən/
chiron's	/ˈtʃaɪɹənz/
chiropractic	/ˌkaɪɹoʊˈpɹæktɪk/
chiropractor	/ˈkaɪɹəˌpɹæktɚ/
chiropractor's	/ˈkaɪɹoʊˌpɹæktɚz/
chiropractors	/ˈkaɪɹəˌpɹæktɚz/
chirp	/ˈtʃɝp/
chirping	/ˈtʃɝpɪŋ/
chirps	/ˈtʃɝps/
chirpy	/ˈtʃɝpi/
chisam	/ˈtʃɪsəm/
chisel	/ˈtʃɪzəl/
chiseled	/ˈtʃɪzəld/
chiseling	/ˈtʃɪzəlɪŋ/
chisels	/ˈtʃɪzəlz/
chisenhall	/tʃɪˈsɛnhəl/
chisholm	/ˈtʃɪzəm/
chisler	/ˈtʃɪsəlɚ/
chism	/ˈtʃɪzəm/
chisman	/ˈtʃɪsmən/
chismar	/ˈtʃɪzmɚ/
chisolm	/ˈtʃɪsoʊm/
chisom	/ˈtʃɪsəm/
chissano	/tʃɪˈsɑnoʊ/
chisum	/ˈtʃɪzəm/
chiswick	/ˈtʃɪzwɪk/
chit	/ˈtʃɪt/
chita	/ˈtʃitə/
chitchat	/ˈtʃɪtˌtʃæt/
chitinous	/ˈkaɪtənəs/
chitlin	/ˈtʃɪtlɪn/
chitlins	/ˈtʃɪtlɪnz/
chitra	/ˈtʃɪtɹə/
chitra's	/ˈtʃɪtɹəz/
chitrao	/ˈtʃɪtɹaʊ/
chits	/ˈtʃɪts/
chittenden	/ˈtʃɪtəndən/
chitter	/ˈtʃɪtɚ/
chitterchatter	/ˈtʃɪtɚˈtʃætɚ/
chitterlings	/ˈtʃɪtɚlɪŋz/
chittick	/ˈtʃɪtɪk/
chittum	/ˈtʃɪtəm/
chitty	/ˈtʃɪti/
chitwood	/ˈtʃɪˌtwʊd/
chiu	/ˈtʃu/
chiusano	/kiuˈsɑnoʊ/
chivalry	/ˈʃɪvəlɹi/
chivas	/ˈtʃivəs/
chivers	/ˈtʃaɪvɚz/
chives	/ˈtʃaɪvz/
chiyoda	/tʃɪˈjoʊdə/
chizek	/ˈtʃɪzɛk/
chizmar	/ˈtʃɪzmɚ/
chlamydia	/klæˈmaɪdiə/
chlebowski	/tʃlɪˈbɔfski/
chloe	/ˈkloʊi/
chloe's	/ˈkloʊiz/
chlorate	/ˈklɔɹeɪt/
chlordane	/ˈklɔɹˌdeɪn/
chloric	/ˈklɔɹɪk/
chloride	/ˈklɔɹaɪd/
chlorinate	/ˈklɔɹəˌneɪt/
chlorinated	/ˈklɔɹəˌneɪtəd/
chlorinating	/ˈklɔɹəˌneɪtɪŋ/
chlorine	/ˈklɔɹin/
chloris	/ˈklɔɹɪs/
chlorofluorocarbon	/klɔɹoʊˌflɔɹoʊˈkɑɹbɑn/
chlorofluorocarbons	/ˈklɔɹoʊˈflɔɹoʊˈkɑɹbɑnz/
chloroform	/ˈklɔɹəˌfɔɹm/
chlorophyll	/ˈklɔɹəfɪl/
chloroplast	/ˈklɔɹəˌplæst/
chloroplasts	/ˈklɔɹəˌplæsts/
chloroprene	/ˈklɔɹəˌpɹin/
chmiel	/tʃəˈmil/
chmielewski	/tʃəməˈlɛfski/
chmura	/tʃəˈmʊɹə/
cho	/ˈtʃoʊ/
choat	/ˈtʃoʊt/
choate	/ˈtʃoʊt/
chock	/ˈtʃɑk/
chocolat	/ˈtʃɑklət/
chocolate	/ˈtʃɔklət/
chocolates	/ˈtʃɔkləts/
chocolatology	/ˌtʃɑkləˈtɑlədʒi/
chodorow	/ˈtʃoʊdɚoʊ/
choe	/ˈtʃoʊ/
choi	/ˈtʃɔɪ/
choice	/ˈtʃɔɪs/
choicer	/ˈtʃɔɪsɚ/
choicers	/ˈtʃɔɪsɚz/
choices	/ˈtʃɔɪsəz/
choicest	/ˈtʃɔɪsəst/
choiniere	/ˈʃɔɪniɛɹ/
choinski	/ˈtʃɔɪnski/
choir	/ˈkwaɪɚ/
choirs	/ˈkwaɪɹz/
chojnacki	/tʃəjˈnɑtski/
chojnowski	/tʃəjˈnɔfski/
chok	/ˈtʃɑk/
choke	/ˈtʃoʊk/
choked	/ˈtʃoʊkt/
chokehold	/ˈtʃoʊkˌhoʊld/
chokes	/ˈtʃoʊks/
choking	/ˈtʃoʊkɪŋ/
cholera	/ˈkɑlɚə/
choleric	/ˈkɑlɚɪk/
cholesterol	/kəˈlɛstɚˌɔl/
cholestyramine	/koʊˈlɛstɪɹəˌmaɪn/
cholet	/ˈtʃoʊlət/
cholewa	/tʃəˈluə/
cholla	/ˈtʃɑlə/
choma	/ˈtʃoʊmə/
chombiono	/tʃɑmbiˈoʊnoʊ/
chomp	/ˈtʃɑmp/
chomping	/ˈtʃɑmpɪŋ/
chomsky	/ˈtʃɑmˌski/
chon	/ˈtʃɑn/
chong	/ˈtʃɔŋ/
chongqing	/ˈtʃɔŋˈkɪŋ/
chonko	/ˈtʃɑŋkoʊ/
chontales	/ˌʃɑnˈteɪlz/
choo	/ˈtʃu/
chook	/ˈtʃʊk/
choon	/ˈtʃun/
choong	/ˈtʃuŋ/
choose	/ˈtʃuz/
chooses	/ˈtʃuzəz/
choosing	/ˈtʃuzɪŋ/
choosy	/ˈtʃuzi/
chop	/ˈtʃɑp/
chop-chop	/ˈtʃɑpˈtʃɑp/
chop-suey	/ˈtʃɑpˈsui/
choper	/ˈtʃoʊpɚ/
chopin	/ˈʃoʊpæn/
choplin	/ˈtʃɑplɪn/
chopp	/ˈtʃɑp/
chopped	/ˈtʃɑpt/
chopper	/ˈtʃɑpɚ/
chopper's	/ˈtʃɑpɚz/
choppers	/ˈtʃɑpɚz/
chopping	/ˈtʃɑpɪŋ/
choppy	/ˈtʃɑpi/
chopra	/ˈtʃɑpɹə/
chops	/ˈtʃɑps/
chopstick	/ˈtʃɑpˌstɪk/
chopsticks	/ˈtʃɑpˌstɪks/
chopsuey	/ˈtʃɑpˈsui/
choquette	/ʃəˈkɛt/
choral	/ˈkɔɹəl/
chorale	/kɚˈæl/
chorals	/ˈkɔɹəlz/
chorba	/ˈkɔɹbə/
chord	/ˈkɔɹd/
chordates	/ˈkɔɹˌdeɪts/
chords	/ˈkɔɹdz/
chore	/ˈtʃɔɹ/
choreograph	/ˈkɔɹiəˌɡɹæf/
choreographed	/ˈkɔɹiəˌɡɹæft/
choreographer	/ˌkɔɹiˈɑɡɹəfɚ/
choreographer's	/ˌkɔɹiˈɑɡɹəfɚz/
choreographers	/ˌkɔɹiˈɑɡɹəfɚz/
choreographic	/ˌkɔɹiəˈɡɹæfɪk/
choreographing	/ˌkɔɹiˈɑɡɹəfɪŋ/
choreography	/ˌkɔɹiˈɑɡɹəfi/
chores	/ˈtʃɔɹz/
choric	/ˈkɔɹɪk/
chorney	/ˈtʃɔɹni/
chortle	/ˈtʃɔɹtəl/
chortled	/ˈtʃɔɹtəld/
chortles	/ˈtʃɔɹtəlz/
chortling	/ˈtʃɔɹtəlɪŋ/
chorus	/ˈkɔɹəs/
choruses	/ˈkɔɹəsɪz/
chose	/ˈtʃoʊz/
chosen	/ˈtʃoʊzən/
chosun	/ˈtʃoʊzən/
chotilla	/tʃəˈtɪlə/
chou	/ˈtʃu/
chouinard	/ʃwiˈnɑɹd/
chovan	/ˈtʃoʊvən/
chovanec	/tʃəˈvænɪk/
chow	/ˈtʃaʊ/
chowder	/ˈtʃaʊdɚ/
chowdhury	/ˈtʃaʊduɹi/
chowning	/ˈtʃaʊnɪŋ/
chows	/ˈtʃaʊz/
choy	/ˈtʃɔɪ/
choyce	/ˈtʃɔɪs/
chrest	/ˈkɹɛst/
chrestman	/ˈkɹɛstmən/
chretien	/kɹɪtˈjɛn/
chriboniko	/ˌtʃɹiboʊˈnikoʊ/
chriboniko's	/ˌtʃɹiboʊˈnikoʊz/
chriptosporidium	/ˌkɹɪptoʊspɔˈɹɪdiəm/
chris	/ˈkɹɪs/
chris'	/ˈkɹɪs/
chrisco	/ˈkɹiskoʊ/
chriscoe	/ˈkɹɪskoʊ/
chrisman	/ˈkɹɪsmən/
chrismer	/ˈkɝɪzəmɚ/
chrismon	/ˈkɹɪzmən/
chrisp	/ˈkɹɪsp/
chriss	/ˈkɹɪs/
chrissie	/ˈkɹɪsi/
chrissy	/ˈkɹɪsi/
christ	/ˈkɹaɪst/
christ's	/ˈkɹaɪsts/
christa	/ˈkɹɪstə/
christabelle	/ˈkɹɪstəˌbɛl/
christakos	/ˌkɹɪˈstɑkoʊz/
christal	/ˈkɹɪstəl/
christchurch	/ˈkɹaɪsttʃɚtʃ/
christel	/ˈkɹɪstəl/
christen	/ˈkɹɪsən/
christenberry	/ˈkɹɪsənˌbɛɹi/
christenbury	/ˈkɹɪsənˌbɛɹi/
christendom	/ˈkɹɪsəndəm/
christened	/ˈkɹɪsənd/
christening	/ˈkɹɪsənɪŋ/
christensen	/ˈkɹɪstənsən/
christenson	/ˈkɹɪstɪnsən/
christeson	/ˈkɹɪstɪsən/
christi	/ˈkɹɪsti/
christiaan	/ˈkɹɪstiˌɑn/
christian	/ˈkɹɪstʃən/
christiana	/ˌkɹɪstiˈænə/
christiane	/kɹɪstiˈɑn/
christianity	/ˌkɹɪstʃiˈænɪti/
christianity's	/ˌkɹɪstʃiˈænɪtiz/
christianization	/ˌkɹɪstʃənəˈzeɪʃən/
christianize	/ˈkɹɪstʃəˌnaɪz/
christianized	/ˈkɹɪstʃəˌnaɪzd/
christianna	/ˌkɹɪstiˈænə/
christianne	/kɹɪstiˈɑn/
christiano	/kɹistiˈɑnoʊ/
christians	/ˈkɹɪstʃənz/
christiansen	/ˈkɹɪstʃənsən/
christianson	/ˈkɹɪstʃənsən/
christiansted	/ˈkɹɪstʃənˌstɛd/
christic	/ˈkɹɪstɪk/
christie	/ˈkɹɪsti/
christie's	/ˈkɹɪstiz/
christies	/ˈkɹɪstiz/
christina	/kɹɪˈstinə/
christine	/kɹɪˈstin/
christine's	/kɹɪˈstinz/
christison	/ˈkɹɪstɪsən/
christlieb	/ˈkɹɪstˌlib/
christman	/ˈkɹɪstmən/
christman's	/ˈkɹɪstmənz/
christmann	/ˈkɹɪstmən/
christmas	/ˈkɹɪsməs/
christmas'	/ˈkɹɪsməs/
christmases	/ˈkɹɪsməsɪz/
christmastime	/ˈkɹɪstməˌstaɪm/
christner	/ˈkɹɪstnɚ/
christo	/ˈkɹɪstoʊ/
christoff	/ˈkɹɪstɔf/
christoffel	/ˈkɹɪstəfɛl/
christoffersen	/kɹɪstəˈfɝsən/
christofferson	/kɹɪˈstɑfɚsən/
christon	/ˈkɹɪstən/
christoph	/ˈkɹɪstɔf/
christophe	/kɹɪˈstɔf/
christophel	/ˈkɹɪstəfɛl/
christopher	/ˈkɹɪstəfɚ/
christopher's	/ˈkɹɪstəfɚz/
christophersen	/kɹɪˈstɑˌfɝsən/
christopherson	/kɹɪˈstɑˌfɝsən/
christopoulos	/kɹɪˈstɑpəlɪs/
christy	/ˈkɹɪsti/
christy's	/ˈkɹɪstiz/
chriswell	/ˈkɹɪˌswɛl/
chrobak	/ˈkɹoʊbək/
chromakalim	/ˌkɹoʊməˌkɑˈlim/
chromalloy	/kɹoʊˈmælɔɪ/
chromatogram	/kɹoʊˈmætəɡɹæm/
chromatograms	/kɹoʊˈmætəɡɹæmz/
chromatography	/kɹoʊməˈtɑɡɹəfi/
chrome	/ˈkɹoʊm/
chromecast	/ˈkɹoʊmˌkæst/
chrominance	/ˈkɹoʊmənəns/
chromium	/ˈkɹoʊmiəm/
chromosomal	/ˈkɹoʊməˌsoʊməl/
chromosome	/ˈkɹoʊməˌsoʊm/
chromosomes	/ˈkɹoʊməˌzoʊmz/
chronar	/ˈkɹɑnɚ/
chronic	/ˈkɹɑnɪk/
chronically	/ˈkɹɑnɪkəli/
chronicle	/ˈkɹɑnɪkəl/
chronicle's	/ˈkɹɑnɪkəlz/
chronicled	/ˈkɹɑnɪkəld/
chronicler	/ˈkɹɑnɪklɚ/
chroniclers	/ˈkɹɑnɪklɚz/
chronicles	/ˈkɹɑnɪkəlz/
chronicling	/ˈkɹɑnɪklɪŋ/
chronis	/ˈkɹoʊnɪs/
chronister	/ˈkɹɑnɪstɚ/
chronological	/ˌkɹɑnəˈlɑdʒɪkəl/
chronologically	/ˌkɹɑnəˈlɑdʒɪkli/
chronologies	/kɹəˈnɑlədʒiz/
chronology	/kɹəˈnɑlədʒi/
chronowitz	/ˈkɹɑnəwɪts/
chrostowski	/kɹəˈstɔfski/
chrusciel	/ˈkɹʌˌsil/
chrysalis	/ˈkɹɪsəlɪs/
chrysanthemum	/kɹɪˈsænθəməm/
chrysanthemums	/kɹɪˈsænθəməmz/
chryseis	/ˈkɹɪsəz/
chrysler	/ˈkɹaɪslɚ/
chrysler's	/ˈkɹaɪslɚz/
chryslers	/ˈkɹaɪslɚz/
chryst	/ˈkɹɪst/
chrystal	/ˈkɹɪstəl/
chrzan	/ˈtʃɝˌzæn/
chrzanowski	/ˌtʃɝzəˈnɔfski/
chseing	/ˈtʃeɪŋ/
chu	/ˈtʃu/
chua	/ˈkuə/
chuah	/ˈtʃuɑ/
chuan	/ˌtʃuˈɑn/
chuang	/ˈtʃæŋ/
chuba	/ˈtʃubə/
chubais	/ˌtʃuˈbaɪ/
chubb	/ˈtʃʌb/
chubb's	/ˈtʃʌbz/
chubbuck	/ˈtʃʌbək/
chubby	/ˈtʃʌbi/
chubu	/ˈtʃubu/
chuck	/ˈtʃʌk/
chuck-a-luck	/ˈtʃʌkəˌlʌk/
chuck's	/ˈtʃʌks/
chucked	/ˈtʃʌkt/
chuckie	/ˈtʃʌki/
chucking	/ˈtʃʌkɪŋ/
chuckle	/ˈtʃʌkəl/
chuckled	/ˈtʃʌkəld/
chuckles	/ˈtʃʌkəlz/
chuckling	/ˈtʃʌklɪŋ/
chudler	/ˈtʃʌdlɚ/
chudy	/ˈtʃudi/
chudzik	/ˈtʃʌdzɪk/
chudzinski	/tʃəˈdʒɪnˌski/
chug	/ˈtʃʌɡ/
chugai	/tʃuˈɡaɪ/
chugged	/ˈtʃʌɡd/
chugging	/ˈtʃʌɡɪŋ/
chugoku	/tʃuˈɡoʊˌku/
chui	/ˈkuɪ/
chujitsuya	/ˌtʃudʒitˌsujɑ/
chukchi	/ˈtʃuktʃi/
chul	/ˈtʃʌl/
chula	/ˈtʃulə/
chum	/ˈtʃʌm/
chumbley	/ˈtʃʌmbli/
chumley	/ˈtʃʌmli/
chummy	/ˈtʃʌmi/
chumney	/ˈtʃʌmni/
chump	/ˈtʃʌmp/
chums	/ˈtʃʌmz/
chun	/ˈtʃʌn/
chun's	/ˈtʃʌnz/
chung	/ˈtʃʌŋ/
chung's	/ˈtʃʌŋz/
chunk	/ˈtʃʌŋk/
chunks	/ˈtʃʌŋks/
chunky	/ˈtʃʌŋki/
chunn	/ˈtʃʌn/
chunnel	/ˈtʃʌnəl/
chupp	/ˈtʃʌp/
chura	/ˈtʃʊɹə/
church	/ˈtʃɝtʃ/
church's	/ˈtʃɝtʃəz/
churches	/ˈtʃɝtʃɪz/
churches'	/ˈtʃɝtʃɪz/
churchgoer	/ˈtʃɝtʃˌɡoʊɚ/
churchgoers	/ˈtʃɝtʃˌɡoʊɚz/
churchgoing	/ˈtʃɝtʃˌɡoʊɪŋ/
churchhouse	/ˈtʃɝtʃˌhaʊs/
churchill	/ˈtʃɝtʃɪl/
churchill's	/ˈtʃɝtʃɪlz/
churchman	/ˈtʃɝtʃmən/
churchmen	/ˈtʃɝtʃmən/
churchwell	/ˈtʃɝtʃˌwɛl/
churchyard	/ˈtʃɝtʃˌjɑɹd/
churilla	/tʃɚˈɪlə/
churkin	/ˈtʃɝkən/
churkin's	/ˈtʃɝkənz/
churlish	/ˈtʃɝlɪʃ/
churn	/ˈtʃɝn/
churned	/ˈtʃɝnd/
churning	/ˈtʃɝnɪŋ/
churns	/ˈtʃɝnz/
churry	/ˈtʃɝi/
chuse	/ˈtʃjuz/
chusmir	/tʃʊˈsmɪɹ/
chustz	/ˈtʃʌsts/
chute	/ˈʃut/
chutes	/ˈʃuts/
chutney	/ˈtʃʌtni/
chutzpah	/ˈtʃʌtˌspɑ/
chykatka	/tʃiˈkɑtkə/
chynoweth	/ˈtʃɪnaʊɛθ/
chyron	/ˈtʃaɪɹən/
chyron's	/ˈtʃaɪɹənz/
cia	/ˈsiˈaɪˈeɪ/
ciaccia	/tʃiəˈtʃiə/
ciaccio	/ˈtʃɔtʃioʊ/
cialis	/ˌsiˈɑləs/
ciampa	/ˈtʃɔmpə/
ciampi	/ˈtʃɔmpi/
cian	/ˈʃin/
cianci	/ˈtʃɔntʃi/
ciancio	/ˈtʃɔntʃioʊ/
cianciola	/ˈtʃɔntʃoʊlə/
cianciolo	/ˈtʃɔntʃoʊloʊ/
cianciulli	/ˈtʃɔntʃuli/
ciani	/ˈtʃɔni/
ciano	/tʃiˈɑnoʊ/
ciao	/ˈtʃaʊ/
ciaobella	/ˌtʃaʊˈbɛlə/
ciaramella	/tʃɚɑˈmɛlə/
ciaramitaro	/ˈtʃɝɑmiˌtɑˌɹoʊ/
ciaravino	/tʃɚɑˈvinoʊ/
ciardi	/ˈtʃɝdi/
ciarlo	/ˈtʃɝloʊ/
ciavarella	/tʃəvɑˈɹɛˌlɑ/
ciba	/ˈsibə/
ciba's	/ˈsibəz/
ciborowski	/tʃɪbɚˈɔfˌski/
cibro	/ˈsɪbɹoʊ/
cibula	/tʃiˈbulɑ/
cicada	/səˈkeɪdə/
cicadas	/sɪˈkeɪdəz/
cicala	/sɪˈkɑlə/
cicalese	/tʃikɑˈleɪzi/
ciccarelli	/tʃikɚˈɛˌli/
ciccarello	/tʃikɚˈɛˌloʊ/
ciccarone	/ˈsɪkɚˌoʊn/
cicco	/ˈsɪkoʊ/
ciccone	/tʃiˈkoʊˌni/
cicely	/ˈsɪsəli/
cicero	/ˈsɪsɚˌoʊ/
cicerone	/ˈsɪsɚˌoʊn/
cichocki	/sɪˈtʃɑˌki/
cichon	/ˈsɪtʃən/
cichowski	/tʃɪˈhɔfˌski/
cichy	/ˈsɪtʃi/
cicily	/ˈtʃɪtʃəli/
cicio	/ˈsɪsioʊ/
cicippio	/sɪˈsɪpioʊ/
cid	/ˈsɪd/
cider	/ˈsaɪdɚ/
cie	/ˈsi/
ciel	/ˈsil/
ciera	/ˈsiɹɑ/
cieri	/ˈsiɹi/
ciesielski	/tʃɛˈsilˌski/
ciesla	/ˈtʃɛslə/
cieslak	/ˈtʃɛslək/
cieslewicz	/ˈtʃɛslɪvɪtʃ/
cieslik	/ˈtʃɛslɪk/
cieslinski	/tʃɛˈslɪnˌski/
cifelli	/sɪˈfɛˌli/
cifra	/ˈsɪfɹɑ/
cifuentes	/sifˈwɛntɛs/
ciga	/ˈsiɡɑ/
cigar	/sɪˈɡɑɹ/
cigarette	/ˌsɪɡɚˈɛt/
cigarette's	/ˌsɪɡɚˈɛts/
cigarettes	/ˌsɪɡɚˈɛts/
cigars	/sɪˈɡɑɹz/
cigna	/ˈsɪɡˌnɑ/
cigna's	/ˈsɪɡnəz/
cihak	/ˈsɪhək/
cihlar	/ˈsɪˌlɝ/
cilag	/ˈsɪˌlæɡ/
cilantro	/sɪˈlænˌtɹoʊ/
cilcorp	/ˈsɪlkɔɹp/
cilento	/sɪˈlɛnˌtoʊ/
ciliates	/ˈsɪliəts/
ciliberto	/tʃiliˈbɛɹˌtoʊ/
cilicia	/sɪˈlɪʃə/
ciller	/ˈsɪlɚ/
cilley	/ˈsɪli/
cillo	/ˈsɪloʊ/
cilluffo	/sɪˈlufoʊ/
cilva	/ˈsɪlvə/
cima	/ˈtʃimə/
cimaglia	/sɪˈmæɡliə/
cimarron	/ˈsɪmɚˌɑn/
ciments	/sɪˈmɛnts/
ciminero	/ˌsimɪˈnɛɹoʊ/
cimini	/tʃiˈmini/
cimino	/tʃiˈminoʊ/
cimmino	/tʃiˈminoʊ/
cimo	/ˈtʃimoʊ/
cimorelli	/tʃimɔˈɹɛli/
cina	/ˈtʃinə/
cinch	/ˈsɪntʃ/
cinched	/ˈsɪntʃt/
cincinnati	/ˌsɪnsəˈnæti/
cincinnati's	/ˌsɪnsɪˈnætiz/
cinco	/ˈsɪŋkoʊ/
cincotta	/tʃinˈkoʊtə/
cinder	/ˈsɪndɚ/
cinderella	/ˌsɪndɚˈɛlə/
cinders	/ˈsɪndɚz/
cindie	/ˈsaɪndi/
cindric	/ˈsɪndɹɪk/
cindy	/ˈsɪndi/
cindy's	/ˈsɪndiz/
cinelli	/sɪˈnɛli/
cinema	/ˈsɪnəmə/
cinema's	/ˈsɪnəməz/
cinemark	/ˈsɪnəˌmɑk/
cinemas	/ˈsɪnəməz/
cinematic	/ˌsɪnəˈmætɪk/
cinematographer	/ˌsɪnɪməˈtɑɡɹəfɚ/
cinematography	/ˌsɪnɪməˈtɑɡɹəfi/
cinemax	/ˈsɪnəmæks/
cineplex	/ˈsɪnəˌplɛks/
cineplex's	/ˈsɪnəˌplɛksɪz/
cinergy	/ˈsɪnɚdʒi/
cingular	/ˌsɪnɡuˌlɝ/
cini	/ˈtʃini/
cinnabar	/ˈsɪnəˌbɑɹ/
cinnabon	/ˈsɪnəˌbɔn/
cinnaminson	/ˈsɪnəmɪnsən/
cinnamon	/ˈsɪnəmən/
cinnamonson	/ˈsɪnəmənsən/
cino	/ˈtʃinoʊ/
cinq	/ˈsɪŋk/
cinque	/ˈsɪŋk/
cinquemani	/tʃinkwɛˈmɑni/
cinram	/ˈsɪnɹæm/
cinthie	/ˈsɪnθi/
cintron	/ˈsɪntɹən/
cio	/ˌsiˌaɪˈoʊ/
ciocca	/ˈtʃoʊkə/
cioffi	/tʃiˈoʊfi/
ciolek	/tʃiˈoʊlɛk/
ciolino	/tʃoʊˈlinoʊ/
ciotti	/ˈtʃoʊti/
cipher	/ˈsaɪfɚ/
cipolla	/sɪˈpɑlə/
cipollone	/ˌsɪpəˈloʊn/
cipri	/ˈsɪpɹi/
cipriani	/tʃipɹiˈɑni/
cipriano	/tʃipɹiˈɑnoʊ/
cira	/ˈsɝə/
ciraulo	/sɚˈɔloʊ/
circa	/ˈsɝkə/
circadian	/sɚˈkeɪdiən/
circle	/ˈsɝkəl/
circle's	/ˈsɝkəlz/
circled	/ˈsɝkəld/
circles	/ˈsɝkəlz/
circling	/ˈsɝkəlɪŋ/
circon	/ˈsɝkɑn/
circuit	/ˈsɝkət/
circuit's	/ˈsɝkəts/
circuited	/ˈsɝkətɪd/
circuitous	/sɚkˈjuɪtəs/
circuitry	/ˈsɝkətɹi/
circuits	/ˈsɝkəts/
circular	/ˈsɝkjəlɚ/
circularize	/ˈsɝkjəlɚˌaɪz/
circularizing	/ˈsɝkjəlɚˌaɪzɪŋ/
circularly	/ˈsɝkjəlɚli/
circulars	/ˈsɝkjəlɚz/
circulate	/ˈsɝkjəˌleɪt/
circulated	/ˈsɝkjəˌleɪtɪd/
circulates	/ˈsɝkjəˌleɪts/
circulating	/ˈsɝkjəˌleɪtɪŋ/
circulation	/ˈsɝkjəˌleɪʃən/
circulations	/ˌsɝkjəˈleɪʃənz/
circulatory	/ˈsɝkjələˌtɔɹi/
circumcise	/ˈsɝkəmˌsaɪz/
circumcised	/ˈsɝkəmˌsaɪzd/
circumcision	/ˌsɝkəmˈsɪʒən/
circumference	/ˌsɝˈkʌmfɹəns/
circumnavigate	/ˌsɝkəmˈnævəˌɡeɪt/
circumscribe	/ˌsɝkəmˈskɹaɪb/
circumscribed	/ˌsɝkəmˈskɹaɪbd/
circumspect	/ˈsɝkəmˌspɛkt/
circumspection	/ˌsɝkəmˈspɛkʃən/
circumstance	/ˈsɝkəmˌstæns/
circumstances	/ˈsɝkəmˌstænsəz/
circumstantial	/ˌsɝkəmˈstænʃəl/
circumstantially	/ˌsɝkəmˈstænʃəˌli/
circumvene	/ˌsɝkəmˈvin/
circumvent	/ˌsɝkəmˈvɛnt/
circumvented	/ˌsɝkəmˈvɛntɪd/
circumventing	/ˌsɝkəmˈvɛntɪŋ/
circumvention	/ˌsɝkəmˈvɛntʃən/
circumvents	/ˌsɝkəmˈvɛnts/
circus	/ˈsɝkəs/
circus's	/ˈsɝkəsɪz/
circuses	/ˈsɝkəsəz/
cirelli	/sɪˈɹɛˌli/
ciresi	/sɚˈɛsi/
ciriaco	/ˌsɪɹiˈɑˌkoʊ/
ciriello	/ˌsɝiˈɛˌloʊ/
cirigliano	/ˌsɝiɡliˈɑˌnoʊ/
cirillo	/sɪˈɹɪˌloʊ/
cirincione	/sɚinˈtʃoʊˌni/
cirino	/sɚˈiˌnoʊ/
cirkin	/ˈsɝkɪn/
cirone	/sɪˈɹoʊn/
ciros	/ˈsɪˌɹoʊz/
cirque	/ˈsɝk/
cirrhosis	/sɚˈoʊsəs/
cirrincione	/sɚɹinˈtʃoʊˌni/
cirrus	/ˈsɪɹəs/
cisar	/sɪˈsɑɹ/
cisco	/ˈsɪˌskoʊ/
cisco's	/ˈsɪˌskoʊz/
cisek	/ˈtʃɪsɛk/
cisewski	/tʃɪˈsɛfˌski/
ciskei	/sɪˈskeɪ/
cisler	/ˈsɪsəlɚ/
cislo	/ˈtʃisloʊ/
cisneros	/sɪˈsnɛˌɹoʊs/
cisney	/ˈsɪzni/
cissell	/ˈsɪsəl/
cissie	/ˈsɪsi/
cissna	/ˈsɪsnə/
cist	/ˈsɪst/
cistercian	/sɪˈstɝʃən/
cistern	/ˈsɪstɚn/
cisterns	/ˈsɪstɚnz/
ciszek	/ˈtʃɪʃɛk/
ciszewski	/tʃɪˈʃɛfˌski/
cit	/ˌsiˌaɪˈti/
citadel	/ˈsɪtəˌdɛl/
citadel's	/ˈsɪtəˌdɛlz/
citation	/saɪˈteɪʃən/
citations	/saɪˈteɪʃənz/
cite	/ˈsaɪt/
cited	/ˈsaɪtəd/
cites	/ˈsaɪts/
citgo	/ˈsɪtɡoʊ/
citi	/ˈsɪti/
citibank	/ˈsɪtiˌbæŋk/
citibank's	/ˈsɪtiˌbæŋks/
citic	/ˈsɪtɪk/
citicorp	/ˈsɪtiˌkɔɹp/
citicorp's	/ˈsɪtiˌkɔɹps/
citicorps	/ˈsɪtiˌkɔɹps/
citicorps'	/ˈsɪtiˌkɔɹps/
cities	/ˈsɪtiz/
cities'	/ˈsɪtiz/
citing	/ˈsaɪtɪŋ/
citisteel	/ˈsɪtiˌstil/
citizen	/ˈsɪtəzən/
citizen's	/ˈsɪtəzənz/
citizenry	/ˈsɪtɪzənɹi/
citizenry's	/ˈsɪtɪzənɹiz/
citizens	/ˈsɪtəzənz/
citizens'	/ˈsɪtɪzənz/
citizenship	/ˈsɪtɪzənˌʃɪp/
citrano	/tʃiˈtɹɑnoʊ/
citric	/ˈsɪtɹɪk/
citrin	/ˈsɪtɹɪn/
citrine	/ˌsɪˈtɹin/
citrix	/ˈsɪtɹɪks/
citro	/ˈsɪtɹoʊ/
citroen	/ˈsɪtɹoʊn/
citron	/ˈsɪtɹən/
citron's	/ˈsɪtɹənz/
citronella	/ˌsɪtɹɑˈnɛlə/
citrosuco	/ˌsɪtɹəˈsukoʊ/
citrucel	/ˈsɪtɹəˌsɛl/
citrucel's	/ˈsɪtɹəˌsɛlz/
citrus	/ˈsɪtɹəs/
citrus's	/ˈsɪtɹəsəz/
cittadino	/tʃitɑˈdinoʊ/
city	/ˈsɪti/
city's	/ˈsɪtiz/
cityfed	/ˈsɪtiˌfɛd/
cityplace	/ˈsɪtiˌpleɪs/
citysearch	/ˈsɪtiˌsɝtʃ/
cityside	/ˈsɪtiˌsaɪd/
citytrust	/ˈsɪtiˌtɹʌst/
citywide	/ˈsɪtiˌwaɪd/
ciucci	/ˈtʃutʃi/
ciudad	/ˌsiuˈdæd/
ciulla	/ˈtʃulə/
ciullo	/ˈtʃuloʊ/
civet	/ˈsɪvət/
civic	/ˈsɪvɪk/
civics	/ˈsɪvɪks/
civil	/ˈsɪvəl/
civiletti	/ˌsivɪˈlɛti/
civilian	/səˈvɪljən/
civilians	/səˈvɪljənz/
civility	/səˈvɪləti/
civilization	/ˌsɪvəlɪˈzeɪʃən/
civilizations	/ˌsɪvəlɪˈzeɪʃənz/
civilize	/ˈsɪvəˌlaɪz/
civilized	/ˈsɪvəˌlaɪzd/
civilly	/ˈsɪvɪli/
civitello	/tʃiviˈtɛloʊ/
cizek	/ˈtʃɪzɛk/
cizik	/ˈsizɪk/
cizneros	/ˌsɪzˈnɛɹoʊs/
claar	/ˈklɑɹ/
claassen	/ˈklɑsən/
clabaugh	/ˈklæbɔ/
clabir	/ˈklæbɪɹ/
clabo	/ˈklɑboʊ/
claborn	/ˈklæbɚn/
clabough	/ˈklæbaʊ/
clack	/ˈklæk/
clackamas	/ˈklækəməs/
clad	/ˈklæd/
claddagh	/ˈklæˌdʌ/
cladification	/ˌklædəfəˈkeɪʃən/
claes	/ˈkleɪz/
claeys	/ˈkleɪz/
claffey	/ˈklæfi/
claflin	/ˈklæflɪn/
clagett	/ˈklædʒɪt/
clagg	/ˈklæɡ/
claggett	/ˈklæɡɪt/
clague	/ˈklɑɡ/
claiborn	/ˈkleɪbɚn/
claiborne	/ˈkleɪbɚn/
claiborne's	/ˈkleɪbɔɹnz/
claim	/ˈkleɪm/
claimant	/ˈkleɪmənt/
claimants	/ˈkleɪmənts/
claimants'	/ˈkleɪmənts/
claimed	/ˈkleɪmd/
claiming	/ˈkleɪmɪŋ/
claims	/ˈkleɪmz/
clair	/ˈklɛɹ/
claire	/ˈklɛɹ/
claire's	/ˈklɛɹz/
clairmont	/ˈklɛɹmənt/
clairol	/ˈklɛɹɑl/
clairson	/ˈklɛɹsən/
clairvoyance	/klɛɹˈvɔɪəns/
clairvoyant	/klɛɹˈvɔɪənt/
clam	/ˈklæm/
clamber	/ˈklæmbɚ/
clambered	/ˈklæmbɚd/
clamen	/ˈkleɪmən/
clammed	/ˈklæmd/
clammy	/ˈklæmi/
clamor	/ˈklæmɚ/
clamored	/ˈklæmɚd/
clamoring	/ˈklæmɚɪŋ/
clamour	/ˈklæmɚ/
clamp	/ˈklæmp/
clampdown	/ˈklæmpˌdaʊn/
clamped	/ˈklæmpt/
clampett	/ˈklæmpət/
clamping	/ˈklæmpɪŋ/
clampitt	/kləmˈpɪt/
clamps	/ˈklæmps/
clams	/ˈklæmz/
clamshell	/ˈklæmˌʃɛl/
clan	/ˈklæn/
clancey	/ˈklænsi/
clancy	/ˈklænsi/
clancy's	/ˈklænsiz/
clandestine	/klænˈdɛstɪn/
clandestinely	/klænˈdɛstənli/
clang	/ˈklæŋ/
clanging	/ˈklæŋɪŋ/
clanin	/ˈklænɪn/
clank	/ˈklæŋk/
clanking	/ˈklæŋkɪŋ/
clannish	/ˈklænɪʃ/
clans	/ˈklænz/
clanton	/ˈklæntən/
clap	/ˈklæp/
clapboard	/ˈklæpˌbɔɹd/
clapboards	/ˈklæpˌbɔɹdz/
clapham	/ˈklæfəm/
clapman	/ˈklæpmən/
clapp	/ˈklæp/
clapped	/ˈklæpt/
clapper	/ˈklæpɚ/
clapping	/ˈklæpɪŋ/
claps	/ˈklæps/
clapsaddle	/ˈklæpˌsædəl/
clapton	/ˈklæptən/
clapton's	/ˈklæptənz/
clar	/ˈklɑɹ/
clara	/ˈklæɹə/
clara's	/ˈklæɹəz/
clarabelle	/ˈklæɹəbəl/
claramae	/klɑˈɹɑmaɪ/
claran	/ˈklɛɹən/
clarcor	/ˈklɑɹˌkɔɹ/
clardy	/ˈklɑɹdi/
clare	/ˈklɛɹ/
claremont	/ˈklɛɹˌmɑnt/
claren	/ˈklæɹən/
clarence	/ˈklɛɹəns/
clarendon	/ˈklɛɹəndən/
claresta	/klɑˈɹɛstə/
clarette	/klɚˈɛt/
clarey	/ˈklæɹi/
claribel	/ˈklɛɹəˌbɛl/
clarice	/klɚˈis/
clarida	/klɑˈɹidə/
claridge	/ˈklɛɹɪdʒ/
claridges	/ˈklɛɹɪdʒɪz/
claridon	/ˈklɛɹədɑn/
clarification	/ˌklɛɹəfəˈkeɪʃən/
clarifications	/ˌklɛɹɪfɪˈkeɪʃənz/
clarified	/ˈklɛɹəˌfaɪd/
clarifies	/ˈklɛɹəˌfaɪz/
clarify	/ˈklɛɹəˌfaɪ/
clarifying	/ˈklɛɹəˌfaɪɪŋ/
clarimond	/ˈklæɹɪmənd/
clarinda	/klɚˈɪndə/
clarine	/ˈklɛɹin/
clarinet	/ˌklɛɹəˈnɛt/
clarinetist	/ˌklɛɹəˈnɛtɪst/
clarinetists	/ˌklɛɹəˈnɛtɪsts/
clarins	/ˈklɛɹɪnz/
clarion	/ˈklɛɹiən/
claris	/ˈklɛɹɪs/
clarissa	/klɚˈɪsə/
clarisse	/ˈklæɹɪs/
clarita	/klɑˈɹitə/
claritin	/ˈklɛɹɪtɪn/
clarity	/ˈklɛɹəti/
clark	/ˈklɑɹk/
clark's	/ˈklɑɹks/
clarke	/ˈklɑɹk/
clarke's	/ˈklɑɹks/
clarken	/ˈklɑɹkɛn/
clarkin	/ˈklɑɹkɪn/
clarks	/ˈklɑɹks/
clarksburg	/ˈklɑɹksbɚɡ/
clarkson	/ˈklɑɹksən/
clarkston	/ˈklɑɹkstən/
clarksville	/ˈklɑɹksˌvɪl/
claro	/ˈklɑɹoʊ/
clarostat	/ˈklɛɹəˌstæt/
clarridge	/ˈklæɹɪdʒ/
clarrisse	/ˈklæɹɪs/
clary	/ˈklɛɹi/
clasby	/ˈklæsbi/
clasen	/ˈkleɪsən/
clash	/ˈklæʃ/
clashed	/ˈklæʃt/
clashes	/ˈklæʃɪz/
clashing	/ˈklæʃɪŋ/
clason	/ˈklæsən/
clasp	/ˈklæsp/
clasped	/ˈklæspt/
class	/ˈklæs/
class's	/ˈklæsɪz/
classaction	/ˈklæˈsækʃən/
classactions	/ˈklæˈsækʃənz/
classed	/ˈklæst/
classen	/ˈklæsən/
classes	/ˈklæsəz/
classic	/ˈklæsɪk/
classical	/ˈklæsɪkəl/
classically	/ˈklæsɪkli/
classicism	/ˈklæsɪˌsɪzəm/
classicist	/ˈklæsəsəst/
classics	/ˈklæsɪks/
classier	/ˈklæsiɚ/
classifiable	/ˈklæsəˌfaɪəbəl/
classification	/ˌklæsəfəˈkeɪʃən/
classifications	/ˌklæsəfəˈkeɪʃənz/
classified	/ˈklæsəˌfaɪd/
classifieds	/ˈklæsəˌfaɪdz/
classifies	/ˈklæsəˌfaɪz/
classify	/ˈklæsəˌfaɪ/
classifying	/ˈklæsəˌfaɪɪŋ/
classing	/ˈklæsɪŋ/
classless	/ˈklæsləs/
classman	/ˈklæsmən/
classmate	/ˈklæˌsmeɪt/
classmates	/ˈklæˌsmeɪts/
classmen	/ˈklæsmɛn/
classon	/ˈklæsən/
classroom	/ˈklæsˌɹum/
classrooms	/ˈklæsˌɹumz/
classy	/ˈklæsi/
clatter	/ˈklætɚ/
clattering	/ˈklætɚɪŋ/
claud	/ˈklɔd/
claude	/ˈklɔd/
claudet	/klɔˈdɛt/
claudette	/kloʊˈdɛt/
claudia	/ˈklɔdiə/
claudian	/ˈklɔdiən/
claudie	/ˈklɔdi/
claudina	/ˈklɔdɪnə/
claudine	/klɔˈdin/
claudio	/ˈklɔdiˌoʊ/
claudius	/ˈklɔdiəs/
claudson	/ˈklɔdsən/
claunch	/ˈklɔntʃ/
claus	/ˈklɔz/
claus'	/ˈklɔz/
clause	/ˈklɔz/
clausell	/ˈklɔzəl/
clausen	/ˈklaʊsən/
clauser	/ˈklɔzɚ/
clauses	/ˈklɔzəz/
clausing	/ˈklɔzɪŋ/
clauson	/ˈklɔzən/
clauss	/ˈklɔs/
claussen	/ˈklɔzsən/
claustrophobia	/ˌklɔstɹəˈfoʊbiə/
claustrophobic	/ˌklɔstɹəˈfoʊbɪk/
clavette	/kləˈvɛt/
clavichord	/ˈklævəˌkɔɹd/
clavicle	/ˈklævəkəl/
clavin	/ˈklævɪn/
claw	/ˈklɔ/
clawed	/ˈklɔd/
clawing	/ˈklɔɪŋ/
claws	/ˈklɔz/
clawson	/ˈklɔsən/
claxon	/ˈklæksən/
claxton	/ˈklækstən/
clay	/ˈkleɪ/
claybaugh	/ˈkleɪˌbɔ/
clayborn	/ˈkleɪbɚn/
clayborne	/ˈkleɪbɚn/
claybourne	/ˈkleɪbɚn/
claybrook	/ˈkleɪˌbɹʊk/
claybrooks	/ˈkleɪˌbɹʊks/
clayburn	/ˈkleɪˌbɝn/
claycomb	/ˈkleɪkəm/
clayey	/ˈkleɪi/
clayman	/ˈkleɪmən/
claymation	/ˈkleɪˌmeɪʃən/
claymont	/ˈkleɪˌmɑnt/
claymore	/ˈkleɪˌmɔɹ/
claypool	/ˈkleɪˌpul/
claypoole	/ˈkleɪˌpul/
clays	/ˈkleɪz/
clayson	/ˈkleɪzən/
clayton	/ˈkleɪtən/
clayton's	/ˈkleɪtənz/
claytor	/ˈkleɪtɚ/
claywell	/ˈkleɪˌwɛl/
cleah	/ˈkiə/
clean	/ˈklin/
cleaned	/ˈklind/
cleaner	/ˈklinɚ/
cleaners	/ˈklinɚz/
cleanest	/ˈklinəst/
cleaning	/ˈklinɪŋ/
cleanliness	/ˈklɛnlinɪs/
cleanly	/ˈklinli/
cleanness	/ˈklinɪs/
cleans	/ˈklinz/
cleanse	/ˈklɛnz/
cleansed	/ˈklɛnzd/
cleanser	/ˈklɛnzɚ/
cleansers	/ˈklɛnzɚz/
cleansing	/ˈklɛnzɪŋ/
cleantha	/ˈklinθə/
cleanup	/ˈkliˌnʌp/
cleanups	/ˈkliˌnʌps/
clear	/ˈklɪɹ/
clear-cut	/ˈklɪɹˌkʌt/
clearance	/ˈklɪɹəns/
clearances	/ˈklɪɹənsɪz/
clearcut	/ˈklɪɹˌkʌt/
clearcuts	/ˈklɪɹˌkʌts/
clearcutting	/ˈklɪɹˌkʌtɪŋ/
cleared	/ˈklɪɹd/
clearer	/ˈklɪɹɚ/
clearest	/ˈklɪɹɪst/
clearing	/ˈklɪɹɪŋ/
clearinghouse	/ˈklɪɹɪŋˌhaʊs/
clearinghouses	/ˈkliɹɪŋˌhaʊsɪz/
clearly	/ˈklɪɹli/
clearman	/ˈklɪɹmən/
clearness	/ˈklɪɹnəs/
clears	/ˈklɪɹz/
clearwater	/ˈklɪɹˌwɔtɚ/
cleary	/ˈklɪɹi/
cleat	/ˈklit/
cleats	/ˈklits/
cleavage	/ˈklivədʒ/
cleave	/ˈkliv/
cleaveland	/ˈklivlənd/
cleavenger	/ˈklivɪndʒɚ/
cleaver	/ˈklivɚ/
cleaves	/ˈklivz/
cleckler	/ˈklɛklɚ/
cleckley	/ˈklɛkli/
cleckner	/ˈklɛknɚ/
cleek	/ˈklik/
cleere	/ˈklɪɹ/
cleese	/ˈklis/
cleeton	/ˈklitən/
clef	/ˈklɛf/
cleft	/ˈklɛft/
clegg	/ˈklɛɡ/
cleghorn	/ˈklɛɡhɚn/
cleland	/ˈklɛlənd/
clell	/ˈklɛl/
clelland	/ˈklɛlənd/
clem	/ˈklɛm/
clemans	/ˈklɛmənz/
clematis	/ˈklɛmətɪs/
clemen	/ˈklɛmən/
clemence	/ˈklɛməns/
clemency	/ˈklɛmənsi/
clemens	/ˈklɛmənz/
clemensen	/ˈklɛmənsən/
clemenson	/ˈklɛmɪnsən/
clement	/ˈklɛmənt/
clemente	/kləˈmɛnteɪ/
clemente's	/kləˈmɛnteɪz/
clementes	/kləˈmɛnteɪz/
clementi	/kleɪˈmeɪnti/
clementia	/kleɪˈmeɪnʃə/
clementine	/ˈklɛmənˌtaɪn/
clements	/ˈklɛmənts/
clementson	/ˈklɛmɪntsən/
clementz	/ˈklɛmɪnts/
clemmer	/ˈklɛmɚ/
clemmie	/ˈklɛmi/
clemmons	/ˈklɛmənz/
clemmy	/ˈklɛmi/
clemo	/ˈkleɪmoʊ/
clemons	/ˈklɛmənz/
clemson	/ˈklɛmsən/
clench	/ˈklɛntʃ/
clenched	/ˈklɛntʃt/
clencher	/ˈklɛntʃɚ/
clenches	/ˈklɛntʃəz/
clendaniel	/ˈklɛndəˌnil/
clendenen	/ˈklɛndənən/
clendenin	/ˈklɛndɪnɪn/
clendening	/ˈklɛndənɪŋ/
clendenning	/ˌklɛnˈdɛnɪŋ/
clenney	/ˈklɛni/
clenwar	/ˈklɛnwɚ/
cleo	/ˈklioʊ/
cleopatra	/ˌkliəˈpætɹə/
cleopatra's	/ˌkliəˈpætɹəz/
clephane	/ˈklɛˌfeɪn/
clepper	/ˈklɛpɚ/
clerc	/ˈklɝk/
clercq	/ˈklɝk/
clergy	/ˈklɝdʒi/
clergyman	/ˈklɝdʒimən/
clergymen	/ˈklɝdʒimɪn/
cleric	/ˈklɛɹɪk/
clerical	/ˈklɛɹəkəl/
clerics	/ˈklɛɹɪks/
clerissa	/klɚˈisə/
clerk	/ˈklɝk/
clerk's	/ˈklɝks/
clerkin	/ˈklɝkɪn/
clerks	/ˈklɝks/
clerks'	/ˈklɝks/
clermont	/ˈklɛɹˌmɑnt/
cleva	/ˈklivə/
cleve	/ˈkliv/
cleveland	/ˈklivlənd/
cleveland's	/ˈklivləndz/
clevelander	/ˈklivləndɚ/
clevelanders	/ˈklivləndɚz/
cleven	/ˈklivən/
clevenger	/ˈklɛvɪndʒɚ/
clever	/ˈklɛvɚ/
cleverer	/ˈklɛvəˌɹɝ/
cleverly	/ˈklɛvɚli/
cleverness	/ˈklɛvɚnəs/
clevetrust	/ˈklivˈtɹʌst/
clevie	/ˈklivi/
clevinger	/ˈklɛvɪŋɚ/
clevite	/kləˈvaɪt/
clevite's	/kləˈvaɪts/
clewell	/ˈklɛwɛl/
clewis	/ˈkluɪs/
clewiston	/ˈkluəstən/
clews	/ˈkluz/
cliantha	/kliˈænθə/
cliburn	/ˈklaɪbɚn/
cliche	/kliˈʃeɪ/
cliched	/ˌkliˈʃeɪd/
cliches	/kliˈʃeɪz/
click	/ˈklɪk/
clickbait	/ˈklɪkˌbeɪt/
clicked	/ˈklɪkt/
clicker	/ˈklɪkɚ/
clicking	/ˈklɪkɪŋ/
clickner	/ˈklɪknɚ/
clicks	/ˈklɪks/
client	/ˈklaɪənt/
client's	/ˈklaɪənts/
clientele	/ˌklaɪənˈtɛl/
clients	/ˈklaɪənts/
clients'	/ˈklaɪənts/
cliett	/ˈklit/
clif	/ˈklɪf/
cliff	/ˈklɪf/
cliff's	/ˈklɪfs/
cliffe	/ˈklɪf/
cliffhanger	/ˈklɪfˌhæŋɚ/
cliffhangers	/ˈklɪfˌhæŋɚz/
clifford	/ˈklɪfɚd/
clifford's	/ˈklɪfɚdz/
cliffs	/ˈklɪfs/
cliffs'	/ˈklɪfs/
clift	/ˈklɪft/
clifton	/ˈklɪftən/
cliggott	/ˈklɪɡət/
clim	/ˈklɪm/
climaco	/ˈklɪməkoʊ/
climactic	/klaɪˈmæktɪk/
climate	/ˈklaɪmət/
climates	/ˈklaɪməts/
climatic	/klaɪˈmætɪk/
climatologist	/ˌklɪməˈtɑlədʒɪst/
climatologists	/ˌklɪməˈtɑlədʒɪsts/
climax	/ˈklaɪˌmæks/
climaxed	/ˈklaɪˌmækst/
climaxes	/ˈklɪmæksɪz/
climb	/ˈklaɪm/
climbed	/ˈklaɪmd/
climber	/ˈklaɪmɚ/
climbers	/ˈklaɪmɚz/
climbers'	/ˈklaɪmɚz/
climbing	/ˈklaɪmɪŋ/
climbs	/ˈklaɪmz/
climer	/ˈklaɪmɚ/
climes	/ˈklaɪmz/
clinard	/ˈklɪnɚd/
clinch	/ˈklɪntʃ/
clinched	/ˈklɪntʃt/
clincher	/ˈklɪntʃɚ/
clinches	/ˈklɪntʃəz/
clinching	/ˈklɪntʃɪŋ/
cline	/ˈklaɪn/
clines	/ˈklaɪnz/
clines's	/ˈklaɪnzɪz/
cling	/ˈklɪŋ/
clingan	/ˈklɪŋɡən/
clingenpeel	/klɪŋˈɡɛnpil/
clinger	/ˈklɪŋɚ/
clinger's	/ˈklɪŋɚz/
clingerman	/ˈklɪŋɚmən/
clinging	/ˈklɪŋɪŋ/
clingman	/ˈklɪŋmən/
clings	/ˈklɪŋz/
clini	/ˈklini/
clinic	/ˈklɪnɪk/
clinic's	/ˈklɪnɪks/
clinical	/ˈklɪnəkəl/
clinical's	/ˈklɪnɪkəlz/
clinically	/ˈklɪnɪkəli/
clinician	/klɪˈnɪʃən/
clinicians	/klɪˈnɪʃənz/
clinics	/ˈklɪnɪks/
clinique	/kləˈnik/
clink	/ˈklɪŋk/
clinkenbeard	/klɪŋˈkɛnbɚd/
clinkscale	/ˈklɪŋkˌskeɪl/
clinkscales	/ˈklɪŋkˌskeɪlz/
clint	/ˈklɪnt/
clinton	/ˈklɪntən/
clinton's	/ˈklɪntənz/
clintonite	/ˈklɪntəˌnaɪt/
clintonites	/ˈklɪntəˌnaɪts/
clintonomics	/ˌklɪntəˈnɑmɪks/
clintons	/ˈklɪntənz/
clintons'	/ˈklɪntənz/
clio	/ˈklioʊ/
clip	/ˈklɪp/
clipboard	/ˈklɪpˌbɔɹd/
clippard	/ˈklɪpɚd/
clipped	/ˈklɪpt/
clipper	/ˈklɪpɚ/
clippers	/ˈklɪpɚz/
clipping	/ˈklɪpɪŋ/
clippinger	/ˈklɪpɪŋɚ/
clippings	/ˈklɪpɪŋz/
clips	/ˈklɪps/
clique	/ˈklik/
cliques	/ˈklɪks/
clites	/ˈklaɪts/
clitoris	/klaɪˈtɔɹɪs/
clive	/ˈklaɪv/
cliver	/ˈklaɪvɚ/
clo	/ˌsiˌɛˈloʊ/
cloak	/ˈkloʊk/
cloaked	/ˈkloʊkt/
cloaking	/ˈkloʊkɪŋ/
cloakroom	/ˈkloʊˌkɹum/
clobber	/ˈklɑbɚ/
clobbered	/ˈklɑbɚd/
clobbering	/ˈklɑbɚɪŋ/
clock	/ˈklɑk/
clock's	/ˈklɑks/
clocked	/ˈklɑkt/
clocker	/ˈklɑkɚ/
clockers	/ˈklɑkɚz/
clocking	/ˈklɑkɪŋ/
clocks	/ˈklɑks/
clockwise	/ˈklɑˌkwaɪz/
clockwork	/ˈklɑˌkwɝk/
clodfelter	/ˈklɑdˌfɛltɚ/
clodoveo	/kloʊˈdoʊvioʊ/
cloe	/ˈkloʊ/
cloer	/ˈkloʊɚ/
cloey	/ˈkloʊi/
clog	/ˈklɑɡ/
clogged	/ˈklɔɡd/
clogging	/ˈklɑɡɪŋ/
clogs	/ˈklɑɡz/
clogston	/ˈklɑɡstən/
cloherty	/ˈklɑhɚti/
clohessy	/ˈklɑhɪsi/
cloister	/ˈklɔɪstɚ/
cloistered	/ˈklɔɪstɚd/
cloisters	/ˈklɔɪstɚz/
cloke	/ˈkloʊk/
clomipramine	/ˈkloʊmɪpɹəˌmaɪn/
clonch	/ˈklɑntʃ/
clone	/ˈkloʊn/
cloned	/ˈkloʊnd/
clones	/ˈkloʊnz/
clones'	/ˈkloʊnz/
clonidine	/ˈklɑnɪˌdin/
cloning	/ˈkloʊnɪŋ/
cloninger	/ˈkloʊnɪŋɚ/
clonts	/ˈklɑnts/
clontz	/ˈklɑnts/
cloonan	/ˈklunən/
clooney	/ˈkluni/
clootie	/ˈkluti/
clopper	/ˈklɑpɚ/
clopton	/ˈklɑptən/
clore	/ˈklɔɹ/
clore's	/ˈklɔɹz/
clorinda	/klɔˈɹində/
clorox	/ˈklɔɹɑks/
clos	/ˈklɑs/
close	/ˈkloʊs/
close-up	/ˈkloʊˌsʌp/
closed	/ˈkloʊzd/
closedown	/ˈkloʊzˌdaʊn/
closedowns	/ˈkloʊzˌdaʊnz/
closely	/ˈkloʊsli/
closeness	/ˈkloʊsnɪs/
closer	/ˈkloʊsɚ/
closes	/ˈkloʊzɪz/
closest	/ˈkloʊsəst/
closet	/ˈklɑzət/
closeted	/ˈklɑzətɪd/
closets	/ˈklɑzəts/
closeup	/ˈkloʊˈsʌp/
closeups	/ˈkloʊˈsʌps/
closing	/ˈkloʊzɪŋ/
closings	/ˈkloʊzɪŋz/
closs	/ˈklɔs/
closser	/ˈklɔsɚ/
closson	/ˈklɑsən/
closure	/ˈkloʊʒɚ/
closures	/ˈkloʊʒɚz/
clot	/ˈklɑt/
clotfelter	/ˈklɑtˌfɛltɚ/
cloth	/ˈklɔθ/
clothe	/ˈkloʊð/
clothed	/ˈkloʊðd/
clothes	/ˈkloʊðz/
clotheshorse	/ˈkloʊzˌhɔɹs/
clothestime	/ˈkloʊðzˈtaɪm/
clothier	/ˈkloʊðjɚ/
clothiers	/ˈkloʊðjɚz/
clothilda	/kləˈθɪldə/
clothilde	/ˈklɑθɪld/
clothing	/ˈkloʊðɪŋ/
cloths	/ˈklɔθs/
clotilda	/kləˈtɪldə/
clots	/ˈklɑts/
clott	/ˈklɑt/
clotted	/ˈklɑtəd/
clotting	/ˈklɑtɪŋ/
cloture	/ˈkloʊtʃɚ/
clouatre	/ˈklaʊətɹ/
cloud	/ˈklaʊd/
cloudburst	/ˈklaʊdˌbɝst/
clouded	/ˈklaʊdɪd/
cloudiness	/ˈklaʊdinɪs/
clouding	/ˈklaʊdɪŋ/
cloudless	/ˈklaʊdləs/
clouds	/ˈklaʊdz/
cloudy	/ˈklaʊdi/
clough	/ˈklaʊ/
clougherty	/ˈklaʊɚti/
clouse	/ˈklaʊs/
clouser	/ˈklaʊsɚ/
clout	/ˈklaʊt/
clouthier	/ˈklaʊθiɚ/
cloutier	/ˈklaʊtiɚ/
clove	/ˈkloʊv/
clover	/ˈkloʊvɚ/
cloverleaf	/ˈkloʊvɚˌlif/
cloves	/ˈkloʊvz/
clovis	/ˈkloʊvɪs/
clow	/ˈkloʊ/
cloward	/ˈkloʊwɚd/
clowdus	/ˈklaʊdɪs/
clower	/ˈklaʊɚ/
clowers	/ˈklaʊɚz/
clowes	/ˈklaʊz/
clown	/ˈklaʊn/
clowney	/ˈklaʊni/
clowning	/ˈklaʊnɪŋ/
clowns	/ˈklaʊnz/
cloy	/ˈklɔɪ/
cloyd	/ˈklɔɪd/
cloying	/ˈklɔɪɪŋ/
clozapine	/ˈkloʊzəˌpaɪn/
club	/ˈklʌb/
club's	/ˈklʌbz/
clubb	/ˈklʌb/
clubbed	/ˈklʌbd/
clubbing	/ˈklʌbɪŋ/
clubby	/ˈklʌbi/
clubhouse	/ˈklʌbˌhaʊs/
clubhouses	/ˈklʌbˌhaʊsɪz/
clubs	/ˈklʌbz/
clucas	/ˈklukəz/
cluck	/ˈklʌk/
cluckey	/ˈklʌki/
clucking	/ˈklʌkɪŋ/
clucks	/ˈklʌks/
clue	/ˈklu/
clued	/ˈklud/
clueless	/ˈkluləs/
clues	/ˈkluz/
cluett	/ˈkluɪt/
cluff	/ˈklʌf/
clugston	/ˈklʌɡstən/
cluj	/ˈkludʒ/
clukey	/ˈkluki/
clum	/ˈklʌm/
clump	/ˈklʌmp/
clumping	/ˈklʌmpɪŋ/
clumps	/ˈklʌmps/
clumpy	/ˈklʌmpi/
clumsily	/ˈklʌmsəli/
clumsiness	/ˈklʌmzinəs/
clumsy	/ˈklʌmzi/
clune	/ˈklun/
clung	/ˈklʌŋ/
clunk	/ˈklʌŋk/
clunker	/ˈklʌŋkɚ/
clunkers	/ˈklʌŋkɚz/
clunks	/ˈklʌŋks/
clunky	/ˈklʌŋki/
cluny	/ˈkluni/
cluster	/ˈklʌstɚ/
clustered	/ˈklʌstɚd/
clustering	/ˈklʌstɚɪŋ/
clusters	/ˈklʌstɚz/
clutch	/ˈklʌtʃ/
clutched	/ˈklʌtʃt/
clutches	/ˈklʌtʃəz/
clutching	/ˈklʌtʃɪŋ/
clute	/ˈklut/
clutter	/ˈklʌtɚ/
cluttered	/ˈklʌtɚd/
cluttering	/ˈklʌtɚɪŋ/
clutts	/ˈklʌts/
clyatt	/ˈklaɪət/
clyburn	/ˈklɪbɚn/
clyde	/ˈklaɪd/
clydesdale	/ˈklaɪdzˌdeɪl/
clymene	/klɪˈmin/
clymer	/ˈklaɪmɚ/
clyne	/ˈklaɪn/
clyte	/ˈklaɪt/
clytie	/ˈklɪti/
clyve	/ˈklaɪv/
cmos	/ˈsimoʊs/
cmu	/ˈsiˈɛmˈju/
cmudict	/ˌsiˌɛmˈjuˌdɪkt/
cmx	/kəˈmɛks/
cnbc's	/ˈsiˈɛnˈbiˈsiz/
cnet	/ˈsiˌnɛt/
cnn	/ˈsiˈɛˈnɛn/
cnn.com	/ˈsiˈɛˈnɛnˈdɑtˈkɑm/
cnn's	/ˈsiˈɛˈnɛnz/
cnnfn	/ˈsiˈɛˈnɛˈnɛˈfɛn/
co	/ˈkoʊ/
co-founder	/ˈkoʊˈfaʊndɚ/
co-leader	/koʊˈlidɚ/
co-leaders	/koʊˈlidɚz/
co-op	/ˈkoʊˌɑp/
co-operative	/ˌkoʊˈɑˌpɝətɪv/
co-opt	/koʊˈɑpt/
co-opted	/koʊˈɑptəd/
co-owner	/ˈkoʊˌoʊnɚ/
co-wife	/ˈkoʊˈwaɪf/
co-worker	/ˈkoʊˈwɝkɚ/
co-workers	/ˈkoʊˈwɝkɚz/
co.	/ˈkoʊ/
coach	/ˈkoʊtʃ/
coach's	/ˈkoʊtʃɪz/
coached	/ˈkoʊtʃt/
coaches	/ˈkoʊtʃɪz/
coaching	/ˈkoʊtʃɪŋ/
coachman	/ˈkoʊtʃmən/
coad	/ˈkoʊd/
coady	/ˈkoʊdi/
coagulate	/koʊˈæɡjəˌleɪt/
coagulating	/koʊˈæɡjəˌleɪtɪŋ/
coagulation	/koʊˈæɡjəˈleɪʃən/
coakley	/ˈkoʊkli/
coal	/ˈkoʊl/
coal's	/ˈkoʊlz/
coale	/ˈkoʊl/
coalesce	/ˌkoʊəˈlɛs/
coalesced	/ˌkoʊəˈlɛst/
coalescence	/ˌkoʊəˈlɛsəns/
coalesces	/ˌkoʊəˈlɛsɪz/
coalescing	/ˌkoʊəˈlɛsɪŋ/
coalition	/ˌkoʊəˈlɪʃən/
coalition's	/ˌkoʊəˈlɪʃənz/
coalitions	/ˌkoʊəˈlɪʃənz/
coals	/ˈkoʊlz/
coalson	/ˈkoʊlsən/
coan	/ˈkoʊn/
coar	/ˈkɔɹ/
coarse	/ˈkɔɹs/
coarsening	/ˈkɔɹsɪnɪŋ/
coarser	/ˈkɔɹsɚ/
coarticulate	/ˌkoʊɑɹˈtɪkjuleɪt/
coarticulated	/ˌkoʊɑɹˈtɪkjuleɪtəd/
coarticulates	/ˌkoʊɑɹˈtɪkjuleɪts/
coarticulating	/ˌkoʊɑɹˈtɪkjuleɪtɪŋ/
coarticulation	/ˌkoʊɑɹˈtɪkjuleɪʃən/
coast	/ˈkoʊst/
coast's	/ˈkoʊsts/
coastal	/ˈkoʊstəl/
coastal's	/ˈkoʊstəlz/
coastamerica	/ˌkoʊstəˈmɛɹɪkə/
coastamerica's	/ˌkoʊstəˈmɛɹɪkəz/
coasted	/ˈkoʊstɪd/
coaster	/ˈkoʊstɚ/
coasters	/ˈkoʊstɚz/
coasting	/ˈkoʊstɪŋ/
coastline	/ˈkoʊstˌlaɪn/
coastlines	/ˈkoʊstˌlaɪnz/
coasts	/ˈkoʊsts/
coat	/ˈkoʊt/
coat's	/ˈkoʊts/
coate	/ˈkoʊˈeɪt/
coated	/ˈkoʊtəd/
coates	/ˈkoʊˈeɪts/
coatesville	/ˈkoʊtsˌvɪl/
coating	/ˈkoʊtɪŋ/
coatings	/ˈkoʊtɪŋz/
coatney	/ˈkoʊtni/
coats	/ˈkoʊts/
coattail	/ˈkoʊtˌteɪl/
coattails	/ˈkoʊtˌteɪlz/
coauthor	/ˈkoʊˈɑθɚ/
coauthored	/ˈkoʊˈɑθɚd/
coauthoring	/ˈkoʊˈɑθɚɪŋ/
coauthors	/ˈkoʊˈɑθɚz/
coax	/ˈkoʊks/
coaxed	/ˈkoʊkst/
coaxes	/ˈkoʊksɪz/
coaxial	/ˈkoʊˈæksiəl/
coaxing	/ˈkoʊksɪŋ/
coaxum	/ˈkoʊksəm/
cob	/ˈkɑb/
cobain	/ˈkoʊˌbeɪn/
cobain's	/ˈkoʊˌbeɪnz/
cobaine	/ˈkoʊˌbeɪn/
cobalt	/ˈkoʊˌbɔlt/
cobaugh	/ˈkɑbɔ/
cobb	/ˈkɑb/
cobbett	/ˈkɑbɪt/
cobbins	/ˈkɑbɪnz/
cobble	/ˈkɑbəl/
cobbled	/ˈkɑbəld/
cobbler	/ˈkɑblɚ/
cobbler's	/ˈkɑblɚz/
cobblers	/ˈkɑblɚz/
cobblestone	/ˈkɑbəlˌstoʊn/
cobblestones	/ˈkɑbəlˌstoʊnz/
cobbs	/ˈkɑbz/
cobe	/ˈkoʊb/
coben	/ˈkoʊbən/
cobepa	/koʊˈbeɪpə/
coberly	/ˈkoʊbɚli/
cobern	/ˈkɑbɚn/
cobert	/ˈkɑbɚt/
cobey	/ˈkoʊbi/
cobia	/ˈkoʊbiə/
cobian	/ˈkoʊbiən/
cobin	/ˈkoʊbɪn/
coble	/ˈkoʊbəl/
cobleigh	/ˈkɑblə/
coblentz	/ˈkɑblɪnts/
cobler	/ˈkoʊbəlɚ/
cobliner	/ˈkɑblaɪnɚ/
cobo	/ˈkoʊboʊ/
cobol	/ˈkoʊbɔl/
cobos	/ˈkoʊboʊz/
cobra	/ˈkoʊbɹə/
cobras	/ˈkoʊbɹəz/
cobre	/ˈkɑbɹə/
cobrin	/ˈkɑbɹɪn/
cobs	/ˈkɑbz/
coburn	/ˈkoʊbɚn/
cobweb	/ˈkɑbˌwɛb/
cobwebs	/ˈkɑbˌwɛbz/
coby	/ˈkoʊbi/
coca	/ˈkoʊkə/
coca-cola	/ˌkoʊkəˈkoʊlɑ/
cocaine	/koʊˈkeɪn/
cocanino	/ˌkoʊkəˈninoʊ/
cocanougher	/ˈkɑkəˌnʌfɚ/
cocca	/ˈkoʊkə/
coccaro	/koʊˈkɑɹoʊ/
cocchi	/ˈkoʊki/
coccia	/ˈkoʊtʃə/
cocco	/ˈkoʊkoʊ/
coccus	/ˈkɑkəs/
cochairman	/ˈkoʊˌtʃɛɹmən/
cochenour	/ˈkɑʃɪnʊɹ/
cochin	/ˈkoʊtʃɪn/
cochlea	/ˈkɑkliə/
cochlear	/ˈkɑkliɚ/
cochles	/ˈkɑkəlz/
cochran	/ˈkɑkɹən/
cochran's	/ˈkɑkɹənz/
cochrane	/ˈkɑkɹən/
cochranton	/ˈkɑkɹəntən/
cock	/ˈkɑk/
cockamamie	/ˌkɔkəˈmeɪmi/
cockatoo	/ˈkɑkəˌtu/
cockatoos	/ˈkɑkəˌtuz/
cockburn	/ˈkɑkˌbɝn/
cockburn's	/ˈkoʊbɚnz/
cocke	/ˈkoʊk/
cocked	/ˈkɑkt/
cocker	/ˈkɑkɚ/
cockerell	/ˈkɑkɚˌɛl/
cockerham	/ˈkɑkɚˌhæm/
cockerill	/ˈkɑkɚˌɪl/
cockey	/ˈkɑki/
cockeyed	/ˈkɑˌkaɪd/
cockfield	/ˈkɑkˌfild/
cockiness	/ˈkɑkinəs/
cocking	/ˈkɑkɪŋ/
cockle	/ˈkɑkəl/
cockles	/ˈkɑkəlz/
cocklin	/ˈkɑklɪn/
cockman	/ˈkɑkmən/
cockney	/ˈkɑkni/
cockpit	/ˈkɑkˌpɪt/
cockpits	/ˈkɑkˌpɪts/
cockran	/ˈkɑkɹən/
cockrell	/ˈkɑkɹəl/
cockrill	/ˈkɑkɹəl/
cockroach	/ˈkɑˌkɹoʊtʃ/
cockroaches	/ˈkɑˌkɹoʊtʃɪz/
cockroft	/ˈkɑkɹəft/
cockrum	/ˈkɑkɹəm/
cocks	/ˈkɑks/
cocksucker	/ˈkɑkˌsʌkɚ/
cocktail	/ˈkɑkˌteɪl/
cocktails	/ˈkɑkˌteɪlz/
cockwell	/ˈkɑˌkwɛl/
cockwell's	/ˈkɑˌkwɛlz/
cocky	/ˈkɑki/
coco	/ˈkoʊˌkoʊ/
cocoa	/ˈkoʊkoʊ/
cocoanuts	/ˈkoʊkoʊˌnʌts/
cocom	/ˈkoʊˈkɑm/
coconino	/ˌkoʊkəˈninoʊ/
coconut	/ˈkoʊkəˌnʌt/
coconuts	/ˈkoʊkəˌnʌts/
cocoon	/kəˈkun/
cocooning	/kəˈkunɪŋ/
cocoons	/kəˈkunz/
cocos	/ˈkoʊˌkoʊz/
cocozza	/koʊˈkoʊtsə/
cocuzza	/koʊˈkutsə/
cod	/ˈkɑd/
coda	/ˈkoʊdə/
codag	/ˈkoʊˈdæɡ/
coday	/ˈkoʊˈdeɪ/
codd	/ˈkɑd/
codding	/ˈkɑdɪŋ/
coddington	/ˈkɑdɪŋtən/
coddle	/ˈkɑdəl/
coddled	/ˈkɑdəld/
coddling	/ˈkɑdəlɪŋ/
code	/ˈkoʊd/
code's	/ˈkoʊdz/
codebase	/ˈkoʊdˌbeɪs/
codebreaker	/ˈkoʊdˌbɹeɪkɚ/
codebreakers	/ˈkoʊdˌbɹeɪkɚz/
coded	/ˈkoʊdɪd/
codelco	/koʊˈdɛlkoʊ/
coder	/ˈkoʊdɚ/
coderre	/kəˈdɛɹ/
codes	/ˈkoʊdz/
codesa	/koʊˈdɛsə/
codification	/ˌkɑdəfəˈkeɪʃən/
codified	/ˈkɑdəˌfaɪd/
codifies	/ˈkoʊdəˌfaɪz/
codify	/ˈkoʊdəˌfaɪ/
codifying	/ˈkoʊdəˌfaɪɪŋ/
coding	/ˈkoʊdɪŋ/
codispoti	/koʊdiˈspoʊti/
codlin	/ˈkɑdlɪn/
codner	/ˈkɑdnɚ/
codrescu	/kəˈdɹɛskˌju/
codrescu's	/kəˈdɹɛskˌjuz/
cody	/ˈkoʊdi/
coe	/ˈkoʊ/
coeburn	/ˈkoʊbɚn/
coed	/ˈkoʊˌɛd/
coeds	/ˈkoʊˌɛdz/
coeducational	/ˈkoʊˈɛdʒəˈkeɪʃənəl/
coefficient	/ˌkoʊəˈfɪʃənt/
coefficients	/ˌkoʊəˈfɪʃənts/
coehlo	/ˈkoʊloʊ/
coelacanth	/ˈsiləˌkænθ/
coelho	/ˌkoʊˈɛloʊ/
coello	/ˌkoʊˈɛloʊ/
coen	/ˈkoʊɪn/
coenen	/koʊˈinən/
coenzyme	/koʊˈɛnzaɪm/
coequal	/koʊˈikwəl/
coerce	/koʊˈɝs/
coerced	/koʊˈɝst/
coercing	/koʊˈɝsɪŋ/
coercion	/koʊˈɝʃən/
coercive	/koʊˈɝsɪv/
coeur	/ˈkuɹ/
coexist	/ˌkoʊəɡˈzɪst/
coexisted	/ˌkoʊəɡˈzɪstəd/
coexistence	/ˌkoʊɪɡˈzɪstəns/
coexisting	/ˌkoʊɪɡˈzɪstɪŋ/
coey	/ˈkoʊi/
cofer	/ˈkoʊˈfɝ/
coffaro	/koʊˈfɑɹoʊ/
coffee	/ˈkɑfi/
coffee's	/ˈkɑfiz/
coffeehouse	/ˈkɔfiˌhaʊs/
coffeehouses	/ˈkɔfiˌhaʊsɪz/
coffeen	/kəˈfin/
coffees	/ˈkɔfiz/
coffel	/ˈkɑfəl/
coffelt	/ˈkɑfɪlt/
coffer	/ˈkɔfɚ/
coffers	/ˈkɑfɚz/
coffey	/ˈkɑfi/
coffield	/ˈkɑfild/
coffin	/ˈkɔfɪn/
coffing	/ˈkɔfɪŋ/
coffins	/ˈkɔfɪnz/
cofflin	/ˈkɔflɪn/
coffman	/ˈkɔfmən/
cofide	/ˌkoʊˈfaɪd/
cofield	/ˈkoʊˈfild/
cofounder	/ˈkoʊˈfaʊndɚ/
cog	/ˈkɔɡ/
cogan	/ˈkoʊɡən/
cogar	/ˈkoʊɡɚ/
cogbill	/ˈkɑɡˌbɪl/
cogburn	/ˈkɑɡˌbɝn/
cogdell	/ˈkɑɡdəl/
cogdill	/ˈkɑɡdəl/
cogeco	/ˌkoʊˈdʒɛkoʊ/
cogema	/ˈkoʊɡmɑ/
cogency	/ˈkoʊdʒənsi/
cogenerate	/ˈkoʊˈdʒɛnɚˌeɪt/
cogenerated	/ˈkoʊˈdʒɛnɚˌeɪtɪd/
cogeneration	/ˈkoʊˈdʒɛnɚˈeɪʃən/
cogenerator	/koʊˈdʒɛnɚˌeɪtɚ/
cogenerators	/koʊˈdʒɛnɚˌeɪtɚz/
cogent	/ˈkoʊdʒənt/
coger	/ˈkoʊdʒɚ/
coggeshall	/ˈkɑɡɪʃɔl/
coggin	/ˈkɑɡɪn/
coggins	/ˈkɑɡɪnz/
coghill	/ˈkɑɡˌhɪl/
coghlan	/ˈkɑɡlən/
cogitate	/ˈkɑdʒɪˌteɪt/
cogitation	/ˌkɑdʒɪˈteɪʃən/
cogley	/ˈkɑɡli/
coglianese	/koʊɡliəˈneɪzi/
cogliano	/koʊɡliˈɑnoʊ/
cognac	/ˈkoʊnˌjæk/
cognetics	/ˌkɑɡˈnɛtɪks/
cognex	/ˈkɑɡnɛks/
cognition	/kɑɡˈnɪʃən/
cognitive	/ˈkɑɡnɪtɪv/
cognizance	/ˈkɑɡnəzəns/
cognizant	/ˈkɑɡnəzənt/
cognoscenti	/ˌkɑɡnɔˈʃɛnˌti/
cogswell	/ˈkɑɡˌswɛl/
cohabit	/koʊˈhæbɪt/
cohabitation	/koʊˌhæbəˈteɪʃən/
cohabiting	/koʊˈhæbɪtɪŋ/
cohan	/ˈkoʊhən/
cohasset	/koʊˈhæsət/
cohea	/ˈkɑhiə/
cohee	/ˈkɑhi/
cohen	/ˈkoʊən/
cohen's	/ˈkoʊənz/
cohenour	/kəˈhɛnɚ/
cohentannoudji	/ˌkoʊəntəˈnudʒi/
cohere	/koʊˈhɪɹ/
cohered	/koʊˈhɪɹd/
coherence	/koʊˈhɪɹəns/
coherent	/koʊˈhɪɹənt/
coherently	/koʊˈhiɹəntli/
coheres	/koʊˈhɪɹz/
cohesion	/koʊˈhiʒən/
cohesive	/koʊˈhisɪv/
cohesively	/koʊˈhisɪvli/
cohesiveness	/koʊˈhisɪvnəs/
cohiba	/koʊˈhibə/
cohick	/ˈkɑhɪk/
cohill	/ˈkoʊˈhɪl/
cohn	/ˈkoʊn/
coho	/ˈkoʊhoʊ/
cohoon	/kəˈhun/
cohort	/ˈkoʊhɔɹt/
cohorts	/ˈkoʊhɔɹts/
cohost	/ˈkoʊˌhoʊst/
cohosts	/ˈkoʊˌhoʊsts/
cohr	/ˈkɔɹ/
cohron	/ˈkɑɹən/
cohrs	/ˈkɔɹz/
coia	/ˈkoʊjə/
coif	/ˈkwɑf/
coiffe	/ˈkɔɪf/
coiffed	/ˈkɔɪft/
coil	/ˈkɔɪl/
coile	/ˈkɔɪl/
coiled	/ˈkɔɪld/
coiling	/ˈkɔɪˌlɪŋ/
coils	/ˈkɔɪlz/
coin	/ˈkɔɪn/
coin's	/ˈkɔɪnz/
coinage	/ˈkɔɪnɪdʒ/
coincide	/ˌkoʊɪnˈsaɪd/
coincided	/ˌkoʊənˈsaɪdəd/
coincidence	/koʊˈɪnsɪdəns/
coincidences	/koʊˈɪnsədənsɪz/
coincident	/koʊˈɪnsədənt/
coincidental	/koʊˌɪnsəˈdɛntəl/
coincidentally	/koʊˌɪnsɪˈdɛntəli/
coincides	/ˌkoʊɪnˈsaɪdz/
coinciding	/ˌkoʊənˈsaɪdɪŋ/
coined	/ˈkɔɪnd/
coiner	/ˈkɔɪnɚ/
coining	/ˈkɔɪnɪŋ/
coins	/ˈkɔɪnz/
coinsurance	/ˌkoʊɪnˈʃɝəns/
cointreau	/ˌkɔnˈtɹoʊ/
coipa	/ˈkɔɪpə/
coiro	/ˈkɔɪɹoʊ/
coit	/ˈkɔɪt/
coitsville	/ˈkɔɪtsvɪl/
coitus	/ˈkɔɪtəs/
cojimar	/ˈkoʊdʒɪˌmɑɹ/
cojimar's	/ˈkoʊdʒɪˌmɑɹz/
cojuangco	/koʊˈwɑŋkoʊ/
coke	/ˈkoʊk/
coke's	/ˈkoʊks/
coker	/ˈkoʊkɚ/
cokes	/ˈkoʊks/
cokie	/ˈkoʊki/
cokie's	/ˈkoʊkiz/
coking	/ˈkoʊkɪŋ/
cokley	/ˈkɑkli/
cola	/ˈkoʊlə/
cola's	/ˈkoʊləz/
colab	/ˈkoʊˈlæb/
colabella	/ˌkoʊləˈbɛlə/
colaianni	/koʊlɑˈjɑni/
colaizzi	/ˌkoʊˈleɪzi/
colaluca	/ˌkoʊləˈlukə/
colan	/ˈkoʊlən/
colander	/ˈkɑləndɚ/
colanders	/ˈkɑləndɚz/
colangelo	/koʊlɑŋˈɡɛloʊ/
colantonio	/koʊlɑnˈtoʊnioʊ/
colantuono	/koʊlɑnˈtwoʊnoʊ/
colao	/ˈkoʊlaʊ/
colarusso	/koʊlɑˈɹusoʊ/
colas	/ˈkoʊləs/
colasanti	/ˌkoʊləˈsænti/
colasurdo	/koʊlɑˈsʊɹdoʊ/
colavito	/koʊlɑˈvitoʊ/
colaw	/ˈkoʊˈlɔ/
colbath	/ˈkoʊlbəθ/
colbaugh	/ˈkoʊlˌbɔ/
colbeck	/ˈkɑlbɛk/
colberg	/ˈkɑlbɚɡ/
colbern	/ˈkoʊlbɚn/
colbert	/ˈkoʊlbɚt/
colborn	/ˈkoʊlbɔɹn/
colborne	/ˈkoʊlbɔɹn/
colburn	/ˈkoʊlbɚn/
colby	/ˈkoʊlbi/
colby's	/ˈkoʊlbiz/
colbys	/ˈkoʊlbiz/
colchicine	/ˈkɔltʃəsin/
colclasure	/koʊlˈklɑʒɚ/
colclough	/ˈkoʊlklaʊ/
colcord	/ˈkoʊlkɚd/
cold	/ˈkoʊld/
cold-bay	/ˈkoʊldˌbeɪ/
cold-blood	/ˈkoʊldˈblʌd/
cold-blooded	/ˈkoʊldˈblʌdəd/
colden	/ˈkoʊldən/
colder	/ˈkoʊldɚ/
coldest	/ˈkoʊldəst/
coldiron	/ˈkoʊldɚɑn/
coldly	/ˈkoʊldli/
coldness	/ˈkoʊldnəs/
coldren	/ˈkoʊldɚən/
colds	/ˈkoʊldz/
coldwater	/ˈkoʊlˌdwɔtɚ/
coldwell	/ˈkoʊlˌdwɛl/
cole	/ˈkoʊl/
cole's	/ˈkoʊlz/
colebank	/ˈkoʊlˌbæŋk/
colebreath	/ˈkoʊlbɹɛθ/
colebrook	/ˈkoʊlˌbɹʊk/
coleco	/ˌkoʊˈlɛkoʊ/
coleco's	/ˌkoʊˈlɛkoʊz/
colee	/ˈkoʊˈli/
coleen	/kɔˈlin/
colegrove	/ˈkoʊlˌɡɹoʊv/
colella	/ˌkoʊˈlɛlə/
colello	/ˌkoʊˈlɛloʊ/
coleman	/ˈkoʊlmən/
coleman's	/ˈkoʊlmənz/
colen	/ˈkoʊlən/
coler	/ˈkoʊlɚ/
coleridge	/ˈkoʊlɹɪdʒ/
coles	/ˈkoʊlz/
coleslaw	/ˈkoʊlˌslɑ/
coleson	/ˈkɑlɪsən/
colestipol	/ˈkoʊlˌstɪˌpɑl/
colestock	/ˈkoʊlˌstɑk/
coletta	/koʊˈlɛtə/
colette	/ˈkoʊˈlɛt/
coletti	/koʊˈlɛti/
coleus	/ˈkoʊliəs/
coleville	/ˈkoʊlˌvɪl/
coley	/ˈkoʊli/
colfer	/ˈkoʊlfɚ/
colford	/ˈkoʊlfɚd/
colgan	/ˈkoʊlɡən/
colgate	/ˈkoʊlɡeɪt/
colgate's	/ˈkoʊlɡeɪts/
colgin	/ˈkoʊldʒɪn/
colglazier	/ˈkoʊlɡləziɚ/
colgrove	/ˈkoʊlɡɹəv/
coli	/ˈkoʊli/
colicchio	/ˌkoʊˈlɪkioʊ/
colier	/ˈkoʊliɚ/
coliform	/ˈkoʊləˌfɔɹm/
coliforms	/ˈkoʊləˌfɔɹmz/
colin	/ˈkoʊlɪn/
colina	/koʊˈlinə/
colinas	/koʊˈlinəs/
coline	/koʊˈlini/
colino	/koʊˈlinoʊ/
colis	/ˈkoʊlɪs/
coliseum	/ˌkɑləˈsiəm/
coll	/ˈkɑl/
colla	/ˈkoʊlə/
collaborate	/kəˈlæbɚˌeɪt/
collaborated	/kəˈlæbɚˌeɪtɪd/
collaborating	/kəˈlæbɚˌeɪtɪŋ/
collaboration	/kəˌlæbɚˈeɪʃən/
collaborationist	/kəˌlæbɚˈeɪʃənɪst/
collaborations	/ˌkɑləbɚˈeɪʃənz/
collaborative	/kəˈlæbɚˌeɪtɪv/
collaborator	/kəˈlæbɚˌeɪtɚ/
collaborators	/kəˈlæbɚˌeɪtɚz/
collado	/koʊˈlɑdoʊ/
collage	/kəˈlɑʒ/
collagen	/ˈkɑləɡən/
collages	/kəˈlɑʒɪz/
collamore	/koʊˈlɑmɔɹ/
collapse	/kəˈlæps/
collapsed	/kəˈlæpst/
collapses	/kəˈlæpsɪz/
collapsible	/kəˈlæpsəbəl/
collapsing	/kəˈlæpsɪŋ/
collar	/ˈkɑlɚ/
collarbone	/ˈkɑlɚˌboʊn/
collard	/ˈkɑlɚd/
collards	/ˈkɑlɚdz/
collared	/ˈkɑlɚd/
collars	/ˈkɑlɚz/
collate	/kəˈleɪt/
collateral	/kəˈlætɚəl/
collateralize	/kəˈlætɚəˌlaɪz/
collateralized	/kəˈlætɚəˌlaɪzd/
collazo	/koʊˈlɑzoʊ/
colle	/ˈkoʊl/
colleague	/ˈkɑliɡ/
colleague's	/ˈkɑliɡz/
colleagues	/ˈkɑliɡz/
colleagues'	/ˈkɑliɡz/
collect	/kəˈlɛkt/
collected	/kəˈlɛktəd/
collectibility	/kəˌlɛktɪˈbɪlɪti/
collectible	/kəˈlɛktəbəl/
collectibles	/kəˈlɛktəbəlz/
collecting	/kəˈlɛktɪŋ/
collection	/kəˈlɛkʃən/
collections	/kəˈlɛkʃənz/
collective	/kəˈlɛktɪv/
collectively	/kəˈlɛktɪvli/
collectives	/kəˈlɛktɪvz/
collectivism	/kəˈlɛktɪˌvɪzəm/
collectivist	/kəˈlɛktɪvɪst/
collectivization	/kəˌlɛktɪvɪˈzeɪʃən/
collectivize	/kəˈlɛktɪˌvaɪz/
collectivized	/kəˈlɛktɪˌvaɪzd/
collector	/kəˈlɛktɚ/
collector's	/kəˈlɛktɚz/
collectors	/kəˈlɛktɚz/
collectors'	/kəˈlɛktɚz/
collects	/kəˈlɛkts/
colledge	/ˈkɑlɪdʒ/
colleen	/ˌkɑˈlin/
college	/ˈkɑlɪdʒ/
college's	/ˈkɑlɪdʒɪz/
colleges	/ˈkɑlɪdʒɪz/
colleges'	/ˈkɑlɪdʒɪz/
collegeville	/ˈkɑlədʒvɪl/
collegial	/kəˈlidʒiəl/
collegiality	/kəˌlidʒiˈælɪti/
collegian	/kəˈlidʒən/
collegians	/kəˈlidʒənz/
collegiate	/kəˈlidʒɪt/
collen	/ˈkɑlən/
collender	/ˈkɑləndɚ/
coller	/ˈkɑlɚ/
colleran	/ˈkɑlɚæn/
collet	/ˈkɑlɪt/
collett	/ˈkɑlɪt/
colletta	/koʊˈlɛtə/
collette	/kəˈlɛt/
colletti	/koʊˈlɛti/
colleville	/ˈkoʊlvɪl/
colleville's	/ˈkoʊlvɪlz/
colley	/ˈkɑli/
colli	/ˈkoʊli/
collick	/ˈkɑlɪk/
collide	/kəˈlaɪd/
collided	/kəˈlaɪdɪd/
collider	/kəˈlaɪdɚ/
collides	/kəˈlaɪdz/
colliding	/kəˈlaɪdɪŋ/
collie	/ˈkɑli/
collier	/ˈkɑljɚ/
collier's	/ˈkɑljɚz/
colliers	/ˈkɑljɚz/
collies	/ˈkɑliz/
colligan	/ˈkɑlɪɡæn/
collignon	/kəˈlɪɡnən/
collin	/ˈkɑlɪn/
colling	/ˈkɑlɪŋ/
collinge	/ˈkɑlɪndʒ/
collings	/ˈkɑlɪŋz/
collingsworth	/kəˈlɪŋzwɚθ/
collingwood	/ˈkɑlɪŋˌwʊd/
collins	/ˈkɑlɪnz/
collins'	/ˈkɑlɪnz/
collins's	/ˈkɑlɪnzɪz/
collinson	/ˈkɑlɪnsən/
collinsworth	/kəˈlɪnswɚθ/
collis	/ˈkɑlɪs/
collision	/kəˈlɪʒən/
collisional	/kəˈlɪʒənəl/
collisions	/kəˈlɪʒənz/
collison	/ˈkɑlɪsən/
collister	/ˈkɑlɪstɚ/
colliver	/ˈkɑlɪvɚ/
collman	/ˈkɑlmən/
collocation	/kɑləˈkeɪʃən/
collodion	/kəˈloʊdiən/
colloid	/ˈkɑlɔɪd/
colloidal	/kəˈlɔɪdəl/
collom	/ˈkɑləm/
collomb	/ˈkɑlɑm/
collopy	/kəˈloʊpi/
colloquial	/kəˈloʊkwiəl/
colloquium	/kəˈloʊkwiəm/
colloquy	/ˈkɑləkwi/
collor	/ˈkɑlɚ/
collor's	/ˈkɑlɚz/
collosio	/kəˈloʊsioʊ/
collosio's	/kəˈloʊsioʊz/
collude	/kəˈlud/
colluded	/kəˈludɪd/
colluding	/kəˈludɪŋ/
collum	/ˈkɑləm/
collums	/ˈkɑləmz/
collura	/ˈkɑlʊɹə/
collusion	/kəˈluʒən/
collusive	/kəˈlusɪv/
collver	/ˈkɑlvɚ/
colly	/ˈkɑli/
collyer	/ˈkɑliɚ/
colm	/ˈkoʊlm/
colman	/ˈkoʊlmən/
colmenero	/koʊlmeɪˈnɛɹoʊ/
colmer	/ˈkoʊmɚ/
colo	/ˈkoʊloʊ/
colodny	/kəˈlɑdni/
cologne	/kəˈloʊn/
coloma	/ˌkoʊˈloʊmə/
colomb	/ˈkɑləm/
colombari	/ˌkɑlɑmˈbɑɹi/
colombe	/koʊˈloʊmbi/
colombia	/kəˈlʌmbiə/
colombia's	/kəˈlʌmbiəz/
colombian	/kəˈlʌmbiən/
colombians	/kəˈlʌmbiənz/
colombo	/kəˈlʌmboʊ/
colombo's	/kəˈlʌmboʊz/
colon	/ˈkoʊlən/
colonel	/ˈkɝnəl/
colonel's	/ˈkɝnəlz/
colonels	/ˈkɝnəlz/
colonia	/kəˈloʊniə/
colonial	/kəˈloʊniəl/
colonial's	/kəˈloʊniəlz/
colonialism	/kəˈloʊniəˌlɪzəm/
colonialist	/kəˈloʊniəlɪst/
colonialists	/kəˈloʊniəlɪsts/
colonials	/kəˈloʊniəlz/
colonies	/ˈkɑləniz/
colonist	/ˈkɑlənɪst/
colonists	/ˈkɑlənɪsts/
colonization	/ˌkɑlənɪˈzeɪʃən/
colonize	/ˈkɑləˌnaɪz/
colonized	/ˈkɑləˌnaɪzd/
colonizer	/ˈkɑləˌnaɪzɚ/
colonizers	/ˈkɑləˌnaɪzɚz/
colonna	/koʊˈloʊnə/
colonnade	/ˌkɑləˈneɪd/
colonus	/kəˈloʊnəs/
colony	/ˈkɑləni/
colony's	/ˈkɑləniz/
colopy	/kəˈloʊpi/
color	/ˈkʌlɚ/
coloradan	/ˌkɑlɚˈɑdən/
coloradans	/ˌkɑlɚˈɑdənz/
colorado	/ˌkɑlɚˈɑdoʊ/
colorado's	/ˌkɑlɚˈɑdoʊz/
coloration	/ˌkʌlɚˈeɪʃən/
coloratura	/kəlɚəˈtʊɹə/
colorblind	/ˈkʌlɚˌblaɪnd/
colorcraft	/ˈkʌlɚˌkɹæft/
colorectal	/ˌkoʊloʊˈɹɛktəl/
colored	/ˈkʌlɚd/
coloreds	/ˈkɑlɚədz/
colorfast	/ˈkʌlɚˌfæst/
colorful	/ˈkʌlɚfəl/
colorfully	/ˈkʌlɚfli/
coloring	/ˈkʌlɚɪŋ/
coloristic	/ˌkʌlɚˈɪstɪk/
colorization	/ˌkʌlɚəˈzeɪʃən/
colorize	/ˈkʌlɚˌaɪz/
colorized	/ˈkʌlɚˌaɪzd/
colorizing	/ˈkʌlɚˌaɪzɪŋ/
colorless	/ˈkʌlɚləs/
colorocs	/ˈkʌlɚˌɑks/
coloroll	/ˈkʌlɚˌoʊl/
colors	/ˈkʌlɚz/
colorwatch	/ˈkʌlɚˌwɑtʃ/
colosi	/kəˈloʊsi/
colosimo	/koʊloʊˈsimoʊ/
colosio	/kəˈloʊsioʊ/
colosio's	/kəˈloʊsioʊz/
colossal	/kəˈlɑsəl/
colossally	/kəˈlɑsəˌli/
colosseum	/ˌkɑləˈsiəm/
colossus	/kəˈlɑsəs/
colour	/ˈkʌlɚ/
coloured	/ˈkʌlɚd/
colouring	/ˈkʌlɚˌɹɪŋ/
colours	/ˈkʌlɚz/
colpepper	/ˈkʌlˌpɛpɚ/
colpitts	/ˈkoʊlpɪts/
colquitt	/ˈkoʊlkwɪt/
colson	/ˈkoʊlsən/
colston	/ˈkoʊlstən/
colstrip	/ˈkoʊlstɹɪp/
colt	/ˈkoʊlt/
colt's	/ˈkoʊlts/
coltec	/ˈkoʊlˌtɛk/
colter	/ˈkoʊltɚ/
coltharp	/ˈkoʊlθɑɹp/
coltie	/ˈkoʊlti/
colton	/ˈkoʊltən/
coltrain	/ˈkoʊlˌtɹeɪn/
coltrane	/ˈkoʊltɹən/
coltrane's	/ˈkoʊltɹənz/
coltrin	/ˈkoʊltɹɪn/
colts	/ˈkoʊlts/
coltsfoot	/ˈkoʊltsˌfʊt/
colucci	/koʊˈlutʃi/
coluccio	/koʊˈlutʃioʊ/
columba	/ˌkoʊˈlʌmbə/
columbia	/kəˈlʌmbiə/
columbia's	/kəˈlʌmbiəz/
columbian	/ˌkoʊˈlʌmbiən/
columbians	/ˌkoʊˈlʌmbiənz/
columbine	/ˈkɑləmˌbaɪn/
columbines	/ˈkɑləmˌbaɪnz/
columbo	/ˌkoʊˈlʌmboʊ/
columbus	/kəˈlʌmbəs/
columbus'	/kəˈlʌmbəs/
columbus's	/kəˈlʌmbəsɪz/
column	/ˈkɑləm/
columned	/ˈkɑləmd/
columnist	/ˈkɑləmnəst/
columnists	/ˈkɑləmnəsts/
columns	/ˈkɑləmz/
colunga	/koʊˈluŋɡə/
colussy	/kəˈlusi/
colvard	/ˈkɑlvɚd/
colver	/ˈkoʊlvɚ/
colvert	/ˈkɑlvɚt/
colville	/ˈkɑlvɪl/
colvin	/ˈkoʊlvɪn/
colwell	/ˈkoʊlˌwɛl/
colyer	/ˈkoʊliɚ/
com	/ˈkɑm/
com's	/ˈkɑmz/
coma	/ˈkoʊmə/
comair	/ˈkɑˈmɛɹ/
coman	/ˈkoʊmən/
comanche	/kəˈmæntʃi/
comanches	/kəˈmæntʃiz/
comandante	/ˌkoʊmənˈdɑnteɪ/
comandantes	/ˌkoʊmənˈdɑntɛz/
comandeer	/kɑmənˈdiɹ/
comandeered	/kɑmənˈdiɹd/
comandeers	/kɑmənˈdiɹz/
comarco	/koʊˈmɑɹkoʊ/
comas	/ˈkoʊməz/
comatose	/ˈkoʊməˌtoʊs/
comb	/ˈkoʊm/
combat	/ˈkɑmbæt/
combatant	/kəmˈbætənt/
combatants	/kəmˈbætənts/
combating	/kəmˈbætɪŋ/
combative	/kəmˈbætɪv/
combativeness	/kəmˈbætɪvnəs/
combats	/kəmˈbæts/
combatting	/kəmˈbætɪŋ/
combe	/ˈkoʊm/
combed	/ˈkoʊmd/
combee	/ˈkɑmˌbi/
comber	/ˈkoʊmɚ/
combes	/ˈkoʊmz/
combest	/ˈkoʊmɪst/
combinability	/kəmˌbaɪnəˈbɪləti/
combinable	/kəmˈbaɪnəbəl/
combination	/ˌkɑmbəˈneɪʃən/
combinations	/ˌkɑmbəˈneɪʃənz/
combine	/ˈkɑmbaɪn/
combined	/kəmˈbaɪnd/
combines	/kəmˈbaɪnz/
combing	/ˈkoʊmɪŋ/
combining	/kəmˈbaɪnɪŋ/
combo	/ˈkɑmˌboʊ/
combs	/ˈkoʊmz/
combust	/kəmˈbʌst/
combustable	/kəmˈbʌstəbəl/
combustion	/kəmˈbʌstʃən/
comby	/ˈkɑmbi/
comcast	/ˈkɑmˌkæst/
comcast's	/ˈkɑmˌkæsts/
comdata	/ˈkɑmˌdædə/
comden	/ˈkɑmdɪn/
comdex	/ˈkɑmdəks/
comdisco	/ˌkɑmˈdɪskoʊ/
come	/ˈkʌm/
come-on	/ˈkʌˈmɑn/
come-ons	/ˈkʌˈmɑnz/
comeau	/kəˈmoʊ/
comeaux	/kəˈmoʊ/
comeback	/ˈkʌmˌbæk/
comebacks	/ˈkʌmˌbæks/
comecon	/ˈkɑməˌkɑn/
comedian	/kəˈmidiən/
comedian's	/kəˈmidiənz/
comedians	/kəˈmidiənz/
comedic	/kəˈmidɪk/
comedienne	/kəˌmidiˈɛn/
comedies	/ˈkɑmədiz/
comedown	/ˈkʌmˌdaʊn/
comedy	/ˈkɑmədi/
comedy's	/ˈkɑmədiz/
comegys	/ˈkɑmɪdʒiz/
comella	/koʊˈmɛlə/
comely	/ˈkʌmli/
comer	/ˈkʌmɚ/
comerford	/kəˈmɝfɚd/
comerica	/kəˈmɛɹɪkə/
comers	/ˈkʌmɚz/
comes	/ˈkʌmz/
comet	/ˈkɑmət/
comet's	/ˈkɑməts/
cometary	/ˈkɑməˌtɛɹi/
cometh	/ˈkʌmɪθ/
cometra	/koʊˈmɛtɹə/
comets	/ˈkɑməts/
comeuppance	/ˌkʌˈmʌpəns/
comex	/ˈkɑˌmɛks/
comex's	/ˈkɑˌmɛksɪz/
comfed	/ˈkɑmˌfɛd/
comfinance	/ˈkɑmfɪnəns/
comfort	/ˈkʌmfɚt/
comfortable	/ˈkʌmfɚtəbəl/
comfortably	/ˈkʌmfɚtəbli/
comforted	/ˈkʌmfɚtɪd/
comforter	/ˈkʌmfɚtɚ/
comforters	/ˈkʌmfɚtɚz/
comforting	/ˈkʌmfɚtɪŋ/
comforts	/ˈkʌmfɚts/
comfrey	/ˈkʌmfɹi/
comfy	/ˈkʌmfi/
comic	/ˈkɑmɪk/
comical	/ˈkɑmɪkəl/
comically	/ˈkɑmɪkəli/
comicopia	/ˌkɑmɪˈkoʊpiə/
comics	/ˈkɑmɪks/
comin'	/ˈkʌmɪn/
cominco	/koʊˈmɪŋkoʊ/
coming	/ˈkʌmɪŋ/
comings	/ˈkʌmɪŋz/
comino	/kəˈminoʊ/
comins	/ˈkoʊmɪnz/
cominsky	/kəˈmɪnski/
comintern	/ˈkɔminˌtɝn/
comiskey	/ˈkoʊmɪˈski/
comitatus	/kɔməˈteɪtəs/
comito	/koʊˈmitoʊ/
comity	/ˈkoʊmɪti/
comley	/ˈkɑmli/
comly	/ˈkɑmli/
comm	/ˈkɑm/
comma	/ˈkɑmə/
commack	/ˈkɑmək/
command	/kəˈmænd/
command's	/kəˈmændz/
commandant	/ˌkɑmənˈdɑnt/
commanded	/kəˈmændɪd/
commandeer	/ˌkɑmənˈdɪɹ/
commandeered	/ˌkɑmənˈdɪɹd/
commander	/kəˈmændɚ/
commander's	/kəˈmændɚz/
commanders	/kəˈmændɚz/
commanding	/kəˈmændɪŋ/
commandment	/kəˈmændmənt/
commandments	/kəˈmændmənts/
commando	/kəˈmænˌdoʊ/
commandos	/kəˈmænˌdoʊz/
commands	/kəˈmændz/
commas	/ˈkɑməz/
commemorate	/kəˈmɛmɚˌeɪt/
commemorated	/kəˈmɛmɚˌeɪtɪd/
commemorates	/kəˈmɛmɚˌeɪts/
commemorating	/kəˈmɛmɚˌeɪtɪŋ/
commemoration	/kəˌmɛmɚˈeɪʃən/
commemorations	/kəˌmɛmɚˈeɪʃənz/
commemorative	/kəˈmɛmɹətɪv/
commence	/kəˈmɛns/
commenced	/kəˈmɛnst/
commencement	/kəˈmɛnsmənt/
commences	/kəˈmɛnsəz/
commencing	/kəˈmɛnsɪŋ/
commend	/kəˈmɛnd/
commendable	/kəˈmɛndəbəl/
commendation	/ˌkɑmənˈdeɪʃən/
commended	/kəˈmɛndɪd/
commending	/kəˈmɛndɪŋ/
commends	/kəˈmɛndz/
commensurate	/kəˈmɛnsɚət/
commensurately	/kəˈmɛnsɚətli/
comment	/ˈkɑmɛnt/
commentariat	/ˌkɑmənˈtæˌɹiət/
commentaries	/ˈkɑmənˌtɛɹiz/
commentary	/ˈkɑmənˌtɛɹi/
commentator	/ˈkɑmənˌteɪtɚ/
commentator's	/ˈkɑmənˌteɪtɚz/
commentators	/ˈkɑmənˌteɪtɚz/
commented	/ˈkɑmɛntəd/
commenter	/ˈkɑmɛntɚ/
commenters	/ˈkɑmɛntɚz/
commenting	/ˈkɑmɛntɪŋ/
comments	/ˈkɑmɛnts/
commerce	/ˈkɑmɚs/
commerce's	/ˈkɑmɚsɪz/
commercebancorp	/ˌkɑmɚsˈbænˌkɔɹp/
commercial	/kəˈmɝʃəl/
commercial's	/kəˈmɝʃəlz/
commerciale	/kəˌmɝsiˈæl/
commerciale's	/kəˌmɝsiˈælz/
commercialism	/kəˈmɝʃəˌlɪzəm/
commercialization	/kəˌmɝʃəlɪˈzeɪʃən/
commercialize	/kəˈmɝʃəˌlaɪz/
commercialized	/kəˈmɝʃəˌlaɪzd/
commercializing	/kəˈmɝʃəˌlaɪzɪŋ/
commercially	/kəˈmɝʃəli/
commercials	/kəˈmɝʃəlz/
commerford	/ˈkɑmɚfɚd/
commerical	/kəˈmɝʃəl/
commerzbank	/ˈkɑmɚzˌbæŋk/
commerzbank's	/ˈkɑmɚzˈbæŋks/
commie	/ˈkɑmi/
commies	/ˈkɑmiz/
commingle	/kəˈmɪŋɡəl/
commingled	/kɑˈmɪŋɡəld/
commingling	/kɑˈmɪŋɡəlɪŋ/
commins	/ˈkɑmɪnz/
commiserate	/kəˈmɪsɚˌeɪt/
commiserates	/kəˈmɪsɚˌeɪts/
commiserating	/kəˈmɪsɚˌeɪtɪŋ/
commish	/kəˈmɪʃ/
commision	/kəˈmɪzən/
commissar	/ˈkɑməˌsɑɹ/
commissaries	/ˈkɑməˌsɛɹiz/
commissars	/ˈkɑmɪsɑz/
commissary	/ˈkɑməˌsɛɹi/
commission	/kəˈmɪʃən/
commission's	/kəˈmɪʃənz/
commissioned	/kəˈmɪʃənd/
commissioner	/kəˈmɪʃənɚ/
commissioner's	/kəˈmɪʃənɚz/
commissioners	/kəˈmɪʃənɚz/
commissioning	/kəˈmɪʃənɪŋ/
commissions	/kəˈmɪʃənz/
commisso	/koʊˈmisoʊ/
commit	/kəˈmɪt/
commitee	/kɑˈmɪti/
commitment	/kəˈmɪtmənt/
commitments	/kəˈmɪtmənts/
commits	/kəˈmɪts/
committal	/kəˈmɪtəl/
committed	/kəˈmɪtɪd/
committee	/kəˈmɪti/
committee's	/kəˈmɪtiz/
committeeman	/kəˈmɪtimən/
committees	/kəˈmɪtiz/
committees'	/kəˈmɪtiz/
committing	/kəˈmɪtɪŋ/
commode	/kəˈmoʊd/
commodious	/kəˈmoʊdiəs/
commodities	/kəˈmɑdətiz/
commodity	/kəˈmɑdəti/
commodity's	/kəˈmɑdətiz/
commodore	/ˈkɑməˌdɔɹ/
commodore's	/ˈkɑməˌdɔɹz/
common	/ˈkɑmən/
commonalities	/ˌkɑməˈnælətiz/
commonality	/ˌkɑməˈnæləti/
commoner	/ˈkɑmənɚ/
commoners	/ˈkɑmənɚz/
commonly	/ˈkɑmənli/
commonplace	/ˈkɑmənˌpleɪs/
commons	/ˈkɑmənz/
commonsense	/ˌkɑmənˈsɛns/
commonsensical	/ˌkɑmənˈsɛnsɪkəl/
commonwealth	/ˈkɑmənˌwɛlθ/
commonwealth's	/ˈkɑmənˌwɛlθs/
commotion	/kəˈmoʊʃən/
communal	/kəmˈjunəl/
commune	/ˈkɑmjun/
communes	/ˈkɑmjunz/
communicable	/kəmˈjunəkəbəl/
communicate	/kəmˈjunəˌkeɪt/
communicated	/kəmˈjunəˌkeɪtɪd/
communicates	/kəmˈjunɪˌkeɪts/
communicating	/kəmˈjunəˌkeɪtɪŋ/
communication	/kəmˌjunəˈkeɪʃən/
communication's	/kəmˌjunɪˈkeɪʃə
... 1185792 bytes omitted ...
ellema	/mɛˈlɛmə/
mellen	/ˈmɛlən/
meller	/ˈmɛlɚ/
mellett	/ˈmɛlɪt/
melley	/ˈmɛli/
mellgren	/ˈmɛlɡɹɛn/
melli	/ˈmɛli/
mellicent	/meɪˈlisənt/
mellick	/ˈmɛlɪk/
mellie	/ˈmɛli/
mellin	/ˈmɛlɪn/
melling	/ˈmɛlɪŋ/
mellinger	/ˈmɛlɪŋɚ/
mellis	/ˈmɛlɪs/
mellish	/ˈmɛlɪʃ/
mellitus	/ˈmɛlɪtəs/
mellman	/ˈmɛlmən/
mello	/ˈmɛloʊ/
melloan	/mɛˈloʊn/
melloan's	/mɛˈloʊnz/
mellon	/ˈmɛlən/
mellon's	/ˈmɛlənz/
mellonby	/ˈmɛlənbi/
mellons	/ˈmɛlənz/
mellor	/ˈmɛlɚ/
mellott	/ˈmɛlət/
mellow	/ˈmɛloʊ/
mellowed	/ˈmɛloʊd/
mellowing	/ˈmɛloʊɪŋ/
melly	/ˈmɛli/
melman	/ˈmɛlmən/
melnick	/ˈmɛlnɪk/
melnik	/ˈmɛlnɪk/
melnor	/ˈmɛlnɚ/
melnyk	/ˈmɛlnɪk/
melo	/ˈmɛloʊ/
meloche	/mɛˈloʊki/
melodic	/məˈlɑdɪk/
melodies	/ˈmɛlədiz/
melodious	/məˈloʊdiəs/
melodrama	/ˈmɛləˌdɹɑmə/
melodramas	/ˈmɛləˌdɹɑməz/
melodramatic	/ˌmɛlədɹəˈmætɪk/
melody	/ˈmɛlədi/
melon	/ˈmɛlən/
melone	/mɛˈloʊni/
meloni	/mɛˈloʊni/
melons	/ˈmɛlənz/
melor	/ˌmɛˈlɔɹ/
meloy	/ˈmɛlɔɪ/
melquist	/ˈmɛlˌkwɪst/
melridge	/ˈmɛlˌɹɪdʒ/
melridge's	/ˈmɛlˌɹɪdʒɪz/
melrod	/ˈmɛlˌɹɑd/
melrose	/ˈmɛlˌɹoʊz/
melroy	/ˈmɛlˌɹɔɪ/
melson	/ˈmɛlsən/
melt	/ˈmɛlt/
meltdown	/ˈmɛltˌdaʊn/
melted	/ˈmɛltəd/
melting	/ˈmɛltɪŋ/
melton	/ˈmɛltən/
melts	/ˈmɛlts/
meltwater	/ˈmɛlˌtwɑtɚ/
meltz	/ˈmɛlts/
meltzer	/ˈmɛltsɚ/
melucci	/mɛˈlutʃi/
melugin	/ˈmɛləɡɪn/
melva	/ˈmɛlvə/
melvie	/ˈmɛlvi/
melville	/ˈmɛlvɪl/
melvin	/ˈmɛlvɪn/
melvina	/mɛlˈvinə/
melvine	/ˈmɛlˌvaɪn/
melvyn	/ˈmɛlvɪn/
melwood	/ˈmɛlwʊd/
melzer	/ˈmɛlzɚ/
member	/ˈmɛmbɚ/
member's	/ˈmɛmbɚz/
membered	/ˈmɛmbɚd/
members	/ˈmɛmbɚz/
members'	/ˈmɛmbɚz/
membership	/ˈmɛmbɚˌʃɪp/
memberships	/ˈmɛmbɚˌʃɪps/
membrane	/ˈmɛmˌbɹeɪn/
membranes	/ˈmɛmˌbɹeɪnz/
membranous	/ˈmɛmbɹənəs/
meme	/ˈmim/
memel	/ˈmɛməl/
memento	/mɪˈmɛntoʊ/
mementos	/mɪˈmɛntoʊz/
memes	/ˈmɛmz/
memmer	/ˈmɛmɚ/
memmott	/ˈmɛmət/
memnon	/ˈmɛmˌnɑn/
memo	/ˈmɛˌmoʊ/
memo's	/ˈmɛmoʊz/
memoir	/ˈmɛmˌwɑɹ/
memoirs	/ˈmɛmˌwɑɹz/
memoli	/mɛˈmoʊli/
memorabilia	/ˌmɛmɚəˈbiljə/
memorable	/ˈmɛmɚəbəl/
memorably	/ˈmɛmɚəbli/
memoranda	/ˌmɛmɚˈændə/
memorandum	/ˌmɛmɚˈændəm/
memorandums	/ˌmɛmɚˈændəmz/
memorex	/ˈmɛmɔˌɹɛks/
memorial	/məˈmɔɹiəl/
memorialize	/məˈmɔɹiəˌlaɪz/
memorialized	/məˈmɔɹiəˌlaɪzd/
memorials	/məˈmɔɹiəlz/
memories	/ˈmɛmɚiz/
memories'	/ˈmɛmɚˌiz/
memorize	/ˈmɛmɚˌaɪz/
memorized	/ˈmɛmɚˌaɪzd/
memorizes	/ˈmɛmɚˌaɪzɪz/
memorizing	/ˈmɛmɚˌaɪzɪŋ/
memory	/ˈmɛmɚi/
memos	/ˈmɛmoʊz/
memotec	/ˈmɛmoʊˌtɛk/
memphis	/ˈmɛmfəs/
memtec	/ˈmɛmˌtɛk/
memtec's	/ˈmɛmˌtɛks/
men	/ˈmɛn/
men's	/ˈmɛnz/
mena	/ˈminə/
menace	/ˈmɛnəs/
menaced	/ˈmɛnəst/
menaces	/ˈmɛnəsɪz/
menachem	/məˈnɑhəm/
menacing	/ˈmɛnəsɪŋ/
menacingly	/ˈmɛnəsɪŋli/
menagerie	/məˈnædʒɚi/
menahem	/məˈnɑhəm/
menaker	/ˈmɛnəkɚ/
menapace	/mɛnɑˈpɑtʃi/
menard	/mɪˈnɑɹd/
menasco	/mɛˈnɑskoʊ/
menasion	/mɛˈnæsiən/
menasion's	/mɛˈnæsiənz/
menatep	/ˈmɛnəˌtɛp/
mencer	/ˈmɛnsɚ/
mench	/ˈmɛntʃ/
menchaca	/mɛnˈkɑkə/
mencher	/ˈmɛntʃɚ/
mencken	/ˈmɛŋkən/
menconi	/mɛnˈkoʊni/
mend	/ˈmɛnd/
mendacious	/mɛnˈdeɪʃəs/
mendacity	/mɛnˈdæsɪti/
mendan	/ˈmɛndən/
mende	/ˈmɛnd/
mended	/ˈmɛndɪd/
mendel	/ˈmɛndəl/
mendel's	/ˈmɛndəlz/
mendell	/ˈmɛnˈdɛl/
mendelsohn	/ˈmɛndəlsən/
mendelson	/ˈmɛndəlsən/
mendelssohn	/ˈmɛndəlsən/
mendenhall	/ˈmɛndənˌhɔl/
mendes	/ˈmeɪndɛs/
mendez	/mɛnˈdɛz/
mendicino	/mɛndiˈtʃinoʊ/
mendieta	/mɛnˈditə/
mendillo	/ˌmɛnˈdɪloʊ/
mending	/ˈmɛndɪŋ/
mendiola	/ˌmɛndiˈoʊlə/
mendivil	/meɪndiˈvil/
mendlowitz	/ˈmɛndləwɪts/
mendocino	/ˌmɛndəˈsinoʊ/
mendola	/mɛnˈdoʊlə/
mendolia	/mɛnˈdoʊliə/
mendonca	/mɛnˈdoʊnkə/
mendonsa	/ˌmɛnˈdɑnsə/
mendosa	/mɛnˈdoʊsə/
mendota	/mɛnˈdoʊtə/
mendoza	/mɛnˈdoʊzə/
mendyk	/ˈmɛndɪk/
menear	/mɪˈnɪɹ/
meneely	/mɪˈnili/
menees	/ˈmɛˈniz/
menefee	/ˈmɛnɪfi/
menem	/ˈmɛnəm/
menem's	/ˈmɛnəmz/
menendez	/mɛˈnɛndɛz/
meneses	/meɪˈneɪsɛs/
menezes	/meɪˈneɪzɛs/
meng	/ˈmɛŋ/
menge	/ˈmɛndʒ/
mengel	/ˈmɛŋɡəl/
mengele	/ˈmɛŋɡələ/
menger	/ˈmɛndʒɚ/
mengers	/ˈmɛŋɡɚz/
menges	/ˈmɛndʒɪz/
menghini	/mɛnˈɡini/
mengistu	/ˌmɛŋˈɡistu/
menhaden	/mɛnˈheɪdən/
menia	/ˈminjə/
menial	/ˈminiəl/
menifee	/ˈmɛnɪˌfi/
menil	/mɛˈnil/
meningitis	/ˌmɛnənˈdʒaɪtəs/
menino	/məˈninoʊ/
menjivar	/meɪnjiˈvɑɹ/
menk	/ˈmɛŋk/
menka	/ˈmɛŋkə/
menke	/ˈmɛŋk/
menken	/ˈmɛŋkən/
menkes	/ˈmɛŋks/
menlo	/ˈmɛnloʊ/
menn	/ˈmɛn/
menna	/ˈmɛnə/
mennan	/ˈmɛnən/
mennan's	/ˈmɛnənz/
menne	/ˈmɛn/
mennella	/ˌmɛˈnɛlə/
mennen	/ˈmɛnən/
mennenga	/mɪˈnɛŋɡə/
menning	/ˈmɛnɪŋ/
menninger	/ˈmɛnɪŋɚ/
mennini	/mɛˈnini/
mennonite	/ˈmɛnəˌnaɪt/
mennonites	/ˈmɛnəˌnaɪts/
meno	/ˈmeɪnoʊ/
menon	/meɪˈnɔn/
menopausal	/ˌmɛnəˈpaʊzəl/
menopause	/ˈmɛnəˌpaʊz/
menor	/ˈmɛnɚ/
menorah	/məˈnɔɹə/
menorah's	/məˈnɔɹəz/
menorahs	/məˈnɔɹəz/
menotomy	/mɪˈnɑtɪmi/
menotti	/mɛˈnɔˌti/
menoyo	/məˈnɔɪoʊ/
mens	/ˈmɛnz/
mensah	/ˈmɛnsə/
mensch	/ˈmɛnʃ/
menschville	/ˈmɛnʃvɪl/
menser	/ˈmɛnsɚ/
mensik	/ˈmɛnsɪk/
mensing	/ˈmɛnsɪŋ/
mensinger	/ˈmɛnsɪndʒɚ/
menstrual	/ˈmɛnstɹuəl/
menstruate	/ˈmɛnstɹuˌeɪt/
menstruation	/ˌmɛnstɹuˈeɪʃən/
menswear	/ˈmɛnzˌweɪɹ/
mental	/ˈmɛntəl/
mentality	/mɛnˈtæləti/
mentally	/ˈmɛntəli/
mente	/ˈmɛnt/
mentel	/meɪnˈtɛl/
menter	/ˈmɛntɚ/
menthol	/ˈmɛnθɔl/
mentholatum	/ˌmɛnθəˈleɪtəm/
mentink	/ˈmɛntɪŋk/
mention	/ˈmɛnʃən/
mentioned	/ˈmɛnʃənd/
mentioning	/ˈmɛnʃənɪŋ/
mentions	/ˈmɛnʃənz/
mento	/ˈmɛntoʊ/
menton	/ˈmɛntən/
mentor	/ˈmɛnˌtɔɹ/
mentor's	/ˈmɛnˌtɔɹz/
mentored	/ˈmɛntɚd/
mentoring	/ˈmɛntɚɪŋ/
mentors	/ˈmɛntɚz/
mentorship	/ˈmɛntɚˌʃɪp/
mentz	/ˈmɛnts/
mentzel	/ˈmɛntzəl/
mentzer	/ˈmɛntzɚ/
menu	/ˈmɛnju/
menu's	/ˈmɛnuz/
menudo	/mənˈjudoʊ/
menuhin	/məˈnuhɪn/
menus	/ˈmɛnjuz/
menz	/ˈmɛnz/
menze	/ˈmɛnz/
menzel	/ˈmɛnzəl/
menzer	/ˈmɛnzɚ/
menzie	/ˈmɛnzi/
menzies	/ˈmɛnziz/
menzione	/mɛnziˈoʊni/
meo	/ˈmioʊ/
meola	/miˈɑlə/
meow	/miˈaʊ/
mequon	/ˈmɛkwən/
mer	/ˈmɛɹ/
merabank	/ˈmɛɹəˌbæŋk/
meranda	/mɚˈɑndə/
meraz	/ˈmɛɹɑz/
merc	/ˈmɝk/
merc's	/ˈmɝks/
mercadante	/mɚkɑˈdɑnˌti/
mercado	/mɚˈkɑdoʊ/
mercantil	/mɚˈkæntɪl/
mercantile	/ˈmɝkənˌtaɪl/
mercantile's	/ˈmɝkənˌtilz/
mercantilism	/mɚˈkæntəˌlɪzəm/
mercantilist	/mɚˈkæntəlɪst/
mercator	/mɚˈkeɪtɚ/
merce	/ˈmɝs/
merced	/ˈmɝst/
mercedes	/mɚˈseɪdiz/
mercedes's	/mɚˈseɪdiz/
mercedeses	/ˌmɝˈseɪˌdizɪz/
mercenaries	/ˈmɝsəˌnɛɹiz/
mercenary	/ˈmɝsəˌnɛɹi/
mercer	/ˈmɝsɚ/
merchandise	/ˈmɝtʃənˌdaɪz/
merchandiser	/ˈmɝtʃənˌdaɪzɚ/
merchandisers	/ˈmɝtʃənˌdaɪzɚz/
merchandising	/ˈmɝtʃənˌdaɪzɪŋ/
merchant	/ˈmɝtʃənt/
merchant's	/ˈmɝtʃənts/
merchantmen	/ˈmɝtʃəntmɪn/
merchants	/ˈmɝtʃənts/
merchants'	/ˈmɝtʃənts/
merchantsbank	/ˈmɝtʃəntsˌbæŋk/
merci	/mɚˈsi/
mercier	/ˈmɝˌsiɚ/
mercies	/ˈmɝˌsiz/
merciful	/ˈmɝsɪfəl/
mercifully	/ˈmɝsɪfəˌli/
merciless	/ˈmɝsələs/
mercilessly	/ˈmɝsələsli/
merck	/ˈmɝk/
merck's	/ˈmɝks/
mercland	/ˈmɝklænd/
mercosur	/ˈmɝˌkoʊˌsɝ/
mercure	/mɚˈkʊɹ/
mercuri	/mɚˈkʊɹi/
mercurial	/mɚkˈjʊɹiəl/
mercuric	/mɚkˈjʊɹɪk/
mercurio	/mɚˈkʊɹiˌoʊ/
mercury	/ˈmɝkjɚi/
mercury's	/ˈmɝkjɚiz/
mercy	/ˈmɝsi/
merdyce	/ˈmɝdaɪs/
mere	/ˈmɪɹ/
meredith	/ˈmɛɹɪdɪθ/
merely	/ˈmɪɹli/
merenda	/mɛˈɹeɪndɑ/
merendino	/mɚɛnˈdiˌnoʊ/
merengue	/mɚˈeɪŋ/
merest	/ˈmɛɹəst/
meretz	/ˈmɛɹɛts/
merfeld	/ˈmɝfɛld/
merge	/ˈmɝdʒ/
merged	/ˈmɝdʒd/
mergen	/ˈmɝɡən/
merger	/ˈmɝdʒɚ/
merger's	/ˈmɝdʒɚz/
mergers	/ˈmɝdʒɚz/
merges	/ˈmɝdʒɪz/
merging	/ˈmɝdʒɪŋ/
merhige	/mɚˈhidʒ/
meriam	/ˈmɪɹiɪm/
merica	/ˈmɛɹɪkə/
mericantante	/mɛˌɹikənˈtɑnteɪ/
mericle	/ˈmɛɹɪkəl/
mericopa	/ˌmɛɹəˈkoʊpə/
merida	/mɚˈidə/
meriden	/ˈmɛɹɪdən/
merideth	/ˈmɛɹɪdɪθ/
meridian	/mɚˈɪdiən/
meridian's	/mɚˈɪdiənz/
meridien	/mɚˈɪdiən/
meridionale	/mɚˌɪdiəˈnɑli/
meridith	/ˈmɛɹɪdɪθ/
meridor	/ˈmɛɹɪdɔɹ/
meriel	/ˈmɪɹil/
merieux	/ˈmɛɹiˌu/
merillat	/ˈmɛɹɪlæt/
merino	/mɚˈinoʊ/
merion	/ˈmɛɹiən/
meris	/ˈmɛɹəs/
merisel	/ˈmɛɹɪˌsɛl/
merit	/ˈmɛɹət/
merited	/ˈmɛɹɪtɪd/
merithew	/mɚˈɪθju/
meriting	/ˈmɛɹətɪŋ/
meritless	/ˈmɛɹɪtləs/
meritocracy	/mɛɹɪˈtɔkɹəsi/
meritor	/ˈmɛɹətɚ/
meritorious	/ˌmɛɹəˈtɔɹiəs/
merits	/ˈmɛɹəts/
meritt	/ˈmɛɹɪt/
meriweather	/ˈmɛɹɪˌwɛðɚ/
meriwether	/ˈmɛɹɪˌwɛðɚ/
merk	/ˈmɝk/
merkel	/ˈmɝkəl/
merker	/ˈmɝkɚ/
merkey	/ˈmɝki/
merkich	/ˈmɝkɪtʃ/
merkin	/ˈmɝkɪn/
merklan	/ˈmɝklən/
merkle	/ˈmɝkəl/
merkley	/ˈmɝkli/
merklin	/ˈmɝklɪn/
merksamer	/ˈmɝksəmɚ/
merkt	/ˈmɝkt/
merkur	/ˈmɝkɚ/
merl	/ˈmɝl/
merle	/ˈmɝl/
merletti	/mɚˈlɛti/
merlin	/ˈmɝlɪn/
merlina	/mɚˈlinə/
merline	/ˈmɝlaɪn/
merlino	/mɚˈlinoʊ/
merlins	/ˈmɝlɪnz/
merlis	/ˈmɝliz/
merlo	/ˈmɛɹloʊ/
merlot	/ˈmɝlət/
merlots	/ˈmɝləts/
mermaid	/ˈmɝˌmeɪd/
mermaids	/ˈmɝˌmeɪdz/
merman	/ˈmɝˌmæn/
mermelstein	/ˈmɝməlstaɪn/
merna	/ˈmɛɹnə/
merner	/ˈmɝnɚ/
mernick	/ˈmɝnɪk/
mero	/ˈmɛɹoʊ/
merola	/mɚˈoʊlə/
merolla	/mɚˈoʊlə/
meroney	/ˈmɛɹəni/
merow	/ˈmɛɹoʊ/
merrell	/ˈmɛɹəl/
merrett	/ˈmɛɹɪt/
merriam	/ˈmɛɹiəm/
merrick	/ˈmɛɹɪk/
merricks	/ˈmɛɹɪks/
merrie	/ˈmɛɹi/
merrier	/ˈmɛɹiɚ/
merrifield	/ˈmɛɹɪˌfild/
merrigan	/ˈmɛɹɪɡən/
merrihew	/mɚˈɪhju/
merrill	/ˈmɛɹəl/
merrill's	/ˈmɛɹəlz/
merrily	/ˈmɛɹəli/
merrimac	/ˈmɛɹɪmæk/
merrimack	/ˈmɛɹɪˌmæk/
merriman	/ˈmɛɹɪmən/
merrin	/ˈmɛɹɪn/
merriott	/ˈmɛɹiət/
merrit	/ˈmɛɹɪt/
merritt	/ˈmɛɹɪt/
merritts	/ˈmɛɹɪts/
merriweather	/mɛɹɪˈwɛðɚ/
merriwether	/ˈmɛɹɪwɛðɚ/
merrow	/ˈmɛɹoʊ/
merry	/ˈmɛɹi/
merry-go-round	/ˈmɛɹiɡoʊˌɹaʊnd/
merryfield	/ˈmɛɹiˌfild/
merryman	/ˈmɛɹimən/
mers	/ˈmɝz/
mersch	/ˈmɝʃ/
mersereau	/ˈmɝsɚoʊ/
mershon	/ˈmɝʃən/
mersman	/ˈmɝsmən/
merson	/ˈmɝsən/
merta	/ˈmɛɹtə/
merten	/ˈmɝtən/
mertens	/ˈmɝtənz/
mertes	/ˈmɛɹtɛs/
mertice	/ˈmɛɹtɪs/
mertins	/ˈmɝtɪnz/
mertle	/ˈmɝtəl/
merton	/ˈmɝtən/
mertz	/ˈmɝts/
merv	/ˈmɝv/
mervin	/ˈmɝvɪn/
mervine	/ˈmɝvaɪn/
mervis	/ˈmɝvɪs/
mervyn	/ˈmɝvɪn/
mervyn's	/ˈmɝvɪnz/
merwe	/ˈmɝwi/
merwin	/ˈmɝwɪn/
merwyn	/ˈmɝwɪn/
meryl	/ˈmɛɹəl/
meryll	/ˈmɛɹəl/
merz	/ˈmɝz/
mesa	/ˈmeɪsə/
mesa's	/ˈmeɪsəz/
mesaba	/mɛˈsɑbə/
mesaros	/meɪˈsɑɹoʊz/
mesbic	/ˈmɛsbɪk/
mesbics	/ˈmɛsbɪks/
mescalero	/ˌmɛskəˈlɛɹoʊ/
mescaline	/ˈmɛskəˌlin/
mesch	/ˈmɛʃ/
mesched	/ˈmɛʃɛd/
mescher	/ˈmɛʃɚ/
meschke	/ˈmɛʃk/
mesdames	/meɪˈdæmz/
meselsohn	/ˈmɛzəlsən/
meselson	/ˈmɛzəlsən/
mesenbrink	/ˈmɛsɪnbɹɪŋk/
mesenchymal	/ˌmɛzɛˈkaɪməl/
mesenteric	/ˌmɛsənˈtɛɹɪk/
meserole	/mɛsɚˈoʊli/
meserve	/ˈmɛsɚv/
meservey	/mɛzɚˈveɪ/
mesh	/ˈmɛʃ/
meshed	/ˈmɛʃt/
meshell	/ˈmɛʃəl/
meshes	/ˈmɛʃɪz/
meshing	/ˈmɛʃɪŋ/
meshulam	/ˈmɛʃulæm/
mesick	/ˈmɛsɪk/
mesirow	/ˈmɛsɪɹoʊ/
meske	/ˈmɛsk/
mesker	/ˈmɛskɚ/
meskill	/ˈmɛskɪl/
meskimen	/ˈmɛskimɛn/
mesko	/ˈmɛskoʊ/
mesler	/ˈmɛsəlɚ/
mesmer	/ˈmɛzmɚ/
mesmerism	/ˈmɛsmɚˌɪzəm/
mesmerize	/ˈmɛzmɚˌaɪz/
mesmerized	/ˈmɛzmɚˌaɪzd/
mesmerizing	/ˈmɛzmɚˌaɪzɪŋ/
mesner	/ˈmɛsnɚ/
mesodermal	/ˌmɛzəˈdɝməl/
mesolithic	/ˌmɛzəˈlɪθɪk/
meson	/ˈmeɪˌzɑn/
mesons	/ˈmiˌzɑnz/
mesopotamia	/ˌmɛsəpəˈteɪmiə/
mesopotamian	/ˌmɛsəpəˈteɪmiən/
mesopotamians	/ˌmɛsəpəˈteɪmiənz/
mesothelioma	/ˌmɛsəˌθiliˈoʊmə/
mesothorax	/ˌmɛzəˈθɔˌɹæks/
mesozoic	/ˌmɛsəˈzoʊɪk/
mesquite	/ˈmɛˌskit/
mess	/ˈmɛs/
messa	/ˈmɛsə/
message	/ˈmɛsədʒ/
messagepad	/ˈmɛsədʒˌpæd/
messages	/ˈmɛsədʒəz/
messaging	/ˈmɛsɪdʒɪŋ/
messamore	/mɛˈsɑmɔɹ/
messana	/mɛˈsænə/
messed	/ˈmɛst/
messeghero	/ˌmɛsəˈɡɛɹoʊ/
messel	/ˈmɛsəl/
messenger	/ˈmɛsəndʒɚ/
messengers	/ˈmɛsəndʒɚz/
messer	/ˈmɛsɚ/
messerli	/ˈmɛsɚli/
messerly	/ˈmɛsɚli/
messerschmidt	/ˈmɛsɚʃˌmɪt/
messerschmitt	/ˈmɛsɚʃˌmɪt/
messersmith	/ˈmɛsɚˌsmɪθ/
messes	/ˈmɛsɪz/
messiaen	/ˈmɛsiˌeɪn/
messiaen's	/ˈmɛsiˌeɪnz/
messiah	/məˈsaɪə/
messiahs	/məˈsaɪəz/
messianic	/ˌmɛsiˈænɪk/
messick	/ˈmɛsɪk/
messier	/ˈmɛsiɚ/
messieurs	/meɪsˈjɝz/
messimer	/ˈmɛsɪmɚ/
messina	/mɪˈsinə/
messineo	/ˌmɛˈsɪnioʊ/
messing	/ˈmɛsɪŋ/
messinger	/ˈmɛsɪŋɚ/
messler	/ˈmɛslɚ/
messman	/ˈmɛsmən/
messmer	/ˈmɛsmɚ/
messmore	/ˈmɛsmɔɹ/
messner	/ˈmɛsnɚ/
messrs	/ˈmɛsɚz/
messrs.	/ˈmɛsɚz/
messy	/ˈmɛsi/
mest	/ˈmɛst/
mesta	/ˈmɛstə/
mestas	/ˈmɛstəz/
mestek	/ˈmɛˌstɛk/
mester	/ˈmɛstɚ/
mestizo	/mɛˈstizoʊ/
meston	/ˈmɛstən/
mestrallet	/ˈmɛstɹəˌlɛt/
mestre	/ˈmɛstɚ/
mestrovic	/ˈmɛstɹoʊvɪk/
meszaros	/mɪˈʃɑɹoʊz/
met	/ˈmɛt/
met's	/ˈmɛts/
meta	/ˈmitə/
metabolic	/ˌmɛtəˈbɑlɪk/
metabolism	/məˈtæbəˌlɪzəm/
metabolisms	/məˈtæbəˌlɪzəmz/
metabolite	/məˈtæbəˌlaɪt/
metabolites	/məˈtæbəˌlaɪts/
metabolize	/məˈtæbəˌlaɪz/
metacarpal	/ˌmɛtəˈkɑɹpəl/
metacarpals	/ˌmɛtəˈkɑɹpəlz/
metagogue	/ˈmɛtəˌɡɔɡ/
metagogued	/ˈmɛtəˌɡɔɡd/
metairie	/məˈtɛɹi/
metal	/ˈmɛtəl/
metal's	/ˈmɛtəlz/
metall	/ˈmɛˈtɔl/
metallatz	/ˈmɛˈtæləts/
metallgesellschaft	/ˌmɛtəlˈɡɛsəlˌʃæft/
metallgesellschaft's	/ˌmɛtəlˈɡɛsəlˌʃæfts/
metallic	/məˈtælɪk/
metallic's	/məˈtælɪks/
metallica	/məˈtælɪkə/
metallica's	/məˈtælɪkəz/
metallics	/məˈtælɪks/
metallo	/mɛˈtɑloʊ/
metallurgical	/ˌmɛtəˈlɝdʒɪkəl/
metallurgy	/ˈmɛtəlɚdʒi/
metals	/ˈmɛtəlz/
metals'	/ˈmɛtəlz/
metalwork	/ˈmɛtəlˌwɝk/
metalworker	/ˈmɛtəlˌwɝkɚ/
metalworkers	/ˈmɛtəlˌwɝkɚz/
metalworking	/ˈmɛtəlˌwɝkɪŋ/
metamorphasis	/ˌmɛtəˈmɔɹfəsəs/
metamorphic	/ˌmɛtəˈmɔɹfɪk/
metamorphose	/ˌmɛtəˈmɔɹfoʊz/
metamorphosis	/ˌmɛtəˈmɔɹfəsəs/
metamucil	/ˌmɛtəmˈjusəl/
metamucil's	/ˌmɛtəmˈjusəlz/
metaphor	/ˈmɛtəfɔɹ/
metaphorical	/ˌmɛtəˈfɔɹɪkəl/
metaphorically	/ˌmɛtəˈfɔɹɪkli/
metaphors	/ˈmɛtəfɔɹz/
metaphysical	/ˌmɛtəˈfɪzɪkəl/
metaphysics	/ˌmɛtəˈfɪzɪks/
metastases	/məˈtæˌsteɪsis/
metastasis	/məˈtæstəsɪs/
metastasize	/məˈtæstəˌsaɪz/
metastasized	/məˈtæstəˌsaɪzd/
metastatic	/ˌmɛtəˈstætɪk/
metathorax	/ˌmɛtəˈθɔˌɹæks/
metavsky	/məˈtævski/
metaxas	/məˈtæksəs/
metcalf	/ˈmɛtˌkæf/
metcalfe	/ˈmɛtkəlf/
metcom	/ˈmɛtkɑm/
mete	/ˈmit/
meted	/ˈmitɪd/
meteor	/ˈmitiɚ/
meteoric	/ˌmitiˈɔɹɪk/
meteorite	/ˈmitiɔˌɹaɪt/
meteorological	/ˌmitiˌɔɹəˈlɑdʒɪkəl/
meteorologist	/ˌmitiɚˈɑlədʒɪst/
meteorologist's	/ˌmitiɚˈɑlədʒɪsts/
meteorologists	/ˌmitiɚˈɑlədʒɪsts/
meteorology	/ˌmitiɚˈɑlədʒi/
meteors	/ˈmitiɚz/
meter	/ˈmitɚ/
metered	/ˈmitɚd/
metering	/ˈmitɚɪŋ/
meters	/ˈmitɚz/
metex	/ˈmɛˌtɛks/
meth	/ˈmɛθ/
methadone	/ˈmɛθəˌdoʊn/
methamphetamine	/ˌmɛθæmˈfɛtəmin/
methane	/ˈmɛˌθeɪn/
methanex	/ˈmɛθəˌnɛks/
methanol	/ˈmɛθəˌnɑl/
methazine	/ˈmɛθəˌzin/
metheney	/ˈmɛθɪni/
metheny	/ˈmɛθɪni/
methner	/ˈmɛθnɚ/
method	/ˈmɛθəd/
methode	/məˈθoʊd/
methodical	/məˈθɑdəkəl/
methodically	/məˈθɑdɪkəli/
methodism	/ˈmɛθəˌdɪzəm/
methodisms	/ˈmɛθəˌdɪzəmz/
methodist	/ˈmɛθədəst/
methodological	/ˌmɛθədəˈlɑdʒɪkəl/
methodologies	/ˌmɛθoʊˈdɑlədʒiz/
methodology	/ˌmɛθəˈdɑlədʒi/
methods	/ˈmɛθədz/
methot	/ˈmɛθət/
methotrexate	/ˌmɛθoʊˈtɹɛkˌseɪt/
methought	/ˌmiˈθɔt/
methuselah	/məθˈjuzələ/
methvin	/ˈmɛθvɪn/
methyl	/ˈmɛθəl/
methylene	/ˈmɛθɪˌlin/
metics	/ˈmɛtɪks/
meticulous	/məˈtɪkjələs/
meticulously	/məˈtɪkjələsli/
metier	/ˈmɛtjɚ/
metis	/ˈmɛtɪs/
metivier	/ˈmɛtɪviɚ/
metlakatla	/mɛtləˈkætlə/
metlife	/ˈmɛtˌlaɪf/
metolachlor	/məˈtoʊləklɚ/
metonomy	/məˈtɔnəmi/
metoyer	/ˈmɛtɔɪɚ/
metpath	/ˈmɛtˌpæθ/
metra	/ˈmɛtɹə/
metrahealth	/ˈmɛtɹəˌhɛlθ/
metre	/ˈmitɚ/
metres	/ˈmitɚz/
metric	/ˈmɛtɹɪk/
metrical	/ˈmɛtɹɪkəl/
metrically	/ˈmɛtɹɪkəli/
metrick	/ˈmɛtɹɪk/
metrics	/ˈmɛtɹɪks/
metro	/ˈmɛˌtɹoʊ/
metro's	/ˈmɛtɹoʊz/
metrobanc	/ˈmɛtɹoʊˌbæŋk/
metrobank	/ˈmɛtɹoʊˌbæŋk/
metrocall	/ˈmɛˌtɹoʊˌkɔl/
metrocolor	/ˈmɛtɹoʊˈkʌlɚ/
metrocorp	/ˈmɛtɹoʊˌkɔɹp/
metrodade	/ˌmɛtɹoʊˈdeɪd/
metrodome	/ˈmɛtɹoʊˌdoʊm/
metromail	/ˈmɛtɹoʊˌmeɪl/
metromedia	/ˌmɛtɹoʊˈmidiə/
metroplex	/ˈmɛtɹoʊˌplɛks/
metroplexes	/ˈmɛtɹoʊˌplɛksɪz/
metropol	/ˈmɛtɹəˌpoʊl/
metropol's	/ˈmɛtɹəˌpoʊlz/
metropoli	/məˈtɹɑpəli/
metropolis	/məˈtɹɑpələs/
metropolitain	/ˌmɛtɹəˈpɔlətən/
metropolitan	/ˌmɛtɹəˈpɑlətən/
metropolitan's	/ˌmɛtɹəˈpɑlətənz/
metropolitans	/ˌmɛtɹəˈpɑlətənz/
metrosexual	/ˌmɛtɹəˈsɛkˌʃuəl/
mets	/ˈmɛts/
mets'	/ˈmɛts/
metsker	/ˈmɛtskɚ/
mette	/ˈmɛt/
metter	/ˈmɛtɚ/
metternich	/ˈmɛtɚnɪtʃ/
mettle	/ˈmɛtəl/
mettlen	/ˈmɛtlən/
mettler	/ˈmɛtlɚ/
metts	/ˈmɛts/
mettur	/ˈmɛtɚ/
metz	/ˈmɛts/
metze	/ˈmɛtz/
metzenbaum	/ˈmɛtsənˌbaʊm/
metzenbaum's	/ˈmɛtsənˌbaʊmz/
metzer	/ˈmɛtsɚ/
metzgar	/ˈmɛtsɡɚ/
metzger	/ˈmɛtsɡɚ/
metzger's	/ˈmɛtsɡɚz/
metzinger	/ˈmɛtzɪŋɚ/
metzker	/ˈmɛtskɚ/
metzler	/ˈmɛtslɚ/
metzner	/ˈmɛtsnɚ/
meunier	/ˈmɔɪniɚ/
meurer	/ˈmɝɚ/
meuse	/ˈmjuz/
meuser	/ˈmɔɪsɚ/
meuth	/ˈmjuθ/
mevacor	/ˈmɛvəˌkɔɹ/
mevarach	/mɛˈvɑɹətʃ/
mevarach's	/mɛˈvɑɹətʃəz/
mevarachs	/mɛˈvɑɹətʃəz/
mew	/ˈmju/
mewas	/ˈmjuəs/
mewborn	/ˈmjubɚn/
mewes	/ˈmjuz/
mex	/ˈmɛks/
mexicali	/ˌmɛksɪˈkɑli/
mexican	/ˈmɛksəkən/
mexicana	/ˌmɛksɪˈkænə/
mexicano	/ˌmɛksɪˈkɑnoʊ/
mexicanos	/ˌmɛksɪˈkɑnoʊz/
mexicans	/ˈmɛksɪkənz/
mexico	/ˈmɛksəˌkoʊ/
mexico's	/ˈmɛksəˌkoʊz/
mey	/ˈmeɪ/
meyer	/ˈmaɪɚ/
meyer's	/ˈmaɪɚz/
meyerbeer	/ˈmaɪɚˌbɪɹ/
meyerhoff	/ˈmaɪɚhɔf/
meyering	/ˈmeɪɚɪŋ/
meyerman	/ˈmaɪɚmən/
meyerowitz	/ˈmaɪɚəwɪts/
meyers	/ˈmaɪɚz/
meyerson	/ˈmaɪɚsən/
meyn	/ˈmeɪn/
meyo	/ˈmeɪoʊ/
meyohas	/meɪˈoʊhɑs/
mez	/ˈmɛz/
meza	/ˈmɛzə/
mezera	/meɪˈzɛɹə/
mezey	/ˈmɛzi/
mezger	/ˈmɛzdʒɚ/
mezhdumarodnom	/mɛzˌduməˈɹɑdnəm/
mezo	/ˈmɛzoʊ/
mezro	/ˈmɛzɹoʊ/
mezuzah	/məˈzʊzə/
mezvinsky	/ˌmɛzˈvɪnski/
mezvinsky's	/ˌmɛzˈvɪnskiz/
mezzaluna	/ˌmɛzəˈlunə/
mezzanine	/ˈmɛzəˌnin/
mezzo	/ˈmɛzoʊ/
mfume	/məˈfuˌmeɪ/
mg	/ˌɛmˈɡi/
mgm	/ˌɛmˌɡiˈɛm/
mh	/ˈɛˈmeɪtʃ/
mhm	/əmhəm/
mhoon	/ˈmhun/
mi	/ˈmi/
mi-vami	/miˈvæmi/
mia	/ˈmiə/
miami	/maɪˈæmi/
miami's	/maɪˈæmiz/
miano	/miˈɑnoʊ/
miara	/maɪˈɑɹə/
miasma	/miˈæzmə/
miata	/miˈɑtə/
miazga	/miˈɑzɡə/
mib	/ˈmɪb/
mic	/ˈmɪk/
mica	/ˈmaɪkə/
micaela	/miˈkeɪlə/
micah	/ˈmaɪkə/
micale	/miˈkɑli/
micallef	/ˈmɪkəlɛf/
micanopy	/mɪˈkænəpi/
micatin	/ˈmaɪkətɪn/
micciche	/miˈtʃiki/
miccio	/ˈmitʃioʊ/
miccosukee	/ˌmɪkəˌsuˌki/
mice	/ˈmaɪs/
micek	/ˈmɪtʃɛk/
miceli	/miˈtʃɛli/
mich	/ˈmɪtʃ/
michael	/ˈmaɪkəl/
michael's	/ˈmaɪkəlz/
michaela	/maɪˈkɛlə/
michaelina	/ˌmaɪkəˈlinə/
michaeline	/ˈmaɪkəlaɪn/
michaelis	/ˌmaɪˈkɛlɪs/
michaella	/ˌmaɪˈkɛlə/
michaels	/ˈmaɪkəlz/
michaelsen	/ˈmaɪkəlsən/
michaelson	/ˈmaɪkəlsən/
michal	/ˈmɪtʃəl/
michalak	/ˈmɪtʃəlæk/
michalec	/mɪˈhɑlɪk/
michalek	/mɪˈhɑlɛk/
michalik	/ˈmɪkəlɪk/
michalowski	/ˌmɪtʃəˈlɔfski/
michals	/ˈmɪtʃəlz/
michalski	/ˌmɪˈtʃɑlski/
michalsky	/ˌmɪˈtʃɑlski/
michaud	/mɪˈʃoʊ/
michaux	/mɪˈʃoʊ/
michcon	/ˈmɪʃkɑn/
michcon's	/ˈmɪʃkɑnz/
micheal	/ˈmaɪkəl/
micheaux	/mɪˈʃoʊ/
micheaux's	/mɪˈʃoʊz/
michel	/mɪˈʃɛl/
michel's	/ˌmɪˈʃɛlz/
michela	/mɪˈkeɪlə/
michela's	/mɪˈkeɪləz/
michelangelo	/ˌmaɪkəˈlændʒəˌloʊ/
michelangelo's	/ˌmaɪkəˈlændʒəˌloʊz/
michelangelos	/ˌmaɪkəˈlændʒəˌloʊz/
michele	/mɪˈʃɛl/
micheletti	/mɪkəˈlɛti/
micheli	/mɪˈkɛli/
michelin	/ˈmɪʃələn/
michelina	/mɪkəˈlinə/
micheline	/ˌmɪʃələn/
michelini	/mɪkəˈlini/
michell	/ˈmɪtʃəl/
michelle	/mɪˈʃɛl/
michelle's	/mɪˈʃɛlz/
michelli	/mɪˈtʃɛli/
michelman	/ˈmaɪkəlmən/
michelob	/ˈmɪkəloʊb/
michelotti	/mɪkəˈloʊti/
michels	/mɪˈʃɛlz/
michelsen	/ˈmaɪkəlsən/
michelson	/ˈmaɪkəlsən/
michener	/ˈmɪtʃnɚ/
michener's	/ˈmɪtʃnɚz/
michie	/ˈmɪtʃi/
michiels	/ˈmaɪkəlz/
michigan	/ˈmɪʃɪɡən/
michigan's	/ˈmɪʃɪɡənz/
michihiro	/ˌmɪtʃiˈhiɹoʊ/
michio	/ˈmɪtʃioʊ/
michl	/ˈmɪtʃəl/
michler	/ˈmɪtʃlɚ/
michna	/ˈmɪtʃnə/
michoacan	/mɪˈtʃoʊkən/
michon	/ˈmɪtʃən/
mick	/ˈmɪk/
micka	/ˈmɪkə/
micke	/ˈmɪk/
mickel	/ˈmɪkəl/
mickelberry	/ˈmɪkəlˌbɛɹi/
mickels	/ˈmɪkəlz/
mickelsen	/ˈmɪkəlsən/
mickelson	/ˈmɪkəlsən/
mickens	/ˈmɪkənz/
mickey	/ˈmɪki/
mickey'll	/ˈmɪkiəl/
mickey's	/ˈmɪkiz/
micki	/ˈmɪki/
mickie	/ˈmɪki/
mickiewicz	/ˈmɪkəvɪtʃ/
mickish	/ˈmɪkɪʃ/
mickle	/ˈmɪkəl/
mickler	/ˈmɪklɚ/
mickles	/ˈmɪkəlz/
mickley	/ˈmɪkli/
mickus	/ˈmɪkəs/
micky	/ˈmɪki/
micoin	/mɪˈkɔɪn/
micom	/ˈmaɪkɑm/
micosukee	/ˌmɪkəˈsuki/
micro	/ˈmaɪˌkɹoʊ/
micro's	/ˈmaɪkɹoʊz/
microage	/ˈmaɪkɹoʊˌeɪdʒ/
microaire	/ˈmaɪkɹoʊˌɛɹ/
microamerica	/ˌmaɪkɹoʊəˌmɛɹɪkə/
microbe	/ˈmaɪˌkɹoʊb/
microbes	/ˈmaɪˌkɹoʊbz/
microbial	/maɪˈkɹoʊbiəl/
microbilt	/ˈmaɪkɹoʊˌbɪlt/
microbiologist	/ˌmaɪkɹoʊbiˈɑlədʒɪst/
microbiologists	/ˌmaɪkɹoʊbiˈɑlədʒɪsts/
microbiology	/ˌmaɪkɹoʊˌbaɪˈɑlədʒi/
microbreweries	/ˈmaɪˌkɹoʊˌbɹuɚiz/
microbrewery	/ˈmaɪˌkɹoʊˌbɹuɚi/
microcentrifuge	/ˌmaɪkɹoʊˈsɛntɹəfˌjudʒ/
microchip	/ˈmaɪˌkɹoʊˈtʃɪp/
microchips	/ˈmaɪˌkɹoʊˈtʃɪps/
microcircuit	/ˈmaɪkɹoʊˌsɝkət/
microcircuits	/ˈmaɪkɹoʊˌsɝkəts/
microclimate	/ˈmaɪkɹoʊˌklaɪmət/
microclimates	/ˈmaɪkɹoʊˌklaɪməts/
microcode	/ˈmaɪkɹoʊˌkoʊd/
microcodes	/ˈmaɪkɹoʊˌkoʊdz/
microcom	/ˈmaɪkɹoʊˌkɑm/
microcomputer	/ˈmaɪˌkɹoʊkəmpˈjutɚ/
microcomputers	/ˈmaɪˌkɹoʊkəmpˈjutɚz/
microcosm	/ˈmaɪkɹəˌkɑzəm/
microcredit	/ˈmaɪˌkɹoʊˈkɹɛdɪt/
microdyne	/ˈmaɪkɹoʊˌdaɪn/
microeconomic	/ˌmaɪkɹoʊˌɛkəˈnɑmɪk/
microeconomics	/ˌmaɪkɹoʊˌɛkəˈnɑmɪks/
microelectronic	/ˌmaɪkɹoʊɪlɛkˈtɹɑnɪk/
microelectronics	/ˌmaɪkɹoʊɪlɛkˈtɹɑnɪks/
microelettronica	/ˌmaɪkɹoʊɪlɛˈtɹɑnɪkə/
microfiche	/ˈmaɪkɹoʊˌfitʃ/
microfilm	/ˈmaɪkɹəˌfɪlm/
microfossil	/ˈmaɪˌkɹoʊˈfɑsəl/
microfossils	/ˈmaɪˌkɹoʊˈfɑsəlz/
microgenesys	/ˌmaɪkɹoʊˈdʒɛnəsɪs/
micrografx	/ˌmaɪkɹoʊˈɡɹæfɛks/
microgram	/ˈmaɪkɹoʊˌɡɹæm/
micrograms	/ˈmaɪkɹoʊˌɡɹæmz/
micrographic	/ˌmaɪkɹoʊˈɡɹæfɪk/
micrographics	/ˌmaɪkɹoʊˈɡɹæfɪks/
microliter	/ˈmaɪkɹoʊlitɚ/
microliters	/ˈmaɪkɹoʊlitɚz/
micromanage	/ˌmaɪkɹoʊˈmænɪdʒ/
micromanaged	/ˌmaɪkɹoʊˈmænɪdʒd/
micromanagement	/ˌmaɪkɹoʊˈmænɪdʒmənt/
micromanages	/ˌmaɪkɹoʊˈmænɪdʒəz/
micromanaging	/ˌmaɪkɹoʊˈmænɪdʒɪŋ/
micrometer	/maɪˈkɹɑmətɚ/
micrometers	/maɪˈkɹɑmətɚz/
micron	/ˈmaɪˌkɹɑn/
micron's	/ˈmaɪˌkɹɑnz/
micronesia	/ˌmaɪkɹoʊˈniʒə/
micronic	/ˌmaɪˈkɹɔˌnɪk/
micronics	/ˌmaɪˈkɹɔˌnɪks/
microns	/ˈmaɪˌkɹɑnz/
microorganism	/ˌmaɪkɹoʊˈɔɹɡəˌnɪzəm/
microorganisms	/ˌmaɪkɹoʊˈɔɹɡəˌnɪzəmz/
micropaleontology	/ˌmaɪkɹoʊˌpeɪliənˈtɑlədʒi/
microphone	/ˈmaɪkɹəˌfoʊn/
microphones	/ˈmaɪkɹoʊˌfoʊnz/
micropolis	/ˌmaɪˈkɹɔpəlɪs/
micropro	/ˈmaɪkɹoʊˌpɹoʊ/
microprocessor	/ˌmaɪkɹoʊˈpɹɑsɛsɚ/
microprocessors	/ˌmaɪkɹoʊˈpɹɑsɛsɚz/
microprose	/ˈmaɪkɹoʊˌpɹoʊz/
micros	/ˈmaɪkɹoʊz/
microscope	/ˈmaɪkɹəˌskoʊp/
microscopes	/ˈmaɪkɹəˌskoʊps/
microscopic	/ˌmaɪkɹəˈskɑpɪk/
microscopically	/ˌmaɪkɹəˈskɑpɪkli/
microscopy	/maɪˈkɹʌskəpi/
microsemi	/ˌmaɪkɹoʊˈsɛmi/
microsoft	/ˈmaɪˌkɹoʊˈsɔft/
microsoft's	/ˈmaɪˌkɹoʊˈsɔfts/
microsystems	/ˈmaɪˌkɹoʊˈsɪstəmz/
microsystems'	/ˈmaɪkɹoʊˌsɪstəmz/
microtel	/ˈmaɪkɹoʊˌtɛl/
microtubule	/ˈmaɪˌkɹoʊˈtubjul/
microtubules	/ˈmaɪˌkɹoʊˈtubjulz/
microvax	/ˈmaɪkɹoʊˌvæks/
microware	/ˈmaɪˌkɹoʊˈwɛɹ/
microwavable	/ˌmaɪkɹoʊˈweɪvəbəl/
microwave	/ˈmaɪkɹəˌweɪv/
microwaved	/ˈmaɪkɹoʊˌweɪvd/
microwaves	/ˈmaɪkɹoʊˌweɪvz/
microwaving	/ˈmaɪkɹəˌweɪvɪŋ/
microx	/ˈmɪkɹəks/
micucci	/miˈkutʃi/
mid	/ˈmɪd/
midafternoon	/ˈmɪˌdæftɚˌnun/
midair	/ˈmɪˈdɛɹ/
midamerica	/ˌmɪdəˈmɛɹɪkə/
midas	/ˈmaɪdəs/
midcap	/ˈmɪdˌkæp/
midcentury	/mɪdˈsɛntʃɚi/
midcon	/ˈmɪdˌkɑn/
midcontinent	/mɪdˈkɑntɪnənt/
midcourse	/ˈmɪdˈkɔɹs/
middaugh	/ˈmɪdɔ/
midday	/ˈmɪdˌdeɪ/
middendorf	/ˈmɪdənˌdɔɹf/
middenstandsbank	/mɪˈdɛnstændzˌbæŋk/
middle	/ˈmɪdəl/
middle-aged	/ˈmɪdəˌleɪɡd/
middle-class	/ˈmɪdəlˈklæs/
middle-earth	/ˈmɪdəˌlʊɹθ/
middle-income	/ˈmɪdəˌlɪnkəm/
middle-of-the-road	/ˈmɪdələvθəˌɹɔd/
middle-upper	/ˈmɪdələˌʌpɚ/
middlebrook	/ˈmɪdəlˌbɹʊk/
middlebrooks	/ˈmɪdəlˌbɹʊks/
middleburg	/ˈmɪdəlbɚɡ/
middlebury	/ˈmɪdəlˌbɛɹi/
middlekauff	/ˈmɪdəlkoʊf/
middleman	/ˈmɪdəlˌmæn/
middlemen	/ˈmɪdəlˌmɛn/
middlemiss	/ˈmɪdəlˌmɪs/
middlesex	/ˈmɪdəlˌsɛks/
middlesworth	/ˈmɪdəlzˌwɝθ/
middleton	/ˈmɪdəltən/
middletown	/ˈmɪdəlˌtaʊn/
middleweight	/ˈmɪdəlˌweɪt/
middling	/ˈmɪdəlɪŋ/
mideast	/ˈmɪˌdist/
mideastern	/ˌmɪˈdistɚn/
midflight	/ˈmɪdˌflaɪt/
midge	/ˈmɪdʒ/
midge's	/ˈmɪdʒɪz/
midges	/ˈmɪdʒəz/
midget	/ˈmɪdʒət/
midgetman	/ˈmɪdʒətˌmæn/
midgets	/ˈmɪdʒəts/
midgett	/ˈmɪdʒɪt/
midgett's	/ˈmɪdʒəts/
midgette	/mɪˈdʒɛt/
midgley	/ˈmɪdʒli/
midi	/ˈmidi/
midi's	/ˈmidiz/
midkiff	/ˈmɪdkɪf/
midland	/ˈmɪdˌlænd/
midland's	/ˈmɪdˌlændz/
midlands	/ˈmɪdˌlændz/
midlantic	/mɪdˈlæntɪk/
midler	/ˈmɪdlɚ/
midlevel	/ˈmɪdləvəl/
midlife	/ˈmɪdˌlaɪf/
midline	/ˈmɪdˌlaɪn/
midmorning	/ˈmɪdˌmɔɹnɪŋ/
midnight	/ˈmɪdˌnaɪt/
midpac	/ˈmɪdˌpæk/
midpac's	/ˈmɪdˌpæks/
midpoint	/ˈmɪdˌpɔɪnt/
midprice	/ˈmɪdˌpɹaɪs/
midpriced	/ˈmɪdˈpɹaɪst/
midrange	/ˈmɪˌdɹeɪndʒ/
midrib	/ˈmɪdɹɪb/
midseason	/ˈmɪdˈsizən/
midsection	/ˈmɪdˌsɛkʃən/
midsession	/ˈmɪdˌsɛʃən/
midshipman	/ˈmɪdˈʃɪpmən/
midshipman's	/ˈmɪdˈʃɪpmənz/
midshipmen	/ˈmɪdˈʃɪpmɛn/
midshipmen's	/ˈmɪdˈʃɪpmɛnz/
midsize	/ˈmɪdˌsaɪz/
midsized	/ˈmɪdˌsaɪzd/
midst	/ˈmɪdst/
midstream	/ˈmɪdˌstɹim/
midsummer	/ˈmɪdˈsʌmɚ/
midterm	/ˈmɪdˌtɝm/
midterms	/ˈmɪdˌtɝmz/
midthun	/ˈmɪdθən/
midtown	/ˈmɪdˌtaʊn/
midura	/miˈdʊɹə/
midway	/ˈmɪˌdweɪ/
midway's	/ˈmɪˌdweɪz/
midweek	/ˈmɪˌdwik/
midwest	/ˌmɪˈdwɛst/
midwest's	/ˌmɪˈdwɛsts/
midwestern	/mɪˈdwɛstɚn/
midwesterner	/ˌmɪˈdwɛstɚnɚ/
midwesterners	/mɪˈdwɛstɚnɚz/
midwife	/ˈmɪˌdwaɪf/
midwifery	/ˈmɪˌdwaɪfɚi/
midwinter	/ˈmɪˈdwɪntɚ/
midwinter's	/ˈmɪˈdwɪntɚz/
midwives	/ˈmɪˌdwaɪvz/
midyear	/ˈmɪdˌjɪɹ/
midyett	/ˌmɪdˈjɛt/
midyette	/ˌmɪdˈjɛt/
miears	/miˈɪɹz/
mieczkowski	/mitʃˈkɔfski/
mieczyslaw	/ˈmitʃɪˌslɔ/
miedema	/miˈdɛmə/
mielcarek	/milˈkɑɹɛk/
miele	/ˈmil/
mielke	/ˈmilki/
mien	/ˈmin/
mieno	/ˈminoʊ/
mier	/ˈmaɪɚ/
miera	/ˈmiɹə/
mieras	/mɪˈɹɑz/
miers	/ˈmaɪɚz/
miert	/ˈmaɪɚt/
mierzejewski	/mɪɹzeɪˈɛfski/
mierzwa	/ˈmiɹzwə/
mies	/ˈmaɪz/
mieske	/ˈmaɪski/
miesner	/ˈmiznɚ/
miesse	/ˈmis/
miffed	/ˈmɪft/
mifflin	/ˈmɪflɪn/
mifsud	/ˈmɪfsəd/
mig	/ˈmɪɡ/
migdal	/ˈmɪɡdəl/
migent	/ˈmɪdʒənt/
miggins	/ˈmɪɡɪnz/
might	/ˈmaɪt/
might-have-been	/ˈmaɪtəvˌbɪn/
might-have-beens	/ˈmaɪtəvˌbɪnz/
might've	/ˈmaɪtəv/
mightier	/ˈmaɪtiɚ/
mightiest	/ˈmaɪtiəst/
mightily	/ˈmaɪtəli/
mightn't	/ˈmaɪtənt/
mighty	/ˈmaɪti/
migliaccio	/miɡliˈɑtʃioʊ/
miglin	/ˈmɪɡlɪn/
miglin's	/ˈmɪɡlɪnz/
migliore	/miɡliˈɔɹi/
mignanelli	/mɪɡnəˈnɛli/
mignano	/miɡˈnɑnoʊ/
migneault	/mɪɡˈnoʊ/
mignogna	/miɡˈnoʊɡnə/
mignon	/ˈmɪɡnən/
mignone	/miɡˈnoʊni/
mignons	/ˈmɪɡnənz/
migra	/ˈmɪɡɹə/
migraine	/ˈmaɪˌɡɹeɪn/
migraines	/ˈmaɪˌɡɹeɪnz/
migrant	/ˈmaɪɡɹənt/
migrants	/ˈmaɪɡɹənts/
migrate	/ˈmaɪˌɡɹeɪt/
migrated	/ˈmaɪˌɡɹeɪtɪd/
migrates	/ˈmaɪˌɡɹeɪts/
migrating	/ˈmaɪˌɡɹeɪtɪŋ/
migration	/maɪˈɡɹeɪʃən/
migrations	/maɪˈɡɹeɪʃənz/
migratory	/ˈmaɪɡɹəˌtɔɹi/
migs	/ˈmɪɡz/
miguel	/mɪˈɡɛl/
migues	/ˈmiɡɛs/
miguez	/miˈɡɛz/
mihai	/ˌmiˈhaɪ/
mihai's	/ˌmiˈhaɪz/
mihal	/ˈmaɪhəl/
mihalek	/ˈmɪhəlɛk/
mihalic	/mɪˈhælɪk/
mihalik	/ˈmɪhəlɪk/
mihalko	/mɪˈhælkoʊ/
mihaly	/ˈmɪhəli/
mihelich	/ˈmɪhɪlɪk/
mihm	/ˈmɪm/
mihn	/ˈmɪn/
mihn's	/ˈmɪnz/
mihok	/ˈmɪhək/
mijares	/miˈjɑɹɛs/
mika	/ˈmikə/
mikado	/mɪˈkɑdoʊ/
mikael	/məˈkeɪl/
mikaela	/miˈkeɪlə/
mikako	/miˈkɑkoʊ/
mikal	/ˈmikəl/
mike	/ˈmaɪk/
mike's	/ˈmaɪks/
mikel	/ˈmɪkəl/
mikell	/ˈmɪkəl/
mikels	/ˈmɪkəlz/
mikelson	/ˈmɪkɪlsən/
mikes	/ˈmaɪks/
mikesell	/ˈmɪkɪsəl/
mikesh	/ˈmɪkɪʃ/
mikeska	/mɪˈkɛskə/
mikey	/ˈmaɪki/
mikhail	/mɪˈkeɪl/
mikidu	/mɪˈkidu/
mikita	/mɪˈkitə/
mikkelsen	/mɪˈkɛlsən/
mikkelson	/ˈmɪkɪlsən/
mikkola	/mɪˈkoʊlə/
miklas	/ˈmaɪkləz/
mikles	/ˈmaɪkəlz/
miklos	/ˈmikloʊs/
miko	/ˈmaɪkoʊ/
mikol	/ˈmɪkɔl/
mikolajczak	/mɪˈkɑlaɪtʃæk/
mikolajczyk	/mɪˈkɑlaɪtʃɪk/
mikos	/ˈmaɪkoʊz/
mikrut	/ˈmɪkɹət/
miksch	/ˈmɪkʃ/
mikula	/mɪˈkulə/
mikulak	/mɪˈkulək/
mikulec	/mɪˈkulɪk/
mikulic	/mɪˈkulɪk/
mikulich	/mɪˈkulɪtʃ/
mikulski	/mɪˈkʌlski/
mikus	/ˈmaɪkəs/
mikva	/ˈmɪkvə/
mil	/ˈmɪl/
mila	/ˈmaɪlə/
milacron	/ˈmɪləkɹɑn/
milacron's	/ˈmɪləkɹɑnz/
miladic	/mɪˈlɑdɪk/
milady	/mɪˈleɪˌdi/
milagro	/mɪˈlæɡɹoʊ/
milam	/ˈmɪləm/
milan	/məˈlɑn/
milan's	/mɪˈlɑnz/
milani	/miˈlɑni/
milano	/miˈlɑnoʊ/
milanowski	/mɪləˈnɔfski/
milardo	/miˈlɑɹdoʊ/
milas	/ˈmaɪləz/
milazzo	/miˈlɑzoʊ/
milbank	/ˈmɪlˌbæŋk/
milbauer	/ˈmɪlbaʊɚ/
milberg	/ˈmɪlbɚɡ/
milberger	/ˈmɪlbɚɡɚ/
milbourn	/mɪlˈbʊɹn/
milbourne	/mɪlˈbʊɹn/
milbrandt	/ˈmɪlbɹənt/
milbrath	/ˈmɪlbɹəθ/
milburn	/ˈmɪlˌbɝn/
milby	/ˈmɪlbi/
milch	/ˈmɪltʃ/
milco	/ˈmɪlkoʊ/
mild	/ˈmaɪld/
mildenberger	/ˈmaɪldənbɚɡɚ/
milder	/ˈmaɪldɚ/
mildest	/ˈmaɪldəst/
mildew	/ˈmɪlˌdu/
mildews	/ˈmɪlˌduz/
mildly	/ˈmaɪldli/
mildred	/ˈmɪldɹɪd/
mildrid	/ˈmɪldɚɪd/
mile	/ˈmaɪl/
mileage	/ˈmaɪlədʒ/
mileham	/ˈmɪlɪhæm/
milem	/ˈmɪləm/
miler	/ˈmaɪlɚ/
miles	/ˈmaɪlz/
mileski	/mɪˈlɛski/
milestone	/ˈmaɪlˌstoʊn/
milestones	/ˈmaɪlˌstoʊnz/
miletich	/ˈmɪlɪtɪk/
milewski	/mɪˈlɛfski/
miley	/ˈmaɪli/
milford	/ˈmɪlfɚd/
milgram	/ˈmɪlˌɡɹæm/
milham	/ˈmɪlhəm/
milhoan	/ˈmɪlhoʊn/
milholland	/ˈmɪlhələnd/
milhollin	/mɪlˈhɑlɪn/
milhorn	/ˈmɪlhɚn/
milhous	/ˈmɪlˌhaʊs/
milhouse	/ˈmɪlˌhaʊs/
milian	/ˈmɪliən/
milicent	/ˈmɪlɪsɪnt/
milich	/ˈmɪlɪk/
milici	/miˈlitʃi/
milieu	/mɪlˈjʊ/
mililiter	/ˈmɪlɪˌlitɚ/
milissent	/ˈmɪlɪsənt/
militancy	/ˈmɪlətənsi/
militant	/ˈmɪlətənt/
militantly	/ˈmɪlɪtəntli/
militants	/ˈmɪlətənts/
militaries	/ˈmɪləˌtɛɹiz/
militarily	/ˌmɪləˈtɛɹəli/
militarism	/ˈmɪlətɚˌɪzəm/
militaristic	/ˌmɪlɪtɚˈɪstɪk/
militarists	/ˈmɪlətɚɪsts/
militarize	/ˈmɪlətɚˌaɪz/
militarized	/ˈmɪlətɚˌaɪzd/
military	/ˈmɪləˌtɛɹi/
military's	/ˈmɪlɪˌtɛɹiz/
militate	/ˈmɪlɪˌteɪt/
militello	/miliˈtɛloʊ/
militia	/məˈlɪʃə/
militia's	/məˈlɪʃəz/
militiamen	/məˈlɪʃəmɪn/
militias	/məˈlɪʃəz/
milito	/miˈlitoʊ/
milius	/ˈmaɪliɪs/
milk	/ˈmɪlk/
milke	/ˈmɪlk/
milked	/ˈmɪlkt/
milken	/ˈmɪlkən/
milken's	/ˈmɪlkənz/
milkens	/ˈmɪlkənz/
milkens'	/ˈmɪlkənz/
milking	/ˈmɪlkɪŋ/
milkman	/ˈmɪlkˌmæn/
milko	/ˈmɪlkoʊ/
milkovich	/ˈmɪlkəvɪtʃ/
milkowski	/mɪlˈkɔfski/
milks	/ˈmɪlks/
milkshake	/ˈmɪlkˌʃeɪk/
milkweed	/ˈmɪlˌkwid/
milky	/ˈmɪlki/
mill	/ˈmɪl/
mill's	/ˈmɪlz/
millage	/ˈmɪlɪdʒ/
millan	/ˈmɪlən/
millar	/ˈmɪlɚ/
millard	/ˈmɪlɚd/
millard's	/ˈmɪlɚdz/
millau	/ˈmɪlaʊ/
millay	/mɪˈleɪ/
millbank	/ˈmɪlˌbæŋk/
millburn	/ˈmɪlbɚn/
mille	/ˈmɪl/
milled	/ˈmɪld/
milledge	/ˈmɪlɪdʒ/
millen	/ˈmɪlən/
millender	/ˈmɪlɛndɚ/
millennia	/məˈlɛniə/
millennial	/mɪˈlɛniəl/
millennium	/məˈlɛniəm/
millenniums	/məˈlɛniəmz/
miller	/ˈmɪlɚ/
miller's	/ˈmɪlɚz/
millerbrook	/ˈmɪlɚˌbɹʊk/
millerick	/ˈmɪlɚɪk/
millers	/ˈmɪlɚz/
milleson	/ˈmɪlɪsən/
millet	/ˈmɪlət/
millets	/ˈmɪləts/
millett	/ˈmɪlɪt/
millette	/mɪˈlɛt/
milley	/ˈmɪli/
millhouse	/ˈmɪlˌhaʊs/
milli	/ˈmɪli/
millibar	/ˈmɪləˌbɑɹ/
millican	/ˈmɪlɪkən/
millicent	/ˈmɪlɪsɪnt/
millicom	/ˈmɪlɪkɑm/
millicom's	/ˈmɪlɪkɑmz/
millie	/ˈmɪli/
milliet	/ˈmɪliˌɛt/
milligal	/ˈmɪlɪɡəl/
milligan	/ˈmɪlɪɡən/
milligauss	/ˈmɪliˌɡaʊs/
milligram	/ˈmɪləˌɡɹæm/
milligrams	/ˈmɪləˌɡɹæmz/
millikan	/ˈmɪləkən/
milliken	/ˈmɪlɪkən/
millikin	/ˈmɪlɪkɪn/
milliliter	/ˈmɪləˌlitɚ/
milliliters	/ˈmɪləˌlitɚz/
millilitre	/ˈmɪləˌlitɚ/
millilitres	/ˈmɪləˌlitɚz/
milliman	/ˈmɪlɪmən/
millimeter	/ˈmɪləˌmitɚ/
millimeters	/ˈmɪləˌmitɚz/
millimetre	/ˈmɪləˌmitɚ/
millimetres	/ˈmɪləˌmitɚz/
millin	/ˈmɪlən/
milliner	/ˈmɪlɪnɚ/
milling	/ˈmɪlɪŋ/
millington	/ˈmɪlɪŋtən/
million	/ˈmɪljən/
million-dollar	/ˈmɪljənˌdɔlɚ/
millionaire	/ˌmɪljəˈnɛɹ/
millionaire's	/ˌmɪljəˈnɛɹz/
millionaires	/ˌmɪljəˈnɛɹz/
millions	/ˈmɪljənz/
millionth	/ˈmɪljənθ/
millionths	/ˈmɪljəntθs/
millipore	/ˈmɪlɪˌpɔɹ/
milliron	/ˈmɪlɚən/
millirons	/ˈmɪlɚoʊnz/
millis	/ˈmɪlɪs/
millisecond	/ˈmɪlɪˌsɛkənd/
milliseconds	/ˈmɪlɪˌsɛkəndz/
millisent	/ˈmɪləsənt/
millman	/ˈmɪlmən/
milln	/ˈmɪln/
millner	/ˈmɪlnɚ/
millon	/ˈmɪlən/
milloy	/ˈmɪlɔɪ/
mills	/ˈmɪlz/
mills'	/ˈmɪlz/
mills's	/ˈmɪlzɪz/
millsap	/ˈmɪlˌsæp/
millsaps	/ˈmɪlˌsæps/
millspaugh	/ˈmɪlspɔ/
millstein	/ˈmɪlˌstaɪn/
millstone	/ˈmɪlˌstoʊn/
millward	/ˈmɪlwɚd/
millwood	/ˈmɪlˌwʊd/
millworker	/ˈmɪlwɔɹkɚ/
millworkers	/ˈmɪlwɔɹkɚz/
millworking	/ˈmɪlwɔɹkɪŋ/
milly	/ˈmɪli/
milman	/ˈmɪlmən/
milne	/ˈmɪln/
milner	/ˈmɪlnɚ/
milnes	/ˈmɪlnz/
milo	/ˈmaɪloʊ/
milodic	/mɪˈloʊdɪk/
milonas	/miˈloʊnɑz/
milone	/mɪˈloʊn/
milos	/ˈmiloʊz/
milosevic	/mɪˈloʊsəvɪk/
milosevic's	/mɪˈloʊsəvɪtʃɪz/
milosevich	/mɪˈlɑsɪvɪtʃ/
milosh	/mɪˈlɔʃ/
milot	/ˈmɪlət/
milpitas	/mɪlˈpitəs/
milroy	/ˈmɪlˌɹɔɪ/
mils	/ˈmɪlz/
milsap	/ˈmɪlˌsæp/
milson	/ˈmɪlsən/
milstead	/ˈmɪlˌstɛd/
milstein	/ˈmɪlˌstaɪn/
milt	/ˈmɪlt/
miltenberger	/ˈmɪltənbɚɡɚ/
miltie	/ˈmɪti/
miltner	/ˈmɪltnɚ/
milton	/ˈmɪltən/
miltonic	/mɪlˈtɑnɪk/
milum	/ˈmɪləm/
milunovich	/mɪˈlunəvɪtʃ/
milward	/ˈmɪlwɚd/
milwaukee	/mɪlˈwɔki/
milwaukee's	/mɪlˈwɔkiz/
milz	/ˈmɪlz/
mim	/ˈmɪm/
mimbs	/ˈmɪmz/
mime	/ˈmaɪm/
mimeograph	/ˈmɪmiəˌɡɹæf/
mimi	/ˈmimi/
mimi's	/ˈmimiz/
mimic	/ˈmɪmɪk/
mimicked	/ˈmɪmɪkt/
mimicking	/ˈmɪmɪkɪŋ/
mimicry	/ˈmɪmɪkɹi/
mimics	/ˈmɪmɪks/
mimis	/ˈmimiz/
mimms	/ˈmɪmz/
mimnaugh	/ˈmɪmnaʊ/
mimosa	/mɪˈmoʊsə/
mims	/ˈmɪmz/
min	/ˈmɪn/
mina	/ˈminə/
minahan	/ˈmɪnəhæn/
minami	/miˈnɑmi/
minamide	/ˌmɪnəˈmideɪ/
minar	/ˈmaɪnɚ/
minard	/mɪˈnɑɹd/
minardos	/mɪˈnɑɹdoʊs/
minaret	/ˌmɪnɚˈɛt/
minarets	/ˌmɪnɚˈɛts/
minarik	/ˈmɪnɚɪk/
minas	/ˈminəs/
minasian	/mɪˈnæʒɪn/
minassian	/mɪˈnæsʒɪn/
minatome	/ˈmɪnəˌtoʊm/
minc	/ˈmɪŋk/
mince	/ˈmɪns/
minced	/ˈmɪnst/
mincemeat	/ˈmɪnˌsmit/
mincer	/ˈmɪnsɚ/
mincers	/ˈmɪnsɚz/
minces	/ˈmɪnsɪz/
mincey	/ˈmɪnsi/
minch	/ˈmɪntʃ/
mincher	/ˈmɪntʃɚ/
minchew	/ˈmɪntʃju/
minchey	/ˈmɪntʃi/
minchin	/ˈmɪntʃɪn/
mincing	/ˈmɪnsɪŋ/
minckler	/ˈmɪŋklɚ/
mincks	/ˈmɪŋks/
mincy	/ˈmɪnsi/
mind	/ˈmaɪnd/
mind's	/ˈmaɪndz/
minda	/ˈmɪndə/
mindanao	/ˌmɪndəˈnaʊ/
mindboggling	/ˈmaɪndˌbɔɡlɪŋ/
minded	/ˈmaɪndəd/
mindedly	/ˈmaɪndɪdli/
mindedness	/ˈmaɪndɪdnəs/
mindel	/ˈmɪndəl/
mindell	/mɪnˈdɛl/
minden	/ˈmaɪndən/
minder	/ˈmaɪndɚ/
mindful	/ˈmaɪndfəl/
mindfully	/ˈmaɪndfəli/
minding	/ˈmaɪndɪŋ/
mindless	/ˈmaɪndləs/
mindlessly	/ˈmaɪndləsli/
mindlin	/ˈmɪndlɪn/
minds	/ˈmaɪndz/
mindset	/ˈmaɪndˌsɛt/
mindsets	/ˈmaɪndˌsɛts/
mindy	/ˈmɪndi/
mine	/ˈmaɪn/
mine's	/ˈmaɪnz/
minea	/mɪˈniə/
minear	/mɪˈnɪɹ/
mineau	/mɪˈnoʊ/
minebea	/ˌmɪnəˈbiə/
minecraft	/ˈmaɪnˌkɹæft/
mined	/ˈmaɪnd/
mineer	/ˈmaɪnɚ/
minefield	/ˈmaɪnˌfild/
minefields	/ˈmaɪnˌfildz/
minehan	/ˈmɪnɪhæn/
minehart	/ˈmaɪnˌhɑɹt/
minella	/mɪˈnɛlə/
minelli	/mɪˈnɛli/
mineo	/ˈmɪnioʊ/
mineola	/ˌmɪniˈoʊlə/
mineowner	/ˈmaɪˌnoʊnɚ/
mineowners	/ˈmaɪˌnoʊnɚz/
miner	/ˈmaɪnɚ/
miner's	/ˈmaɪnɚz/
minera	/mɪˈnɛɹə/
mineral	/ˈmɪnɚəl/
mineral's	/ˈmɪnɚəlz/
mineralization	/ˌmɪnɚələˈzeɪʃən/
mineralize	/ˈmɪnɚəˌlaɪz/
mineralogically	/ˌmɪnɚəˈlɑdʒɪkəli/
mineralogist	/ˌmɪnɚˈælədʒɪst/
mineralogy	/ˌmɪnɚˈɑlədʒi/
minerals	/ˈmɪnɚəlz/
minerals'	/ˈmɪnɚəlz/
minerd	/ˈmɪnɚd/
minero	/mɪˈnɛɹoʊ/
miners	/ˈmaɪnɚz/
miners'	/ˈmaɪnɚz/
minerva	/məˈnɝvə/
minervini	/ˌminɚˈvini/
mines	/ˈmaɪnz/
mines'	/ˈmaɪnz/
minestrone	/ˌmɪnəˈstɹoʊˌni/
minesweeper	/ˈmaɪnˌswipɚ/
minesweepers	/ˈmaɪnˌswipɚz/
minet	/ˈmɪnɪt/
mineta	/mɪˈneɪtə/
minette	/mɪˈnɛt/
mineworker	/ˈmaɪnˌwɝkɚ/
mineworkers	/ˈmaɪnˌwɝkɚz/
ming	/ˈmɪŋ/
ming-jen	/ˈmɪŋˈdʒɛn/
minge	/ˈmɪndʒ/
minger	/ˈmɪŋɚ/
minges	/ˈmɪndʒɪz/
mingle	/ˈmɪŋɡəl/
mingled	/ˈmɪŋɡəld/
mingles	/ˈmɪŋɡəlz/
mingling	/ˈmɪŋɡəlɪŋ/
mingo	/ˈmiŋɡoʊ/
mings	/ˈmɪŋz/
mingun	/ˈmɪnɡən/
mingus	/ˈmɪŋɡɪs/
minh	/ˈmɪn/
mini	/ˈmɪni/
mini-cost	/ˈmɪniˌkɔst/
miniard	/ˈmɪnjɚd/
miniature	/ˈmɪniəˌtʃʊɹ/
miniatures	/ˈmɪniətʃɚz/
miniaturization	/ˌmɪniəˌtʃɝɪˈzeɪʃən/
miniaturize	/ˈmɪnɪtʃɚˌaɪz/
miniaturized	/ˈmɪnɪtʃɚˌaɪzd/
minibus	/ˈmɪniˌbʌs/
minibuses	/ˈmɪniˌbʌsɪz/
minicar	/ˈmɪniˌkɑɹ/
minicars	/ˈmɪniˈkɑɹz/
minich	/ˈmɪnɪtʃ/
minichiello	/minikiˈɛloʊ/
minick	/ˈmɪnɪk/
minicomputer	/ˌmɪnikəmpˈjutɚ/
minicomputers	/ˌmɪnikəmpˈjutɚz/
minicucci	/miniˈkutʃi/
minidisc	/ˈmɪniˌdɪsk/
minier	/ˈmɪniɚ/
minihan	/ˈmɪnɪhæn/
minilab	/ˈmɪniˌlæb/
minilabs	/ˈmɪniˌlæbz/
minimal	/ˈmɪnəməl/
minimalism	/ˈmɪnəməˌlɪzəm/
minimalist	/ˈmɪnəməlɪst/
minimally	/ˈmɪnəməli/
minimill	/ˈmɪniˌmɑl/
minimills	/ˈmɪniˈmɪlz/
minimize	/ˈmɪnəˌmaɪz/
minimized	/ˈmɪnəˌmaɪzd/
minimizes	/ˈmɪnəˌmaɪzəz/
minimizing	/ˈmɪnəˌmaɪzɪŋ/
minimum	/ˈmɪnəməm/
minimums	/ˈmɪnɪməmz/
mining	/ˈmaɪnɪŋ/
mining's	/ˈmaɪnɪŋz/
mininger	/ˈmaɪnɪŋɚ/
minion	/ˈmɪnjən/
minions	/ˈmɪnjənz/
minis	/ˈmɪniz/
miniscribe	/ˈmɪniˈskɹaɪb/
miniscule	/ˈmɪnɪskjul/
miniseries	/ˈmɪnɪˌsɛɹiz/
minish	/ˈmɪnɪʃ/
miniskirt	/ˈmɪniˌskɝt/
miniskirts	/ˈmɪniˌskɝts/
minister	/ˈmɪnəstɚ/
minister's	/ˈmɪnɪstɚz/
ministerial	/ˌmɪnɪˈstiɹiəl/
ministering	/ˈmɪnɪstɹɪŋ/
ministers	/ˈmɪnəstɚz/
ministers'	/ˈmɪnɪstɚz/
ministership	/ˈmɪnɪstɚʃɪp/
ministral	/ˈmɪnəstɹəl/
ministration	/ˌmɪnəˈstɹeɪʃən/
ministrations	/ˌmɪnəˈstɹeɪʃənz/
ministries	/ˈmɪnɪstɹiz/
ministry	/ˈmɪnəstɹi/
ministry's	/ˈmɪnəstɹiz/
minisupercomputer	/ˌmɪniˈsupɚˌkʌmpˌjutɚ/
minisupercomputers	/ˌmɪniˈsupɚˌkʌmpˌjutɚz/
minit	/ˈmɪnɪt/
minitel	/ˈmɪnəˌtɛl/
minium	/ˈmɪniəm/
minivan	/ˈmɪniˈvæn/
minivans	/ˈmɪniˈvænz/
minix	/ˈmɪnɪks/
minjares	/minˈjɑɹɛs/
minjarez	/minˈjɑɹɛz/
mink	/ˈmɪŋk/
minke	/ˈmɪŋk/
minkel	/ˈmɪŋkəl/
minkin	/ˈmɪŋkɪn/
minkler	/ˈmɪŋklɚ/
minkoff	/ˈmɪŋˌkɔf/
minkow	/ˈmɪŋkaʊ/
minks	/ˈmɪŋks/
minna	/ˈmɪnə/
minnaar	/mɪˈnɑɹ/
minneapolis	/ˌmɪniˈæpəlɪs/
minneapolis's	/ˌmɪniˈæpəlɪsɪz/
minnelli	/mɪˈnɛli/
minner	/ˈmɪnɚ/
minnesota	/ˌmɪnɪˈsoʊtə/
minnesota's	/ˌmɪnəˈsoʊtəz/
minnesotan	/ˌmɪnəˈsoʊtən/
minnesotans	/ˌmɪnəˈsoʊtənz/
minnetonka	/ˌmɪnɪˈtɔŋkə/
minney	/ˈmɪni/
minnich	/ˈmɪnɪtʃ/
minnick	/ˈmɪnɪk/
minnie	/ˈmɪni/
minnie's	/ˈmɪniz/
minniear	/ˈmɪniˌɪɹ/
minnifield	/ˈmɪnəˌfild/
minnig	/ˈmɪnɪɡ/
minnis	/ˈmɪnɪs/
minniti	/miˈniti/
minnix	/ˈmɪnɪks/
minnow	/ˈmɪnoʊ/
minnows	/ˈmɪnoʊz/
minns	/ˈmɪnz/
minntech	/ˈmɪnˌtɛk/
minny	/ˈmɪni/
mino	/ˈminoʊ/
minoan	/məˈnoʊən/
minogue	/ˈminɔɡ/
minoli	/mɪˈnoʊli/
minolta	/mɪˈnɑlˌtʌ/
minor	/ˈmaɪnɚ/
minorca	/məˈnɔɹkə/
minorco	/mɪˈnɔɹkoʊ/
minorco's	/mɪˈnɔɹkəz/
minored	/ˈmaɪnɚd/
minoring	/ˈmaɪnɚɪŋ/
minorite	/ˈmɪnɚˌaɪt/
minorities	/maɪˈnɔɹətiz/
minority	/maɪˈnɔɹəti/
minors	/ˈmaɪnɚz/
minoru	/mɪˈnɔɹu/
minoso	/məˈnoʊsoʊ/
minosos	/məˈnoʊsoʊz/
minot	/ˈmɪnət/
minott	/ˈmɪnət/
minotti	/mɪˈnɔti/
minow	/ˈmɪnoʊ/
minoxidil	/mɪˈnɑksɪdɪl/
minpeco	/mɪnˈpɛkoʊ/
minshall	/ˈmɪnʃəl/
minshew	/ˈmɪnʃu/
minsk	/ˈmɪnsk/
minskoff	/ˈmɪnskɔf/
minsky	/ˈmɪnski/
minson	/ˈmɪnsən/
minstar	/ˈmɪnˌstɑɹ/
minstar's	/ˈmɪnˌstɑɹz/
minster	/ˈmɪnstɚ/
minstrel	/ˈmɪnstɹəl/
minstrels	/ˈmɪnstɹəlz/
mint	/ˈmɪnt/
mint's	/ˈmɪnts/
minta	/ˈmɪntə/
mintage	/ˈmɪntədʒ/
minted	/ˈmɪntɪd/
minteer	/ˈmɪnˈtɪɹ/
minter	/ˈmɪntɚ/
mintha	/ˈmɪnθə/
mintier	/ˈmɪntiɚ/
minting	/ˈmɪntɪŋ/
minto	/ˈmɪntoʊ/
minton	/ˈmɪntən/
mints	/ˈmɪnts/
minturn	/ˈmɪnˌtɝn/
mintz	/ˈmɪnts/
mintzer	/ˈmɪntzɚ/
minuet	/mɪnˌjuˈɛt/
minus	/ˈmaɪnəs/
minuscule	/ˈmɪnəskˌjul/
minuses	/ˈmaɪnəsɪz/
minute	/ˈmɪnət/
minute's	/ˈmɪnəts/
minutely	/ˈmɪnətli/
minuteman	/ˈmɪnətˌmæn/
minutemen	/ˈmɪnətˌmɛn/
minutes	/ˈmɪnəts/
minutes'	/ˈmɪnəts/
minutia	/mɪˈnuʃiə/
minutiae	/mɪˈnuʃiə/
minyard	/ˈmɪnjɑɹd/
miocene	/ˈmaɪəˌsin/
mion	/ˈmaɪən/
mione	/ˌmaɪˈoʊn/
miot	/ˈmaɪət/
miotke	/ˌmaɪˈɑtki/
mips	/ˈmɪps/
mir	/ˈmɪɹ/
mir's	/ˈmɪɹz/
mira	/ˈmɪɹə/
mirabal	/ˈmɪɹəbəl/
mirabel	/mɪɹɑˈbɛl/
mirabella	/mɪɹɑˈbɛlə/
mirabelle	/ˈmɪɹəˌbɛl/
mirabelli	/mɪɹɑˈbɛli/
mirabile	/mɪˈɹɑbəl/
mirabito	/mɪɹɑˈbitoʊ/
miracid	/ˌmɪˈɹæsəd/
miracid's	/ˌmɪˈɹæsədz/
miracle	/ˈmɪɹəkəl/
miracles	/ˈmɪɹəkəlz/
miraculous	/mɚˈækjələs/
miraculously	/mɚˈækjələsli/
mirad	/məˈɹæd/
mirada	/mɪˈɹɑdə/
mirage	/mɚˈɑʒ/
mirages	/mɚˈɑʒəz/
miraglia	/mɪˈɹæɡliə/
mirak	/ˈmɪɹæk/
miramar	/ˈmɪɹəˌmɑɹ/
miramax	/ˈmɪɹəˌmæks/
miramax's	/ˈmɪɹəˌmæksɪz/
miramontes	/mɪɹɑˈmoʊntɛs/
miranda	/mɚˈændə/
miranda's	/mɚˈændəz/
mirando	/mɪˈɹændoʊ/
miratec	/ˈmɪɹəˌtɛk/
mire	/ˈmaɪɹ/
mired	/ˈmaɪɹd/
mireles	/mɪˈɹeɪlɛs/
mirelez	/mɪˈɹeɪlɛz/
mirell	/mɪˈɹɛl/
mirella	/mɪˈɹɛlə/
mirelle	/mɚˈɛl/
mirenda	/mɪˈɹɛndə/
mires	/ˈmaɪɹz/
miriam	/ˈmɪɹiəm/
mirick	/ˈmɪɹɪk/
mirilla	/mɪˈɹɪlə/
mirkin	/ˈmɝkɪn/
mirna	/ˈmɝnə/
miro	/ˈmɪɹoʊ/
miro's	/ˈmɪɹoʊz/
miron	/mɪˈɹɔn/
mironenko	/ˌmɪɹoʊˈnɛŋkoʊ/
miroslav	/ˈmɪɹəslɑv/
mirra	/ˈmɪɹə/
mirren	/ˈmɪɹən/
mirror	/ˈmɪɹɚ/
mirror's	/ˈmɪɹɚz/
mirrored	/ˈmɪɹɚd/
mirroring	/ˈmɪɹɚɪŋ/
mirrors	/ˈmɪɹɚz/
mirsad	/ˈmɪɹˌsæd/
mirsky	/ˈmɝski/
mirth	/ˈmɝθ/
mirti	/ˈmɝti/
mirtle	/ˈmɝtəl/
mirto	/ˈmɪɹtoʊ/
mirtz	/ˈmɝts/
mirv	/ˈmɝv/
mirza	/ˈmɝzə/
mis	/ˈmɪs/
misa	/ˈmizə/
misa's	/ˈmizəz/
misadventure	/mɪsədˈvɛntʃɚ/
misadventures	/mɪsədˈvɛntʃɚz/
misallocate	/mɪˈsæləˌkeɪt/
misallocated	/mɪˈsæləˌkeɪtɪd/
misallocates	/mɪˈsæləˌkeɪts/
misallocating	/mɪˈsæləˌkeɪtɪŋ/
misallocation	/mɪˌsæləˈkeɪʃən/
misanthrope	/ˈmɪsənˌθɹoʊp/
misapplication	/mɪˌsæpləˈkeɪʃən/
misapplied	/ˌmɪsəˈplaɪd/
misapplies	/ˌmɪsəˈplaɪz/
misapply	/mɪsəˈplaɪ/
misapplying	/mɪsəˈplaɪɪŋ/
misapprehension	/mɪˌsæpɹiˈhɛnʃən/
misappropriate	/mɪsəˈpɹoʊpɹiˌeɪt/
misappropriated	/ˌmɪsəˈpɹoʊpɹiˌeɪtɪd/
misappropriates	/ˌmɪsəˈpɹoʊpɹiˌeɪts/
misappropriating	/ˌmɪsəˈpɹoʊpɹiˌeɪtɪŋ/
misappropriation	/ˌmɪsəˌpɹoʊpɹiˈeɪʃən/
misater	/mɪˈseɪtɚ/
misawa	/mɪˈsɑwə/
misbegotten	/ˌmɪsbəˈɡɑtən/
misbehave	/ˌmɪsbəˈheɪv/
misbehaved	/ˌmɪsbəˈheɪvd/
misbehaves	/ˌmɪsbəˈheɪvz/
misbehaving	/ˌmɪsbəˈheɪvɪŋ/
misbehavior	/ˌmɪsbəˈheɪvjɚ/
misbrener	/ˈmɪsˌbɹɛnɚ/
miscalculate	/mɪˈskælkjəˌleɪt/
miscalculated	/mɪˈskælkjəˌleɪtɪd/
miscalculates	/mɪˈskælkjəˌleɪts/
miscalculation	/mɪˈskælkjəˈleɪʃən/
miscalculations	/mɪˈskælkjəˈleɪʃənz/
miscarriage	/mɪˈskɛɹədʒ/
miscarriages	/mɪˈskɛɹɪdʒɪz/
miscast	/mɪˈskæst/
miscavige	/mɪˈskæˈvɪdʒ/
miscayuna	/ˌmɪskaɪˈjunə/
miscayuna's	/ˌmɪskaɪˈjunəz/
miscellaneous	/ˌmɪsəˈleɪniəs/
miscellany	/ˈmɪsəˌleɪni/
misch	/ˈmɪʃ/
mischa	/ˈmɪʃə/
mischaracterization	/mɪˌskæɹəktɚəˈzeɪʃən/
mischaracterizations	/mɪˌskæɹəktɚəˈzeɪʃənz/
mischaracterize	/mɪˈskæɹəktɚˌaɪz/
mischaracterized	/mɪˈskæɹəktɚˌaɪzd/
mischaracterizes	/mɪˈskæɹəktɚˌaɪzɪz/
mischaracterizing	/mɪˈskæɹəktɚˌaɪzɪŋ/
mischarge	/mɪsˈtʃɑɹdʒ/
mischarged	/mɪsˈtʃɑɹdʒd/
mischarges	/mɪsˈtʃɑɹdʒɪz/
mischarging	/mɪsˈtʃɑɹdʒɪŋ/
mischel	/ˈmɪʃəl/
mischer	/ˈmɪʃɚ/
mischief	/ˈmɪstʃəf/
mischievous	/ˈmɪstʃəvəs/
mischke	/ˈmɪʃk/
mischler	/ˈmɪʃəlɚ/
miscibility	/ˌmɪsɪˈbɪlɪti/
miscible	/ˈmɪsəbəl/
miscommunicate	/mɪskəmˈjunəˌkeɪt/
miscommunication	/mɪskəmˌjunəˈkeɪʃən/
misconceive	/mɪskənˈsiv/
misconceived	/mɪskənˈsivd/
misconceives	/mɪskənˈsivz/
misconceiving	/mɪskənˈsivɪŋ/
misconception	/mɪskənˈsɛpʃən/
misconceptions	/mɪskənˈsɛpʃənz/
misconduct	/mɪˈskɑndəkt/
misconstrue	/mɪskənˈstɹu/
misconstrued	/ˌmɪskənˈstɹud/
misconstrues	/mɪskənˈstɹuz/
misconstruing	/mɪskənˈstɹuɪŋ/
miscount	/ˈmɪˈskaʊnt/
miscreant	/ˈmɪskɹiənt/
miscreants	/ˈmɪskɹiənts/
miscreation	/mɪskɹiˈeɪʃən/
miscreations	/ˌmɪskɹiˈeɪʃənz/
miscue	/ˈmɪskˌju/
miscues	/ˈmɪskˌjuz/
misdeed	/ˈmɪsˈdid/
misdeeds	/mɪsˈdidz/
misdemeanor	/ˌmɪsdəˈminɚ/
misdemeanors	/ˌmɪsdəˈminɚz/
misdiagnose	/mɪsˌdaɪɪɡˈnoʊz/
misdiagnosed	/mɪsˌdaɪɪɡˈnoʊzd/
misdiagnoses	/mɪsˌdaɪɪɡˈnoʊsiz/
misdiagnosis	/mɪsˌdaɪɪɡˈnoʊsəs/
misdirect	/mɪsdɪˈɹɛkt/
misdirected	/mɪsdɪˈɹɛktɪd/
misek	/ˈmɪsɛk/
misener	/ˈmɪsinɚ/
misenheimer	/ˈmɪsɪnhaɪmɚ/
miser	/ˈmaɪzɚ/
miserable	/ˈmɪzɚəbəl/
miserables	/ˈmɪzɚəbəlz/
miserably	/ˈmɪzɚəbli/
miseration	/mɪzɚˈeɪʃən/
miseries	/ˈmɪzɚiz/
miserly	/ˈmaɪzɚli/
misers	/ˈmaɪzɚz/
misery	/ˈmɪzɚi/
mises	/ˈmaɪzɪz/
misfeldt	/ˈmɪsfɪlt/
misfire	/mɪsˈfaɪɚ/
misfit	/ˈmɪsˌfɪt/
misfits	/ˈmɪsˌfɪts/
misfortune	/mɪsˈfɔɹtʃən/
misfortunes	/mɪsˈfɔɹtʃənz/
misgive	/mɪsˈɡɪv/
misgiving	/mɪsˈɡɪvɪŋ/
misgivings	/mɪsˈɡɪvɪŋz/
misgovernment	/mɪsˈɡʌvɚnmənt/
misguide	/mɪsˈɡaɪd/
misguided	/mɪsˈɡaɪdɪd/
misguides	/mɪsˈɡaɪdz/
mish	/ˈmɪʃ/
misha	/ˈmɪʃə/
mishandle	/mɪsˈhændəl/
mishandled	/mɪsˈhændəld/
mishandles	/mɪsˈhændəlz/
mishandling	/mɪsˈhændlɪŋ/
mishap	/ˈmɪsˌhæp/
mishaps	/ˈmɪsˌhæps/
mishawaka	/ˌmɪʃəˈwɔkə/
mishawaum	/ˈmɪʃəˌwɑm/
mishawum	/ˈmɪʃəˌwʌm/
mishear	/mɪsˈhiɹ/
misheard	/ˌmɪsˈhɝd/
mishkin	/ˈmiʃkin/
mishler	/ˈmɪʃlɚ/
mishmash	/ˈmɪʃˌmæʃ/
mishoe	/ˈmiʃu/
mishra	/ˈmɪʃɹə/
misiak	/ˈmɪsiæk/
misiaszek	/mɪsiˈɑʃɛk/
misidentification	/ˌmɪsaɪˌdɛntɪfɪˈkeɪʃən/
misidentified	/mɪsaɪˈdɛntɪˌfaɪd/
misidentifies	/mɪsaɪˈdɛntɪˌfaɪz/
misidentify	/mɪsaɪˈdɛntəˌfaɪ/
misidentifying	/mɪsaɪˈdɛntəˌfaɪɪŋ/
misiewicz	/ˈmɪsəvɪtʃ/
misimpression	/mɪsɪmˈpɹɛʃən/
misinform	/mɪˌsɪnˈfɔɹm/
misinformation	/ˌmɪsɪnfɚˈmeɪʃən/
misinformed	/mɪsɪnˈfɔɹmd/
misinforming	/mɪsɪnˈfɔɹmɪŋ/
misinforms	/mɪˌsɪnˈfɔɹmz/
misinterpret	/mɪsɪnˈtɝpɹət/
misinterpretation	/mɪsɪnˌtɝpɹəˈteɪʃən/
misinterpreted	/mɪsɪnˈtɝpɹətɪd/
misinterpreting	/mɪsɪnˈtɝpɹətɪŋ/
misinterprets	/mɪsɪnˈtɝpɹəts/
misjudge	/mɪsˈdʒʌdʒ/
misjudged	/mɪsˈdʒʌdʒd/
misjudges	/mɪsˈdʒʌdʒɪz/
misjudging	/mɪsˈdʒʌdʒɪŋ/
misjudgment	/mɪsˈdʒʌdʒmənt/
misjudgments	/mɪsˈdʒʌdʒmənts/
miska	/ˈmɪskə/
miske	/ˈmɪsk/
miskell	/ˈmɪskəl/
miskito	/mɪˈskitoʊ/
miskitos	/mɪˈskitoʊs/
misko	/ˈmɪskoʊ/
mislabel	/mɪˈsleɪbəl/
mislabeled	/mɪˈsleɪbəld/
mislabeling	/mɪˈsleɪbəlɪŋ/
mislabels	/mɪˈsleɪbəlz/
mislaid	/mɪˈsleɪd/
mislead	/mɪˈslid/
misleading	/mɪˈslidɪŋ/
misleadingly	/mɪˈslidɪŋli/
misleads	/mɪˈslidz/
misled	/mɪˈslɛd/
mismanage	/mɪˈsmænɪdʒ/
mismanaged	/mɪˈsmænɪdʒd/
mismanagement	/mɪˈsmænɪdʒmənt/
mismanages	/mɪˈsmænɪdʒəz/
mismanaging	/mɪˈsmænɪdʒɪŋ/
mismatch	/mɪˈsmætʃ/
mismatched	/mɪˈsmætʃt/
mismatches	/mɪˈsmætʃɪz/
misner	/ˈmɪznɚ/
misnomer	/mɪˈsnoʊmɚ/
misogyne	/ˈmɪzədʒɪn/
misogynist	/ˈmɪzədʒɪnɪst/
misogynists	/ˈmɪzədʒɪnɪsts/
misogyny	/ˈmɪzədʒɪni/
misperceive	/mɪspɚˈsiv/
misperceived	/mɪspɚˈsivd/
misperceives	/mɪspɚˈsivz/
misperception	/ˌmɪspɚˈsɛpʃən/
misperceptions	/mɪspɚˈsɛpʃənz/
misplace	/mɪˈspleɪs/
misplaced	/mɪˈspleɪst/
misplaces	/mɪˈspleɪsɪz/
misplacing	/mɪˈspleɪsɪŋ/
misprice	/mɪˈspɹaɪs/
mispriced	/mɪˈspɹaɪst/
misprices	/mɪˈspɹaɪsɪz/
mispricing	/mɪˈspɹaɪsɪŋ/
misprint	/ˈmɪˈspɹɪnt/
misprinted	/ˈmɪˈspɹɪntəd/
misprints	/ˈmɪˈspɹɪnts/
misprision	/mɪˈspɹɪʒən/
mispronounce	/mɪspɹəˈnaʊns/
mispronounced	/mɪspɹəˈnaʊnst/
mispronounces	/mɪspɹəˈnaʊnsɪz/
mispronouncing	/mɪspɹəˈnaʊnsɪŋ/
misquote	/mɪˈskwoʊt/
misquoted	/mɪˈskwoʊtɪd/
misquotes	/mɪˈskwoʊts/
misquoting	/mɪˈskwoʊtɪŋ/
misread	/mɪsˈɹid/
misreading	/mɪsˈɹidɪŋ/
misrecognition	/mɪsˌɹɛkəɡˈnɪʃən/
misrecognize	/mɪsˈɹɛkəɡˌnaɪz/
misrecognized	/mɪsˈɹɛkəɡˌnaɪzd/
misrecognizes	/mɪsˈɹɛkəɡˌnaɪzɪz/
misrecognizing	/mɪsˈɹɛkəɡˌnaɪzɪŋ/
misremember	/mɪsɹiˈmɛmbɚ/
misremembered	/mɪsɹiˈmɛmbɚd/
misreport	/mɪsɹɪˈpɔɹt/
misreported	/mɪsɹɪˈpɔɹtɪd/
misrepresent	/mɪsˌɹɛpɹəˈzɛnt/
misrepresentation	/mɪsˌɹɛpɹɪzɛnˈteɪʃən/
misrepresentations	/mɪsˌɹɛpɹɪzɛnˈteɪʃənz/
misrepresented	/ˌmɪsɹɛpɹɪˈzɛntɪd/
misrepresenting	/mɪsˌɹɛpɹəˈzɛntɪŋ/
misrepresents	/mɪsˌɹɛpɹəˈzɛnts/
misrule	/mɪsˈɹul/
miss	/ˈmɪs/
missal	/ˈmɪsəl/
missed	/ˈmɪst/
missel	/ˈmɪsəl/
misses	/ˈmɪsəz/
missett	/ˈmɪsət/
missey	/ˈmɪsi/
misshapen	/mɪsˈʃeɪpən/
missie	/ˈmɪsi/
missildine	/mɪsilˈdini/
missile	/ˈmɪsəl/
missile's	/ˈmɪsəlz/
missiles	/ˈmɪsəlz/
missiles'	/ˈmɪsəlz/
missimer	/ˈmɪsɪmɚ/
missing	/ˈmɪsɪŋ/
mission	/ˈmɪʃən/
mission's	/ˈmɪʃənz/
missionaries	/ˈmɪʃəˌnɛɹiz/
missionary	/ˈmɪʃəˌnɛɹi/
missions	/ˈmɪʃənz/
missis	/ˈmɪsɪz/
mississauga	/ˌmɪsɪˈsɔɡə/
mississippi	/ˌmɪsɪˈsɪpi/
mississippi's	/ˌmɪsɪˈsɪpiz/
mississippian	/ˌmɪsɪˈsɪpiən/
mississippians	/ˌmɪsɪˈsɪpiənz/
mississippis	/ˌmɪsɪˈsɪpiz/
missive	/ˈmɪsɪv/
missler	/ˈmɪslɚ/
missoula	/mɪˈzulə/
missouri	/məˈzʊɹi/
missouri's	/məˈzʊɹiz/
missourian	/məˈzʊɹiən/
missourians	/məˈzʊɹiənz/
misspeak	/mɪsˈspik/
misspell	/mɪsˈspɛl/
misspelled	/mɪsˈspɛld/
misspelling	/mɪsˈspɛlɪŋ/
misspells	/mɪsˈspɛlz/
misspend	/mɪsˈspɛnd/
misspending	/mɪsˈspɛndɪŋ/
misspent	/mɪsˈspɛnt/
misspoke	/mɪsˈspoʊk/
misspoken	/mɪsˈspoʊkən/
misstate	/mɪsˈsteɪt/
misstated	/mɪsˈsteɪtɪd/
misstatement	/mɪˈsteɪtmənt/
misstatements	/mɪˈsteɪtmənts/
misstates	/mɪsˈsteɪts/
misstating	/mɪsˈsteɪtɪŋ/
misstep	/mɪsˈstɛp/
missteps	/mɪsˈstɛps/
missus	/ˈmɪsɪz/
missy	/ˈmɪsi/
missy's	/ˈmɪsiz/
mist	/ˈmɪst/
mistake	/mɪˈsteɪk/
mistaken	/mɪˈsteɪkən/
mistakenly	/mɪˈsteɪkənli/
mistakes	/mɪˈsteɪks/
mistaking	/mɪˈsteɪkɪŋ/
mister	/ˈmɪstɚ/
mistero	/mɪˈstɛɹoʊ/
misters	/ˈmɪstɚz/
mistic	/ˈmɪstɪk/
mistler	/ˈmɪstlɚ/
mistletoe	/ˈmɪsəlˌtoʊ/
mistook	/mɪˈstʊk/
mistral	/ˈmɪstɹəl/
mistreat	/mɪˈstɹit/
mistreated	/mɪˈstɹitɪd/
mistreating	/mɪˈstɹitɪŋ/
mistreatment	/mɪˈstɹitmənt/
mistreats	/mɪˈstɹits/
mistress	/ˈmɪstɹəs/
mistresses	/ˈmɪstɹəsəz/
mistretta	/mɪˈstɹɛtə/
mistrial	/mɪˈstɹaɪəl/
mistrials	/mɪˈstɹaɪəlz/
mistrust	/mɪˈstɹʌst/
mistrusted	/mɪˈstɹʌstɪd/
mistrustful	/mɪˈstɹʌstfəl/
mistrusting	/mɪˈstɹʌstɪŋ/
mistrusts	/mɪˈstɹʌsts/
mistry	/ˈmɪstɹi/
mists	/ˈmɪsts/
misty	/ˈmɪsti/
misunder	/mɪˈsʌndɚ/
misunderstand	/ˌmɪsəndɚˈstænd/
misunderstanding	/ˌmɪsəndɚˈstændɪŋ/
misunderstandings	/ˌmɪsəndɚˈstændɪŋz/
misunderstands	/ˌmɪsəndɚˈstændz/
misunderstood	/ˌmɪsəndɚˈstʊd/
misuraca	/mɪsʊˈɹɑkə/
misuse	/mɪsˈjuz/
misused	/mɪsˈjuzd/
misuses	/mɪsˈjuzɪz/
misusing	/mɪsˈjuzɪŋ/
mit	/ˈɛˈmaɪˈti/
mita	/ˈmitə/
mitamura	/ˌmitəˈmʊɹə/
mitch	/ˈmɪtʃ/
mitcham	/ˈmɪtʃəm/
mitchel	/ˈmɪtʃəl/
mitchell	/ˈmɪtʃəl/
mitchell's	/ˈmɪtʃəlz/
mitchelson	/ˈmɪtʃəlsən/
mitcheltree	/mɪtʃɪlˈtɹi/
mitchem	/ˈmɪtʃɪm/
mitchen	/ˈmɪtʃən/
mitchener	/ˈmɪtʃinɚ/
mitchner	/ˈmɪtʃnɚ/
mitchum	/ˈmɪtʃəm/
mite	/ˈmaɪt/
mitek	/ˈmaɪˌtɛk/
mitel	/ˈmaɪˌtɛl/
miter	/ˈmaɪtɚ/
mitering	/ˈmaɪtɚɪŋ/
mites	/ˈmaɪts/
mithcell	/ˈmɪθsəl/
mithridate	/ˈmɪθɹɪˌdeɪt/
mithridates	/ˈmɪθɹɪˌdeɪts/
mithun	/ˈmɪθən/
miti	/ˈmɪˌti/
mitigate	/ˈmɪtəˌɡeɪt/
mitigated	/ˈmɪtəˌɡeɪtɪd/
mitigates	/ˈmɪtəˌɡeɪts/
mitigating	/ˈmɪtəˌɡeɪtɪŋ/
mitigation	/ˌmɪtɪˈɡeɪʃən/
mitman	/ˈmɪtmən/
mitnick	/ˈmɪtnɪk/
mitochondria	/ˌmaɪtəˈkɑndɹiə/
mitochondrial	/ˌmaɪtəˈkɑndɹiəl/
mitochondrion	/ˌmaɪtəˈkɑndɹiən/
mitofsky	/mɪˈtɔfski/
mitotic	/ˌmaɪˈtɔtɪk/
mitra	/ˈmɪtɹə/
mitral	/ˈmaɪtɹəl/
mitrano	/miˈtɹɑnoʊ/
mitre	/ˈmɪtɹi/
mitro	/ˈmɪtɹoʊ/
mitrovich	/ˈmɪtɹəvɪtʃ/
mitsch	/ˈmɪtʃ/
mitschke	/ˈmɪtʃk/
mitsotakis	/ˌmɪtsoʊˈtɑkɪs/
mitsuba	/mitˈsubə/
mitsubishi	/ˌmɪtˌsuˈbiʃi/
mitsubishi's	/ˌmɪtˌsuˈbiʃiz/
mitsui	/mitˈsui/
mitsui's	/mitˈsuiz/
mitsukoshi	/ˌmitˌsuˈkoʊʃi/
mitsuru	/mitˈsuɹu/
mitt	/ˈmɪt/
mittag	/ˈmɪtəɡ/
mittal	/ˌmɪˈtɑl/
mittan	/ˈmɪtən/
mitteleuropa	/ˌmɪˌtɛˌluˈɹoʊpə/
mittelman	/ˈmɪtəlmən/
mittelstadt	/ˈmɪtɪlʃtæt/
mittelstaedt	/ˈmɪtɪlstɛt/
mittelsteadt	/ˈmɪtɪlstɛt/
mitten	/ˈmɪtən/
mittendorf	/ˈmɪtɪndɔɹf/
mittens	/ˈmɪtənz/
mitterand	/ˈmitɚˌɔnd/
mitterand's	/ˈmitɚˌɔndz/
mitterrand	/ˈmitɚˌɔnd/
mitterrand's	/ˈmitɚændz/
mittleman	/ˈmɪtəlmən/
mittler	/ˈmɪtlɚ/
mittman	/ˈmɪtmən/
mitton	/ˈmɪtən/
mitts	/ˈmɪts/
mityunov	/ˈmɪtjunɑv/
mitzel	/ˈmɪtzəl/
mitzi	/ˈmɪtsi/
mitzner	/ˈmɪtsnɚ/
mitzvah	/ˈmɪtsvə/
miura	/miˈʊɹə/
mix	/ˈmɪks/
mix-up	/ˈmɪkˌsʌp/
mixed	/ˈmɪkst/
mixer	/ˈmɪksɚ/
mixers	/ˈmɪksɚz/
mixes	/ˈmɪksəz/
mixing	/ˈmɪksɪŋ/
mixner	/ˈmɪksnɚ/
mixology	/ˈmɪkˈsɔləˌɡi/
mixon	/ˈmɪksən/
mixson	/ˈmɪksən/
mixte	/ˈmɪkst/
mixter	/ˈmɪkstɚ/
mixture	/ˈmɪkstʃɚ/
mixtures	/ˈmɪkstʃɚz/
mixup	/ˈmɪksəp/
mixups	/ˈmɪksəps/
miyagawa	/ˌmiɑˈɡɑwə/
miyahara	/ˌmijɑˈhɑɹə/
miyake	/miˈjɑkeɪ/
miyako	/ˈmiˌʌˌkoʊ/
miyamori	/ˌmiɑˈmɔɹi/
miyamoto	/mijɑˈmoʊtoʊ/
miyasaki	/ˌmijɑˈsɑki/
miyasato	/mijɑˈsɑtoʊ/
miyashiro	/mijɑˈʃɪɹoʊ/
miyazaki	/ˌmijɑˈzɑki/
miyazawa	/ˌmijəˈzɑwə/
miyazawa's	/ˌmiəˈzɑwəz/
mizar	/ˈmaɪˌzɑɹ/
mizar's	/ˈmaɪˌzɑɹz/
mize	/ˈmaɪz/
mize's	/ˈmaɪzɪz/
mizel	/ˈmaɪzəl/
mizell	/ˈmɪzəl/
mizelle	/mɪˈzɛl/
mizen	/ˈmaɪzən/
mizer	/ˈmaɪzɚ/
mizner	/ˈmɪznɚ/
mizrahi	/mizˈɹɑhi/
mizuno	/mɪˈzunoʊ/
mizzell	/ˈmɪzəl/
mj's	/ˈɛmˈdʒeɪz/
mkhatshwa	/məˈkætʃwə/
mladenic	/ˌmlɑˈdɛnɪtʃ/
mladic	/ˈmlɑdɪtʃ/
mladic's	/ˈmlɑdɪtʃɪz/
mlecko	/ˈmlɛkoʊ/
mlotok	/ˈmloʊˌtɑk/
mm	/m/
mmabatho	/məˈbɑθoʊ/
mme	/ˈɛˈmɛˈmi/
mnemonic	/nɪˈmɑnɪk/
mnemonics	/nɪˈmɑnɪks/
mnookin	/ˈmnʊkən/
mo	/ˈmoʊ/
moab	/ˈmoʊæb/
moacq	/ˈmoʊk/
moad	/ˈmoʊd/
moak	/ˈmoʊk/
moakley	/ˈmoʊkli/
moami	/ˈmoʊmi/
moammar	/ˈmoʊəˌmɑɹ/
moan	/ˈmoʊn/
moaned	/ˈmoʊnd/
moaning	/ˈmoʊnɪŋ/
moans	/ˈmoʊnz/
moat	/ˈmoʊt/
moates	/ˈmoʊˌeɪts/
moats	/ˈmoʊts/
moawiya	/moʊˈɑwiə/
mob	/ˈmɑb/
mob's	/ˈmɑbz/
mobay	/moʊˈbeɪ/
mobbed	/ˈmɑbd/
mobbs	/ˈmɑbz/
mobe	/ˈmoʊb/
moberg	/ˈmoʊbɚɡ/
moberly	/ˈmoʊbɚli/
mobil	/ˈmoʊbəl/
mobil's	/ˈmoʊbəlz/
mobile	/ˈmoʊbəl/
mobile's	/ˈmoʊbəlz/
mobiler	/ˈmoʊbɪlɚ/
mobiles	/ˈmoʊbəlz/
mobilia	/moʊˈbiliə/
mobiliare	/ˈmoʊbəˌlɛɹ/
mobility	/moʊˈbɪləti/
mobilization	/ˌmoʊbələˈzeɪʃən/
mobilizations	/ˌmoʊbələˈzeɪʃənz/
mobilize	/ˈmoʊbəˌlaɪz/
mobilized	/ˈmoʊbəˌlaɪzd/
mobilizer	/ˈmoʊbəˌlaɪzɚ/
mobilizers	/ˈmoʊbəˌlaɪzɚz/
mobilizing	/ˈmoʊbəˌlaɪzɪŋ/
mobius	/ˈmoʊbiəs/
mobley	/ˈmoʊbli/
mobs	/ˈmɑbz/
mobster	/ˈmɑbstɚ/
mobster's	/ˈmɑbstɚz/
mobsters	/ˈmɑbstɚz/
mobutu	/moʊˈbuˌtu/
mobutu's	/moʊˈbuˌtuz/
moby	/ˈmoʊbi/
moca	/ˈmoʊkə/
mocarski	/məˈkɑɹski/
mocatta	/məˈkɑtə/
moccasin	/ˈmɑkəsɪn/
moccasins	/ˈmɑkəsɪnz/
moccia	/ˈmoʊtʃə/
moccio	/ˈmoʊtʃioʊ/
moceri	/moʊˈtʃɛɹi/
moch	/ˈmɑk/
mocha	/ˈmoʊkə/
mochas	/ˈmoʊkəz/
mochel	/ˈmɑkəl/
mochida	/məˈtʃidə/
mochizuki	/moʊtʃiˈzuki/
mock	/ˈmɑk/
mock-heroically	/ˈmɑkhɚˈoʊɪkli/
mockby	/ˈmɑkbi/
mocked	/ˈmɑkt/
mockery	/ˈmɑkɚi/
mocking	/ˈmɑkɪŋ/
mockingbird	/ˈmɑkɪŋˌbɝd/
mockler	/ˈmɑklɚ/
mocks	/ˈmɑks/
moczygemba	/mətʃɪˈɡɛmbə/
mod	/ˈmɔd/
modal	/ˈmoʊdəl/
modalism	/ˈmoʊdəlɪzəm/
modalities	/məˈdælətiz/
modality	/məˈdæləti/
modarressi	/moʊˌdɑˈɹɛsi/
mode	/ˈmoʊd/
moded	/ˈmoʊdɪd/
model	/ˈmɑdəl/
model's	/ˈmɑdəlz/
modeled	/ˈmɑdəld/
modeling	/ˈmɑdəˌlɪŋ/
modell	/moʊˈdeɪl/
modelling	/ˈmɑdəˌlɪŋ/
modelo	/moʊˈdɛloʊ/
models	/ˈmɑdəlz/
models'	/ˈmɑdəlz/
modem	/ˈmoʊdəm/
modems	/ˈmoʊdəmz/
moden	/ˈmoʊdən/
modena	/moʊˈdɛnə/
moder	/ˈmoʊdɚ/
moderate	/ˈmɑdɚət/
moderated	/ˈmɑdɚˌeɪtɪd/
moderately	/ˈmɑdɚətli/
moderates	/ˈmɑdɚəts/
moderating	/ˈmɑdɚˌeɪtɪŋ/
moderation	/ˌmɑdɚˈeɪʃən/
moderator	/ˈmɑdɚˌeɪtɚ/
moderators	/ˈmɑdɚˌeɪtɚz/
modern	/ˈmɑdɚn/
moderne	/moʊˈdɛɹn/
modernism	/ˈmɑdɚˌnɪzəm/
modernist	/ˈmɑdɚnɪst/
modernists	/ˈmɑdɚnɪsts/
modernity	/mɑˈdɝnəti/
modernization	/ˌmɑdɚnəˈzeɪʃən/
modernize	/ˈmɑdɚˌnaɪz/
modernized	/ˈmɑdɚˌnaɪzd/
modernizes	/ˈmɑdɚˌnaɪzɪz/
modernizing	/ˈmɑdɚˌnaɪzɪŋ/
moderns	/ˈmɑdɚnz/
modes	/ˈmoʊdz/
modesitt	/ˈmɑdɪsɪt/
modest	/ˈmɑdəst/
modesta	/moʊˈdɛstə/
modestia	/moʊˈdɛstjə/
modestine	/moʊdɛˈstini/
modestly	/ˈmɑdəstli/
modesto	/moʊˈdɛstoʊ/
modesty	/ˈmɑdəsti/
modglin	/ˈmɑdʒlɪn/
modi	/ˈmoʊdi/
modic	/ˈmɑdɪk/
modica	/moʊˈdikə/
modicum	/ˈmɑdɪkəm/
modification	/ˌmɑdəfəˈkeɪʃən/
modifications	/ˌmɑdəfəˈkeɪʃənz/
modified	/ˈmɑdəˌfaɪd/
modifier	/ˈmɑdəˌfaɪɚ/
modifiers	/ˈmɑdəˌfaɪɚz/
modifies	/ˈmɑdəˌfaɪz/
modify	/ˈmɑdəˌfaɪ/
modifying	/ˈmɑdəˌfaɪɪŋ/
modigliani	/moʊˌdɪɡliˈɑni/
modiliani	/moʊˌdɪliˈæni/
modine	/moʊˈdin/
modisette	/ˈmɑdɪsɛt/
modjeski	/məˈdʒɛski/
modlin	/ˈmɑdlɪn/
modrak	/ˈmɑdɹək/
modrow	/ˈmɑdɹoʊ/
modugno	/moʊˈduɡnoʊ/
modulaire	/ˈmɔdʒuˌlɛɹ/
modular	/ˈmɑdʒəlɚ/
modulate	/ˈmɔdʒjuleɪt/
modulated	/ˈmɔdʒjuleɪtɪd/
modulation	/ˌmɑdʒəˈleɪʃən/
modulator	/ˈmɑdʒəˌleɪtɚ/
module	/ˈmɑdʒul/
modules	/ˈmɑdʒulz/
modulo	/ˈmɔdʒuˌloʊ/
modulus	/ˈmɔdʒulʊs/
modus	/ˈmoʊdəs/
modus-operandi	/ˈmoʊdəˌɔpɚˈændi/
mody	/ˈmoʊdi/
modzelewski	/mədʒɪˈlɛfski/
moe	/ˈmoʊ/
moebius	/ˈmoʊbiɪs/
moeckel	/ˈmoʊkəl/
moede	/ˈmoʊd/
moehle	/ˈmoʊhəl/
moehlman	/ˈmoʊlmən/
moehring	/ˈmɔɹɪŋ/
moeller	/ˈmoʊlɚ/
moellering	/ˈmoʊlɚɪŋ/
moen	/ˈmoʊn/
moench	/ˈmoʊŋk/
moening	/ˈmɑənɪŋ/
moerbe	/ˈmɔɹb/
moerke	/ˈmɔɹk/
moerman	/ˈmoʊɚmən/
moers	/ˈmoʊɚz/
moertel	/ˈmɔɹˌtɛl/
moes	/ˈmoʊz/
moesch	/ˈmoʊʃ/
moeser	/ˈmoʊzɚ/
moesha	/ˌmoʊˈiʃə/
moessner	/ˈmoʊsnɚ/
moet	/ˈmoʊɪt/
mof	/ˈmɑf/
moffa	/ˈmɑfə/
moffat	/ˈmɑfət/
moffatt	/ˈmɑfət/
moffet	/ˈmɑfɪt/
moffett	/ˈmɑfɪt/
moffit	/ˈmɑfɪt/
moffitt	/ˈmɑfɪt/
mofford	/ˈmɔfɚd/
mofield	/ˈmoʊˌfild/
moga	/ˈmoʊɡə/
mogadishu	/ˌmoʊɡəˈdiˌʃu/
mogadishu's	/ˌmoʊɡəˈdiˌʃuz/
mogan	/ˈmoʊɡən/
mogavaro	/moʊɡəˈvɑɹoʊ/
mogavero	/moʊɡɑˈvɛɹoʊ/
mogayon	/moʊɡɑjən/
mogayon's	/moʊɡɑjənz/
mogel	/ˈmoʊɡəl/
mogensen	/ˈmɑɡɪnsən/
moger	/ˈmoʊɡɚ/
mogg	/ˈmɑɡ/
mogle	/ˈmoʊɡəl/
moglia	/ˈmɑɡliə/
mogopa	/moʊˈɡoʊpə/
mogul	/ˈmoʊɡəl/
moguls	/ˈmoʊɡəlz/
mohair	/ˈmoʊˌhɛɹ/
mohamad	/məˈhɑməd/
mohamadi	/məˈhɑmədi/
mohamed	/moʊˈhɑmɛd/
mohammad	/moʊˈhɑmɛd/
mohammed	/moʊˈhæmɪd/
mohan	/ˈmoʊhɑn/
mohar	/ˈmoʊhɚ/
mohasco	/moʊˈhæskoʊ/
mohawk	/ˈmoʊˌhɔk/
mohawks	/ˈmoʊˌhɔks/
mohel	/ˈmoʊəl/
moher	/ˈmɑhɚ/
mohican	/ˌmoʊˈhikən/
mohicans	/ˌmoʊˈhikənz/
mohit	/ˈmoʊhit/
mohl	/ˈmoʊl/
mohler	/ˈmoʊlɚ/
mohlman	/ˈmoʊlmən/
mohn	/ˈmɑn/
mohney	/ˈmɑni/
mohnke	/ˈmɑnk/
mohnkern	/ˈmɑnkɚn/
moholy-nagy	/moʊˈhoʊliˈneɪɡi/
mohon	/ˈmoʊhən/
mohr	/ˈmɔɹ/
mohring	/ˈmɔɹɪŋ/
mohrman	/ˈmɔɹmən/
mohrmann	/ˈmɔɹmən/
mohs	/ˈmɑs/
mohtashemi	/ˌmoʊtəˈʃeɪmi/
moi	/ˈmwɑ/
moiety	/ˈmɔɪəˌti/
moilanen	/ˈmɔɪlənən/
moina	/ˈmɔɪnə/
moines	/ˈmɔɪnz/
moir	/ˈmɔɪɹ/
moira	/ˈmɔɪɹə/
moisan	/mɔɪˈzæn/
moise	/ˈmɔɪz/
moises	/ˈmɔɪzɪz/
moishe	/ˈmoʊʃɛ/
moisi	/ˈmɔɪsi/
moist	/ˈmɔɪst/
moisten	/ˈmɔɪsən/
moistened	/ˈmɔɪsənd/
moisture	/ˈmɔɪstʃɚ/
moisturizer	/ˈmɔɪstʃɚˌaɪzɚ/
mojave	/moʊˈhɑvi/
mojica	/moʊˈjikə/
mojo	/ˈmoʊdʒoʊ/
mok	/ˈmɑk/
moka	/ˈmoʊkə/
moke	/ˈmoʊk/
mokes	/ˈmoʊks/
mokhiber	/ˈmɑkhɪbɚ/
mokoena	/məˈkoʊnə/
mokry	/ˈmɑkɹi/
mol	/ˈmɔl/
mola	/ˈmoʊlə/
molaison	/məˈleɪzən/
moland	/ˈmɑlənd/
molander	/ˈmɑləndɚ/
molano	/moʊˈlɑnoʊ/
molar	/ˈmoʊləɹ/
molasses	/məˈlæsəz/
molchan	/ˈmoʊltʃən/
mold	/ˈmoʊld/
moldable	/ˈmoʊldəbəl/
moldavia	/ˌmoʊlˈdeɪviə/
moldavian	/ˌmoʊlˈdeɪviən/
molded	/ˈmoʊldəd/
molden	/ˈmoʊldən/
moldenhauer	/ˈmoʊldɪnhaʊɚ/
molder	/ˈmoʊldɚ/
molders	/ˈmoʊldɚz/
molding	/ˈmoʊldɪŋ/
moldings	/ˈmoʊldɪŋz/
moldova	/ˌmoʊlˈdoʊvə/
moldovan	/ˌmoʊldoʊˈvɑn/
molds	/ˈmoʊldz/
moldy	/ˈmoʊldi/
mole	/ˈmoʊl/
molecular	/məˈlɛkjəlɚ/
molecule	/ˈmɑləkˌjul/
molecules	/ˈmɑləkˌjulz/
moleculon	/moʊˈlɛkjulɑn/
molehill	/ˈmoʊlˌhɪl/
molelike	/ˈmoʊlˌlaɪk/
molen	/ˈmoʊlən/
molenaar	/ˈmɑlɪnɑɹ/
molenda	/moʊˈlɛndə/
moler	/ˈmoʊlɚ/
moles	/ˈmoʊlz/
moleski	/məˈlɛski/
moleskin	/ˈmɔlɛˌskɪn/
moleskine	/ˈmɔlɛˌskɪn/
molesky	/məˈlɛski/
molest	/məˈlɛst/
molestation	/ˌmoʊlɛˈsteɪʃən/
molested	/məˈlɛstɪd/
molester	/məˈlɛstɚ/
molesters	/məˈlɛstɚz/
molesting	/məˈlɛstɪŋ/
molests	/məˈlɛsts/
molesworth	/ˈmoʊlzˌwɝθ/
molex	/ˈmoʊləks/
moliere	/moʊlˈjɛɹ/
moliere's	/moʊlˈjɛɹz/
molin	/ˈmoʊlɪn/
molina	/məˈlinə/
molinar	/ˈmɑlɪnɚ/
molinari	/ˌmɔləˈnɑɹi/
molinaro	/moʊliˈnɑɹoʊ/
moline	/moʊˈlin/
molineaux	/ˈmɔləˌnoʊ/
molinelli	/moʊliˈnɛli/
molino	/moʊˈlinoʊ/
molitor	/moʊˈlitɚ/
moll	/ˈmɑl/
molle	/ˈmɑl/
mollen	/ˈmɑlɪn/
mollenhauer	/ˈmɑlɪnhaʊɚ/
mollenkopf	/ˈmɑlənkɔpf/
moller	/ˈmɑlɚ/
mollering	/ˈmɑlɚɪŋ/
mollet	/ˈmɑlɪt/
mollett	/ˈmɑlɪt/
molley	/ˈmɑli/
mollica	/ˈmɑlɪkə/
mollie	/ˈmɑli/
mollified	/ˈmɑləˌfaɪd/
mollify	/ˈmɑləˌfaɪ/
mollison	/ˈmɑlɪsən/
mollner	/ˈmɑlnɚ/
mollo	/ˈmɑloʊ/
mollohan	/ˈmɑləhæn/
molloy	/ˈmɑlɔɪ/
mollusk	/ˈmɑləsk/
mollusks	/ˈmɑləsks/
molly	/ˈmɑli/
molly's	/ˈmɑliz/
mollycoddle	/ˈmɑliˌkɑdəl/
molnar	/ˈmoʊlnɚ/
molner	/ˈmoʊlnɚ/
molock	/ˈmɑlək/
molokai	/ˈmɑləˌkaɪ/
moloney	/məˈloʊni/
molonicks	/məˈlɔnɪks/
molony	/məˈlɔni/
molotov	/ˈmɔləˌtɑf/
molpus	/ˈmɔlpəs/
molpus'	/ˈmɔlpəs/
molpus's	/ˈmɔlpəsɪs/
molson	/ˈmoʊlsən/
molstad	/ˈmoʊlstəd/
molt	/ˈmoʊlt/
molten	/ˈmoʊltən/
molter	/ˈmoʊltɚ/
molting	/ˈmoʊltɪŋ/
molton	/ˈmoʊltən/
moltz	/ˈmoʊlts/
molucca	/məˈlukə/
moly	/ˈmoʊli/
molybdenum	/məˈlɪbdɪnəm/
molyneaux	/ˈmɑlɪnoʊ/
molzahn	/ˈmoʊlzən/
mom	/ˈmɑm/
mom's	/ˈmɑmz/
moma	/ˈmoʊmə/
moma's	/ˈmoʊməz/
moman	/ˈmoʊmən/
momayez	/moʊˈmeɪɛz/
mombasa	/mɑmˈbɑsə/
moment	/ˈmoʊmənt/
moment's	/ˈmoʊmənts/
momentarily	/ˌmoʊmənˈtɛɹəli/
momentary	/ˈmoʊmənˌtɛɹi/
momentous	/moʊˈmɛntəs/
moments	/ˈmoʊmənts/
momentum	/moʊˈmɛntəm/
momigliano	/moʊˈmɪɡliˈɑnoʊ/
momma	/ˈmɑmə/
mommens	/ˈmɑmənz/
mommies	/ˈmɑmiz/
mommy	/ˈmɑmi/
mommy's	/ˈmɑmiz/
momokawa	/ˌmoʊmoʊˈkɑwə/
momokawa's	/ˌmoʊmoʊˈkɑwəz/
moms	/ˈmɑmz/
mon	/ˈmoʊn/
mona	/ˈmoʊnə/
mona's	/ˈmoʊnəz/
monacelli	/moʊnɑˈtʃɛli/
monachino	/moʊnɑˈkinoʊ/
monaco	/ˈmɑnəˌkoʊ/
monaco's	/ˈmɑnəˌkoʊz/
monad	/ˈmoʊnæd/
monadnock	/ˌmɑˈnædnɑk/
monagene	/ˈmɑnəˌdʒin/
monaghan	/ˈmɑnəhæn/
monahan	/ˈmɑnəhæn/
monarch	/ˈmɑˌnɑɹk/
monarch's	/ˈmɑˌnɑɹks/
monarchies	/ˈmɑnɑɹkiz/
monarchist	/ˈmɑnɑɹkɪst/
monarchists	/ˈmɑnɑɹkɪsts/
monarchs	/ˈmɑˌnɑɹks/
monarchy	/ˈmɑnɑɹki/
monarrez	/moʊˈnɑɹɛz/
monash	/ˈmɑˌnæʃ/
monasteries	/ˈmɑnəˌstɛɹiz/
monastery	/ˈmɑnəˌstɛɹi/
monastic	/məˈnæstɪk/
monasticism	/məˈnæstəˌsɪzəm/
monatomic	/ˌmɑnəˈtɑmɪk/
monca	/ˈmoʊnkə/
moncada	/moʊnˈkɑdə/
moncayo	/moʊnˈkeɪoʊ/
monceaux	/mənˈsoʊ/
moncrief	/ˈmɑnkɹif/
moncur	/ˈmɑnkɚ/
moncure	/moʊnˈkʊɹi/
moncus	/ˈmɑnkɪs/
monda	/ˈmɑndə/
mondadori	/ˌmɑndəˈdɔɹi/
mondale	/ˈmɑnˌdeɪl/
mondale's	/ˈmɑnˌdeɪlz/
mondallo	/mɑnˈdæloʊ/
mondavi	/mɑnˈdɑvi/
monday	/ˈmʌndi/
monday's	/ˈmʌndiz/
mondays	/ˈmʌndiz/
monde	/ˈmɑnd/
mondelli	/moʊnˈdɛli/
mondello	/ˌmɑnˈdɛloʊ/
mondeo	/ˌmɑnˈdeɪoʊ/
mondex	/ˈmɑndɛks/
mondo	/ˈmɑndoʊ/
mondor	/ˈmɑndɚ/
mondragon	/moʊndɹɑˈɡɔn/
mondrian	/ˈmɑndɹiən/
mondry	/ˈmɑndɹi/
monds	/ˈmɑndz/
mondschein	/ˈmɑndˌʃaɪn/
mondy	/ˈmɑndi/
mone	/ˈmoʊn/
monell	/ˈmɑnəl/
mones	/ˈmoʊnz/
monessen	/ˈmoʊnəsən/
monet	/moʊˈneɪ/
monet's	/moʊˈneɪz/
monetarily	/mɑnəˈtɝɪli/
monetarism	/ˈmɑnətɚˌɪzəm/
monetarist	/ˈmɑnətɚɪst/
monetarists	/ˈmɑnətɚˌɪsts/
monetary	/ˈmɑnəˌtɛɹi/
monetize	/ˈmɑnəˌtaɪz/
monetizing	/ˈmɑnəˌtaɪzɪŋ/
monett	/ˈmɑnɪt/
monette	/məˈnɛt/
money	/ˈmʌni/
money's	/ˈmʌniz/
moneycard	/ˈmʌniˌkɑɹd/
moneycenter	/ˈmʌniˌsɛntɚ/
moneyed	/ˈmʌnid/
moneyless	/ˈmʌnilɪs/
moneyline	/ˈmʌniˌlaɪn/
moneyline's	/ˈmʌniˌlaɪnz/
moneymaker	/ˈmʌniˌmeɪkɚ/
moneymakers	/ˈmʌniˌmeɪkɚz/
moneymaking	/ˈmʌniˌmeɪkɪŋ/
moneypenny	/ˈmʌniˌpɛni/
moneys	/ˈmʌniz/
moneywatch	/ˈmʌniˌwɑtʃ/
moneyweek	/ˈmʌniˌwik/
moneyweek's	/ˈmʌniˌwiks/
monfils	/ˈmɑnfɪlz/
monfort	/ˈmɑnfɚt/
monforte	/moʊnˈfɔɹti/
mong	/ˈmɔŋ/
mongan	/ˈmɑŋɡən/
monge	/ˈmɑndʒ/
mongeau	/məŋˈɡoʊ/
mongelli	/moʊŋˈɡɛli/
mongeon	/ˈmɑndʒɪn/
monger	/ˈmʌŋɡɚ/
mongering	/ˈmʌŋɡɚɪŋ/
mongers	/ˈmʌŋɡɚz/
mongiello	/moʊnˈdʒɛloʊ/
mongillo	/moʊŋˈɡɪloʊ/
mongol	/ˈmɑŋɡəl/
mongold	/ˈmɑnˌɡoʊld/
mongolia	/mɑŋˈɡoʊliə/
mongolian	/mɑŋˈɡoʊliən/
mongoloid	/ˈmɑŋɡəˌlɔɪd/
mongols	/ˈmɑŋɡəlz/
mongoose	/ˈmɑŋɡus/
mongooses	/ˈmɑŋɡusəz/
mongosutu	/ˌmɑŋɡoʊˈsutu/
mongosutu's	/ˌmɑŋɡoʊˈsutuz/
mongstad	/ˈmɔŋˌstæd/
monhollen	/ˈmɑnhələn/
monica	/ˈmɑnɪkə/
monica's	/ˈmɑnɪkəz/
monical	/ˈmɑnɪkəl/
monico	/moʊˈnikoʊ/
monied	/ˈmʌnid/
monier	/ˈmoʊniɚ/
monies	/ˈmʌniz/
monieson	/ˈmoʊnisən/
monieson's	/ˈmoʊnisənz/
monigold	/ˈmɑnɪˌɡoʊld/
moniker	/ˈmɑnɪkɚ/
monikers	/ˈmɑnɪkɚz/
moninger	/ˈmoʊnɪŋɚ/
monique	/ˌmoʊˈnik/
monism	/ˈmɑnɪzəm/
monisms	/ˈmɑnɪzəmz/
monit	/ˈmɑnət/
monitor	/ˈmɑnətɚ/
monitored	/ˈmɑnətɚd/
monitoring	/ˈmɑnətɚɪŋ/
monitors	/ˈmɑnətɚz/
moniz	/ˈmɑnɪz/
monje	/ˈmɑndʒ/
monk	/ˈmʌŋk/
monk's	/ˈmʌŋks/
monkee	/ˈmɑŋki/
monkees	/ˈmɑŋkiz/
monkey	/ˈmʌŋki/
monkey's	/ˈmʌŋkiz/
monkeying	/ˈmʌŋkiɪŋ/
monkeylike	/ˈmʌŋkiˌlaɪk/
monkeys	/ˈmʌŋkiz/
monks	/ˈmʌŋks/
monmouth	/ˈmɑnməθ/
monmouth's	/ˈmɑnməθs/
monn	/ˈmɑn/
monnett	/ˈmɑnɪt/
monnier	/ˈmɑniɚ/
monnig	/ˈmɑnɪɡ/
monnin	/ˈmɑnɪn/
mono	/ˈmoʊnoʊ/
monocarpic	/ˌmɑnəˈkɑɹpɪk/
monochromatic	/ˌmɑnəkɹoʊˈmætɪk/
monochrome	/ˈmɑnəˌkɹoʊm/
monoclate	/ˈmɑnəˌkleɪt/
monocle	/ˈmɑnəkəl/
monoclinic	/ˌmɑnəˈklɪnɪk/
monoclonal	/ˌmɑnəˈkloʊnəl/
monogamous	/məˈnɑɡəməs/
monogamy	/məˈnɑɡəmi/
monogram	/ˈmɑnəˌɡɹæm/
monogrammed	/ˈmɑnəˌɡɹæmd/
monograph	/ˈmɑnəˌɡɹæf/
monographs	/ˈmɑnəˌɡɹæfs/
monohull	/ˈmɑnəhəl/
monolingual	/ˌmɑnəˈlɪŋɡwəl/
monolith	/ˈmɑnəˌlɪθ/
monolithic	/ˌmɑnəˈlɪθɪk/
monoliths	/ˈmɑnəˌlɪθs/
monologue	/ˈmɑnəˌlɔɡ/
monologues	/ˈmɑnəˌlɔɡz/
monomer	/ˈmɑnəmɚ/
monomers	/ˈmɑnəmɚz/
monongahela	/məˌnɔŋɡəˈheɪlə/
mononokai	/məˈnɑnəˌkaɪ/
mononuclear	/ˌmɑnəˈnukliɚ/
monophonic	/ˌmɑnəˈfɑnɪk/
monoplane	/ˈmɑnəˌpleɪn/
monoplanes	/ˈmɑnəˌpleɪnz/
monopole	/ˈmɑnəˌpoʊl/
monopoles	/ˈmɑnəˌpoʊlz/
monopolies	/məˈnɑpəliz/
monopolist	/məˈnɑpələst/
monopolistic	/məˌnɑpəˈlɪstɪk/
monopolization	/məˌnɑpəlɪˈzeɪʃən/
monopolize	/məˈnɑpəˌlaɪz/
monopolized	/məˈnɑpəˌlaɪzd/
monopolizes	/məˈnɑpəˌlaɪzɪz/
monopolizing	/məˈnɑpəˌlaɪzɪŋ/
monopoly	/məˈnɑpəli/
monorail	/ˈmɑnɚˌeɪl/
monorails	/ˈmɑnɚˌeɪlz/
monosaccharide	/ˌmɑnəˈsækɚˌaɪd/
monoszon	/ˈmɑnəˌzɑn/
monotheism	/ˈmɑnəˌθiɪzəm/
monotone	/ˈmɑnəˌtoʊn/
monotonous	/məˈnɑtənəs/
monotony	/məˈnɑtəni/
monotype	/ˈmɑnəˌtaɪp/
monovalent	/ˌmɑnəˈveɪlənt/
monoxide	/məˈnɑksaɪd/
monreal	/ˈmɑnɹəl/
monro	/ˈmɑnɹoʊ/
monroe	/mənˈɹoʊ/
monroe's	/mənˈɹoʊz/
monroeville	/mɑnˈɹoʊˌvɪl/
monrovia	/ˌmɑnˈɹoʊviə/
monroy	/ˈmɑnˌɹɔɪ/
monsanto	/ˌmɑnˈsæntoʊ/
monsanto's	/mɑnˈsæntoʊz/
monsees	/ˈmɑnˌsiz/
monsen	/ˈmɑnsən/
monsey	/ˈmɑnzi/
monsieur	/məsˈjɝ/
monsieurs	/məsˈjɝz/
monsignor	/mɑnˈsinjɚ/
monsignors	/mɑnˈsinjɚz/
monsky	/ˈmɑnski/
monsod	/ˈmɑnsɑd/
monson	/ˈmɑnsən/
monsoon	/mɑnˈsun/
monsoonal	/mɑnˈsunəl/
monsoons	/mɑnˈsunz/
monsour	/ˈmɑnsɚ/
monster	/ˈmɑnstɚ/
monsters	/ˈmɑnstɚz/
monstrosity	/mɑnˈstɹɑsəti/
monstrous	/ˈmɑnstɹəs/
mont	/ˈmɑnt/
montag	/mənˈtæɡ/
montage	/mɑnˈtɑʒ/
montagna	/moʊnˈtɑɡnə/
montagne	/mənˈteɪnj/
montagnier	/mɑnˈtænjɚ/
montagnino	/moʊntɑɡˈninoʊ/
montagu	/ˈmɑntəɡˌju/
montagu's	/ˈmɑntəɡˌjuz/
montague	/ˈmɑntəɡˌju/
montalban	/mɑnˈtælbən/
montalbano	/moʊntɑlˈbɑnoʊ/
montalbo	/ˌmɑnˈtælboʊ/
montalto	/moʊnˈtɑltoʊ/
montalvo	/moʊnˈtɑlvoʊ/
montana	/mɑnˈtænə/
montana's	/mɑnˈtænəz/
montanan	/mɑnˈtænən/
montanans	/mɑnˈtænənz/
montanari	/moʊntɑˈnɑɹi/
montanaro	/moʊntɑˈnɑɹoʊ/
montand	/ˈmɑntənd/
montanez	/moʊnˈtɑnɛz/
montano	/ˌmɔnˈtɑnoʊ/
montante	/moʊnˈtɑnti/
montanye	/moʊnˈtɑnjeɪ/
montavon	/moʊntɑˈvɔn/
montazeri	/ˌmɑntəˈzɛɹi/
montblanc	/mɑntˈblæŋk/
montclair	/ˌmɑntˈklɛɹ/
monte	/ˈmɑnti/
monte's	/ˈmɑntiz/
monteagudo	/moʊntəˈɡudoʊ/
montebello	/ˌmɑntɪˈbɛloʊ/
montecalvo	/moʊntɛˈkɑlvoʊ/
montedison	/mɑnˈtɛdɪsən/
montedison's	/mɑnˈtɛdɪsəz/
montee	/ˈmɑnti/
montefiore	/ˌmɑntəfiˈɔɹi/
monteforte	/moʊntɛˈfɔɹti/
montefusco	/moʊntɛˈfuskoʊ/
montego	/ˌmɔnˈtiɡoʊ/
monteil	/mɑnˈtaɪl/
monteiro	/mɑnˈtɛɹoʊ/
montejano	/ˌmɑnteɪˈɑnoʊ/
montel	/mɑnˈtɛl/
montel's	/mɑnˈtɛlz/
monteleone	/ˌmɑnteɪleɪˈoʊni/
montella	/ˌmɑnˈtɛlə/
montello	/ˌmɑnˈtɛloʊ/
montelongo	/ˌmɑntɛˈloʊŋɡoʊ/
montemarano	/ˌmɑntɛmɑˈɹɑnoʊ/
montemayor	/ˌmɑnteɪmeɪˈɔɹ/
montemurro	/ˌmɑntɛˈmʊɹoʊ/
montenay	/ˈmɑntəˌneɪ/
montenegran	/ˌmɑntəˈneɪɡɹən/
montenegro	/ˌmɑntəˈneɪɡɹoʊ/
montenegro's	/ˌmɑntəˈneɪɡɹoʊz/
monter	/ˈmɑntɚ/
monterey	/ˌmɑntɚˈeɪ/
montero	/mɑnˈtɛɹoʊ/
monterosso	/moʊntɚˈoʊsoʊ/
monterrey	/ˌmɑntɚˈeɪ/
montes	/ˈmɑntiz/
montesano	/moʊntɛˈsɑnoʊ/
montesdeoca	/moʊntɛsdiˈɑkɑ/
montesi	/moʊnˈtɛsi/
montesino	/moʊntɛˈsinoʊ/
montessori	/ˌmɑntəˈsɔɹi/
monteverde	/moʊntɛˈvɛɹdi/
montevideo	/ˌmɑntəˈvɪdiˌoʊ/
montez	/moʊnˈtɛz/
montezuma	/ˌmɑntɪˈzumə/
montford	/məntˈfɔɹd/
montfort	/ˈmɑntfɚt/
montgomery	/mɑntˈɡʌmɹi/
montgomery's	/mɑntˈɡʌmɹiz/
montgoris	/mɑntˈɡɔɹɪs/
month	/ˈmʌnθ/
month's	/ˈmʌnθs/
monthlong	/ˈmʌnθˌlɔŋ/
monthly	/ˈmʌnθli/
months	/ˈmʌnθs/
months'	/ˈmɑnθs/
monti	/ˈmɑnti/
monticciolo	/mɑnˌtitʃiˈoʊloʊ/
monticello	/ˌmɑntəˈsɛloʊ/
montie	/ˈmɑnti/
montiel	/moʊntiˈɛl/
montien	/ˌmɑnˈtiɛn/
montier	/ˈmɑntjɚ/
montieth	/ˈmɑntiɪθ/
montijo	/moʊnˈtijoʊ/
montini	/moʊnˈtini/
montjoy	/ˈmɑntˌdʒɔɪ/
montmartre	/ˌmɑnˈmæɹtɹə/
montminy	/ˈmɑntmɪni/
montmorency	/ˌmɑnmɔˈɹɛnˌsi/
montone	/moʊnˈtoʊni/
montooth	/ˈmɑnˌtuθ/
montoya	/mɑnˈtɔɪə/
montpelier	/mɑntˈpiliɚ/
montpelier's	/mɑntˈpiliɚz/
montreal	/ˌmʌntɹiˈɔl/
montreal's	/ˌmɑntɹiˈɑlz/
montrealer	/ˌmʌntɹiˈɔlɚ/
montrealer's	/ˌmʌntɹiˈɔlɚz/
montrealers	/ˌmʌntɹiˈɔlɚz/
montrone	/mɑnˈtɹoʊn/
montrose	/ˈmɑnˌtɹoʊz/
montross	/ˈmoʊntɹoʊs/
montrouis	/mɑnˈtɹui/
montroy	/ˈmɑnˌtɹɔɪ/
monts	/ˈmɑnts/
montserrat	/mɑnsɚˈɑt/
montuori	/moʊnˈtwɔɹi/
montvale	/ˈmɑntˌveɪl/
montville	/ˈmoʊntvɪl/
monty	/ˈmɔnti/
montz	/ˈmɑnts/
monument	/ˈmɑnjumənt/
monumental	/ˌmɑnjəˈmɛntəl/
monumentally	/ˌmɑnjəˈmɛntəli/
monuments	/ˈmɑnjəmənts/
monus	/ˈmoʊnəs/
mony	/ˈmoʊni/
monzert	/ˈmɑnzɚt/
monzingo	/moʊnˈziŋɡoʊ/
monzo	/ˈmɑnzoʊ/
monzon	/moʊnˈzɔn/
monzonite	/ˈmɑnzəˌnaɪt/
moo	/ˈmu/
mooberry	/ˈmuˌbɛɹi/
mood	/ˈmud/
mood's	/ˈmudz/
moodie	/ˈmudi/
moods	/ˈmudz/
moody	/ˈmudi/
moody's	/ˈmudiz/
mooers	/ˈmuɚz/
moog	/ˈmuɡ/
mook	/ˈmʊk/
moomaw	/ˈmuˌmɔ/
moomey	/ˈmumi/
moon	/ˈmun/
moon's	/ˈmunz/
moonbeam	/ˈmunˌbim/
moonbeams	/ˈmunˌbimz/
moondreamer	/ˈmunˌdɹimɚ/
moondreamers	/ˈmunˌdɹimɚz/
moone	/ˈmun/
mooney	/ˈmuni/
mooneyham	/ˈmunihəm/
mooneyhan	/ˈmunihən/
moonie	/ˈmuni/
moonies	/ˈmuniz/
moonlight	/ˈmunˌlaɪt/
moonlighting	/ˈmunˌlaɪtɪŋ/
moonlike	/ˈmunˌlaɪk/
moonlit	/ˈmunˌlɪt/
moons	/ˈmunz/
moonshine	/ˈmunˌʃaɪn/
moonstone	/ˈmunˌstoʊn/
moonstones	/ˈmunˌstoʊnz/
moonstruck	/ˈmunˌstɹʌk/
moonves	/ˈmunvɛz/
moor	/ˈmʊɹ/
mooradian	/mʊˈɹeɪdiən/
moorco	/ˈmʊɹkoʊ/
moore	/ˈmʊɹ/
moore's	/ˈmʊɹz/
moored	/ˈmʊɹd/
moorefield	/ˈmʊɹɪfild/
moorehead	/ˈmʊɹˌhɛd/
moorehouse	/ˈmʊɹˌhaʊs/
moorer	/ˈmʊɹɚ/
moores	/ˈmʊɹz/
moorestown	/ˈmɔɹzˌtaʊn/
moorhead	/ˈmʊɹˌhɛd/
moorhouse	/ˈmʊɹˌhaʊs/
mooring	/ˈmʊɹɪŋ/
moorings	/ˈmuɹɪŋz/
moorish	/ˈmʊɹɪʃ/
moorland	/ˈmʊɹˌlænd/
moorland's	/ˈmʊɹˌlændz/
moorlands	/ˈmʊɹˌlændz/
moorman	/ˈmʊɹmən/
moormann	/ˈmʊɹmən/
moors	/ˈmʊɹz/
moos	/ˈmuz/
moosa	/ˈmusə/
moose	/ˈmus/
moose-birds	/ˈmusˌbɝdz/
moosehead	/ˈmusˌhɛd/
moosman	/ˈmusmən/
moot	/ˈmut/
moothart	/ˈmuθɑɹt/
moots	/ˈmuts/
mooty	/ˈmuti/
mootz	/ˈmuts/
mop	/ˈmɑp/
mopboard	/ˈmɑpˌbɔɹd/
mope	/ˈmoʊp/
moped	/ˈmoʊpt/
mopeds	/ˈmoʊpɛdz/
moping	/ˈmoʊpɪŋ/
mopped	/ˈmɑpt/
moppes	/ˈmɑps/
mopping	/ˈmɑpɪŋ/
mops	/ˈmɑps/
mopus	/ˈmoʊpəs/
moquin	/moʊˈkwin/
mor	/ˈmɔɹ/
mor's	/ˈmɔɹz/
mora	/ˈmɔɹə/
morabito	/mɔɹɑˈbitoʊ/
morace	/mɔˈɹɑtʃi/
morachov	/ˈmɔɹəˌtʃɔv/
morad	/ˈmɔɹəd/
morado	/mɔˈɹɑdoʊ/
moraga	/mɔˈɹɑɡə/
moragne	/mɚˈeɪnj/
morahan	/ˈmɔɹəhæn/
morain	/mɚˈeɪn/
morainal	/mɚˈeɪnəl/
moraine	/mɚˈeɪn/
morais	/mɚˈeɪ/
moraitis	/mɔˈɹaɪtɪs/
moral	/ˈmɔɹəl/
morale	/mɚˈæl/
morales	/mɚˈælz/
moralez	/mɔˈɹɑlɛz/
moralism	/ˈmɔɹəˌlɪzəm/
moralist	/ˈmɔɹəlɪst/
moralistic	/ˌmɔɹəˈlɪstɪk/
moralists	/ˈmɔɹəˌlɪsts/
morality	/mɚˈæləti/
moralize	/ˈmɔɹəˌlaɪz/
moralizing	/ˈmɔɹəˌlaɪzɪŋ/
morally	/ˈmɔɹəli/
morals	/ˈmɔɹəlz/
moran	/mɚˈæn/
morand	/ˈmɔɹənd/
morandan	/məˈɹændən/
morandi	/mɔˈɹɑndi/
morando	/mɔˈɹɑndoʊ/
morang	/ˈmɔɹəŋ/
morano	/mɔˈɹɑnoʊ/
morant	/ˈmɔɹənt/
morante	/mɔˈɹɑnti/
morash	/ˈmɔɹəʃ/
moraski	/mɚˈɑski/
morass	/mɚˈæs/
morasses	/mɚˈæsɪz/
morath	/ˈmɔɹəθ/
moratoria	/ˌmɔɹəˈtɔɹiə/
moratorium	/ˌmɔɹəˈtɔɹiəm/
moratoriums	/ˌmɔɹəˈtɔɹiəmz/
moravec	/mɚˈɑvɪk/
moravek	/ˈmɔɹəvɪk/
moravian	/mɚˈeɪviən/
morawski	/mɚˈɑfski/
moray	/mɚˈeɪ/
morays	/mɚˈeɪz/
morbid	/ˈmɔɹbəd/
morbidity	/mɔɹˈbɪdəti/
morbidly	/ˈmɔɹbədli/
morby	/ˈmɔɹbi/
morcom	/ˈmɔɹkəm/
mord	/ˈmɔɹd/
mordant	/ˈmɔɹdənt/
mordecai	/ˈmɔɹdəˌkaɪ/
mordechai	/ˈmɔɹdəˌkaɪ/
morden	/ˈmɔɹdən/
mordor	/ˈmɔɹˌdɔɹ/
more	/ˈmɔɹ/
morea	/ˈmɔɹiə/
moreau	/mɚˈoʊ/
moredock	/ˈmɔɹɪdɑk/
moree	/mɚˈi/
moreen	/mɔˈɹin/
morefield	/ˈmɔɹɪˌfild/
morehart	/ˈmɔɹɪhɑɹt/
morehead	/ˈmɔɹhɛd/
morehouse	/ˈmɔɹˌhaʊs/
moreira	/mɔˈɹɛɹə/
morejon	/ˈmɔɹɪdʒɑn/
morel	/mɚˈɛl/
moreland	/ˈmɔɹlənd/
morell	/ˈmɔɹəl/
morella	/mɔˈɹɛlə/
morelli	/mɔˈɹɛli/
morello	/mɚˈɛloʊ/
morelock	/ˈmɔɹɪlɑk/
moreman	/ˈmɔɹmən/
moren	/ˈmɔɹən/
morena	/mɔˈɹeɪnə/
morency	/mɔˈɹɛnsi/
moreno	/mɔˈɹinoʊ/
moreover	/mɔˈɹoʊvɚ/
morera	/mɔˈɹɛɹə/
mores	/ˈmɔˌɹeɪz/
moresco	/mɔˈɹɛskoʊ/
moreso	/mɔˈɹɛsoʊ/
moret	/ˈmɔɹɪt/
moreton	/ˈmɔɹɪtɑn/
moretti	/mɔˈɹɛti/
moretto	/mɔˈɹɛtoʊ/
moretz	/ˈmɔɹɪts/
morever	/ˌmɔˈɹɛvɚ/
morey	/ˈmɔɹi/
morfin	/ˈmɔɹfɪn/
morford	/ˈmɔɹfɚd/
morga	/ˈmɔɹɡə/
morgado	/mɔɹˈɡɑdoʊ/
morgan	/ˈmɔɹɡən/
morgan's	/ˈmɔɹɡənz/
morgana	/mɔɹˈɡænə/
morgans	/ˈmɔɹɡənz/
morganstern	/ˈmɔɹɡənstɚn/
morgante	/mɔɹˈɡɑnti/
morganti	/mɔɹˈɡɑnti/
morgantown	/ˈmɔɹɡənˌtaʊn/
morgart	/ˈmɔɹɡɑɹt/
morgen	/ˈmɔɹɡən/
morgenroth	/ˈmɔɹɡɪnɹɔθ/
morgenstern	/ˈmɔɹɡɪnstɚn/
morgenthaler	/ˈmɔɹɡɪnθəlɚ/
morgenthau	/ˈmɔɹɡənˌθaʊ/
morgue	/ˈmɔɹɡ/
morgues	/ˈmɔɹɡz/
morgun	/ˈmɔɹɡən/
mori	/ˈmɔɹi/
moria	/ˈmɔɹiə/
morial	/ˈmɔɹiəl/
moriarity	/ˌmɔɹiˈɑɹəti/
moriarty	/ˌmɔɹiˈɑɹti/
moribund	/ˈmɔɹəbənd/
moric	/ˈmɔɹɪk/
morice	/ˈmɔɹɪs/
morici	/mɔˈɹitʃi/
morihiro	/mɔɹiˈhɪɹoʊ/
morihiro's	/mɔɹiˈhɪɹoʊz/
morikawa	/mɔɹiˈkɑwə/
morillo	/mɔˈɹɪloʊ/
morillom	/ˈmɔɹɪlɔm/
morillono	/mɔˈɹɪlənoʊ/
morimoto	/mɔɹiˈmoʊtoʊ/
morin	/ˈmɔɹɪn/
morine	/mɔˈɹini/
moring	/ˈmɔɹɪŋ/
morini	/mɔˈɹini/
morino	/mɔˈɹinoʊ/
morioka	/mɔɹiˈoʊkə/
moris	/ˈmɔɹɪs/
morisette	/ˈmɔɹɪsɛt/
morishita	/mɔɹiˈʃitə/
morison	/ˈmɔɹɪsən/
morissette	/ˈmɔɹɪsɛt/
morita	/mɔˈɹitə/
moritz	/mɔˈɹɪts/
moriya	/mɔˈɹiə/
morjera	/mɔɹˈdʒɛɹə/
mork	/ˈmɔɹk/
morken	/ˈmɔɹkən/
morlan	/ˈmɔɹlən/
morland	/ˈmɔɹlənd/
morley	/ˈmɔɹli/
morlock	/ˈmɔɹlək/
morman	/ˈmɔɹmən/
mormile	/ˈmɔɹmaɪl/
mormino	/mɔɹˈminoʊ/
mormon	/ˈmɔɹmən/
mormonism	/ˈmɔɹmənɪzm/
mormons	/ˈmɔɹmənz/
morn	/ˈmɔɹn/
morna	/ˈmɔɹnə/
morneau	/mɚˈnoʊ/
morneault	/mɚˈnoʊ/
morning	/ˈmɔɹnɪŋ/
morning's	/ˈmɔɹnɪŋz/
mornings	/ˈmɔɹnɪŋz/
morningstar	/ˈmɔɹnɪŋˌstɑɹ/
morningstar's	/ˈmɔɹnɪŋˌstɑɹz/
moro	/ˈmɔˌɹoʊ/
moroccan	/mɚˈɑkən/
moroccans	/mɚˈɑkənz/
morocco	/mɚˈɑkoʊ/
moron	/ˈmɔˌɹɑn/
moron's	/ˈmɔˌɹɑnz/
morones	/mɔˈɹoʊnɛs/
moroney	/mɚˈoʊni/
moroni	/mɚˈoʊni/
morons	/ˈmɔˌɹɑnz/
moros	/ˈmɔɹoʊz/
morose	/mɚˈoʊs/
morosky	/mɔˈɹɔski/
morovcic	/mɔˈɹɑvtʃɪk/
morovcic's	/mɔˈɹɑvtʃɪks/
morowick	/ˈmɔɹəˌwɪk/
moroz	/ˈmɔɹoʊz/
morph	/ˈmɔɹf/
morphed	/ˈmɔɹft/
morpheus	/ˈmɔɹˌfiəs/
morphew	/ˈmɔɹfju/
morphin	/ˈmɔɹfən/
morphine	/ˈmɔɹfin/
morphing	/ˈmɔɹfɪŋ/
morphis	/ˈmɔɹfɪs/
morphogenesis	/ˌmɔɹfəˈdʒɛnəsəs/
morphological	/ˌmɔɹfəˈlɑdʒɪkəl/
morphology	/mɔɹˈfɑlədʒi/
morphonios	/mɔɹˈfɔniəs/
morphs	/ˈmɔɹfs/
morr	/ˈmɔɹ/
morra	/ˈmɔɹə/
morrall	/mɔˈɹɑl/
morreale	/mɔˈɹili/
morrell	/mɔˈɹɛl/
morren	/ˈmɔɹən/
morrical	/ˈmɔɹɪkəl/
morricone	/ˌmɔɹəˈkoʊn/
morricone's	/ˌmɔɹəˈkoʊnz/
morrie	/ˈmɔɹi/
morrill	/mɔˈɹil/
morrin	/ˈmɔɹɪn/
morris	/ˈmɔɹəs/
morris'	/ˈmɔɹəs/
morris's	/ˈmɔɹɪsɪz/
morrisett	/ˈmɔɹəˌsɛt/
morrisette	/ˈmɔɹɪsɛt/
morrisey	/ˈmɔɹɪsi/
morrish	/ˈmɔɹɪʃ/
morrison	/ˈmɔɹɪsən/
morrison's	/ˈmɔɹɪsənz/
morriss	/ˈmɔɹɪs/
morrissette	/ˈmɔɹɪˌsɛt/
morrissey	/ˈmɔɹɪsi/
morristown	/ˈmɔɹəˌstaʊn/
morrisville	/ˈmɔɹəsˌvɪl/
morrisville's	/ˈmɔɹəsˌvɪlz/
morro	/ˈmɔɹoʊ/
morrone	/mɔˈɹoʊni/
morrow	/ˈmɑɹoʊ/
morry	/ˈmɔɹi/
morsch	/ˈmɔɹʃ/
morse	/ˈmɔɹs/
morsel	/ˈmɔɹsəl/
morsels	/ˈmɔɹsəlz/
morson	/ˈmɔɹsən/
morss	/ˈmɔɹs/
mort	/ˈmɔɹt/
mortal	/ˈmɔɹtəl/
mortality	/mɔɹˈtæləti/
mortally	/ˈmɔɹtəli/
mortals	/ˈmɔɹtəlz/
mortar	/ˈmɔɹtɚ/
mortara	/mɔɹˈtɑɹə/
mortars	/ˈmɔɹtɚz/
morteki	/mɔɹˈtɛki/
mortell	/mɔɹˈteɪl/
mortellaro	/mɔɹtɛˈlɑɹoʊ/
mortem	/ˈmɔɹtəm/
mortems	/ˈmɔɹtəmz/
morten	/ˈmɔɹtən/
mortensen	/ˈmɔɹtɪnsən/
mortenson	/ˈmɔɹtɪnsən/
morter	/ˈmɔɹtɚ/
mortgage	/ˈmɔɹɡədʒ/
mortgage's	/ˈmɔɹɡɪdʒɪz/
mortgaged	/ˈmɔɹɡɪdʒd/
mortgagepower	/ˈmɔɹɡɪdʒˌpaʊɹ/
mortgages	/ˈmɔɹɡədʒəz/
mortgaging	/ˈmɔɹɡɪdʒɪŋ/
mortician	/mɔɹˈtɪʃən/
mortie	/ˈmɔɹti/
mortier	/ˈmɔɹtiɚ/
mortification	/ˈmɔɹtəfˌkeɪʃən/
mortified	/ˈmɔɹtəˌfaɪd/
mortify	/ˈmɔɹtɪˌfaɪ/
mortimer	/ˈmɔɹtɪmɚ/
mortimore	/mɔɹˈtimɔɹ/
mortis	/ˈmɔɹtɪs/
mortland	/ˈmɔɹtlənd/
mortner	/ˈmɔɹtnɚ/
morton	/ˈmɔɹtən/
morton's	/ˈmɔɹtənz/
mortuary	/ˈmɔɹtʃuˌɛɹi/
morty	/ˈmɔɹti/
moruhiro	/ˌmɔɹuˈhɪɹoʊ/
moruhiro's	/ˌmɔɹuˈhɪɹoʊz/
morvant	/ˈmɔɹvənt/
morven	/ˈmɔɹvən/
morvillo	/mɔɹˈvɪloʊ/
mory	/ˈmɔɹi/
morze	/ˈmɔɹz/
mos	/ˈmɔs/
mosaic	/moʊˈzeɪɪk/
mosaical	/moʊˈzeɪɪkəl/
mosaicked	/moʊˈzeɪɪkt/
mosaics	/moʊˈzeɪɪks/
mosbacher	/ˈmɑsbɑkɚ/
mosbrucker	/ˈmɑsbɹəkɚ/
mosby	/ˈmɔsbi/
mosca	/ˈmoʊskə/
moscato	/moʊˈskɑtoʊ/
moschella	/moʊˈskɛlə/
moschetti	/moʊˈskɛti/
mosco	/ˈmoʊskoʊ/
moscom	/ˈmɔskəm/
moscoso	/moʊˈskoʊsoʊ/
moscow	/ˈmɑˌskoʊ/
moscow's	/ˈmɔˌskoʊz/
moscowane	/ˈmɑskoʊweɪn/
moscowitz	/ˈmɑskəwɪts/
mose	/ˈmoʊz/
mosel	/ˈmoʊsəl/
moseley	/ˈmoʊzˌli/
moseley-braun	/ˈmoʊzliˈbɹɑn/
moselle	/moʊˈzɛl/
mosely	/ˈmoʊzli/
moseman	/ˈmoʊsmən/
moser	/ˈmoʊzɚ/
moses	/ˈmoʊzəs/
mosey	/ˈmoʊzi/
mosh	/ˈmɔʃ/
moshe	/moʊˈʃɛ/
moshe's	/moʊˈʃɛz/
mosher	/ˈmoʊʒɚ/
moshier	/ˈmɑʃiɚ/
moshood	/ˈmɑsˌhʊd/
moshus	/ˈmoʊʃəs/
mosie	/ˈmɑsi/
mosier	/ˈmoʊʒɚ/
mosiman	/ˈmoʊsimən/
mosinee	/məˈsini/
mosk	/ˈmɔsk/
moskal	/ˈmɑskəl/
moskatel's	/ˌmɔskəˈtɛlz/
mosko	/ˈmoʊskoʊ/
moskolenko	/ˌmɔskoʊˈlɛŋkoʊ/
moskovitz	/ˈmɑskəvɪts/
moskow	/ˈmɑskoʊ/
moskowitz	/ˈmɔskəwɪts/
moskwa	/ˈmɑskvə/
mosle	/ˈmoʊsəl/
moslem	/ˈmɑzləm/
moslems	/ˈmɑzləmz/
mosler	/ˈmɑsəlɚ/
mosley	/ˈmoʊzli/
mosman	/ˈmɑsmən/
mosque	/ˈmɑsk/
mosqueda	/moʊˈskweɪdə/
mosquera	/moʊˈskwɛɹə/
mosques	/ˈmɑsks/
mosquito	/məˈskitoʊ/
mosquitoes	/məˈskitoʊz/
mosquitos	/məˈskitoʊz/
moss	/ˈmɔs/
mossad	/moʊˈsæd/
mossbacher	/ˈmɑsbɑkɚ/
mossbarger	/ˈmɑsbɑɹɡɚ/
mossberg	/ˈmɔsbɚɡ/
mossburg	/ˈmɔsbɚɡ/
mosser	/ˈmɔsɚ/
mosses	/ˈmɔsəz/
mossey	/ˈmɑsi/
mossholder	/ˈmɔsˌhoʊldɚ/
mosslike	/ˈmɔˌslaɪk/
mossman	/ˈmɔsmən/
mosso	/ˈmoʊsoʊ/
mossy	/ˈmɔsi/
most	/ˈmoʊst/
mostaert	/məˈsteɪɹt/
mostar	/ˈmoʊstɑɹ/
mostar's	/ˈmoʊstɑɹz/
mostek	/ˈmɑstɪk/
mosteller	/ˈmɑstəlɚ/
moster	/ˈmoʊstɚ/
mostly	/ˈmoʊstli/
mostoller	/ˈmɑstoʊlɚ/
mostow	/ˈmɑstaʊ/
mostrom	/ˈmɑstɹəm/
mostyn	/ˈmɑstɪn/
mosul	/ˈmoʊsəl/
mosur	/ˌmoʊˈsʊɹ/
moszkowski	/ˌmɑˈskaʊski/
mota	/ˈmoʊtə/
mote	/ˈmoʊt/
motel	/moʊˈtɛl/
motels	/moʊˈtɛlz/
moten	/ˈmoʊtən/
motes	/ˈmoʊts/
moteurs	/moʊˈtuɹz/
moth	/ˈmɔθ/
mothball	/ˈmɔθˌbɔl/
mothballed	/ˈmɔθˌbɔld/
mothballing	/ˈmɔθˈbɔlɪŋ/
mothballs	/ˈmɔθˌbɔlz/
mother	/ˈmʌðɚ/
mother-in-law	/ˈmʌðɚɪnˌlɔ/
mother's	/ˈmʌðɚz/
motherboard	/ˈmʌðɚˌbɔɹd/
mothercare	/ˈmʌðɚˌkɛɹ/
motherfucker	/ˈmʌðɚˌfʌkɚ/
motherfucker's	/ˈmʌðɚˌfʌkɚz/
motherfuckers	/ˈmʌðɚˌfʌkɚz/
motherfucking	/ˈmʌðɚˌfʌkɪŋ/
motherhood	/ˈmʌðɚˌhʊd/
mothering	/ˈmʌðɚɪŋ/
motherland	/ˈmʌðɚˌlænd/
motherless	/ˈmʌðɚlɪs/
motherly	/ˈmʌðɚli/
mothers	/ˈmʌðɚz/
mothers-in-law	/ˈmʌðɚzɪnˌlɔ/
mothers'	/ˈmʌθɚz/
mothershead	/ˈmʌðɚzˌhɛd/
mothershed	/ˈmʌðɚˌʃɛd/
mothership	/ˈmʌðɚˌʃɪp/
mothership's	/ˈmʌðɚˌʃɪps/
motherships	/ˈmʌðɚˌʃɪps/
mothon	/ˈmɑθən/
moths	/ˈmɔθs/
moti	/ˈmoʊti/
motif	/moʊˈtif/
motifs	/moʊˈtifs/
motile	/ˈmoʊtəl/
motility	/moʊˈtɪlɪti/
motion	/ˈmoʊʃən/
motioned	/ˈmoʊʃənd/
motioning	/ˈmoʊʃənɪŋ/
motionless	/ˈmoʊʃənləs/
motions	/ˈmoʊʃənz/
motivate	/ˈmoʊtəˌveɪt/
motivated	/ˈmoʊtəˌveɪtəd/
motivates	/ˈmoʊtəˌveɪts/
motivating	/ˈmoʊtəˌveɪtɪŋ/
motivation	/ˌmoʊtəˈveɪʃən/
motivational	/ˌmoʊtəˈveɪʃənəl/
motivations	/ˌmoʊtəˈveɪʃənz/
motivator	/ˈmoʊtəveɪtɚ/
motive	/ˈmoʊtɪv/
motives	/ˈmoʊtɪvz/
motl	/ˈmɑtəl/
motley	/ˈmɑtli/
moto	/ˈmoʊtoʊ/
motohashi	/ˌmoʊtoʊˈhɑʃi/
motola	/moʊˈtoʊlə/
moton	/ˈmoʊtoʊn/
motonori	/ˌmoʊtoʊˈnɔɹi/
motor	/ˈmoʊtɚ/
motor's	/ˈmoʊtɚz/
motorbike	/ˈmoʊtɚˌbaɪk/
motorbikes	/ˈmoʊtɚˌbaɪks/
motorboat	/ˈmoʊtɚˌboʊt/
motorcade	/ˈmoʊtɚˌkeɪd/
motorcades	/ˈmoʊtɚˌkeɪdz/
motorcar	/ˈmoʊtɚˌkɑɹ/
motorcars	/ˈmoʊtɚˌkɑɹz/
motorcycle	/ˈmoʊtɚˌsaɪkəl/
motorcycles	/ˈmoʊtɚˌsaɪkəlz/
motorcyclist	/ˈmoʊtɚˌsaɪkəlɪst/
motorcyclists	/ˈmoʊtɚˌsaɪkəlɪsts/
motoren	/ˈmoʊtɚən/
motoring	/ˈmoʊtɚɪŋ/
motorist	/ˈmoʊtɚɪst/
motorists	/ˈmoʊtɚəsts/
motorize	/ˈmoʊtɚˌaɪz/
motorized	/ˈmoʊtɚˌaɪzd/
motorola	/ˌmoʊtɚˈoʊlə/
motorola's	/ˌmoʊtɚˈoʊləz/
motors	/ˈmoʊtɚz/
motors'	/ˈmoʊtɚz/
motown	/ˈmoʊˌtaʊn/
motown's	/ˈmoʊˌtaʊnz/
motrin	/ˈmɑtɹɪn/
mots	/ˈmɑts/
motsinger	/ˈmɑtsɪndʒɚ/
motsoaledi	/mɑtsoʊˈleɪdi/
mott	/ˈmɑt/
mott's	/ˈmɑts/
motte	/ˈmɑt/
motter	/ˈmɑtɚ/
mottern	/ˈmɑtɚn/
mottl	/ˈmɑtəl/
mottled	/ˈmɑtəld/
mottley	/ˈmɑtli/
mottling	/ˈmɑtəlɪŋ/
motto	/ˈmɑtoʊ/
mottola	/moʊˈtoʊlə/
mottos	/ˈmɑtoʊz/
mottram	/ˈmɑtɹəm/
motts	/ˈmɑts/
mottus	/ˈmɑtəs/
motyka	/ˈmɑtaɪkə/
motyl	/ˈmoʊtəl/
motz	/ˈmɑts/
motzer	/ˈmoʊtzɚ/
motzko	/ˈmɑtskoʊ/
moua	/ˈmaʊə/
moudry	/ˈmoʊdɹi/
moudy	/ˈmaʊdi/
moue	/ˈmu/
moueix	/ˌmuˈwaɪks/
moul	/ˈmaʊl/
mould	/ˈmoʊld/
moulden	/ˈmoʊldən/
moulder	/ˈmoʊldɚ/
moulding	/ˈmoʊldɪŋ/
mouldings	/ˈmoʊldɪŋz/
moulds	/ˈmoʊldz/
mouldy	/ˈmoʊldi/
moulin	/muˈlæn/
moulinex	/ˈmulɪnɛks/
moulthrop	/ˈmaʊlθɹəp/
moulton	/ˈmoʊltən/
moultrie	/ˈmoʊltɹi/
mounce	/ˈmaʊns/
mound	/ˈmaʊnd/
mounds	/ˈmaʊndz/
mounger	/ˈmaʊŋɚ/
mounsey	/ˈmaʊnsi/
mount	/ˈmaʊnt/
mount-everest	/ˌmaʊnˈtɛvɚɛst/
mountain	/ˈmaʊntən/
mountain's	/ˈmaʊntənz/
mountaineer	/ˈmaʊntɪˌnɪɹ/
mountaineering	/ˈmaʊntɪˌnɪɹɪŋ/
mountaineers	/ˈmaʊntɪˌnɪɹz/
mountainous	/ˈmaʊntənəs/
mountains	/ˈmaʊntənz/
mountainside	/ˈmaʊntənˌsaɪd/
mountainsides	/ˈmaʊntənˌsaɪdz/
mountaintop	/ˈmaʊntənˌtɑp/
mountaintops	/ˈmaʊntənˌtɑps/
mountcastle	/ˈmaʊntˌkæsəl/
mounted	/ˈmaʊntəd/
mountford	/muntˈfɔɹd/
mounties	/ˈmaʊntiz/
mounting	/ˈmaʊntɪŋ/
mountjoy	/ˈmaʊntˌdʒɔɪ/
mountleigh	/ˈmaʊntˌli/
mountleigh's	/ˈmaʊntˌliz/
mounts	/ˈmaʊnts/
mountz	/ˈmaʊnts/
moura	/ˈmʊɹə/
mourad	/ˈmuɹæd/
mouradian	/mɔˈɹeɪdiən/
mourer	/ˈmɔɹɚ/
mourn	/ˈmɔɹn/
mourned	/ˈmɔɹnd/
mourner	/ˈmɔɹnɚ/
mourners	/ˈmɔɹnɚz/
mournful	/ˈmɔɹnfəl/
mourning	/ˈmɔɹnɪŋ/
mourns	/ˈmɔɹnz/
mouse	/ˈmaʊs/
mousehole	/ˈmaʊsˌhoʊl/
mousel	/muˈsɛl/
mousepad	/ˈmaʊspæd/
mouser	/ˈmaʊzɚ/
mousers	/ˈmaʊzɚz/
mousetrap	/ˈmaʊˌstɹæp/
mousley	/ˈmaʊsli/
moussa	/ˈmaʊsə/
moussaka	/muˈsɑkə/
mousse	/ˈmus/
mousseau	/ˌmuˈsoʊ/
moussorgsky	/muˈsɔɹɡski/
moustache	/ˈmʌˌstæʃ/
mousy	/ˈmaʊsi/
mouth	/ˈmaʊθ/
mouthed	/ˈmaʊðd/
mouthful	/ˈmaʊθˌfʊl/
mouthing	/ˈmaʊðɪŋ/
mouthpart	/ˈmaʊθˌpɑɹt/
mouthparts	/ˈmaʊθˌpɑɹts/
mouthpiece	/ˈmaʊθˌpis/
mouthpieces	/ˈmaʊθˌpisɪz/
mouths	/ˈmaʊðz/
mouthwash	/ˈmaʊθˌwɑʃ/
mouthy	/ˈmaʊθi/
mouton	/ˈmutɔn/
moutray	/muˈtɹeɪ/
moutse	/ˈmutsi/
mouw	/ˈmaʊw/
mouzon	/muˈzɔn/
movable	/ˈmuvəbəl/
move	/ˈmuv/
moved	/ˈmuvd/
movement	/ˈmuvmənt/
movement's	/ˈmuvmənts/
movements	/ˈmuvmənts/
mover	/ˈmuvɚ/
movers	/ˈmuvɚz/
moves	/ˈmuvz/
movida	/ˌmuˈvidə/
movie	/ˈmuvi/
movie's	/ˈmuviz/
moviegoer	/ˈmuˌviˌɡoʊɚ/
moviegoers	/ˈmuˌviˌɡoʊɚz/
moviegoing	/ˈmuˌviˌɡoʊɪŋ/
movielab	/ˈmuviˌlæb/
movieline	/ˈmuvilaɪn/
moviemaker	/ˈmuˌviˌmeɪkɚ/
moviemakers	/ˈmuˌviˌmeɪkɚz/
moviemaking	/ˈmuˌviˌmeɪkɪŋ/
movies	/ˈmuviz/
movietime	/ˈmuviˌtaɪm/
moving	/ˈmuvɪŋ/
movingly	/ˈmuvɪŋli/
mow	/ˈmoʊ/
mowat	/ˈmoʊət/
mowatt	/ˈmoʊət/
mowbray	/ˈmoʊbɹeɪ/
mowdy	/ˈmoʊdi/
mowed	/ˈmoʊd/
mowell	/ˈmɑwɛl/
mowen	/ˈmoʊən/
mower	/ˈmoʊɚ/
mowers	/ˈmoʊɚz/
mowery	/ˈmaʊɚi/
mowing	/ˈmaʊɪŋ/
mowrer	/ˈmɔɹɚ/
mowrey	/ˈmɔɹi/
mowry	/ˈmɔɹi/
mows	/ˈmaʊz/
moxie	/ˈmɑksi/
moxley	/ˈmɑksli/
moxon	/ˈmɑksən/
moy	/ˈmɔɪ/
moya	/ˈmɔɪə/
moye	/ˈmɔɪ/
moyer	/ˈmɔɪɚ/
moyer's	/ˈmɔɪɚz/
moyers	/ˈmɔɪɚz/
moyes	/ˈmɔɪz/
moyl	/ˈmɔɪl/
moylan	/ˈmɔɪlən/
moyle	/ˈmɔɪl/
moyna	/ˈmɔɪnə/
moynahan	/ˈmɔɪnəhæn/
moynihan	/ˈmɔɪnɪhæn/
moynihan's	/ˈmɔɪnɪhænz/
moyse	/ˈmɔɪs/
mozambican	/ˌmoʊzæmˈbikən/
mozambicans	/ˌmoʊzæmˈbikənz/
mozambique	/ˌmoʊzæmˈbik/
mozart	/ˈmoʊzɑɹt/
mozart's	/ˈmoʊzɑɹts/
mozartean	/ˌmoʊˈzɑɹtiən/
mozee	/ˈmɑzi/
mozelle	/məˈzɛl/
mozena	/məˈzinə/
mozer	/ˈmoʊzɚ/
mozer's	/ˈmoʊzɚz/
mozingo	/moʊˈziŋɡoʊ/
mozley	/ˈmɑzli/
mozzarella	/ˌmɑtsəˈɹɛlə/
mpeg	/ˈɛmˌpɛɡ/
mpg	/ˈɛmˈpiˈdʒi/
mph	/ˈɛmˈpiˈeɪtʃ/
mr	/ˈmɪstɚ/
mr.	/ˈmɪstɚ/
mraz	/ˈmɹæz/
mrazek	/ˈmɹɑzɛk/
mrazik	/ˈmɹɑzɪk/
mri	/ˌɛˌmɑˈɹaɪ/
mroczek	/ˈmɹɑtʃɛk/
mroczka	/ˈmɹɑtʃkə/
mroczkowski	/mɹətʃˈkɔfski/
mrotek	/ˈmɹoʊˌtɛk/
mroz	/ˈmɹɑz/
mrozek	/ˈmɹoʊzɛk/
mrozinski	/mɹəˈzɪnski/
mrs	/ˈmɪsɪz/
mrs.	/ˈmɪsɪz/
mruk	/ˈmɹʌk/
ms	/ˈmɪz/
ms.	/ˈmɪz/
msgr	/mɑnˈsinjɚ/
mssrs	/ˈmɛsɚz/
mssrs.	/ˈmɛsɚz/
mt	/ˈmaʊnt/
mtel	/ˈɛmˌtɛl/
mtv	/ˈɛmˈtiˈvi/
mu	/ˈmu/
muammar	/muˈæmɚ/
muavenet	/ˌmuəˈvɛnɪt/
mubarak	/muˈbɑɹɪk/
mubarak's	/muˈbɑɹɪks/
mucci	/ˈmutʃi/
muccio	/ˈmutʃioʊ/
much	/ˈmʌtʃ/
mucha	/ˈmʌtʃə/
muchmore	/ˈmʌkmɔɹ/
muchnick	/ˈmʌknɪk/
mucho	/ˈmutʃoʊ/
muchow	/ˈmʌtʃoʊ/
muck	/ˈmʌk/
muckenfuss	/ˈmʌkənˌfʌs/
muckey	/ˈmʌki/
mucking	/ˈmʌkɪŋ/
muckle	/ˈmʌkəl/
muckleroy	/ˈmʌklɚɔɪ/
muckrake	/ˈmʌˌkɹeɪk/
muckraker	/ˈmʌˌkɹeɪkɚ/
muckraking	/ˈmʌˌkɹeɪkɪŋ/
mucky	/ˈmʌki/
mucosa	/mjuˈkoʊsə/
mucosal	/mjuˈkoʊsəl/
mucous	/ˈmjukəs/
mucus	/ˈmjukəs/
mud	/ˈmʌd/
mudd	/ˈmʌd/
muddied	/ˈmʌdid/
muddier	/ˈmʌdiɚ/
muddle	/ˈmʌdəl/
muddled	/ˈmʌdəld/
muddleheaded	/ˈmʌdəlˌhɛdəd/
muddles	/ˈmʌdəlz/
muddling	/ˈmʌdəlɪŋ/
muddy	/ˈmʌdi/
muddying	/ˈmʌdiɪŋ/
mudge	/ˈmʌdʒ/
mudgett	/ˈmʌdʒɪt/
mudra	/ˈmʌdɹə/
mudrick	/ˈmʌdɹɪk/
mudry	/ˈmʌdɹi/
muds	/ˈmʌdz/
mudslide	/ˈmʌdslaɪd/
mudslides	/ˈmʌdslaɪdz/
mudslinging	/ˈmʌdˌslɪŋɪŋ/
mudwagon	/ˈmʌˌdwæɡən/
muecke	/ˈmuk/
muegge	/ˈmuɡ/
muehl	/ˈmjul/
muehlbauer	/ˈmjulbaʊɚ/
muehlebach	/ˈmjulˌbɑk/
muehler	/ˈmjulɚ/
mueller	/ˈmjulɚ/
muellner	/ˈmjulnɚ/
muench	/ˈmjuŋk/
muenchen	/ˈmjuntʃən/
muenchow	/ˈmuntʃaʊ/
muenster	/ˈmjunstɚ/
muetzel	/ˈmjutzəl/
muff	/ˈmʌf/
muffin	/ˈmʌfən/
muffins	/ˈmʌfənz/
muffle	/ˈmʌfəl/
muffled	/ˈmʌfəld/
muffler	/ˈmʌflɚ/
mufflers	/ˈmʌflɚz/
muffles	/ˈmʌfəlz/
muffley	/ˈmʌfli/
muffling	/ˈmʌflɪŋ/
muffoletto	/mufoʊˈlɛtoʊ/
muffs	/ˈmʌfs/
muffy	/ˈmʌfi/
mug	/ˈmʌɡ/
mugabe	/muˈɡɑbeɪ/
mugabe's	/muˈɡɑbeɪz/
mugar	/ˈmjuɡɚ/
mugavero	/muɡɑˈvɛɹoʊ/
mugford	/ˈmʌɡfɚd/
mugged	/ˈmʌɡd/
mugger	/ˈmʌɡɚ/
muggeridge	/ˈmʌɡɚˌɪdʒ/
muggers	/ˈmʌɡɚz/
mugging	/ˈmʌɡɪŋ/
muggings	/ˈmʌɡɪŋz/
muggsy	/ˈmʌɡsi/
muggy	/ˈmʌɡi/
mughniyeh	/ˈmʌɡnɪjə/
mugniyah	/ˈmʌɡnɪjə/
mugs	/ˈmʌɡz/
mugu	/ˈmuɡu/
muha	/ˈmjuhə/
muhabara	/ˌmuhəˈbɑɹə/
muhamed	/mʊˈhɑmɛd/
muhamed's	/mʊˈhɑmɛdz/
muhammad	/mʊˈhɑməd/
muhammad's	/mʊˈhɑmədz/
muhammed	/mʊˈhɑmɛd/
muhammed's	/mʊˈhɑmɛdz/
muharram	/məˈhæɹəm/
muhl	/ˈmʌl/
muhlbauer	/ˈmulbaʊɚ/
muhlenkamp	/ˈmulɪnkæmp/
muhr	/ˈmʊɹ/
muhs	/ˈmʌs/
mui	/ˈmuɪ/
muilenburg	/ˈmulənbɚɡ/
muir	/ˈmjʊɹ/
muirfield	/ˈmjʊɹfild/
muirhead	/ˈmjʊɹˌhɛd/
muise	/ˈmuz/
mujahadeen	/mjuˈdʒæhəˌdin/
mujahedeen	/ˌmudʒəhɛˈdin/
mujahideen	/ˌmudʒəhɛˈdin/
mujica	/ˈmjudʒɪkə/
mujzel	/ˈmʌdʒzəl/
mukai	/muˈkɑi/
mukasey	/ˈmjukɪsi/
mukherjee	/məˈkɝdʒi/
mukhopadhyay	/ˌmukoʊˈpɑdjaɪ/
mukluk	/ˈmʌklək/
mul's	/ˈmʊlz/
mula	/ˈmjulə/
mulanaphy	/ˈmjuləˌnæfi/
mulanax	/ˈmjulənæks/
mulatto	/məˈlɑtoʊ/
mulberry	/ˈmʌlˌbɛɹi/
mulcahey	/ˈmʌlkəhi/
mulcahy	/məlˈkeɪhi/
mulcare	/ˈmʌlkɚ/
mulch	/ˈmʌltʃ/
mulched	/ˈmʌltʃt/
mulches	/ˈmʌltʃɪz/
mulching	/ˈmʌltʃɪŋ/
mulct	/ˈmʌlkt/
mulder	/ˈmʌldɚ/
muldoon	/məlˈdun/
muldorfer	/ˈmʌlˌdɔfɚ/
muldowney	/ˈmʌldaʊni/
muldrew	/ˈmʌldɹu/
muldrow	/ˈmʌldɹaʊ/
mule	/ˈmjul/
mules	/ˈmjulz/
mulford	/ˈmʌlfɚd/
mulgrew	/ˈmʌlɡɹu/
mulhall	/ˈmʌlhəl/
mulhearn	/ˈmʌlhɚn/
mulheren	/məlˈhɛɹən/
mulheren's	/məlˈhɛɹənz/
mulherin	/ˈmʌlhɚɪn/
mulhern	/ˈmʌlhɚn/
mulholland	/ˌmʌlˈhɑlənd/
mulhouse	/ˈmʌlˌhaʊs/
mulkern	/ˈmʌlkɚn/
mulkey	/ˈmʌlki/
mulkins	/ˈmʌlkɪnz/
mull	/ˈmʌl/
mullady	/ˈmʌlədi/
mullah	/ˈmʌlə/
mullahs	/ˈmʌləz/
mullally	/ˈmʌləli/
mullaly	/ˈmʌləli/
mullan	/ˈmʌlən/
mullane	/ˈmʌlən/
mullaney	/ˈmʌləni/
mullany	/ˈmʌləni/
mullarkey	/məˈlɑɹki/
mulldorfer	/ˈmʌldɔɹfɚ/
mulled	/ˈmʌld/
mullen	/ˈmʌlən/
mullenax	/ˈmʌləˌnæks/
mullendore	/muˈlɛndɔɹ/
mullenix	/ˈmulɪnɪks/
mullens	/ˈmʌlənz/
muller	/ˈmʌlɚ/
muller's	/ˈmʌlɚz/
mullet	/ˈmʌlət/
mullett	/ˈmulɪt/
mullican	/ˈmʌlɪkən/
mulligan	/ˈmʌlɪɡən/
mulligans	/ˈmʌlɪɡənz/
mulligatawny	/ˈmʌlɪɡəˈtɑni/
mulliken	/ˈmʌlɪkən/
mullikin	/ˈmʌlɪkɪn/
mullin	/ˈmʌlɪn/
mullinax	/ˈmʌlɪnæks/
mullineaux	/ˈmʌlɪˌnoʊ/
mulling	/ˈmʌlɪŋ/
mullings	/ˈmʌlɪŋz/
mullinix	/ˈmʌlɪnɪks/
mullins	/ˈmʌˌlɪnz/
mullis	/ˈmʌlɪs/
mulloy	/ˈmʌlɔɪ/
mulls	/ˈmʌlz/
mulnix	/ˈmʌlnɪks/
mulqueen	/məlˈkwin/
mulroney	/məlˈɹoʊni/
mulroney's	/məlˈɹoʊniz/
mulrooney	/ˈmʌlɹuni/
mulroy	/ˈmʌlˌɹɔɪ/
mulry	/ˈmʌlɹi/
multer	/ˈmʌltɚ/
multi	/ˈmʌlti/
multibank	/ˈmʌltiˌbæŋk/
multibillion	/ˌmʌlˌtaɪˈbɪljən/
multicandidate	/ˌmʌltiˈkændɪˌdeɪt/
multicenter	/ˈmʌltiˌsɛntɚ/
multicolor	/ˌmʌltiˈkʌlɚ/
multicolored	/ˌmʌltiˈkʌlɚd/
multicultural	/ˌmʌltiˈkʌltʃɚəl/
multiculturalism	/ˌmʌltiˈkʌltʃɚəˌlɪzəm/
multidex	/ˈmʌltɪˌdɛks/
multiemployer	/ˌmʌltiɪmˈplɔɪɚ/
multiethnic	/ˌmʌltiˈɛθnɪk/
multifacet	/ˌmʌltiˈfæsət/
multifaceted	/ˌmʌltiˈfæsətɪd/
multifamily	/ˌmʌltaɪˈfæməli/
multifoods	/ˈmʌltiˈfudz/
multifoods'	/ˈmʌltiˌfudz/
multifunctional	/ˌmʌltiˈfʌŋkˌʃʌnəl/
multilateral	/ˌmʌltɪˈlætɚəl/
multilateralism	/ˌmʌltɪˈlætɚəˌlɪzəm/
multilaterally	/ˌmʌltɪˈlætɚəli/
multilayer	/ˌmʌltiˈleɪɚ/
multilayered	/ˌmʌltiˈleɪɚd/
multilevel	/ˌmʌltaɪˈlɛvəl/
multiline	/ˈmʌltiˌlaɪn/
multilingual	/ˌmʌltiˈlɪŋwəl/
multimarket	/ˈmʌltiˈmɑɹkɪt/
multimate	/ˈmʌltiˌmeɪt/
multimedia	/ˌmʌltiˈmidiə/
multimedia's	/ˌmʌltiˈmidiəz/
multimillion	/ˌmʌlˌtaɪˈmɪljən/
multimillionaire	/ˌmʌltiˌmɪljəˈnɛɹ/
multimillionaires	/ˌmʌltiˌmɪljəˈnɛɹz/
multinational	/ˌmʌlˌtaɪˈnæʃənəl/
multinationals	/ˌmʌlˌtaɪˈnæʃənəlz/
multipart	/ˈmʌltiˌpɑɹt/
multiparty	/ˈmʌltiˌpɑɹti/
multiplayer	/ˈmʌltiˌpleɪɚ/
multiple	/ˈmʌltəpəl/
multiples	/ˈmʌltəpəlz/
multiplex	/ˈmʌltiˌplɛks/
multiplexer	/ˈmʌltiˌplɛksɚ/
multiplexers	/ˈmʌltiˌplɛksɚz/
multiplication	/ˌmʌltəpləˈkeɪʃən/
multiplicity	/ˌmʌltəˈplɪsɪti/
multiplied	/ˈmʌltəˌplaɪd/
multiplier	/ˈmʌltəˌplaɪɚ/
multiplies	/ˈmʌltəˌplaɪz/
multiply	/ˈmʌltəˌplaɪ/
multiplying	/ˈmʌltəˌplaɪɪŋ/
multiprocessor	/ˌmʌltiˈpɹɑˌsɛsɚ/
multipurpose	/ˌmʌltiˈpɝpəs/
multiracial	/ˌmʌlˌtaɪˈɹeɪʃəl/
multistate	/ˈmʌltiˈsteɪt/
multistory	/ˈmʌltiˌstɔɹi/
multitask	/ˈmʌltiˌtæsk/
multitasking	/ˈmʌltiˌtæskɪŋ/
multitude	/ˈmʌltəˌtud/
multitudes	/ˈmʌltətˌjudz/
multiuser	/ˈmʌltiˌjuzɚ/
multivalve	/ˈmʌltivælv/
multivariate	/ˌmʌltiˈvæɹiɪt/
multivariates	/ˌmʌltiˈvæɹiɪts/
multivision	/ˌmʌltiˈvɪʒən/
multivitamin	/ˌmʌltiˈvaɪˌtʌmən/
multiyear	/ˈmʌltiˈjiɹ/
multnomah	/ˌmʌlˈnoʊmə/
mulvaney	/ˌmʌlˈveɪni/
mulvany	/ˌmʌlˈveɪni/
mulvehill	/ˈmʌlvhɪl/
mulvey	/məlˈveɪ/
mulvihill	/ˈmʌlvihɪl/
mum	/ˈmʌm/
mum's	/ˈmʌmz/
muma	/ˈmjumə/
mumaw	/ˈmumɔ/
mumbai	/ˌmʊmˈbaɪ/
mumble	/ˈmʌmbəl/
mumbled	/ˈmʌmbəld/
mumbles	/ˈmʌmbəlz/
mumbling	/ˈmʌmbəlɪŋ/
mumbo	/ˈmʌmboʊ/
mumby	/ˈmʌmbi/
mumford	/ˈmʌmfɚd/
mumia	/məˈmijə/
mumm	/ˈmʌm/
mumma	/ˈmʌmə/
mumme	/ˈmʌm/
mummer	/ˈmʌmɚ/
mummer's	/ˈmʌmɚz/
mummert	/ˈmʌmɚt/
mummey	/ˈmʌmi/
mummies	/ˈmʌmiz/
mummification	/ˌmʌmɪfɪˈkeɪʃən/
mummified	/ˈmʌmɪˌfaɪd/
mummify	/ˈmʌməˌfaɪ/
mummifying	/ˈmʌməˌfaɪɪŋ/
mummy	/ˈmʌmi/
mummy's	/ˈmʌmiz/
mumper	/ˈmʌmpɚ/
mumphrey	/ˈmʌmfɹi/
mumpower	/ˈmʌmpoʊɚ/
mumps	/ˈmʌmps/
mums	/ˈmʌmz/
mun	/ˈmʌn/
munafo	/muˈnɑfoʊ/
munce	/ˈmʌns/
muncee	/ˈmʌnsi/
muncey	/ˈmʌnsi/
munch	/ˈmʌntʃ/
munchausen	/ˈmʌnˌtʃaʊzɪn/
munched	/ˈmʌntʃt/
munchies	/ˈmʌnˌtʃiz/
munching	/ˈmʌntʃɪŋ/
muncie	/ˈmʌnsi/
muncy	/ˈmʌnsi/
mund	/ˈmʌnd/
mundane	/mənˈdeɪn/
munday	/ˈmʌnˌdeɪ/
mundell	/ˈmʌndəl/
munden	/ˈmʌndən/
mundi	/ˈmʌndi/
mundie	/ˈmʌndi/
mundinger	/ˈmʌndɪŋɚ/
mundis	/ˈmʌndɪs/
mundlow	/ˈmʌndloʊ/
mundo	/ˈmʌndoʊ/
mundorf	/ˈmʌndɔɹf/
mundorff	/ˈmʌndɔɹf/
mundt	/ˈmʌnt/
mundy	/ˈmʌndi/
munford	/ˈmʌnfɚd/
munford's	/ˈmʌnfɚdz/
munger	/ˈmʌŋɚ/
mungia	/ˈmundʒə/
mungin	/ˈmʌŋɡɪn/
mungle	/ˈmʌŋɡəl/
mungo	/ˈmʌŋɡoʊ/
munguia	/ˈmunɡwiə/
muni	/ˈmjuni/
munich	/ˈmjunɪk/
munich's	/ˈmjunɪks/
municipal	/mjuˈnɪsəpəl/
municipalities	/ˌmjunɪsəˈpælɪtiz/
municipality	/ˌmjunɪsəˈpæləti/
municipally	/mjuˈnɪsɪpəli/
municipals	/mjuˈnɪsɪpəlz/
munier	/ˈmjuniɚ/
munis	/ˈmjunɪs/
munition	/mjuˈnɪʃən/
munitions	/mjuˈnɪʃənz/
muniz	/ˈmjunɪz/
munk	/ˈmʌŋk/
munkres	/ˈmʌŋkɚz/
munley	/ˈmʌnli/
munn	/ˈmʌn/
munnell	/ˈmʌnəl/
munnerlyn	/məˈnɝlɪn/
munni	/ˈmjuni/
munns	/ˈmʌnz/
munos	/ˈmunoʊz/
munoz	/ˈmunjoʊz/
munro	/mənˈɹoʊ/
munroe	/ˈmʌnɹoʊ/
muns	/ˈmʌnz/
munsch	/ˈmʌnʃ/
munsell	/ˈmʌnsəl/
munsey	/ˈmʌnzi/
munsingwear	/ˈmʌnsɪŋˌwɛɹ/
munson	/ˈmʌnsən/
munster	/ˈmʌnstɚ/
munsterman	/ˈmʌnstɚmən/
munt	/ˈmʌnt/
muntean	/mənˈtin/
munter	/ˈmʌntɚ/
muntz	/ˈmʌnts/
munyan	/ˈmʌnjən/
munyon	/ˈmʌnjən/
munz	/ˈmʌnz/
munzer	/ˈmʌnzɚ/
muoio	/ˈmwoʊioʊ/
muolo	/ˈmwoʊloʊ/
muppet	/ˈmʌpət/
muppets	/ˈmʌpɪts/
mura	/ˈmʊɹə/
murad	/ˈmjʊɹæd/
murai	/mjɚˈaɪ/
murakami	/mʊɹɑˈkɑmi/
mural	/ˈmjʊɹəl/
murali	/mɚˈɑli/
murals	/ˈmjʊɹəlz/
muramatsu	/ˌmuɹɑˈmɑtˌsu/
muramoto	/mʊɹɑˈmoʊtoʊ/
muranaga	/mɚɹəˈnɑɡə/
murano	/mʊˈɹɑnoʊ/
muraoka	/mʊɹɑˈoʊkə/
murase	/ˈmjɝeɪz/
muraski	/mɚˈɑski/
murasky	/mɚˈæski/
murata	/mʊˈɹɑtə/
muratore	/mʊɹɑˈtɔɹeɪ/
muravich	/ˈmɝəˌvɪtʃ/
murawski	/mɚˈɑfski/
murayama	/ˌmɝaɪˈɑmə/
murayama's	/ˌmɝaɪˈɑməz/
murch	/ˈmɝk/
murchie	/ˈmɝtʃi/
murchinson	/ˈmɝtʃɪnsən/
murchison	/ˈmɝtʃɪsən/
murdaugh	/ˈmɝdɔ/
murden	/ˈmɝdən/
murder	/ˈmɝdɚ/
murdered	/ˈmɝdɚd/
murderer	/ˈmɝdɚɚ/
murderer's	/ˈmɝdɚɚz/
murderers	/ˈmɝdɚɚz/
murdering	/ˈmɝdɚɪŋ/
murderous	/ˈmɝdɚəs/
murders	/ˈmɝdɚz/
murdick	/ˈmɝdɪk/
murdoch	/ˈmɝdɑk/
murdoch's	/ˈmɝdɑks/
murdock	/ˈmɝdɑk/
murdock's	/ˈmɝdɑks/
murdocks	/ˈmɝdɑks/
murdy	/ˈmɝdi/
murff	/ˈmɝf/
murfin	/ˈmɝfɪn/
murguia	/ˈmʊɹɡwiə/
muri	/ˈmʊɹi/
murial	/ˈmjʊɹiəl/
murias	/ˈmjʊɹiəs/
muriel	/ˈmjʊɹiəl/
murihuro	/ˌmʊɹiˈhʊɹoʊ/
murihuro's	/ˌmʊɹiˈhʊɹoʊz/
murillo	/məˈɹɪloʊ/
murin	/ˈmjʊɹɪn/
murine	/ˈmjʊˌɹin/
murjani	/mɚˈdʒɑni/
murk	/ˈmɝk/
murkier	/ˈmɝkiɚ/
murkland	/ˈmɝˌklænd/
murkowski	/mɚˈkaʊski/
murky	/ˈmɝki/
murley	/ˈmɝli/
murmansk	/mɚmænsk/
murmur	/ˈmɝmɚ/
murmured	/ˈmɝmɚd/
murmuring	/ˈmɝmɚɪŋ/
murmurs	/ˈmɝmɚz/
murnan	/ˈmɝnən/
murnane	/ˈmɝnən/
murnian	/ˈmɝniən/
muro	/ˈmʊɹoʊ/
murph	/ˈmɝf/
murphey	/ˈmɝfi/
murphree	/mɚˈfɹi/
murphrey	/ˈmɝfɹi/
murphy	/ˈmɝfi/
murphy's	/ˈmɝfiz/
murphys	/ˈmɝfiz/
murr	/ˈmɝ/
murrah	/mɚˈɹɑ/
murray	/ˈmɝi/
murray's	/ˈmɝiz/
murree	/ˈmɝi/
murrelet	/ˈmɝlɪt/
murrell	/ˈmɔɹəl/
murren	/ˈmɝən/
murrey	/ˈmɝi/
murrie	/ˈmɝi/
murrieta	/mʊˈɹitə/
murrill	/ˈmɔɹəl/
murrin	/ˈmɔɹɪn/
murrow	/ˈmʌɹoʊ/
murry	/ˈmɝi/
murtagh	/ˈmɝtəɡ/
murtaugh	/ˈmɝtɔ/
murtha	/ˈmɝθə/
murthy	/ˈmɝθi/
murto	/ˈmɝˌtoʊ/
murton	/ˈmɝtən/
murty	/ˈmɝti/
murveit	/mɚˈvit/
murzyn	/ˈmɝzɪn/
musa	/ˈmjusə/
musacchio	/ˌmjuˈsækioʊ/
musalo	/məˈsɑloʊ/
musante	/muˈsɑnti/
musarra	/muˈsɑɹə/
musavi	/mjuˈsɑvi/
musburger	/ˈmʌsbɚɡɚ/
muscarella	/muskɑˈɹɛlə/
muscarello	/muskɑˈɹɛloʊ/
muscat	/ˈmʌskæt/
muscatine	/ˈmʌskəˌtin/
muscato	/muˈskɑtoʊ/
musch	/ˈmʌʃ/
muscle	/ˈmʌsəl/
muscled	/ˈmʌsəld/
muscles	/ˈmʌsəlz/
muscling	/ˈmʌsəlɪŋ/
musco	/ˈmuskoʊ/
muscocho	/məˈskɑtʃoʊ/
muscovite	/ˈmʌskəˌvaɪt/
muscovites	/ˈmʌskəˌvaɪts/
muscular	/ˈmʌskjəlɚ/
musculature	/ˈmʌskjələtʃɚ/
muse	/ˈmjuz/
mused	/ˈmjuzd/
musee	/ˈmjuˈzi/
muses	/ˈmjuzəz/
museum	/mjuˈziəm/
museum's	/mjuˈziəmz/
museums	/mjuˈziəmz/
musgrave	/ˈmʌsɡɹeɪv/
musgrave's	/ˈmʌsɡɹeɪvz/
musgrove	/ˈmʌsɡɹəv/
mush	/ˈmʌʃ/
musha	/ˈmjuʃə/
musher	/ˈmʌʃɚ/
mushers	/ˈmʌʃɚz/
mushroom	/ˈmʌʃɹum/
mushroomed	/ˈmʌˌʃɹʊmd/
mushrooming	/ˈmʌˌʃɹʊmɪŋ/
mushrooms	/ˈmʌʃɹumz/
mushrush	/ˈmʌʃɹəʃ/
mushtaq	/ˈmʌʃtæk/
mushy	/ˈmʌʃi/
musial	/ˈmjuziəl/
music	/ˈmjuzɪk/
music's	/ˈmjuzɪks/
musica	/ˈmjuzɪkə/
musica's	/ˈmjuzɪkəz/
musical	/ˈmjuzɪkəl/
musicality	/ˌmjuzɪˈkæləti/
musically	/ˈmjuzɪkli/
musicals	/ˈmjuzɪkəlz/
musich	/ˈmjusɪk/
musician	/mjuˈzɪʃən/
musician's	/mjuˈzɪʃənz/
musicians	/mjuˈzɪʃənz/
musicians'	/mjuˈzɪʃənz/
musicianship	/mjuˈzɪʃənʃɪp/
musick	/ˈmjusɪk/
musicland	/ˈmjuzɪˌklænd/
musicologist	/ˌmjuzɪˈkɑlədʒəst/
musics	/ˈmjuzɪks/
musidora	/musiˈdɔɹə/
musil	/ˈmuzəl/
musin	/ˈmjusɪn/
musing	/ˈmjuzɪŋ/
musings	/ˈmjuzɪŋz/
musk	/ˈmʌsk/
muska	/ˈmʌskə/
muske	/ˈmʌsk/
muskegon	/məˈskiɡɪn/
musket	/ˈmʌskət/
musketeer	/ˌmʌskəˈtiɹ/
musketeers	/ˌmʌskəˈtiɹz/
muskie	/ˈmʌski/
muskie's	/ˈmʌskiz/
muskmelon	/ˈmʌskˌmɛlən/
muskogee	/məˈskoʊɡi/
muskopf	/ˈmʌskɔpf/
muskrat	/ˈmʌˌskɹæt/
muskrats	/ˈmʌˌskɹætz/
musky	/ˈmʌski/
muslim	/ˈmʌzləm/
muslims	/ˈmʌzləmz/
muslin	/ˈmʌzlən/
musman	/ˈmʌsmən/
musolf	/ˈmjuˌsoʊlf/
musolino	/musoʊˈlinoʊ/
musschenbroek	/məsˈtʃɛnbɹoʊk/
mussel	/ˈmʌsəl/
mussell	/ˈmʌsəl/
musselman	/ˈmʌsəlmən/
mussels	/ˈmʌsəlz/
musselwhite	/ˈmʌsəlˌwaɪt/
musser	/ˈmʌsɚ/
mussman	/ˈmʌsmən/
musso	/ˈmusoʊ/
mussolini	/ˌmusoʊˈlini/
mussolini's	/ˌmusoʊˈliniz/
musson	/ˈmʌsən/
must	/ˈmʌst/
must've	/ˈmʌstɪv/
mustache	/ˈmʌˌstæʃ/
mustached	/ˈmʌˌstæʃt/
mustaches	/ˈmʌˌstæʃɪz/
mustachio	/məˈstæʃiˌoʊ/
mustachioed	/məˈstæʃiˌoʊd/
mustafa	/muˈstɑfə/
mustain	/məˈsteɪn/
mustang	/ˈmʌˌstæŋ/
mustangs	/ˈmʌˌstæŋz/
mustard	/ˈmʌstɚd/
mustards	/ˈmʌstɚdz/
muster	/ˈmʌstɚ/
mustered	/ˈmʌstɚd/
mustering	/ˈmʌstɚɪŋ/
musters	/ˈmʌstɚz/
mustin	/ˈmʌstɪn/
mustn't	/ˈmʌsənt/
musto	/ˈmʌstoʊ/
mustoe	/ˈmʌstoʊ/
muston	/ˈmʌstən/
musty	/ˈmʌsti/
musumeci	/musuˈmɛtʃi/
muszynski	/məˈʃɪnski/
mutable	/ˈmjutəbəl/
mutagen	/ˈmjutədʒɛn/
mutagens	/ˈmjutədʒɛnz/
mutant	/ˈmjutənt/
mutants	/ˈmjutənts/
mutate	/ˈmjuˌteɪt/
mutated	/ˈmjuˌteɪtɪd/
mutating	/ˈmjuteɪtɪŋ/
mutation	/mjuˈteɪʃən/
mutations	/mjuˈteɪʃənz/
mutch	/ˈmʌtʃ/
mutchler	/ˈmʌtʃlɚ/
mute	/ˈmjut/
muted	/ˈmjutɪd/
mutert	/ˈmjutɚt/
mutes	/ˈmjuts/
muth	/ˈmuθ/
muti	/ˈmuˌti/
mutilate	/ˈmjutəˌleɪt/
mutilated	/ˈmjutəˌleɪtəd/
mutilating	/ˈmjutəˌleɪtɪŋ/
mutilation	/ˌmjutəˈleɪʃən/
mutilations	/ˌmjutəˈleɪʃənz/
mutineer	/ˌmjutəˈnɪɹ/
mutineers	/ˌmjutɪˈnɪɹz/
muting	/ˈmjutɪŋ/
mutinied	/ˈmjutənid/
mutinies	/ˈmjutəniz/
mutinous	/ˈmjutənəs/
mutiny	/ˈmjutəni/
mutlangen	/mətˈlæŋɡən/
mutsch	/ˈmʌtʃ/
mutschler	/ˈmʌtʃlɚ/
mutt	/ˈmʌt/
mutter	/ˈmʌtɚ/
muttered	/ˈmʌtɚd/
muttering	/ˈmʌtɚɪŋ/
mutterings	/ˈmʌtɚɪŋz/
mutters	/ˈmʌtɚz/
mutton	/ˈmʌtən/
mutts	/ˈmʌts/
mutual	/ˈmjutʃuəl/
mutual's	/ˈmjutʃuəlz/
mutualism	/ˈmjutʃuˌʌˌlɪzəm/
mutuality	/ˌmjutʃuˈæˌlɪti/
mutually	/ˈmjutʃuəli/
mutz	/ˈmʌts/
mutzich	/ˈmjutsɪtʃ/
mutzman	/ˈmʌtsmən/
mutzman's	/ˈmʌtsmənz/
muzak	/ˈmjuzæk/
muzik	/ˈmjuzɪk/
muzio	/ˈmjuzioʊ/
muzyka	/mjuˈzɪkə/
muzzey	/ˈmʌzi/
muzzle	/ˈmʌzəl/
muzzled	/ˈmʌzəld/
muzzles	/ˈmʌzəlz/
muzzy	/ˈmʌzi/
mwanza	/ˈmwɑnzə/
my	/ˈmaɪ/
myanmar	/ˈmjɑnˈmɑɹ/
myanmar's	/ˈmjɑnˈmɑɹz/
myatt	/ˈmaɪət/
mycenaean	/ˌmaɪsəˈniən/
mycogen	/ˈmaɪkoʊɡən/
mycology	/maɪˈkɑlədʒi/
myelin	/ˈmaɪɪlɪn/
myer	/ˈmaɪɚ/
myers	/ˈmaɪɚz/
myers's	/ˈmaɪɚzɪz/
myerson	/ˈmaɪɹsən/
myette	/ˌmaɪˈɛt/
myhand	/ˈmaɪˌhænd/
myhre	/ˈmɪɹ/
myhren	/ˈmɪɹən/
myklebust	/ˈmɪkəlbəst/
myla	/ˈmaɪlə/
myla's	/ˈmaɪləz/
mylan	/ˈmaɪlən/
mylar	/ˈmaɪˌlɑɹ/
myler	/ˈmaɪlɚ/
myles	/ˈmaɪlz/
mylod	/ˈmaɪlɑd/
myna	/ˈmaɪnə/
mynatt	/ˈmɪnət/
mynhier	/ˈmɪnhiɚ/
myocardial	/ˌmaɪəˈkɑɹdiəl/
myocardium	/ˌmaɪəˈkɑɹdiəm/
myojin	/ˈmjoʊˌdʒɪn/
myopia	/maɪˈoʊpiə/
myopic	/maɪˈɑpɪk/
myoscint	/ˈmjɔsɪnt/
myosin	/ˈmaɪəsən/
myotrophin	/ˌmaɪoʊˈtɹoʊfɪn/
myra	/ˈmaɪɹə/
myre	/ˈmaɪɹ/
myren	/ˈmaɪɹən/
myreon	/ˈmaɪɹiən/
myres	/ˈmaɪɹz/
myriad	/ˈmɪɹiəd/
myriam	/ˈmɪɹiəm/
myrick	/ˈmaɪɹɪk/
myrilla	/mɪˈɹɪlə/
myrlene	/mɪɹˈlin/
myrlie	/ˈmɪɹli/
myrmidon	/ˈmɝmɪdɪn/
myrmidons	/ˈmɝmɪdɪnz/
myrna	/ˈmɝnə/
myron	/ˈmaɪɹən/
myrrh	/ˈmɝ/
myrta	/ˈmɝtə/
myrtia	/ˈmɝʃə/
myrtice	/ˈmɪɹtɪs/
myrtis	/ˈmɪɹtɪs/
myrtle	/ˈmɝtəl/
myrtles	/ˈmɝtəlz/
myself	/ˌmaɪˈsɛlf/
myslinski	/mɪˈslɪnski/
mysliwiec	/mɪˈslɪvik/
myspace	/ˈmaɪˌspeɪs/
mystere	/ˈmɪˌstɪɹ/
mysteries	/ˈmɪstɚiz/
mysterious	/mɪˈstɪɹiəs/
mysteriously	/ˌmɪˈstɪɹiəsli/
mysterium	/ˌmɪˈstiɹiəm/
mystery	/ˈmɪstɚi/
mystic	/ˈmɪstɪk/
mystical	/ˈmɪstɪkəl/
mysticism	/ˈmɪstɪˌsɪzəm/
mystics	/ˈmɪstɪks/
mystified	/ˈmɪstəˌfaɪd/
mystifies	/ˈmɪstəˌfaɪz/
mystify	/ˈmɪstəˌfaɪ/
mystifying	/ˈmɪstəˌfaɪɪŋ/
mystique	/mɪˈstik/
myszka	/ˈmɪʃkə/
myth	/ˈmɪθ/
mythic	/ˈmɪθɪk/
mythical	/ˈmɪθəkəl/
mythological	/ˌmɪθəˈlɑdʒɪkəl/
mythology	/məˈθɑləˌdʒi/
myths	/ˈmɪθs/
myung	/ˈmjʌŋ/
n	/ˈɛn/
n-tuple	/ˈɛnˈtupəl/
n-word	/ˈɛnˌwɝ/
n-words	/ˈɛnˈwɝdz/
n.	/ˈɛn/
n.'s	/ˈɛnz/
n.s	/ˈɛnz/
n'djamena	/ndjəˈminə/
n'dour	/ˈndaʊɹ/
n's	/ˈɛnz/
na	/ˈnɑ/
naab	/ˈnɑb/
naacp	/ˌɛˌneɪˌeɪˌsiˈpi/
naan	/ˈnɑn/
naas	/ˈnɑz/
nab	/ˈnæb/
nabb	/ˈnæb/
nabbed	/ˈnæbd/
nabbing	/ˈnæbɪŋ/
naber	/ˈneɪbɚ/
nabers	/ˈneɪbɚz/
nabi	/ˈnɑˌbi/
nabil	/nɑˈbi/
nabisco	/nəˈbɪˌskoʊ/
nabisco's	/nəˈbɪˌskoʊz/
nablus	/ˈnæbləs/
nabob	/ˈnæbɑb/
nabobs	/ˈnæbɑbz/
nabokov	/ˈnæbəˌkɑv/
nabokov's	/ˈnæbəˌkɑvz/
nabors	/ˈneɪbɚz/
nabozny	/nəˈbɑzni/
nabretta	/nəˈbɹɛtə/
nabs	/ˈnæbz/
naccarato	/nɑkɚˈɑtoʊ/
nacchio	/ˈnækiˌoʊ/
nacco	/ˈnæˌkoʊ/
nace	/ˈneɪs/
nachbar	/ˈnækbɚ/
nachman	/ˈnækmən/
nachmany	/ˈnækməˌni/
nacho	/ˈnæˌtʃoʊ/
nachos	/ˈnɑˌtʃoʊz/
nachreiner	/ˈnækɹaɪnɚ/
nachtigal	/ˈnætʃtɪɡəl/
nacional	/ˌneɪˈsiənəl/
nack	/ˈnæk/
nacke	/ˈnæk/
naclerio	/nɑˈklɛɹiˌoʊ/
nacobre	/ˈnækəbɹə/
nacogdoches	/nəˈkɑɡdətʃɪz/
nad	/ˈnæd/
nada	/ˈnɑdɑ/
nadal	/nɑˈdæl/
nadeau	/nəˈdoʊ/
nadein	/nəˈdaɪn/
nadel	/nɑˈdɛl/
nadell	/nɑˈdeɪl/
nader	/ˈneɪdɚ/
nader's	/ˈneɪdɚz/
naderite	/ˈneɪdɚˌaɪt/
naderites	/ˈneɪdɚˌaɪts/
nadgwick	/ˈnædʒˌwɪk/
nadia	/ˈnædjə/
nadine	/nəˈdin/
nading	/ˈneɪdɪŋ/
nadir	/ˈneɪdɚ/
nadja	/ˈnædjə/
nadjen	/ˈnɑdʒən/
nadler	/ˈneɪdəlɚ/
nadolny	/nəˈdoʊlni/
nadolski	/nəˈdoʊlski/
naef	/ˈnif/
naegele	/ˈnɛɡəl/
naegeli	/ˈnɛɡɪli/
naeger	/ˈnɛɡɚ/
naeve	/ˈniv/
nafco	/ˈnæfkoʊ/
naff	/ˈnæf/
naffziger	/ˈnæfzɪɡɚ/
nafta	/ˈnæftə/
nafta's	/ˈnæftəz/
naftalis	/næfˈtɑlɪs/
nafziger	/ˈnæfzɪɡɚ/
nag	/ˈnæɡ/
nagai	/nɑˈɡɑi/
nagano	/nɑˈɡɑnoʊ/
nagao	/nɑˈɡɑoʊ/
nagasaki	/ˌnɑɡɑˈsɑki/
nagata	/nɑˈɡɑtə/
nagel	/ˈneɪɡəl/
nagele	/ˈnæɡəl/
nagengast	/ˈnæɡɪŋɡəst/
nager	/ˈneɪɡɚ/
nagged	/ˈnæɡd/
nagging	/ˈnæɡɪŋ/
nagi	/ˈnɑɡi/
nagin	/ˈneɪɡɪn/
nagle	/ˈneɪɡəl/
nagler	/ˈneɪɡlɚ/
nagorno	/nəˈɡɔɹnoʊ/
nagorski	/nəˈɡɔɹski/
nagoya	/nəˈɡɔɪə/
nags	/ˈnæɡz/
nagy	/ˈneɪɡi/
nagymaros	/ˌnædʒɪˈmɑɹoʊs/
nah	/ˈnɑ/
nahas	/ˈnɑhəz/
nahm	/ˈnæm/
nahmias	/ˈnɑmiəz/
nahum	/ˈnæhəm/
naidoo	/ˈneɪˌdu/
naify	/ˈneɪˌfaɪ/
naik	/ˈneɪk/
nail	/ˈneɪl/
nailed	/ˈneɪld/
nailing	/ˈneɪlɪŋ/
naill	/ˈneɪl/
nailor	/ˈneɪlɚ/
nails	/ˈneɪlz/
naim	/ˈnaɪɪm/
naiman	/ˈneɪmən/
naina	/ˈnaɪnɑ/
nair	/ˈnɛɹ/
naira	/ˈnɛɹə/
nairn	/ˈnɛɹn/
nairne	/ˈnɛɹn/
nairobi	/ˌnaɪˈɹoʊbi/
naisbitt	/ˈneɪsbɪt/
naish	/ˈnɑɪʃ/
naismith	/ˈneɪzmɪθ/
naito	/ˈneɪtoʊ/
naive	/ˌnaɪˈiv/
naively	/nɑˈivli/
naivete	/nɑˌivəˈteɪ/
najar	/nɑˈjɑɹ/
najarian	/nəˈdʒɛɹiən/
najera	/nɑˈdʒɛɹə/
najib	/nəˈdʒib/
najib's	/nəˈdʒibz/
najibullah	/ˌnædʒɪˈbʊlə/
najibullah's	/ˌnædʒɪˈbʊləz/
najjar	/nɑˈjɑɹ/
nakagawa	/nɑkɑˈɡɑwə/
nakahara	/nɑkɑˈhɑɹə/
nakai	/nɑˈkɑi/
nakajima	/nɑkɑˈdʒimə/
nakama	/nɑˈkɑmə/
nakamoto	/nɑkɑˈmoʊtoʊ/
nakamura	/nɑkɑˈmʊɹə/
nakanishi	/nɑkɑˈniʃi/
nakano	/nɑˈkɑnoʊ/
nakao	/nɑˈkɑoʊ/
nakashima	/nɑkɑˈʃimə/
nakasone	/ˌnɑkəˈsoʊni/
nakasone's	/ˌnɑkəˈsoʊniz/
nakata	/nɑˈkɑtə/
nakatani	/nɑkɑˈtɑni/
nakayama	/nɑkɑˈjɑmə/
naked	/ˈneɪkəd/
nakhamkin	/ˈnæˌkæmkɪn/
nalbandian	/ˌnælˈbændiən/
nalbone	/ˈnælˌboʊn/
nalcap	/ˈnælkæp/
nalco	/ˈnælkoʊ/
naldo	/ˈnɑldoʊ/
nale	/ˈneɪl/
nalepa	/nəˈlipə/
nall	/ˈnɔl/
nalley	/ˈnæli/
nalls	/ˈnɔlz/
nally	/ˈnæli/
nam	/ˈnæm/
namara	/nəˈmɑɹə/
namaste	/ˈnɑmɑˌsteɪ/
nambi	/ˈnæmbi/
nambla	/ˈnæmblə/
namby-pamby	/ˈnæmbiˈpæmbi/
name	/ˈneɪm/
name's	/ˈneɪmz/
named	/ˈneɪmd/
nameless	/ˈneɪmləs/
namely	/ˈneɪmli/
nameplate	/ˈneɪmˌpleɪt/
nameplates	/ˈneɪmˌpleɪts/
namer	/ˈneɪmɚ/
names	/ˈneɪmz/
namesake	/ˈneɪmˌseɪk/
namesakes	/ˈneɪmˌseɪks/
namibia	/nəˈmɪbiə/
namibia's	/nəˈmɪbiəz/
namibian	/nəˈmɪbiən/
naming	/ˈneɪmɪŋ/
namis	/ˈnæmɪs/
namphy	/ˈnæmfi/
nan	/ˈnæn/
nan's	/ˈnænz/
nana	/ˈnænə/
nancarrow	/ˌnæŋˈkæɹoʊ/
nance	/ˈnæns/
nanchang	/ˈnænˈtʃæŋ/
nancy	/ˈnænsi/
nancy's	/ˈnænsiz/
nandaime	/ˈnænˌdeɪm/
nandi	/ˈnɑndi/
nandita	/nɑnˈditə/
nando	/ˈnændoʊ/
nandonet	/ˈnændoʊnɛt/
nanette	/nəˈnɛt/
nanez	/nɑˈnɛz/
nang	/ˈnæŋ/
nangaku	/ˌnæŋˈɡɑˌku/
nangle	/ˈnæŋɡəl/
nania	/ˈnɑniə/
nanjing	/ˈnændʒɪŋ/
nankai	/næŋˈkaɪ/
nankervis	/ˈnæŋkɚvɪs/
nanking	/ˈnæŋkɪŋ/
nanna	/ˈnænə/
nanney	/ˈnæni/
nanni	/ˈnæni/
nannies	/ˈnæniz/
nanninga	/nɑˈniŋɡə/
nannini	/nɑˈnini/
nanny	/ˈnæni/
nano	/ˈnɑnoʊ/
nanobaby	/ˈnænoʊˌbeɪbi/
nanogram	/ˈnɑnoʊɡɹæm/
nanograms	/ˈnænoʊɡɹæmz/
nanometer	/ˈnænoʊˌmitɚ/
nanometers	/ˈnænoʊˌmitɚz/
nanos	/ˈnɑnoʊz/
nanosecond	/ˈnænoʊˌsɛkənd/
nanoseconds	/ˈnænoʊˌsɛkəndz/
nanotechnologies	/ˌnænoʊˌtɛkˈnɑləˌdʒiz/
nanotechnology	/ˌnænoʊˌtɛkˈnɑləˌdʒi/
nantes	/ˈnænts/
nantucket	/nænˈtʌkɪt/
nantucket's	/ˌnænˈtʌkɪts/
nantz	/ˈnænts/
naoki	/neɪˈoʊki/
naoma	/nɑˈoʊmə/
naomi	/neɪˈoʊmi/
nap	/ˈnæp/
napa	/ˈnæpə/
napalm	/ˈneɪpɑm/
napco	/ˈnæpkoʊ/
napea	/ˈnɑpiə/
naperville	/ˈneɪpɚˌvɪl/
naphtha	/ˈnæfθə/
naphthalene	/ˈnæfθəˌlin/
napier	/ˈneɪpiɚ/
napierala	/nɑpɪˈɹɑlə/
napkin	/ˈnæpkɪn/
napkins	/ˈnæpkɪnz/
naples	/ˈneɪpəlz/
napoleon	/nəˈpoʊliən/
napoleon's	/nəˈpoʊliənz/
napoleonic	/nəˌpoʊliˈɑnɪk/
napoles	/ˈnæpəlz/
napoletano	/nɑˌpoʊlɛˈtɑnoʊ/
napoli	/ˈnæpəli/
napolitan	/nɑˌpoʊliˈtɑn/
napolitano	/nɑˌpoʊliˈtɑnoʊ/
napora	/nɑˈpɔɹə/
napp	/ˈnæp/
nappa	/ˈnæpə/
napped	/ˈnæpt/
napper	/ˈnæpɚ/
nappi	/ˈnæpi/
nappier	/ˈnæpiɚ/
napping	/ˈnæpɪŋ/
nappo	/ˈnæpoʊ/
naprosyn	/ˈnæpɹəsɪn/
naps	/ˈnæps/
napster	/ˈnæpstɚ/
naquin	/ˈnækwɪn/
naqvi	/ˈnækvi/
nara	/ˈnɑɹə/
naral	/ˈnɑɹɑl/
naramore	/nɑˈɹɑmɔɹ/
naranja	/nɑˈɹɑnjə/
naranjo	/nɑˈɹɑnjoʊ/
narasimha	/ˌnɑɹəˈsɪmˌhɑ/
narasimhan	/ˌnɑɹəˈsɪmˌhɑn/
narayan	/nɑˈɹɑjɑn/
narayanan	/ˌnɑɹaɪˈɑnən/
narazaki	/ˌnɑɹɑˈzɑki/
narc	/ˈnɑɹk/
narciso	/nɑɹˈtʃisoʊ/
narcisse	/ˈnɑɹsɪs/
narcissism	/ˈnɑɹsɪˌsɪzəm/
narcissist	/ˈnɑɹsɪsɪst/
narcissistic	/ˌnɑɹsɪˈsɪstɪk/
narcissus	/nɑɹˈsɪsəs/
narco	/ˈnɑɹkoʊ/
narcolepsy	/ˈnɑɹkəˌlɛpsi/
narcos	/ˈnɑɹkoʊs/
narcotic	/nɑɹˈkɑtɪk/
narcotics	/nɑɹˈkɑtɪks/
nard	/ˈnɑɹd/
narda	/ˈnɑɹdə/
nardella	/ˌnɑɹˈdɛlə/
nardelli	/nɑɹˈdɛli/
nardi	/ˈnɑɹdi/
nardiello	/nɑɹdiˈɛloʊ/
nardini	/nɑɹˈdini/
nardo	/ˈnɑɹdoʊ/
nardone	/nɑɹˈdoʊni/
nardozzi	/nɑɹˈdoʊtsi/
narducci	/nɑɹˈdutʃi/
nares	/ˈnæɹz/
narita	/nɛˈɹitə/
narjes	/ˈnɑɹjəs/
narlikar	/ˈnɑɹlɪˌkɑɹ/
narlock	/ˈnɑɹlək/
narly	/ˈnɑɹli/
narnia	/ˈnɑɹˌniɑ/
naro	/ˈnɑɹoʊ/
narodny	/nɚˈɑdni/
naron	/nɑˈɹɔn/
narragansett	/ˌnɛɹəˈɡænsət/
narramore	/nɑˈɹɑmɔɹ/
narrate	/ˈnɛˌɹeɪt/
narrated	/ˈnɛˌɹeɪtɪd/
narrates	/nɛˈɹeɪts/
narration	/nɛˈɹeɪʃən/
narrative	/ˈnæɹətɪv/
narratives	/ˈnæɹətɪvz/
narrator	/ˈnɛɹeɪtɚ/
narrators	/ˈnɛˌɹeɪtɚz/
narron	/ˈnæɹən/
narrow	/ˈnɛɹoʊ/
narrowed	/ˈnɛɹoʊd/
narrower	/ˈnɛɹoʊɚ/
narrowest	/ˈnɛɹoʊəst/
narrowing	/ˈnɛɹoʊɪŋ/
narrowly	/ˈnɛɹoʊli/
narrowness	/ˈnɛɹoʊnəs/
narrows	/ˈnɛɹoʊz/
nars	/ˈnɑɹz/
naruhito	/nɑɹuˈhitoʊ/
narum	/nɚˈʌm/
narvaez	/nɑɹˈvɑɛz/
narveson	/ˈnɑɹvɪsən/
nary	/ˈnɛɹi/
nasa	/ˈnæsə/
nasa's	/ˈnæsəz/
nasal	/ˈneɪzəl/
nasally	/ˈneɪzəli/
nasby	/ˈnæsbi/
nasca	/ˈnɑskə/
nascar	/ˈnæˌskɑɹ/
nascent	/ˈneɪsənt/
nascimento	/ˌnæsɪˈmɛntoʊ/
nasco	/ˈnæskoʊ/
nasdaq	/ˈnæzdæk/
nasdaq's	/ˈnæzdæks/
nase	/ˈneɪz/
naser	/ˈneɪzɚ/
nash	/ˈnæʃ/
nash's	/ˈnæʃɪz/
nashashibi	/ˌnæʃəˈʃibi/
nashburg	/ˈnæʃbɚɡ/
nashburg's	/ˈnæʃbɚɡz/
nashnamie	/ˈnæʃnəmi/
nashua	/ˈnæʃuə/
nashua's	/ˈnæʃuəz/
nashville	/ˈnæʃvɪl/
nashville's	/ˈnæʃˌvɪlz/
nasional	/ˌnæsiəˈnæl/
naslund	/ˈnæslənd/
naso	/ˈnɑsoʊ/
nason	/ˈnæsən/
nasons	/ˈnæsənz/
nasopharynx	/nəˈsɑfɚɪŋks/
nasr	/ˈnɑsɚ/
nasrullah	/nəzˈɹulə/
nass	/ˈnæs/
nassar	/ˈnæsɚ/
nassau	/ˈnæsɔ/
nasser	/ˈnæsɚ/
nassif	/ˈnæsɪf/
nast	/ˈnæst/
nast's	/ˈnæsts/
nasta	/ˈnæstə/
nastasi	/nɑˈstɑsi/
nastier	/ˈnæstiɚ/
nastiest	/ˈnæstiəst/
nastiness	/ˈnæstinəs/
nasty	/ˈnæsti/
nasworthy	/ˈnæswɚði/
nat	/ˈnæt/
nata	/ˈnɑtə/
natal	/ˈneɪtəl/
natala	/nɑˈtɑlə/
natale	/nɑˈtɑli/
natali	/nɑˈtɑli/
natalia	/nəˈtɑljə/
natalie	/ˈnætəli/
natalle	/nəˈtɑleɪ/
natalle's	/nəˈtɑleɪz/
natan	/ˈneɪtən/
natasha	/nəˈtɑʃə/
natasha's	/nəˈtɑʃəz/
natcher	/ˈnætʃɚ/
natchez	/ˈnæˌtʃɛz/
natchez'	/ˈnæˌtʃɛz/
natchez's	/ˈnæˌtʃɛzɪz/
natchitoches	/nækəˈtɔʃ/
nate	/ˈneɪt/
nate's	/ˈneɪts/
natec's	/ˈneɪˌtɛks/
nath	/ˈnæθ/
nathalia	/nəˈθæliə/
nathalie	/ˈnætəli/
nathan	/ˈneɪθən/
nathan's	/ˈneɪθənz/
nathanael	/ˈnæθəˌneɪl/
nathania	/nəˈθæniə/
nathaniel	/nəˈθænjəl/
nathanson	/ˈnæθənsən/
nathe	/ˈneɪð/
nathene	/nəˈθin/
natick	/ˈneɪtɪk/
nation	/ˈneɪʃən/
nation's	/ˈneɪʃənz/
nationair	/ˈneɪʃəˈnɛɹ/
national	/ˈnæʃənəl/
national's	/ˈnæʃənəlz/
nationale	/ˈnæʃəˌnæleɪ/
nationales	/ˌnæʃəˈnɑlɛs/
nationalism	/ˈnæʃənəˌlɪzəm/
nationalist	/ˈnæʃənələst/
nationalistic	/ˌnæʃənəˈlɪstɪk/
nationalists	/ˈnæʃənəlɪsts/
nationalities	/ˌnæʃəˈnælɪtiz/
nationality	/ˌnæʃəˈnæləti/
nationalization	/ˌnæʃənələˈzeɪʃən/
nationalizations	/ˌnæʃənələˈzeɪʃənz/
nationalize	/ˈnæʃənəˌlaɪz/
nationalized	/ˈnæʃənəˌlaɪzd/
nationalizes	/ˈnæʃənəˌlaɪzɪz/
nationalizing	/ˈnæʃənəˌlaɪzɪŋ/
nationally	/ˈnæʃənəli/
nationals	/ˈnæʃənəlz/
nationhood	/ˈneɪʃənˌhʊd/
nations	/ˈneɪʃənz/
nations'	/ˈneɪʃənz/
nationsbanc	/ˈneɪʃənzˌbæŋk/
nationsbanc's	/ˈneɪʃənzˌbæŋks/
nationsbank	/ˈneɪʃənzˌbæŋk/
nationsbank's	/ˈneɪʃənzˌbæŋks/
nationwide	/ˈneɪʃənˈwaɪd/
nationwide's	/ˈneɪʃənˈwaɪdz/
native	/ˈneɪtɪv/
natively	/ˈneɪtɪvli/
natives	/ˈneɪtɪvz/
natividad	/ˌnʌtɪvɪˈdɑd/
nativism	/ˈneɪtɪˌvɪzəm/
nativist	/ˈneɪtɪˌvɪst/
nativity	/nəˈtɪvəti/
nato	/ˈneɪtoʊ/
nato's	/ˈneɪtoʊz/
natoli	/nɑˈtoʊli/
natomas	/ˌneɪˈtoʊməz/
nats	/ˈnæts/
natsios	/ˈnætsioʊs/
natter	/ˈnætɚ/
nattering	/ˈnætɚɪŋ/
nattie	/ˈnæti/
nattily	/ˈnætəli/
natty	/ˈnæti/
natuna	/nəˈtunə/
natural	/ˈnætʃɚəl/
natural's	/ˈnætʃɚəlz/
naturalism	/ˈnætʃɚəˌlɪzəm/
naturalist	/ˈnætʃɚələst/
naturalistic	/ˌnætʃɚəˈlɪstɪk/
naturalists	/ˈnætʃɚəlɪsts/
naturalization	/ˈnætʃɚələˈzeɪʃən/
naturalize	/ˈnætʃɚəˌlaɪz/
naturalized	/ˈnætʃɚəˌlaɪzd/
naturalizes	/ˈnætʃɚəˌlaɪzɪz/
naturalizing	/ˈnætʃɚəˌlaɪzɪŋ/
naturally	/ˈnætʃɚəli/
nature	/ˈneɪtʃɚ/
nature's	/ˈneɪtʃɚz/
natured	/ˈneɪtʃɚd/
naturedly	/ˈneɪtʃɚdli/
natures	/ˈneɪtʃɚz/
natwest	/ˌnæˈtwɛst/
natwest's	/ˌnæˈtwɛsts/
natzke	/ˈnætski/
nau	/ˈnoʊ/
nauer	/ˈnaʊɚ/
nauert	/ˈnaʊɚt/
naugatuck	/ˈnɔɡəˌtʌk/
naught	/ˈnɔt/
naughton	/ˈnɔtən/
naughty	/ˈnɔti/
naugle	/ˈnɔɡəl/
naugles	/ˈnɔɡəlz/
nault	/ˈnɔlt/
nauman	/ˈnaʊmən/
naumann	/ˈnaʊmən/
naus	/ˈnɔz/
nausea	/ˈnɔziə/
nauseam	/ˈnaʊˌzim/
nauseate	/ˈnɔziˌeɪt/
nauseated	/ˈnɔziˌeɪtəd/
nauseating	/ˈnɔʒiˌeɪtɪŋ/
nauseous	/ˈnɔʃəs/
nauss	/ˈnɔs/
nauta	/nɑˈutə/
nautica	/ˈnɔtəkə/
nautical	/ˈnɔtəkəl/
nautilus	/ˈnɔtələs/
nautilus's	/ˈnɔtələsɪz/
nav	/ˈnæv/
nava	/ˈnɑvə/
navajo	/ˈnɑvəˌhoʊ/
navajos	/ˈnɑvəˌhoʊz/
naval	/ˈneɪvəl/
navar	/nɑˈvɑɹ/
navarette	/ˈnævɚˌɛt/
navarra	/nɑˈvɑɹə/
navarre	/nɑˈvɑɹ/
navarrete	/ˈnævɚˌit/
navarrette	/ˈnævɚˌɛt/
navarro	/nəˈvɑɹoʊ/
navas	/ˈnɑvəs/
navcom	/ˈnævˌkɑm/
nave	/ˈneɪv/
navel	/ˈneɪvəl/
navellier	/nəˈvɛljɚ/
navickas	/nɑˈvikɑz/
navies	/ˈneɪviz/
navigable	/ˈnævəɡəbəl/
navigate	/ˈnævəˌɡeɪt/
navigated	/ˈnævəˌɡeɪtɪd/
navigates	/ˈnævəˌɡeɪts/
navigating	/ˈnævəˌɡeɪtɪŋ/
navigation	/ˈnævəˈɡeɪʃən/
navigational	/ˌnævəˈɡeɪʃənəl/
navigator	/ˈnævəˌɡeɪtɚ/
navigators	/ˈnævəˌɡeɪtɚz/
navin	/nɑˈvin/
navin-chandr	/ˈnɑˌvɪnˈtʃɑndɚ/
navin-chandra	/ˈnɑˌvɪnˈtʃɑndɹə/
navis	/ˈnɑvɪs/
navistar	/ˈnævɪˌstɑɹ/
navlab	/ˈnævlæb/
navratilova	/nævˌɹætɪˈloʊvə/
navratilova's	/nævˌɹætɪˈloʊvəz/
navstar	/ˈnævˌstɑɹ/
navy	/ˈneɪvi/
navy's	/ˈneɪviz/
naw	/ˈnɑ/
nawrocki	/nɑvˈɹoʊtski/
nawrot	/ˈnɔɹət/
nay	/ˈneɪ/
nayden	/ˈneɪdɪn/
naylor	/ˈneɪlɚ/
nays	/ˈneɪz/
naysayer	/ˌneɪˈseɪɚ/
naysayers	/ˌneɪˈseɪɚz/
nayyar	/ˈneɪˌjɑɹ/
nazar	/nɑˈzɑɹ/
nazarbayev	/ˌnɑzəɹˈbaɪjɛv/
nazareth	/ˈnæzəɹɪθ/
nazarian	/nəˈzɛɹiən/
nazario	/nɑˈzɑɹioʊ/
nazer	/ˈneɪzɚ/
nazer's	/ˈneɪzɚz/
nazi	/ˈnɑtsi/
nazi's	/ˈnɑtsiz/
nazionale	/nɑtsioʊˈnɑli/
nazis	/ˈnɑtsiz/
nazis'	/ˈnɑtsiz/
nazism	/ˈnæzɪzəm/
nazzaro	/nɑtˈsɑɹoʊ/
nba	/ˈɛnˌbiˈeɪ/
nbc	/ˈɛnˌbiˈsi/
nbc's	/ˈɛnˌbiˈsiz/
ndau	/ɛnˈdaʊ/
ne	/ˈni/
ne'er	/ˈnɛɹ/
neace	/ˈnis/
nead	/ˈnid/
neagle	/ˈniɡəl/
neal	/ˈnil/
neal's	/ˈnilz/
neala	/ˈnilə/
neale	/ˈnil/
nealey	/ˈnili/
nealis	/ˈnilɪs/
neall	/ˈnil/
nealon	/ˈnilən/
nealson	/ˈnilsən/
nealy	/ˈnili/
neanderthal	/niˈændɚˌθɔl/
neanderthals	/niˈændɚˌθɔlz/
neapolitan	/ˌniəˈpɑlətən/
near	/ˈnɪɹ/
nearby	/ˈnɪɹˈbaɪ/
neared	/ˈnɪɹd/
nearer	/ˈnɪɹɚ/
nearest	/ˈnɪɹəst/
nearhood	/ˈnɪɹhʊd/
nearing	/ˈnɪɹɪŋ/
nearly	/ˈnɪɹli/
nears	/ˈnɪɹz/
nearsighted	/ˈniɹˌsaɪtɪd/
nearsightedness	/ˈniɹˌsaɪtɪdnəs/
neary	/ˈnɪɹi/
neas	/ˈniz/
nease	/ˈniz/
neat	/ˈnit/
neater	/ˈnitɚ/
neatest	/ˈnitəst/
neathery	/ˈnɛθɚi/
neatly	/ˈnitli/
neatness	/ˈnitnəs/
neault	/ˈnoʊ/
neave	/ˈniv/
neaves	/ˈnivz/
nebeker	/ˈnɛbɪkɚ/
nebel	/ˈnɛbəl/
nebergall	/ˈnibɚɡəl/
neblett	/ˈnɛblɪt/
nebraska	/nəˈbɹæskə/
nebraska's	/nəˈbɹæskəz/
nebraskan	/nəˈbɹæskən/
nebraskans	/nəˈbɹæskənz/
nebula	/ˈnɛbjələ/
nebulizer	/ˈnɛbjəˌlaɪzɚ/
nebulous	/ˈnɛbjələs/
nec	/ˈnɛk/
necaise	/ˈnɛkaɪs/
necci	/ˈnɛtʃi/
necessarily	/ˌnɛsəˈsɛɹəli/
necessary	/ˈnɛsəˌsɛɹi/
necessitate	/nəˈsɛsəˌteɪt/
necessitated	/nəˈsɛsəˌteɪtəd/
necessitates	/nəˈsɛsəˌteɪts/
necessitating	/nəˈsɛsɪˌteɪtɪŋ/
necessities	/nəˈsɛsɪtiz/
necessity	/nəˈsɛsəti/
nechayev	/ˌnɛˈtʃaɪɛv/
nechyba	/ˌnɛˈtʃibə/
neck	/ˈnɛk/
necked	/ˈnɛkt/
necker	/ˈnɛkɚ/
necklace	/ˈnɛkləs/
necklaces	/ˈnɛkləsɪz/
necklacing	/ˈnɛkləsɪŋ/
necks	/ˈnɛks/
necktie	/ˈnɛkˌtaɪ/
neckties	/ˈnɛkˌtaɪz/
neckwear	/ˈnɛˌkwɛɹ/
necmettin	/ˌnɛdʒˈmɛtɪn/
neco	/ˈnikoʊ/
neco's	/ˈnikoʊz/
necrologist	/nəˈkɹɔlədʒɪst/
necrologists	/nəˈkɹɔlədʒɪsts/
necrology	/nəˈkɹɔlədʒi/
necromancer	/ˈnɛkɹəˌmænsɚ/
necromancy	/ˈnɛkɹəˌmænsi/
necropolis	/nəˈkɹɑpələs/
necrosis	/nəˈkɹoʊsəs/
nectar	/ˈnɛktɚ/
necula	/ˈnɛkjulə/
ned	/ˈnɛd/
ned's	/ˈnɛdz/
neda	/ˈneɪdə/
nedd	/ˈnɛd/
nedda	/ˈnɛdə/
neddick	/ˈnɛdɪk/
neddo	/ˈnɛdoʊ/
nedeau	/nɪˈdoʊ/
nedel	/ˈnidəl/
nederland	/ˈnɛdɚlənd/
nederlanden	/ˈnɛdɚˌlændən/
nederlander	/ˈnɛdɚˌlændɚ/
nederlandsche	/ˌnɛdɚˈlændʃi/
nederlandse	/ˌnɛdɚˈlændsi/
nedlloyd	/ˈnɛdəˌlɔɪd/
nedrow	/ˈnɛdɹoʊ/
nedved	/ˈnɛdvəd/
nee	/ˈni/
neeb	/ˈnib/
neece	/ˈnis/
neeco	/ˈnikoʊ/
need	/ˈnid/
needed	/ˈnidəd/
needelman	/ˈnidəlmən/
needful	/ˈnidfəl/
needham	/ˈnidəm/
needham's	/ˈnidəmz/
needier	/ˈnidiɚ/
neediest	/ˈnidiɪst/
needing	/ˈnidɪŋ/
needle	/ˈnidəl/
needled	/ˈnidəld/
needlefish	/ˈnidəlˌfɪʃ/
needlelike	/ˈnidəlˌlaɪk/
needleman	/ˈnidəlmən/
needlepoint	/ˈnidəlˌpɔɪnt/
needler	/ˈnidəlɚ/
needles	/ˈnidəlz/
needless	/ˈnidləs/
needlessly	/ˈnidləsli/
needlework	/ˈnidəlˌwɝk/
needling	/ˈnidlɪŋ/
needn't	/ˈnidənt/
needs	/ˈnidz/
needy	/ˈnidi/
neef	/ˈnif/
neel	/ˈnil/
neeld	/ˈnild/
neeley	/ˈnili/
neels	/ˈnilz/
neely	/ˈnili/
neeman	/ˈnimən/
neenan	/ˈninən/
neeper	/ˈnipɚ/
neer	/ˈnɪɹ/
nees	/ˈniz/
neese	/ˈniz/
neeson	/ˈnisən/
neet	/ˈnit/
nefarious	/nəˈfɛɹiəs/
neff	/ˈnɛf/
neft	/ˈnɛft/
neftegorsk	/ˈnɛftɪˌɡɔɹsk/
neg	/ˈnɛɡ/
negara	/nɛˈɡɑɹə/
negate	/nɪˈɡeɪt/
negated	/ˈniɡeɪtɪd/
negates	/nɪˈɡeɪts/
negating	/nɪˈɡeɪtɪŋ/
negation	/nəˈɡeɪʃən/
negative	/ˈnɛɡətɪv/
negatively	/ˈnɛɡətɪvli/
negatives	/ˈnɛɡətɪvz/
negativism	/ˈnɛɡətɪˌvɪzəm/
negativity	/ˌnɛɡəˈtɪvəti/
negatron	/ˈnɛɡətɹɑn/
negatrons	/ˈnɛɡətɹɑnz/
negent	/ˈnɛɡənt/
negev	/ˈnɛˌɡɛv/
neglect	/nəˈɡlɛkt/
neglected	/nəˈɡlɛktəd/
neglectful	/nɪˈɡlɛktfəl/
neglecting	/nɪˈɡlɛktɪŋ/
neglects	/nɪˈɡlɛkts/
negley	/ˈnɛɡli/
neglia	/ˈnɛɡliə/
negligence	/ˈnɛɡlədʒəns/
negligent	/ˈnɛɡlədʒənt/
negligently	/ˈnɛɡlɪdʒəntli/
negligible	/ˈnɛɡlədʒəbəl/
negotiable	/nəˈɡoʊʃəbəl/
negotiate	/nəˈɡoʊʃiˌeɪt/
negotiated	/nəˈɡoʊʃiˌeɪtəd/
negotiates	/nɪˈɡoʊʃiˌeɪts/
negotiating	/nɪˈɡoʊʃiˌeɪtɪŋ/
negotiation	/nɪˌɡoʊʃiˈeɪʃən/
negotiations	/nəˌɡoʊʃiˈeɪʃənz/
negotiator	/nəˈɡoʊʃiˌeɪtɚ/
negotiator's	/nɪˈɡoʊʃiˌeɪtɚz/
negotiators	/nɪˈɡoʊʃiˌeɪtɚz/
negotiators'	/nəˈɡoʊʃiˌeɪtɚz/
negrete	/ˈnɛˌɡɹit/
negri	/ˈnɛɡɹi/
negrin	/ˈnɛɡɹɪn/
negro	/ˈniɡɹoʊ/
negroes	/ˈniɡɹoʊz/
negroid	/ˈniɡɹɔɪd/
negron	/ˈnɛɡɹən/
negroni	/ˌnɛˈɡɹoʊni/
negropalpus	/ˌnɛɡɹəˈpɑlpəs/
negros	/ˈniɡɹoʊz/
negs	/ˈnɛɡz/
negu	/ˈnɛɡu/
negus	/ˈniɡəs/
nehemiah	/ˌniəˈmaɪə/
neher	/ˈneɪɚ/
nehls	/ˈnɛlz/
nehring	/ˈnɛɹɪŋ/
nehru	/ˈneɪˌɹu/
neibauer	/ˈnaɪbaʊɚ/
neiberg	/ˈnaɪbɚɡ/
neibert	/ˈnibɚt/
neice	/ˈnis/
neider	/ˈnidɚ/
neidhardt	/ˈnaɪdhɑɹt/
neidhart	/ˈnaɪdhɑɹt/
neidigh	/ˈniˌdaɪ/
neidl	/ˈnidəl/
neidlinger	/ˈnaɪdəlɪŋɚ/
neier	/ˈnaɪɚ/
neifert	/ˈnifɚt/
neiger	/ˈnaɪɡɚ/
neigh	/ˈneɪ/
neighbor	/ˈneɪbɚ/
neighbor's	/ˈneɪbɚz/
neighborhood	/ˈneɪbɚˌhʊd/
neighborhood's	/ˈneɪbɚˌhʊdz/
neighborhoods	/ˈneɪbɚˌhʊdz/
neighboring	/ˈneɪbɚɪŋ/
neighborly	/ˈneɪbɚli/
neighbors	/ˈneɪbɚz/
neighbors'	/ˈneɪbɚz/
neighbour	/ˈneɪbɚ/
neighbour's	/ˈneɪbɚz/
neighbourhood	/ˈneɪbɚˌhʊd/
neighbourhood's	/ˈneɪbɚˌhʊdz/
neighbourhoods	/ˈneɪbɚˌhʊdz/
neighbouring	/ˈneɪbɚɪŋ/
neighbourly	/ˈneɪbɚli/
neighbours	/ˈneɪbɚz/
neighbours'	/ˈneɪbɚz/
neighmond	/ˈneɪmənd/
neighmond's	/ˈneɪməndz/
neikirk	/ˈnikɚk/
neil	/ˈnil/
neil's	/ˈnilz/
neilan	/ˈnilən/
neild	/ˈnild/
neile	/ˈnil/
neill	/ˈnil/
neils	/ˈnilz/
neilsen	/ˈnaɪlsən/
neilson	/ˈnilsən/
neiman	/ˈnimən/
neimeyer	/ˈnaɪmaɪɚ/
nein	/ˈnin/
neira	/ˈnɛɹə/
neis	/ˈniz/
neisen	/ˈnaɪsən/
neises	/ˈnizɪz/
neisler	/ˈnaɪsəlɚ/
neiss	/ˈnis/
neiswender	/ˈnaɪswɛndɚ/
neither	/ˈniðɚ/
neitz	/ˈnits/
neitzel	/ˈnaɪtzəl/
neitzke	/ˈnaɪtski/
nej	/ˈneɪ/
nejamatin	/nɛdʒəˈmætɪn/
nekia	/nəˈkiə/
nekoosa	/nɪˈkusə/
nekton	/ˈnɛktən/
nel	/ˈnɛl/
nela	/ˈnɛlə/
nelda	/ˈnɛldə/
nelia	/ˈnɛliə/
nelina	/nɛˈlinə/
nelita	/nɛˈlitə/
nell	/ˈnɛl/
nella	/ˈnɛlə/
nellcor	/ˈnɛlˌkɔɹ/
nelle	/ˈnɛl/
neller	/ˈnɛlɚ/
nelles	/ˈnɛlz/
nellette	/ˌnɛˈlɛt/
nelli	/ˈnɛli/
nelliana	/ˌnɛliˈænə/
nellie	/ˈnɛli/
nelligan	/ˈnɛlɪɡən/
nellis	/ˈnɛlɪs/
nellwyn	/ˈnɛlwɪn/
nelly	/ˈnɛli/
nelms	/ˈnɛlmz/
neloms	/ˈnɛləmz/
nelon	/ˈnɛlən/
nels	/ˈnɛlz/
nelsen	/ˈnɛlsən/
nelson	/ˈnɛlsən/
nelson's	/ˈnɛlsənz/
nematode	/ˈnɛməˌtoʊd/
nematodes	/ˈnɛməˌtoʊdz/
nemean	/ˈnimiən/
nemec	/ˈnɛmɪk/
nemecek	/ˈnɛmɪsɪk/
nemer	/ˈnimɚ/
nemeroff	/ˈnɛmɚɔf/
nemes	/ˈnimz/
nemesis	/ˈnɛməsɪs/
nemeth	/ˈneɪmɪθ/
nemetz	/ˈnɛmɪts/
nemir	/ˈnʌmɚ/
nemitz	/ˈnɛmɪts/
nemmers	/ˈnɛmɚz/
nemo	/ˈnɛmoʊ/
nemos	/ˈnimoʊz/
nemours	/nɪˈmɔɹz/
nendick	/ˈnɛndɪk/
nene	/ˈnin/
nenet	/ˈnɛnɪt/
neni	/ˈnɛni/
neni's	/ˈnɛnis/
nenninger	/ˈnɛnɪŋɚ/
neo	/ˈnioʊ/
neoax	/ˌnioʊˈæks/
neoclassic	/ˌnioʊˈklæsɪk/
neoclassical	/ˌnioʊˈklæsɪkəl/
neoconservative	/ˌnioʊkənˈsɝvətɪv/
neoconservatives	/ˌnioʊkənˈsɝvətɪvz/
neola	/niˈɑlə/
neoliberal	/ˌnioʊˈlɪbɚəl/
neoliberals	/ˌnioʊˈlɪbɚəlz/
neolith	/ˈnioʊˌlɪθ/
neolithic	/ˈnioʊˌlɪθɪk/
neoma	/neɪˈoʊmə/
neon	/ˈniɑn/
neonatal	/ˌnioʊˈneɪtəl/
neonazi	/ˌnioʊˈnɑtsi/
neonazis	/ˌnioʊˈnɑtsiz/
neons	/ˈniˌɑnz/
neophyte	/ˈniəˌfaɪt/
neophytes	/ˈniəˌfaɪts/
neoplasm	/ˈniəˌplæzəm/
neoplatonic	/ˌnioʊpləˈtɑnɪk/
neoplatonist	/ˌnioʊˈpleɪtənəst/
neopolis	/niˈɔpəlɪs/
neopositivism	/nioʊˈpɔzətəˌvɪzəm/
neopositivist	/nioʊˈpɔzətəˌvɪst/
neoprene	/ˈniəˌpɹin/
neoprobe	/ˈnioʊˌpɹoʊb/
neorx	/ˈnioʊˌɹɛks/
neotenic	/ˌniəˈtinɪk/
neoteny	/niˈɑtəni/
nepa	/ˈnipə/
nepal	/nəˈpɔl/
nepalese	/ˌnɛpəˈliz/
nepali	/nəˈpɔli/
nepenthe	/ˌnɛˈpɛnθi/
nephew	/ˈnɛfju/
nephew's	/ˈnɛfjuz/
nephews	/ˈnɛfjuz/
nephridium	/nəˈfɹɪdiəm/
nephrite	/ˈnɛfɹaɪt/
nephron	/ˈnɛfɹɑn/
nephrosis	/nəˈfɹoʊsəs/
nepl	/ˈnɛpəl/
neponset	/nəˈpɑnsɪt/
nepool	/nəˈpul/
nepotism	/ˈnɛpəˌtɪzəm/
neptune	/ˈnɛptun/
neptunium	/nɛpˈtuniəm/
nerco	/ˈnɝkoʊ/
nerd	/ˈnɝd/
nerds	/ˈnɝdz/
nerdy	/ˈnɝdi/
nerenberg	/ˈnɪɹənbɚɡ/
neri	/ˈnɛɹi/
nerice	/ˈnɛɹɪs/
nerine	/ˈnɛɹin/
nerio	/ˈnɛɹioʊ/
neritic	/nɚˈɪtɪk/
nerl	/ˈnɝl/
nerlich	/ˈnɝlɪk/
nerney	/ˈnɝni/
nero	/ˈnɪɹoʊ/
nero's	/ˈnɪɹoʊz/
nerone	/ˈnɛɹən/
nerren	/ˈnɛɹən/
neruda	/nəˈɹudə/
nervana	/nɚˈvænə/
nerve	/ˈnɝv/
nerve-racking	/ˌnɝvˈɹækɪŋ/
nerves	/ˈnɝvz/
nervion	/ˈnɝviən/
nervosa	/nɚˈvoʊsə/
nervous	/ˈnɝvəs/
nervously	/ˈnɝvəsli/
nervousness	/ˈnɝvəsnəs/
nervy	/ˈnɝvi/
nes	/ˈnɛs/
nesbit	/ˈnɛsbɪt/
nesbitt	/ˈnɛzbɪt/
nesby	/ˈnɛsbi/
nesci	/ˈnɛsi/
nesheim	/ˈnɛsˌhaɪm/
nesi	/ˈnɛsi/
nesler	/ˈnɛsəlɚ/
nesler's	/ˈnɛsəlɚz/
nesmith	/ˈnɛzmɪθ/
ness	/ˈnɛs/
nessa	/ˈnɛsə/
nessel	/ˈnɛsəl/
nessen	/ˈnisən/
nesser	/ˈnɛsɚ/
nesseth	/ˈnɛsɪθ/
nessi	/ˈnɛsi/
nessie	/ˈnɛsi/
nessler	/ˈnɛslɚ/
nest	/ˈnɛst/
nest-egg	/ˈnɛˈsteɪɡ/
nesta	/ˈnɛstə/
neste	/ˈnɛst/
nestea	/ˈnɛstiə/
nested	/ˈnɛstəd/
nester	/ˈnɛstɚ/
nesters	/ˈnɛstɚz/
nesting	/ˈnɛstɪŋ/
nestle	/ˈnɛsəl/
nestle's	/ˈnɛsəlz/
nestled	/ˈnɛsəld/
nestler	/ˈnɛsəlɚ/
nestles	/ˈnɛsəlz/
nestling	/ˈnɛstlɪŋ/
nestlings	/ˈnɛstlɪŋz/
nestor	/ˈnɛstɚ/
nestorian	/nɛˈstɔɹiən/
nestorianism	/nɛˈstɔɹiəˌnɪzəm/
nests	/ˈnɛsts/
net	/ˈnɛt/
netan	/ˈnɛtən/
netanyahu	/ˌnɛtənˈjɑˌhu/
netanyahu's	/ˌnɛtənˈjɑˌhuz/
netback	/ˈnɛtˌbæk/
netcom	/ˈnɛtˌkɑm/
netflix	/ˈnɛtflɪks/
neth	/ˈnɛθ/
nether	/ˈnɛðɚ/
nethercutt	/ˈnɛθɚkət/
netherland	/ˈnɛðɚlənd/
netherlandic	/ˈnɛðɚˌlændɪk/
netherlands	/ˈnɛðɚləndz/
netherlands'	/ˈnɛθɚlændz/
nethers	/ˈnɛðɚz/
netherton	/ˈnɛðɚtən/
netherworld	/ˈnɛðɚˌwɝld/
nethery	/ˈnɛðɚi/
nethuva	/ˌnɛˈθuvə/
nethuva's	/ˌnɛˈθuvəz/
netiquette	/ˈnɛtəˌkʌt/
netlike	/ˈnɛtˌlaɪk/
neto	/ˈnɛtoʊ/
nets	/ˈnɛts/
netscape	/ˈnɛtˌskeɪp/
netscape's	/ˈnɛtˌskeɪps/
nett	/ˈnɛt/
netta	/ˈnɛtə/
netted	/ˈnɛtɪd/
netter	/ˈnɛtɚ/
netterville	/ˈnɛtɚvɪl/
nettesheim	/ˈnɛtɪsʃaɪm/
nettie	/ˈnɛti/
netting	/ˈnɛtɪŋ/
nettle	/ˈnɛtəl/
nettled	/ˈnɛtəld/
nettles	/ˈnɛtəlz/
nettlesome	/ˈnɛtəlsəm/
nettleton	/ˈnɛtəltən/
nettleton's	/ˈnɛtəltənz/
netto	/ˈnɛtoʊ/
netty	/ˈnɛti/
netview	/ˈnɛtvˌju/
netware	/ˈnɛˌtwɛɹ/
network	/ˈnɛˌtwɝk/
network's	/ˈnɛˌtwɝks/
networked	/ˈnɛˌtwɝkt/
networking	/ˈnɛˌtwɝkɪŋ/
networks	/ˈnɛˌtwɝks/
networks'	/ˈnɛˌtwɝks/
networth	/ˈnɛˌtwɝθ/
netz	/ˈnɛts/
netzel	/ˈnɛtzəl/
netzer	/ˈnɛtzɚ/
netzley	/ˈnɛtsli/
neu	/ˈnɔɪ/
neubauer	/ˈnubaʊɚ/
neubecker	/ˈnuˌbɛkɚ/
neuber	/ˈnubɚ/
neuberger	/ˈnubɚɡɚ/
neubert	/ˈnubɚt/
neuburg	/ˈnubɚɡ/
neuburger	/ˈnubɚɡɚ/
neudecker	/ˈnudɪkɚ/
neue	/ˈnui/
neuendorf	/ˈnuəndɔɹf/
neuendorffer	/ˈnundɔɹfɚ/
neuenfeldt	/ˈnuənfɛlt/
neuenschwander	/ˈnuənʃwɔndɚ/
neuer	/ˈnɔɪɚ/
neufeld	/ˈnuˌfɛld/
neufeld's	/ˈnuˌfɛldz/
neugebauer	/ˈnuɡəbaʊɚ/
neugent	/ˈnudʒənt/
neuhart	/ˈnuˌhɑɹt/
neuharth	/ˈnuˌhɑɹθ/
neuhaus	/ˈnuˌhaʊs/
neuhauser	/ˈnuˌhaʊzɚ/
neuhoff	/ˈnuˌhɔf/
neukam	/ˈnukəm/
neukirchen	/ˈnukɚtʃən/
neukom	/ˈnukɑm/
neumaier	/ˈnumaɪɚ/
neuman	/ˈnumən/
neumann	/ˈnumən/
neumayer	/ˈnuˌmeɪɚ/
neumeier	/ˈnumaɪɚ/
neumeister	/ˈnuˌmaɪstɚ/
neumeyer	/ˈnumaɪɚ/
neumiller	/ˈnuməlɚ/
neuner	/ˈnunɚ/
neupert	/ˈnupɚt/
neupogen	/ˈnupoʊˌdʒɛn/
neural	/ˈnʊɹəl/
neurasthenia	/ˌnʊɹæsˈθiniə/
neuro	/ˈnʊˌɹoʊ/
neurofibromatosis	/ˌnʊɹoʊfaɪˌbɹoʊməˈtoʊsɪs/
neurohr	/ˈnʊɹɔɹ/
neurologic	/ˌnʊɹəˈlɑdʒɪk/
neurological	/ˌnʊɹəˈlɑdʒɪkəl/
neurologist	/nʊˈɹɑlədʒəst/
neurologists	/nʊˈɹɑlədʒəsts/
neurology	/nʊˈɹɑlədʒi/
neuromorphic	/ˈnʊɹoʊˌmɔɹfɪk/
neuron	/ˈnʊɹɑn/
neuronal	/ˈnʊˌɹoʊnəlz/
neurons	/ˈnʊɹɑnz/
neuropathy	/ˈnʊɹoʊˌpæθi/
neuroscience	/ˈnjʊɹoʊˌsaɪəns/
neuroscientist	/ˈnjʊɹoʊˌsaɪəntɪst/
neuroses	/nʊˈɹoʊsiz/
neurosis	/nʊˈɹoʊsəs/
neurosurgeon	/ˈnʊɹoʊˌsɝdʒən/
neurosurgeons	/ˈnʊɹoʊˌsɝdʒənz/
neurosurgery	/ˌnʊɹoʊˈsɝdʒɚi/
neuroth	/ˈnʊɹɔθ/
neurotic	/nʊˈɹɑtɪk/
neuser	/ˈnusɚ/
neustadt	/ˈnuʃtæt/
neustine	/ˈnuˌstaɪn/
neuter	/ˈnutɚ/
neutered	/ˈnutɚd/
neutering	/ˈnutɚɪŋ/
neutral	/ˈnutɹəl/
neutralism	/ˈnutɹəˌlɪzəm/
neutralist	/ˈnutɹələst/
neutrality	/nuˈtɹæləti/
neutralization	/ˌnutɹələˈzeɪʃən/
neutralize	/ˈnutɹəˌlaɪz/
neutralized	/ˈnutɹəˌlaɪzd/
neutralizes	/ˈnutɹəˌlaɪzɪz/
neutralizing	/ˈnutɹəˌlaɪzɪŋ/
neutrally	/ˈnutɹəli/
neutrals	/ˈnutɹəlz/
neutrino	/nuˈtɹinoʊ/
neutrinos	/nuˈtɹinoʊz/
neutrogena	/ˌnutɹəˈdʒinə/
neutron	/ˈnuˌtɹɑn/
neutrons	/ˈnuˌtɹɑnz/
neuville	/ˈnuˌvɪl/
neuwirth	/ˈnuwɚθ/
neuzil	/ˈnuzəl/
neva	/ˈneɪvə/
nevada	/nəˈvɑdə/
nevada's	/nəˈvædəz/
nevadan	/nəˈvædən/
nevadans	/nəˈvædənz/
nevala	/neɪˈvɑlə/
nevarach	/nəˈvɑɹətʃ/
nevarach's	/nəˈvɑɹətʃəz/
nevarez	/neɪˈvɑɹɛz/
neve	/ˈniv/
neveau	/nɪˈvoʊ/
nevel	/neɪˈvɛl/
nevels	/ˈnɛvəlz/
never	/ˈnɛvɚ/
never-ending	/ˌnɛvɚˈɛndɪŋ/
neverland	/ˈnɛvɚlænd/
nevermind	/ˈnɛvɚˌmaɪnd/
nevermore	/ˈnɛvɚˌmɔɹ/
nevers	/ˈnɛvɚz/
nevertheless	/ˌnɛvɚðəˈlɛs/
neves	/ˈnivz/
neveu	/nɪˈvu/
nevil	/neɪˈvil/
nevile	/neɪˈvaɪl/
nevill	/ˈnɛvɪl/
neville	/ˈnɛvɪl/
nevills	/ˈnɛvɪlz/
nevils	/ˈnɛvəlz/
nevin	/ˈnɛvɪn/
nevin's	/ˈnɛvɪnz/
nevins	/ˈnɛvɪnz/
nevis	/ˈnɛvɪs/
nevitt	/ˈnɛvɪt/
nevius	/ˈniviɪs/
new	/ˈnu/
new-bedford	/ˌnuˈbɛdfɚd/
new-bern	/nuˈbɝn/
new-caledonia	/ˈnuˌkæləˈdoʊniə/
new-delhi	/nuˈdɛli/
new-hampshire	/ˈnuˈhæmpʃɚ/
new-hampshire's	/ˈnuˈhæmpʃɚz/
new-hampshirite	/ˈnuˈhæmpʃɚˌaɪt/
new-hampshirites	/ˈnuˈhæmpʃɚˌaɪts/
new-haven	/ˈnuheɪvən/
new-jersey	/ˈnuˈdʒɝzi/
new-jersey's	/ˈnuˈdʒɝziz/
new-london	/nuˈlʌndən/
new-mexican	/ˈnuˈmɛksɪkən/
new-mexicans	/ˈnuˈmɛksɪkənz/
new-mexico	/ˈnuˈmɛksəˌkoʊ/
new-mexico's	/ˈnuˈmɛksəˌkoʊz/
new-orleans	/nuˈɔɹlinz/
new-years	/ˈnujiɹz/
new-york	/ˈnuˈjɔɹk/
new-york-city	/ˈnuˈjɔɹkˈsɪti/
new-york's	/ˈnuˈjɔɹks/
new-yorker	/ˈnuˈjɔɹkɚ/
new-yorkers	/ˈnuˈjɔɹkɚz/
new-zealand	/ˈnuˈzilənd/
newall	/ˈnuˌɔl/
newark	/ˈnuɚk/
newark's	/ˈnjuɚks/
newbauer	/ˈnubaʊɚ/
newberg	/ˈnubɚɡ/
newberger	/ˈnubɚɡɚ/
newbern	/ˈnubɚn/
newberry	/ˈnuˌbɛɹi/
newbery	/ˈnuˌbɛɹi/
newbie	/ˈnuˌbi/
newbill	/ˈnuˌbɪl/
newbold	/ˈnuˌboʊld/
newborn	/ˈnubɔɹn/
newborns	/ˈnuˌbɔɹnz/
newbraudwick	/nuˈbɹɑdwɪk/
newbridge	/ˈnuˌbɹɪdʒ/
newbrough	/ˈnubɹaʊ/
newburg	/ˈnubɚɡ/
newburger	/ˈnubɚɡɚ/
newburgh	/ˈnubɚɡ/
newburn	/ˈnuˌbɝn/
newbury	/ˈnuˌbɛɹi/
newbury's	/ˈnuˌbɛɹiz/
newby	/ˈnubi/
newcastle	/ˈnuˌkæsəl/
newcastle's	/ˈnuˌkæsəlz/
newcom	/ˈnukəm/
newcomb	/ˈnukəm/
newcombe	/ˈnukəm/
newcome	/ˈnukəm/
newcomer	/ˈnuˌkʌmɚ/
newcomers	/ˈnuˌkʌmɚz/
newcor	/ˈnuˌkɔɹ/
newedge	/ˈnuədʒ/
newell	/ˈnuəl/
newell's	/ˈnuəlz/
newer	/ˈnuɚ/
newest	/ˈnuəst/
newey	/ˈnui/
newfangle	/ˌnuˈfæŋɡəl/
newfangled	/ˌnuˈfæŋɡəld/
newfield	/ˈnuˌfild/
newfound	/ˈnuˈfaʊnd/
newfoundland	/ˈnufəndlənd/
newgard	/ˈnuɡɚd/
newgate	/ˈnuɡeɪt/
newgateway	/ˈnuˌɡeɪˌtweɪ/
newhall	/ˈnuˌhɔl/
newhall's	/ˈnuˌhɔlz/
newhard	/ˈnuˌhɑɹd/
newhart	/ˈnuˌhɑɹt/
newhouse	/ˈnuˌhaʊs/
newill	/niˈwɪl/
newingham	/ˈnuɪŋˌhæm/
newish	/ˈnuɪʃ/
newkirk	/ˈnukɚk/
newlan	/ˈnulən/
newland	/ˈnulənd/
newley	/ˈnuli/
newlin	/ˈnulɪn/
newlon	/ˈnulən/
newlun	/ˈnulən/
newly	/ˈnuli/
newlyn	/ˈnulɪn/
newlywed	/ˈnuliˌwɛd/
newlyweds	/ˈnuliˌwɛdz/
newman	/ˈnumən/
newman's	/ˈnumənz/
newmann	/ˈnumən/
newmark	/ˈnuˌmɑɹk/
newmarket	/ˈnuˌmɑɹkət/
newmeyer	/ˈnumaɪɚ/
newmont	/ˈnuˌmɑnt/
newmont's	/ˈnuˌmɑnts/
newmyer	/ˈnumiɚ/
newnam	/ˈnunəm/
newness	/ˈnunəs/
neworld	/ˈnɛˈwɝld/
newport	/ˈnupɔɹt/
newport-news	/ˈnupɔɹtˈnuz/
newport's	/ˈnupɔɹts/
newquist	/ˈnuˌkwɪst/
news	/ˈnuz/
news'	/ˈnuz/
news's	/ˈnuzɪz/
newscast	/ˈnuzˌkæst/
newscaster	/ˈnuzˌkæstɚ/
newscasters	/ˈnuzˌkæstɚz/
newscasts	/ˈnuzˌkæsts/
newscorp	/ˈnuzˌkɔɹp/
newscorp's	/ˈnuzˌkɔɹps/
newsday	/ˈnuzˌdeɪ/
newsday's	/ˈnuzˌdeɪz/
newsflash	/ˈnusflæʃ/
newsflashes	/ˈnusflæʃəz/
newsgroup	/ˈnuzˌɡɹup/
newsgroups	/ˈnuzˌɡɹups/
newsham	/ˈnuʃəm/
newshour	/ˈnuˌzaʊɹ/
newsies	/ˈnuziz/
newsletter	/ˈnuzˌlɛtɚ/
newsletter's	/ˈnuzˌlɛtɚz/
newsletters	/ˈnuzˌlɛtɚz/
newslink	/ˈnuzlɪŋk/
newslink's	/ˈnuzlɪŋks/
newsmagazine	/ˈnuzˌmæɡəˌzin/
newsmagazines	/ˈnuzˌmæɡəˌzinz/
newsmaker	/ˈnuzˌmeɪkɚ/
newsmakers	/ˈnuzˌmeɪkɚz/
newsman	/ˈnuzˌmæn/
newsmen	/ˈnuzmɪn/
newsnight	/ˈnuzˌnaɪt/
newsom	/ˈnuzəm/
newsome	/ˈnusəm/
newson	/ˈnusən/
newspaper	/ˈnuzˌpeɪpɚ/
newspaper's	/ˈnuzˌpeɪpɚz/
newspaperman	/ˈnuzˌpeɪpɚˌmæn/
newspapermen	/ˈnuzˌpæpɚmən/
newspapers	/ˈnuzˌpeɪpɚz/
newspapers'	/ˈnuzˌpeɪpɚz/
newspeak	/ˈnuˌspik/
newspeople	/ˈnuzpipəl/
newsperson	/ˈnuzpɚsən/
newspersons	/ˈnuzpɚsənz/
newsprint	/ˈnuzˌpɹɪnt/
newsreel	/ˈnuzˌɹil/
newsreels	/ˈnuzˌɹilz/
newsroom	/ˈnuzˌɹum/
newsroom's	/ˈnuzˌɹumz/
newsrooms	/ˈnuzˌɹumz/
newsstand	/ˈnuzˌstænd/
newsstands	/ˈnuzˌstændz/
newstrom	/ˈnuztɹəm/
newsum	/ˈnuzəm/
newswanger	/ˈnuzwɔŋɚ/
newsweek	/ˈnuzˌwik/
newsweek's	/ˈnuzˌwiks/
newsweekly	/ˈnuzˌwikli/
newswire	/ˈnuzˌwaɪɹ/
newswires	/ˈnuzˌwaɪɹz/
newswoman	/ˈnuzwʊmən/
newswomen	/ˈnuzwɪmən/
newsworthy	/ˈnuzˌwɝði/
newsy	/ˈnuzi/
newt	/ˈnut/
newt's	/ˈnuts/
newton	/ˈnutən/
newton's	/ˈnutənz/
newtonchik	/ˈnuˌtɑntʃɪk/
newtonian	/nuˈtoʊniən/
newtown	/ˈnuˌtaʊn/
newtowne	/ˈnuˌtaʊn/
newts	/ˈnuts/
newvector	/ˈnuˌvɛktɚ/
newville	/ˈnuˌvɪl/
newwave	/ˈnuˌweɪv/
nex	/ˈnɛks/
nexgen	/ˈnɛksˌdʒɛn/
nexis	/ˈnɛksɪs/
nexrad	/ˈnɛksɹæd/
next	/ˈnɛkst/
next's	/ˈnɛksts/
nextel	/ˈnɛkˌstɛl/
nextel's	/ˈnɛkˌstɛlz/
nextstep	/ˈnɛkstˌstɛp/
nexus	/ˈnɛksəs/
ney	/ˈneɪ/
neyens	/ˈnaɪnz/
neyer	/ˈneɪɚ/
neyhart	/ˈneɪˌhɑɹt/
neyland	/ˈneɪlənd/
neylon	/ˈneɪlən/
neyman	/ˈneɪmən/
neysa	/ˈneɪsə/
nez	/ˈnɛz/
nfc	/ˈɛˈnɛfˈsi/
nfl	/ˈɛˌnɛˈfɛl/
ng	/ˈɛŋ/
ngai	/ˈɡaɪ/
ngema	/ɛnˈɡɛmɑ/
nghi	/ˈɡi/
ngo	/ɛŋˈɡoʊ/
ngor	/ɛŋˈɡɔɹ/
ngos	/ɛŋˈɡoʊz/
ngueppe	/ɛŋˈɡɛpi/
nguyen	/nuˈjɛn/
ni	/ˈni/
niacin	/ˈnaɪəsən/
niad	/ˈnaɪæd/
niagara	/naɪˈæɡɹə/
niagara's	/naɪˈæɡɹəz/
niaid	/ˈnaɪˌeɪd/
nial	/ˈnaɪəl/
niall	/ˈnaɪl/
niam	/ˈnaɪəm/
niamh	/ˈnaɪəm/
nib	/ˈnɪb/
nibbe	/ˈnɪb/
nibble	/ˈnɪbəl/
nibbled	/ˈnɪbəld/
nibbles	/ˈnɪbəlz/
nibbling	/ˈnɪbəlɪŋ/
nibert	/ˈnɪbɚt/
niblack	/ˈnɪˌblæk/
niblett	/ˈnɪblɪt/
niblock	/ˈnɪˌblɑk/
nibs	/ˈnɪbz/
nic	/ˈnɪk/
nicandros	/nɪˈkændɹoʊs/
nicaragua	/ˌnɪkɚˈɑɡwə/
nicaragua's	/ˌnɪkɚˈɑɡwəz/
nicaraguan	/ˌnɪkɚˈɑɡwən/
nicaraguans	/ˌnɪkɚˈɑɡwənz/
nicastro	/nɪˈkæstɹoʊ/
niccoli	/niˈkoʊli/
niccolite	/ˈnɪkəˌlaɪt/
niccum	/ˈnɪkəm/
nice	/ˈnaɪs/
nicely	/ˈnaɪsli/
nicen	/ˈnaɪsən/
niceness	/ˈnaɪsnəs/
nicer	/ˈnaɪsɚ/
nicest	/ˈnaɪsɪst/
niceties	/ˈnaɪsɪtiz/
nicety	/ˈnaɪsɪti/
niche	/ˈnɪtʃ/
nichelson	/ˈnɪtʃɪlsən/
niches	/ˈnɪtʃɪz/
nichol	/ˈnɪkɔl/
nichola	/nɪˈhoʊlə/
nicholas	/ˈnɪkələs/
nicholas'	/ˈnɪkələs/
nicholas's	/ˈnɪkələsɪz/
nichole	/ˈnɪkoʊl/
nicholes	/ˈnɪkoʊlz/
nicholi	/ˈnɪkəlaɪ/
nicholl	/ˈnɪkəl/
nicholls	/ˈnɪkəlz/
nichols	/ˈnɪkəlz/
nichols'	/ˈnɪkəlz/
nichols's	/ˈnɪkəlzɪz/
nicholson	/ˈnɪkəlsən/
nicholson's	/ˈnɪkəlsənz/
nichter	/ˈnɪktɚ/
nick	/ˈnɪk/
nick's	/ˈnɪks/
nicked	/ˈnɪkt/
nickel	/ˈnɪkəl/
nickel's	/ˈnɪkəlz/
nickell	/ˈnɪkəl/
nickelodeon	/ˌnɪkɪˈloʊdiən/
nickels	/ˈnɪkəlz/
nickelson	/ˈnɪkɪlsən/
nickens	/ˈnɪkənz/
nickerson	/ˈnɪkɚsən/
nickeson	/ˈnɪkɪsən/
nickey	/ˈnɪki/
nicki	/ˈnɪki/
nicklas	/ˈnɪkləz/
nicklaus	/ˈnɪkləs/
nicklaus's	/ˈnɪkləsɪz/
nickle	/ˈnɪkəl/
nickleby	/ˈnɪkəlbi/
nickles	/ˈnɪkəlz/
nickless	/ˈnɪkləs/
nicklin	/ˈnɪklɪn/
nicklow	/ˈnɪˌkloʊ/
nickname	/ˈnɪkˌneɪm/
nicknamed	/ˈnɪkˌneɪmd/
nicknames	/ˈnɪkˌneɪmz/
nickol	/ˈnɪkəl/
nickolas	/ˈnɪkələz/
nickolay	/ˈnɪkəˌlaɪ/
nickoloff	/ˈnɪkəlɔf/
nickols	/ˈnɪkəlz/
nickolson	/ˈnɪkoʊlsən/
nicks	/ˈnɪks/
nickson	/ˈnɪksən/
nickum	/ˈnɪkəm/
nicky	/ˈnɪki/
nicky's	/ˈnɪkiz/
niclaneshia	/ˈnɪkləˌnɛʃə/
niclaneshia's	/ˈnɪkləˌnɛʃəz/
nicley	/ˈnɪkli/
nico	/ˈnikoʊ/
nicodemo	/ˌnikoʊˈdeɪmoʊ/
nicoderm	/ˈnɪkəˌdɝm/
nicol	/ˈnɪkəl/
nicola	/nɪˈkoʊlɑ/
nicolae	/ˈnɪkoʊˌlaɪ/
nicolai	/nikoʊˈlɑi/
nicolaides	/ˈnɪkəleɪdz/
nicolaisen	/ˈnɪkəlaɪsən/
nicolas	/ˈnɪkələs/
nicolau	/ˈnɪkəlaʊ/
nicolaus	/ˈnɪkəlaʊz/
nicolay	/ˈnɪkəˌleɪ/
nicole	/nɪˈkoʊl/
nicole's	/nɪˈkoʊlz/
nicolet	/ˌnɪkəˈlɛt/
nicoletta	/ˌnɪkəˈlɛtə/
nicolette	/ˌnɪkəˈlɛt/
nicoletti	/ˌnikoʊˈlɛti/
nicoli	/niˈkoʊli/
nicolin	/ˈnɪkəlɪn/
nicolina	/ˌnikoʊˈlinɑ/
nicoline	/nikoʊˈlini/
nicolini	/ˌnikoʊˈlini/
nicoll	/ˈnɪkəl/
nicolle	/nɪˈkoʊl/
nicollier	/nɪˈkoʊljɚ/
nicolls	/ˈnɪkəlz/
nicolo	/ˈnɪkəloʊ/
nicoloff	/ˈnɪkəˌlɔf/
nicolosi	/nikoʊˈloʊsi/
nicols	/ˈnɪkəlz/
nicolson	/ˈnɪkoʊlsən/
nicor	/ˈnaɪˌkɔɹ/
nicorette	/ˈnɪkɚˌɛt/
nicosia	/nɪkəˈsiə/
nicoski	/nɪˈkɔˌski/
nicoson	/ˈnɪkəsən/
nicotera	/ˌnikoʊˈtɛɹɑ/
nicotine	/ˈnɪkəˌtin/
nicotine's	/ˈnɪkəˌtinz/
nicotra	/nɪˈkɑtɹə/
nida	/ˈnidə/
nidal	/nɪˈdɑl/
nidal's	/nɪˈdɑlz/
niday	/ˈnaɪˌdeɪ/
nidiffer	/ˈnɪdɪfɚ/
nie	/ˈni/
niebauer	/ˈnibaʊɚ/
niebling	/ˈnibəlɪŋ/
niebuhr	/ˈnibʊɹ/
niebur	/ˈnibɚ/
niece	/ˈnis/
niece's	/ˈnisɪz/
nieces	/ˈnisɪz/
nied	/ˈnid/
niedbala	/nidˈbɑlə/
niedbalski	/nidˈbɑlski/
nieder	/ˈnidɚ/
niederer	/ˈnidɚɚ/
niederhauser	/ˈnidɚhaʊzɚ/
niederman	/ˈnaɪdɚmən/
niedermeier	/ˈnidɚmaɪɚ/
niedermeyer	/ˈnidɚmaɪɚ/
niedzielski	/niˈdʒilski/
niedzwiecki	/nidʒˈvitski/
niehaus	/ˈniˌhaʊs/
niehoff	/ˈnihɔf/
niekamp	/ˈniˌkæmp/
niel	/ˈnil/
nieland	/ˈnilənd/
nield	/ˈnild/
nields	/ˈnildz/
niels	/ˈnilz/
nielsen	/ˈnilsən/
nielsen's	/ˈnilsənz/
nielson	/ˈnilsən/
nieman	/ˈnimən/
niemann	/ˈnimən/
niemczyk	/ˈnimtʃɪk/
niemeier	/ˈnimaɪɚ/
niemela	/niˈmɛlə/
niemeyer	/ˈnimaɪɚ/
niemi	/ˈnimi/
niemiec	/ˈniˌmik/
niemoeller	/ˈnaɪmɔlɚ/
niemuth	/ˈniməθ/
nienaber	/ˈninəbɚ/
nienhaus	/ˈninˌhaʊs/
nienhuis	/ˈninhuɪz/
nienow	/ˈninoʊ/
nier	/ˈniɚ/
nierenberg	/ˈnɪɹənbɚɡ/
nierman	/ˈnɪɹmən/
nies	/ˈnaɪz/
niese	/ˈniz/
niesen	/ˈnisən/
niess	/ˈnis/
nieto	/ˈnitoʊ/
nieto's	/ˈnitoʊz/
nietzsche	/ˈnitʃi/
nieves	/niˈɛvɛs/
niezgoda	/nizˈɡoʊdə/
nifedipine	/ˌnaɪˈfɛdəpin/
nifong	/ˈnɪfɔŋ/
nifty	/ˈnɪfti/
nigel	/ˈnaɪdʒəl/
niger	/ˈnaɪdʒɚ/
nigeria	/naɪˈdʒɪɹiə/
nigeria's	/naɪˈdʒɪɹiəz/
nigerian	/naɪˈdʒɪɹiən/
nigerians	/naɪˈdʒɪɹiənz/
nigg	/ˈnɪɡ/
niggard	/ˈnɪɡɚd/
niggardliness	/ˈnɪɡɚdlinəs/
niggardly	/ˈnɪɡɚdli/
nigger	/ˈnɪɡɚ/
nigger's	/ˈnɪɡɚz/
niggers	/ˈnɪɡɚz/
nigh	/ˈnaɪ/
nighswonger	/ˈnaɪswɔŋɚ/
night	/ˈnaɪt/
night's	/ˈnaɪts/
nightclub	/ˈnaɪtˌklʌb/
nightclubs	/ˈnaɪtˌklʌbz/
nightengale	/ˈnaɪtɪŋɡəl/
nightengale's	/ˈnaɪtɪŋɡəlz/
nightengales	/ˈnaɪtɪŋɡəlz/
nighter	/ˈnaɪtɚ/
nighters	/ˈnaɪtɚz/
nightfall	/ˈnaɪtˌfɔl/
nighthawk	/ˈnaɪtˌhɔk/
nighthawks	/ˈnaɪtˌhɔks/
nighthorse	/ˈnaɪthɔɹs/
nightingale	/ˈnaɪtɪŋɡeɪl/
nightlife	/ˈnaɪtˌlaɪf/
nightline	/ˈnaɪtˌlaɪn/
nightline's	/ˈnaɪtˌlaɪnz/
nightlines	/ˈnaɪtˌlaɪnz/
nightly	/ˈnaɪtli/
nightmare	/ˈnaɪtˌmɛɹ/
nightmares	/ˈnaɪtˌmɛɹz/
nightmarish	/ˈnaɪtˌmɛɹɪʃ/
nights	/ˈnaɪts/
nights'	/ˈnaɪts/
nightshade	/ˈnaɪˌtʃeɪd/
nightshirt	/ˈnaɪˌtʃɝt/
nightshirts	/ˈnaɪˌtʃɝts/
nightstage	/ˈnaɪtˌsteɪdʒ/
nightstand	/ˈnaɪtˌstænd/
nightstands	/ˈnaɪtˌstændz/
nightstick	/ˈnaɪtˌstɪk/
nightsticks	/ˈnaɪtˌstɪks/
nighttime	/ˈnaɪtˌtaɪm/
nighttimes	/ˈnaɪtˌtaɪmz/
nigrelli	/niˈɡɹɛli/
nigris	/ˈnɪɡɹɪs/
nigro	/ˈnɪɡɹoʊ/
niguel	/nɪˈɡɛl/
nihart	/ˈnɪhɑɹt/
nihay	/ˈnaɪheɪ/
nihei	/nɪˈheɪ/
nihilism	/ˈnaɪəˌlɪzəm/
nihilists	/ˈnaɪələsts/
nihiser	/ˈnɪhaɪzɚ/
nihon	/ˈnɪhɑn/
niihau	/ˈnihaʊ/
nik	/ˈnɪk/
nike	/ˈnaɪki/
nike's	/ˈnaɪkiz/
nikes	/ˈnaɪks/
niki	/ˈnɪki/
nikita	/ˌnɪˈkitə/
nikk's	/ˈnɪks/
nikkei	/nɪˈkeɪ/
nikkei's	/ˈniˌkeɪz/
nikkel	/ˈnɪkəl/
nikkhah	/ˈnɪkhɑ/
nikki	/ˈnɪki/
nikko	/ˈnikoʊ/
nikko's	/ˈnikoʊz/
niko	/ˈnikoʊ/
niko's	/ˈnikoʊz/
nikola	/nɪˈkoʊlə/
nikolai	/ˈnɪkoʊˌlaɪ/
nikolaivich	/nɪkoʊˈlaɪvɪtʃ/
nikolaus	/ˈnɪkəlaʊz/
nikolic	/nɪˈkɑlɪk/
nikolich	/nɪˈkɑlɪh/
nikon	/ˈnaɪˌkɑn/
nikou	/ˈniku/
nikovski	/nɪˈkɑfski/
nil	/ˈnɪl/
nila	/ˈnilə/
nilan	/niˈlɑn/
niland	/ˈnaɪlənd/
nile	/ˈnaɪl/
niles	/ˈnaɪlz/
nilges	/ˈnɪldʒɪz/
nill	/ˈnɪl/
nilles	/ˈnaɪlz/
nilly	/ˈnɪli/
nils	/ˈnɪlz/
nilsen	/ˈnɪlsən/
nilson	/ˈnɪlsən/
nilsson	/ˈnɪlsən/
nimble	/ˈnɪmbəl/
nimbly	/ˈnɪmbli/
nimbus	/ˈnɪmbəs/
nimby	/ˈnɪmbi/
nimitz	/ˈnɪmɪts/
nimmer	/ˈnɪmɚ/
nimmo	/ˈnɪmoʊ/
nimmons	/ˈnɪmənz/
nimoy	/ˈniˌmɔɪ/
nimrod	/ˈnɪmɹɑd/
nimrodi	/nɪmˈɹoʊdi/
nims	/ˈnɪmz/
nimtz	/ˈnɪmts/
nina	/ˈninə/
ninad	/ˈnaɪnəd/
ninagawa	/ˌninɑˈɡɑwə/
nincompoop	/ˈnɪŋkəmˌpup/
nincompoops	/ˈnɪŋkəmˌpups/
nine	/ˈnaɪn/
nine's	/ˈnaɪnz/
ninefold	/ˈnɪnˌfoʊld/
niner	/ˈnaɪnɚ/
niners	/ˈnaɪnɚz/
niners'	/ˈnaɪnɚz/
nines	/ˈnaɪnz/
nineteen	/ˈnaɪnˈtin/
nineteenth	/ˈnaɪnˈtinθ/
nineties	/ˈnaɪntiz/
nineties'	/ˈnaɪntiz/
ninetieth	/ˈnaɪntiɪθ/
ninette	/nɪˈnɛt/
ninety	/ˈnaɪnti/
ninety's	/ˈnaɪntiz/
nineveh	/ˈnɪnəvə/
ning	/ˈnɪŋ/
ninja	/ˈnɪndʒə/
ninjas	/ˈnɪndʒəz/
ninneman	/ˈnɪnmən/
ninny	/ˈnɪni/
nino	/ˈninoʊ/
ninon	/ˈnɪnən/
ninos	/ˈninoʊz/
ninsu	/ˈnɪnsu/
nintendo	/nɪnˈtɛndoʊ/
nintendo's	/nɪnˈtɛndoʊz/
ninth	/ˈnaɪnθ/
ninths	/ˈnaɪnθs/
niobite	/ˈnaɪoʊˌbaɪt/
niobium	/ˌnaɪˈoʊbiəm/
nip	/ˈnɪp/
nipon	/ˈnɪˌpɑn/
nipp	/ˈnɪp/
nipped	/ˈnɪpt/
nipper	/ˈnɪpɚ/
nippert	/ˈnɪpɚt/
nipping	/ˈnɪpɪŋ/
nipple	/ˈnɪpəl/
nipples	/ˈnɪpəlz/
nippon	/ˌnɪˈpɑn/
nippondenso	/ˌnɪˌpɑnˈdɛnsoʊ/
nippy	/ˈnɪpi/
nips	/ˈnɪps/
nipsco	/ˈnɪpskoʊ/
niquette	/nɪˈkɛt/
nir	/ˈnɪɹ/
nirenberg	/ˈnaɪɹənbɚɡ/
niriko	/ˈnɪɹɪkoʊ/
niro	/ˈnɪɹoʊ/
nirvana	/nɪɹˈvɑnə/
nirvana's	/nɪɹˈvɑnəz/
nirvanas	/nɪɹˈvɑnəz/
nisbet	/ˈnɪzbət/
nisbett	/ˈnɪsbɪt/
nisei	/nɪˈseɪ/
nishi	/ˈniʃi/
nishida	/niˈʃidə/
nishikawa	/niʃiˈkɑwə/
nishimo	/nɪˈʃimoʊ/
nishimoto	/niʃiˈmoʊtoʊ/
nishimura	/niʃiˈmʊɹə/
nishioka	/ˌniʃiˈoʊkə/
nishiyama	/niʃiˈjɑmə/
nishizawa	/ˌniʃɪˈzɑwə/
niskanen	/ˈnɪskənən/
nisley	/ˈnɪzli/
nissa	/ˈnɪsə/
nissan	/ˈnisɑn/
nissan's	/ˈnisɑnz/
nissans	/ˈnisɑnz/
nissei	/nɪˈseɪ/
nissen	/ˈnɪsən/
nissenbaum	/ˈnɪsənˌbaʊm/
nisshin	/ˈnɪʃɪn/
nissho	/ˈnɪʃoʊ/
nissim	/ˈnɪsɪm/
nissin	/ˈnɪsɪn/
nissley	/ˈnɪsli/
nist	/ˈnɪst/
nistler	/ˈnɪstlɚ/
niswander	/ˈnɪswɔndɚ/
niswonger	/ˈnɪswɔŋɚ/
nit	/ˈnɪt/
nita	/ˈnitə/
nite	/ˈnaɪt/
nithuekan	/ˌnɪθwəˈkɑn/
nithuekan's	/ˌnɪθwəˈkɑnz/
nitka	/ˈnɪtkə/
nito	/ˈnitoʊ/
nitpick	/ˈnɪtpɪk/
nitpicking	/ˈnɪtˌpɪkɪŋ/
nitpicky	/ˈnɪtˌpɪki/
nitrate	/ˈnaɪˌtɹeɪt/
nitrates	/ˈnaɪˌtɹeɪts/
nitrating	/ˈnaɪˌtɹeɪtɪŋ/
nitration	/naɪˈtɹeɪʃən/
nitric	/ˈnaɪtɹɪk/
nitride	/ˈnaɪtɹaɪd/
nitriles	/ˈnaɪtɹəlz/
nitro	/ˈnɪtɹoʊ/
nitrocellulose	/ˌnaɪtɹoʊˈsɛljəˌloʊs/
nitrogen	/ˈnaɪtɹədʒən/
nitrogenous	/naɪˈtɹɑdʒənəs/
nitroglycerin	/ˌnaɪtɹoʊˈɡlɪsɚən/
nitroglycerine	/ˌnaɪtɹoʊˈɡlɪsɚən/
nitrosamines	/nɪˌtɹɑsəˈminz/
nitrosomine	/nɪˌtɹɑsəˈmin/
nitrosomines	/nɪˌtɹɑsəˈminz/
nitrous	/ˈnɪtɹəs/
nitsa	/ˈnɪtsə/
nitsch	/ˈnɪtʃ/
nitsche	/ˈnɪtʃ/
nitschke	/ˈnɪtʃk/
nitta	/ˈnɪtə/
nitto	/ˈnɪtoʊ/
nitty	/ˈnɪti/
nitz	/ˈnɪts/
nitza	/ˈnɪtzə/
nitza's	/ˈnɪtzəz/
nitzberg	/ˈnɪtsbɚɡ/
nitze	/ˈnɪtsi/
nitzel	/ˈnɪtzəl/
nitzsche	/ˈnɪtzʃ/
niven	/ˈnaɪvən/
nivens	/ˈnaɪvənz/
niver	/ˈnaɪvɚ/
nivison	/ˈnɪvɪsən/
nix	/ˈnɪks/
nixdorf	/ˈnɪksˌdɔɹf/
nixdorf's	/ˈnɪksˌdɔɹfs/
nixed	/ˈnɪkst/
nixes	/ˈnɪksɪz/
nixie	/ˈnɪksi/
nixon	/ˈnɪksən/
nixon's	/ˈnɪksənz/
nixons	/ˈnɪksənz/
nizar	/ˈnaɪzɑɹ/
nizhny	/ˈnɪʒni/
niziolek	/nɪziˈoʊlɛk/
niznik	/ˈnɪznɪk/
nkohse	/ɛŋˈkoʊsi/
nmr	/ˌɛˌnɛˈmɑɹ/
no	/ˈnoʊ/
no-brainer	/ˌnoʊˈbɹeɪnɚ/
no-go	/ˈnoʊˌɡoʊ/
no-good	/ˈnoʊˌɡʊd/
no-one	/ˈnoʊwən/
no-one's	/ˈnoʊənz/
no-show	/ˈnoʊˌʃoʊ/
no's	/ˈnoʊz/
noa	/ˈnoʊə/
noaa	/ˈnoʊə/
noack	/ˈnoʊk/
noah	/ˈnoʊə/
noah's	/ˈnoʊəz/
noakes	/ˈnoʊks/
noam	/ˈnoʊm/
noami	/ˈnoʊmi/
nobatoshi	/ˌnoʊbəˈtoʊʃi/
nobbe	/ˈnɑb/
nobec	/noʊˈbɛk/
nobec's	/noʊˈbɛks/
nobel	/noʊˈbɛl/
nobelium	/noʊˈbɛliəm/
nobile	/ˈnɑbəl/
nobility	/noʊˈbɪləti/
nobis	/ˈnoʊbɪs/
noble	/ˈnoʊbəl/
noble's	/ˈnoʊbəlz/
nobleman	/ˈnoʊbəlmən/
nobleman's	/ˈnoʊbəlmənz/
nobler	/ˈnoʊblɚ/
nobles	/ˈnoʊbəlz/
noblesse	/noʊˈblɛs/
noblest	/ˈnoʊblɪst/
noblet	/ˈnɑblət/
noblett	/ˈnɑblɪt/
noblewoman	/ˈnoʊbəlˌwʊmən/
noblin	/ˈnɑblɪn/
noblitt	/ˈnɑblɪt/
nobly	/ˈnɑbli/
nobodies	/ˈnoʊˌbɑˌdiz/
nobody	/ˈnoʊˌbɑˌdi/
nobody'd	/ˈnoʊˌbɑˌdid/
nobody's	/ˈnoʊˌbɑˌdiz/
noboru	/noʊˈbɔɹu/
nobrega	/ˈnɑbɹɪɡə/
nobriga	/ˈnɑbɹɪɡə/
nobuaki	/ˌnoʊbuˈɑki/
nobuo	/noʊˈbuoʊ/
nobuto	/noʊˈbutoʊ/
nobuyuki	/ˌnoʊbuˈjuki/
noce	/ˈnoʊs/
nocella	/noʊˈtʃɛlə/
nocera	/noʊˈtʃɛɹə/
nock	/ˈnɑk/
nockard	/ˈnɑkɚd/
nocturnal	/nɑkˈtɝnəl/
nod	/ˈnɑd/
noda	/ˈnoʊdə/
nodded	/ˈnɑdəd/
nodding	/ˈnɑdɪŋ/
node	/ˈnoʊd/
nodes	/ˈnoʊdz/
nodine	/noʊˈdini/
nods	/ˈnɑdz/
nodular	/ˈnɑdʒəlɚ/
nodule	/ˈnɑdʒul/
nodules	/ˈnɑdʒulz/
noe	/ˈnoʊ/
noecker	/ˈnoʊkɚ/
noel	/noʊˈɛl/
noel's	/noʊˈɛlz/
noell	/ˈnoʊl/
noelle	/noʊˈɛl/
noes	/ˈnoʊz/
noeth	/ˈnoʊθ/
noffke	/ˈnɑfk/
noffsinger	/ˈnɑfsɪndʒɚ/
nofsinger	/ˈnɑfsɪndʒɚ/
noftsker	/ˈnɔftskɚ/
nofziger	/ˈnɔfzɪɡɚ/
noga	/ˈnoʊɡə/
nogales	/noʊˈɡɑlɛs/
nogawa	/noʊˈɡɑwə/
noggle	/ˈnɑɡəl/
nogle	/ˈnoʊɡəl/
noguchi	/noʊˈɡutʃi/
nogueira	/noʊˈɡeɪɹɑ/
noguera	/noʊˈɡeɪɹɑ/
noh	/ˈnoʊ/
nohl	/ˈnoʊl/
nohr	/ˈnɔɹ/
noiman	/ˈnɔɪmən/
noir	/ˈnɔɪɹ/
noirs	/ˈnɔɪɹz/
noise	/ˈnɔɪz/
noises	/ˈnɔɪzɪz/
noisier	/ˈnɔɪziɚ/
noisiest	/ˈnɔɪziəst/
noisily	/ˈnɔɪzəli/
noisy	/ˈnɔɪzi/
nokes	/ˈnoʊks/
nokia	/ˈnoʊkiə/
nokia's	/ˈnoʊkiəz/
nokyo	/ˈnoʊkjoʊ/
nola	/ˈnoʊlə/
nolan	/ˈnoʊlən/
nolana	/noʊˈlænə/
noland	/ˈnoʊlənd/
nolanda	/nəˈlændə/
nolasco	/noʊˈlɑskoʊ/
nold	/ˈnoʊld/
nolde	/ˈnoʊld/
nolden	/ˈnoʊldən/
nolder	/ˈnoʊldɚ/
nole	/ˈnoʊl/
nolen	/ˈnɑlən/
noles	/ˈnoʊlz/
nolet	/ˈnoʊlɪt/
noleta	/noʊˈlɛtə/
nolette	/ˌnoʊˈlɛt/
nolf	/ˈnoʊlf/
nolie	/ˈnɑli/
nolin	/ˈnoʊlɪn/
nolita	/noʊˈlitə/
noll	/ˈnoʊl/
nolla	/ˈnoʊlə/
nollan	/ˈnɑlən/
noller	/ˈnoʊlɚ/
nolley	/ˈnɑli/
nollie	/ˈnoʊli/
nolls	/ˈnoʊlz/
nolo	/ˈnoʊloʊ/
nolt	/ˈnoʊlt/
nolte	/ˈnoʊlt/
nolting	/ˈnoʊltɪŋ/
nom	/ˈnɑm/
nomad	/ˈnoʊˌmæd/
nomad's	/ˈnoʊˌmædz/
nomadic	/noʊˈmædɪk/
nomads	/ˈnoʊˌmædz/
nome	/ˈnoʊm/
nome's	/ˈnoʊmz/
nomenclatorial	/ˌnoʊmɪnkləˈtɔɹiəl/
nomenclatural	/noʊmənˈkleɪtʃɚəl/
nomenclature	/ˈnoʊmənˌkleɪtʃɚ/
nomenklatura	/noʊˌmɛŋkləˈtʃʊɹə/
nomi	/ˈnoʊmi/
nominal	/ˈnɑmənəl/
nominally	/ˈnɑmənəli/
nominate	/ˈnɑmənət/
nominated	/ˈnɑməˌneɪtəd/
nominates	/ˈnɑməˌneɪts/
nominating	/ˈnɑməˌneɪtɪŋ/
nomination	/ˌnɑməˈneɪʃən/
nominations	/ˌnɑməˈneɪʃənz/
nominee	/ˌnɑməˈni/
nominee's	/ˌnɑməˈniz/
nominees	/ˌnɑməˈniz/
nomo	/ˈnoʊmoʊ/
nomura	/noʊˈmʊɹə/
nomura's	/noʊˈmʊɹəz/
non	/ˈnɑn/
non-academic	/nɑˌnækəˈdɛmɪk/
non-agricultural	/ˌnɑˌnæɡɹɪˈkʌltʃɚəl/
non-alcoholic	/ˌnɑˌnælkəˈhɑlɪk/
non-align	/ˈnɑnəˌlaɪn/
non-aligned	/ˈnɑnəˌlaɪnd/
non-automotive	/ˌnɑˌnɔtoʊˈmoʊtɪv/
non-bank	/ˈnɑnˈbæŋk/
non-banking	/ˈnɑnˈbæŋkɪŋ/
non-believer	/ˌnɑnbɪˈlivɚ/
non-believers	/ˌnɑnbɪˈlivɚz/
non-binding	/ˈnɑnˈbaɪndɪŋ/
non-biting	/nɑnˈbaɪtɪŋ/
non-building	/ˈnɑnˈbɪldɪŋ/
non-business	/ˈnɑnˈbɪznəs/
non-callable	/nɑnˈkɔləbəl/
non-cash	/ˈnɑnˈkæʃ/
non-catholic	/nɑnˈkæθlɪk/
non-catholics	/nɑnˈkæθlɪks/
non-combatant	/ˌnɑnkəmˈbætənt/
non-combatants	/ˌnɑnkəmˈbætənts/
non-commercial	/ˈnɑnkəˈmɝʃəl/
non-committal	/ˈnɑnkəˈmɪtəl/
non-communist	/ˈnɑnˈkɑmjunɪst/
non-communists	/ˈnɑnˈkɑmjunɪsts/
non-compete	/nɑnkəmˈpit/
non-competitive	/ˌnɑnkəmˈpɛtətɪv/
non-compliance	/ˌnɑnkəmˈplaɪəns/
non-conformist	/ˌnɑnkənˈfɔɹmɪst/
non-conformists	/ˌnɑnkənˈfɔɹməsts/
non-conformity	/ˌnɑnkənˈfɔɹməti/
non-contract	/nɑnˈkɑnˌtɹækt/
non-controversial	/nɑnˌkɑntɹəˈvɝʃəl/
non-convertible	/nɑnkənˈvɝtəbəl/
non-core	/ˈnɑnˈkɔɹ/
non-corporate	/nɑnˈkɔɹpɹət/
non-criminal	/nɑnˈkɹɪmɪnəl/
non-cumulative	/nɑnkˈjumjələtɪv/
non-deductible	/nɑndɪˈdʌktɪbəl/
non-defense	/nɑndɪˈfɛns/
non-descript	/ˈnɑndɪˈskɹɪpt/
non-direct	/ˈnɑndɚˈɛkt/
non-discriminate	/nɑnˌdɪˈskɹɪmənət/
non-discrimination	/nɑnˌdɪskɹɪmɪˈneɪʃən/
non-discriminatory	/ˈnɑndɪˈskɹɪmənəˌtɔɹi/
non-dollar	/ˈnɑnˈdɑlɚ/
non-durable	/nɑnˈdʊɹəbəl/
non-durables	/nɑnˈdʊɹəbəlz/
non-economic	/ˌnɑˌnɛkəˈnɑmɪk/
non-electrical	/nɑnɪˈlɛktɹɪkəl/
non-emergency	/ˌnɑnɪˈmɝdʒənsi/
non-entity	/nɑˈnɛntəti/
non-essential	/ˌnɑnɪˈsɛnʃəl/
non-event	/ˈnɑnɪˈvɛnt/
non-exclusive	/ˌnɑnɪksˈklusɪv/
non-executive	/ˈnɑnɪɡˈzɛkjətɪv/
non-existent	/ˌnɑnəɡˈzɪstənt/
non-farm	/ˈnɑnˈfɑɹm/
non-fat	/ˈnɑnˈfæt/
non-fatal	/ˈnɑnˈfeɪtəl/
non-ferrous	/nɑnˈfɛɹəs/
non-fiction	/nɑnˈfɪkʃən/
non-financial	/nɑnfəˈnænʃəl/
non-food	/ˈnɑnˈfud/
non-government	/nɑnˈɡʌvɚnmənt/
non-governmental	/nɑnˌɡʌvɚnˈmɛntəl/
non-greek	/ˌnɑnˈɡɹik/
non-human	/nɑnhˈjumən/
non-inflationary	/ˌnɑnɪnˈfleɪʃəˌnɛɹi/
non-interest	/nɑˈnɪntɹəst/
non-interference	/ˌnɑˌnɪntɚˈfɪɹəns/
non-intervention	/ˌnɑˌnɪntɚˈvɛnʃən/
non-jet	/ˈnɑnˈdʒɛt/
non-jets	/ˈnɑnˈdʒɛts/
non-lethal	/nɑnˈliθəl/
non-linear	/nɑnˈlɪˌniɚ/
non-liturgical	/nɑnləˈtɝdʒɪkəl/
non-management	/nɑnˈmænɪdʒmənt/
non-manufacturing	/ˌnɑnˌmænjəˈfæktʃɚɪŋ/
non-member	/nɑnˈmɛmbɚ/
non-members	/nɑnˈmɛmbɚz/
non-military	/nɑnˈmɪləˌtɛɹi/
non-native	/ˈnɑˈneɪtɪv/
non-natives	/ˈnɑˈneɪtɪvz/
non-negotiable	/ˌnɑnəˈɡoʊʃəbəl/
non-nemacher	/ˈnɑnɪməkɚ/
non-nonsense	/nɑnˈnɑnˌsɛns/
non-nuclear	/ˈnɑˈnuˌkliɚ/
non-operating	/ˈnɑˈnɔpɚˌeɪtɪŋ/
non-pacifist	/ˌnɑnˈpæsɪfɪst/
non-pacifists	/ˌnɑnˈpæsɪfɪsts/
non-partisan	/nɑnˈpɑɹtəzən/
non-paying	/nɑnˈpeɪɪŋ/
non-payment	/nɑnˈpeɪmənt/
non-performing	/nɑnpɚˈfɔɹmɪŋ/
non-planar	/nɑnˈpleɪnɚ/
non-pluss	/nɑnˈplʌs/
non-plussed	/nɑnˈplʌst/
non-poisonous	/nɑnˈpɔɪzənəs/
non-political	/ˌnɑnpəˈlɪtɪkəl/
non-prescription	/ˌnɑnpɹəˈskɹɪpʃən/
non-productive	/ˌnɑnpɹəˈdʌktɪv/
non-professional	/ˌnɑnpɹəˈfɛʃənəl/
non-professionals	/nɑnpɹəˈfɛʃənəlz/
non-profit	/ˌnɑnˈpɹɔfɪt/
non-profits	/ˈnɑnˈpɹɔfɪts/
non-proliferation	/nɑnpɹɔˌlɪfɚˈeɪʃən/
non-public	/nɑnˈpʌblɪk/
non-qualified	/nɑnˈkwɑləˌfaɪd/
non-racial	/nɑnˈɹeɪʃəl/
non-recurring	/nɑnɹɪˈkɝɪŋ/
non-refundable	/nɑnɹɪˈfʌndəbəl/
non-regulated	/nɑnˈɹɛɡjəˌleɪtɪd/
non-religious	/ˌnɑnɹɪˈlɪdʒəs/
non-renewable	/nɑnɹiˈnuəbəl/
non-resident	/nɑnˈɹɛzədənt/
non-residential	/ˌnɑnˌɹɛzəˈdɛnʃəl/
non-residents	/nɑnˈɹɛzədənts/
non-responsive	/nɑnɹɪˈspɑnsɪv/
non-restricted	/nɑnˌɹɪˈstɹɪktɪd/
non-roman	/nɑnˈɹoʊmən/
non-ruling	/nɑnˈɹulɪŋ/
non-sectarian	/ˌnɑnsɛkˈtɛɹiən/
non-sense	/ˈnɑnsɛns/
non-sequitor	/ˈnɑnˈsɛkwɪtɚ/
non-sequitors	/ˈnɑnˈsɛkwɪtɚz/
non-sequitur	/ˈnɑnˈsɛkwɪtɚ/
non-sequiturs	/ˈnɑnˈsɛkwɪtɚz/
non-smoker	/nɑnˈsmoʊkɚ/
non-smokers	/nɑnˈsmoʊkɚz/
non-smokers'	/ˈnɑnˈsmoʊkɚz/
non-smoking	/nɑnˈsmoʊkɪŋ/
non-specific	/ˌnɑnspəˈsɪfɪk/
non-sporting	/nɑnˈspɔɹtɪŋ/
non-standard	/nɑnˈstændɚd/
non-starter	/nɑnˈstɑɹtɚ/
non-starters	/nɑnˈstɑɹtɚz/
non-stick	/nɑnˈstɪk/
non-stop	/ˌnɑnˈstɑp/
non-stops	/ˌnɑnˈstɑps/
non-strategic	/nɑnstɹəˈtidʒɪk/
non-supervisory	/nɑnˌsupɚˈvaɪzɚi/
non-surgical	/nɑnˈsɝdʒɪkəl/
non-taxable	/nɑnˈtæksəbəl/
non-technical	/nɑnˈtɛknɪkəl/
non-toxic	/nɑnˈtɑksɪk/
non-traditional	/ˌnɑntɹəˈdɪʃənəl/
non-transferable	/ˌnɑnˌtɹænsˈfɝəbəl/
non-turbo	/nɔnˈtɝboʊ/
non-turbos	/nɔnˈtɝboʊz/
non-union	/nɑnˈjunjən/
non-unionized	/nɑnˈjunjəˌnaɪzd/
non-utility	/ˌnɑnjuˈtɪlɪti/
non-verbal	/nɑnˈvɝbəl/
non-violence	/nɑnˈvaɪələns/
non-violent	/nɑnˈvaɪələnt/
non-volatile	/nɑnˈvɑlətəl/
non-voting	/nɑnˈvoʊtɪŋ/
non-white	/ˈnɑnˈwaɪt/
non-whites	/ˈnɑnˈwaɪts/
non-woven	/ˈnɑnˈwoʊvɪn/
non-wovens	/ˈnɑnˈwoʊvənz/
non-zero	/nɑnˈziɹoʊ/
non-zero-sum	/nɑnˈziɹoʊˌsʌm/
nona	/ˈnɑnɑ/
nonacademic	/nɑˌnækəˈdɛmɪk/
nonaccrual	/ˌnɑnəˈkɹuəl/
nonaccruing	/ˌnɑnəˈkɹuɪŋ/
nonaggression	/ˌnɑnəˈɡɹɛʃən/
nonagricultural	/ˌnɑˌnæɡɹɪˈkʌltʃɚəl/
nonalcoholic	/ˌnɑˌnælkəˈhɑlɪk/
nonalign	/ˈnɑnəˌlaɪn/
nonaligned	/ˈnɑnəˌlaɪnd/
nonautomotive	/ˌnɑˌnɔtoʊˈmoʊtɪv/
nonbank	/ˈnɑnˈbæŋk/
nonbanking	/ˈnɑnˈbæŋkɪŋ/
nonbeliever	/ˌnɑnbəˈlivɚ/
nonbelievers	/ˌnɑnbəˈlivɚz/
nonbinding	/ˈnɑnˈbaɪndɪŋ/
nonbiting	/nɑnˈbaɪtɪŋ/
nonbuilding	/ˈnɑnˈbɪldɪŋ/
nonbusiness	/ˈnɑnˈbɪznəs/
noncallable	/nɑnˈkɔləbəl/
noncash	/ˈnɑnˈkæʃ/
nonce	/ˈnɑns/
nonchalance	/ˈnɑnʃəˈlɑns/
nonchalant	/ˌnɑnʃəˈlɑnt/
nonchalantly	/ˈnɑnʃəˈlɑntli/
noncolor	/nɑnˈkʌlɚ/
noncombatant	/ˌnɑnkəmˈbætənt/
noncombatants	/ˌnɑnkəmˈbætənts/
noncommercial	/ˈnɑnkəˈmɝʃəl/
noncommittal	/ˈnɑnkəˈmɪtəl/
noncommunist	/ˈnɑnˈkɑmjunɪst/
noncommunists	/ˈnɑnˈkɑmjunɪsts/
noncompete	/nɑnkəmˈpit/
noncompetitive	/ˌnɑnkəmˈpɛtətɪv/
noncompliance	/ˌnɑnkəmˈplaɪəns/
nonconformist	/ˌnɑnkənˈfɔɹmɪst/
nonconformists	/ˌnɑnkənˈfɔɹməsts/
nonconformity	/ˌnɑnkənˈfɔɹməti/
noncontract	/nɑnˈkɑnˌtɹækt/
noncontroversial	/nɑnˌkɑntɹəˈvɝʃəl/
nonconvertible	/nɑnkənˈvɝtəbəl/
noncore	/ˈnɑnˈkɔɹ/
noncorporate	/nɑnˈkɔɹpɹət/
noncriminal	/nɑnˈkɹɪmɪnəl/
noncumulative	/nɑnkˈjumjələtɪv/
nondeductible	/nɑndɪˈdʌktɪbəl/
nondefense	/nɑndɪˈfɛns/
nondescript	/ˈnɑndɪˈskɹɪpt/
nondirect	/ˈnɑndɚˈɛkt/
nondiscriminate	/nɑnˌdɪˈskɹɪmənət/
nondiscrimination	/nɑnˌdɪskɹɪmɪˈneɪʃən/
nondiscriminatory	/ˈnɑndɪˈskɹɪmənəˌtɔɹi/
nondollar	/ˈnɑnˈdɑlɚ/
nondurable	/nɑnˈdʊɹəbəl/
nondurables	/nɑnˈdʊɹəbəlz/
none	/ˈnʌn/
noneconomic	/ˌnɑˌnɛkəˈnɑmɪk/
nonelectrical	/nɑnɪˈlɛktɹɪkəl/
nonemergency	/ˌnɑnɪˈmɝdʒənsi/
nonentity	/nɑˈnɛntəti/
nonessential	/ˌnɑnɪˈsɛnʃəl/
nonesuch	/ˈnʌnˈsʌtʃ/
nonetheless	/ˌnʌnðəˈlɛs/
nonevent	/ˈnɑnɪˈvɛnt/
nonexclusive	/ˌnɑnɪksˈklusɪv/
nonexecutive	/ˈnɑnɪɡˈzɛkjətɪv/
nonexistent	/ˌnɑnəɡˈzɪstənt/
nonfarm	/ˈnɑnˈfɑɹm/
nonfat	/ˈnɑnˈfæt/
nonfatal	/ˈnɑnˈfeɪtəl/
nonferrous	/nɑnˈfɛɹəs/
nonfiction	/nɑnˈfɪkʃən/
nonfinancial	/nɑnfəˈnænʃəl/
nonfood	/ˈnɑnˈfud/
nongovernment	/nɑnˈɡʌvɚnmənt/
nongovernmental	/nɑnˌɡʌvɚnˈmɛntəl/
nongreek	/ˌnɑnˈɡɹik/
nonhuman	/nɑnhˈjumən/
nonie	/ˈnɑni/
noninflationary	/ˌnɑnɪnˈfleɪʃəˌnɛɹi/
noninterest	/nɑˈnɪntɹəst/
noninterference	/ˌnɑˌnɪntɚˈfɪɹəns/
nonintervention	/ˌnɑˌnɪntɚˈvɛnʃən/
nonjet	/ˈnɑnˈdʒɛt/
nonjets	/ˈnɑnˈdʒɛts/
nonlethal	/nɑnˈliθəl/
nonlinear	/nɑnˈlɪˌniɚ/
nonliturgical	/nɑnləˈtɝdʒɪkəl/
nonmanagement	/nɑnˈmænɪdʒmənt/
nonmanufacturing	/ˌnɑnˌmænjəˈfæktʃɚɪŋ/
nonmember	/nɑnˈmɛmbɚ/
nonmembers	/nɑnˈmɛmbɚz/
nonmilitary	/nɑnˈmɪləˌtɛɹi/
nonnative	/ˈnɑˈneɪtɪv/
nonnatives	/ˈnɑˈneɪtɪvz/
nonnegotiable	/ˌnɑnəˈɡoʊʃəbəl/
nonnemacher	/ˈnɑnɪməkɚ/
nonnuclear	/ˈnɑˈnuˌkliɚ/
nonoperating	/ˈnɑˈnɔpɚˌeɪtɪŋ/
nonpacifist	/ˌnɑnˈpæsɪfɪst/
nonpacifists	/ˌnɑnˈpæsɪfɪsts/
nonpartisan	/nɑnˈpɑɹtəzən/
nonpaying	/nɑnˈpeɪɪŋ/
nonpayment	/nɑnˈpeɪmənt/
nonperforming	/nɑnpɚˈfɔɹmɪŋ/
nonplanar	/nɑnˈpleɪnɚ/
nonpluss	/nɑnˈplʌs/
nonplussed	/nɑnˈplʌst/
nonpoisonous	/nɑnˈpɔɪzənəs/
nonpolitical	/ˌnɑnpəˈlɪtɪkəl/
nonprescription	/ˌnɑnpɹəˈskɹɪpʃən/
nonproductive	/ˌnɑnpɹəˈdʌktɪv/
nonprofessional	/ˌnɑnpɹəˈfɛʃənəl/
nonprofessionals	/nɑnpɹəˈfɛʃənəlz/
nonprofit	/nɑnˈpɹɑfət/
nonprofits	/ˈnɑnˈpɹɑfɪts/
nonproliferation	/nɑnpɹəˌlɪfɚˈeɪʃən/
nonpublic	/nɑnˈpʌblɪk/
nonqualified	/nɑnˈkwɑləˌfaɪd/
nonracial	/nɑnˈɹeɪʃəl/
nonrecurring	/nɑnɹɪˈkɝɪŋ/
nonrefundable	/nɑnɹɪˈfʌndəbəl/
nonregulated	/nɑnˈɹɛɡjəˌleɪtɪd/
nonreligious	/ˌnɑnɹɪˈlɪdʒəs/
nonrenewable	/nɑnɹiˈnuəbəl/
nonresident	/nɑnˈɹɛzədənt/
nonresidential	/ˌnɑnˌɹɛzəˈdɛnʃəl/
nonresidents	/nɑnˈɹɛzədənts/
nonresponsive	/nɑnɹɪˈspɑnsɪv/
nonrestricted	/nɑnɹɪˈstɹɪktɪd/
nonroman	/nɑnˈɹoʊmən/
nonruling	/nɑnˈɹulɪŋ/
nonsectarian	/ˌnɑnsɛkˈtɛɹiən/
nonsense	/ˈnɑnsɛns/
nonsensical	/nɑnˈsɛnsɪkəl/
nonsmoker	/nɑnˈsmoʊkɚ/
nonsmokers	/nɑnˈsmoʊkɚz/
nonsmokers'	/ˈnɑnˈsmoʊkɚz/
nonsmoking	/ˈnɑnˈsmoʊkɪŋ/
nonspecific	/ˌnɑnspəˈsɪfɪk/
nonsporting	/nɑnˈspɔɹtɪŋ/
nonstandard	/nɑnˈstændɚd/
nonstarter	/nɑnˈstɑɹtɚ/
nonstarters	/nɑnˈstɑɹtɚz/
nonstick	/nɑnˈstɪk/
nonstop	/ˌnɑnˈstɑp/
nonstops	/ˌnɑnˈstɑps/
nonstrategic	/nɑnstɹəˈtidʒɪk/
nonsurgical	/nɑnˈsɝdʒɪkəl/
nontaxable	/nɑnˈtæksəbəl/
nontechnical	/nɑnˈtɛknɪkəl/
nontoxic	/nɑnˈtɑksɪk/
nontraditional	/ˌnɑntɹəˈdɪʃənəl/
nontransferable	/ˌnɑnˌtɹænsˈfɝəbəl/
nonturbo	/nɔnˈtɝboʊ/
nonturbos	/nɔnˈtɝboʊz/
nonunion	/nɑnˈjunjən/
nonunionized	/nɑnˈjunjəˌnaɪzd/
nonutility	/ˌnɑnjuˈtɪlɪti/
nonverbal	/nɑnˈvɝbəl/
nonviolence	/nɑnˈvaɪələns/
nonviolent	/nɑnˈvaɪələnt/
nonvolatile	/nɑnˈvɑlətəl/
nonvoting	/nɑnˈvoʊtɪŋ/
nonwhite	/ˈnɑnˈwaɪt/
nonwhites	/ˈnɑnˈwaɪts/
nonwoven	/ˈnɑnˈwoʊvɪn/
nonwovens	/ˈnɑnˈwoʊvənz/
noodle	/ˈnudəl/
noodles	/ˈnudəlz/
nook	/ˈnʊk/
nooks	/ˈnʊks/
noon	/ˈnun/
noonan	/ˈnunən/
noone	/ˈnun/
nooney	/ˈnuni/
noons	/ˈnunz/
noontime	/ˈnunˌtaɪm/
noorda	/ˈnʊɹdə/
noose	/ˈnus/
nope	/ˈnoʊp/
nor	/ˈnɔɹ/
nora	/ˈnɔɹə/
nora's	/ˈnɔɹəz/
norah	/ˈnɔɹə/
noramco	/nɔˈɹæmkoʊ/
noranda	/nɔˈɹændə/
noranda's	/nɔˈɹændəz/
norba	/ˈnɔɹbə/
norbeck	/ˈnɔɹbɛk/
norberg	/ˈnɔɹbɚɡ/
norbert	/ˈnɔɹbɚt/
norberta	/nɔɹˈbɛɹtə/
norberto	/nɔɹˈbɝˌtoʊ/
norbury	/ˈnɔɹbɛɹi/
norby	/ˈnɔɹbi/
norcen	/ˈnɔɹsən/
norcen's	/ˈnɔɹsənz/
norcia	/ˈnɔɹtʃə/
norco	/ˈnɔɹkoʊ/
norcross	/ˈnɔɹkɹɔs/
nord	/ˈnɔɹd/
nordahl	/ˈnɔɹdɑl/
nordan	/ˈnɔɹdən/
nordbanken	/ˈnɔɹdˌbæŋkən/
nordberg	/ˈnɔɹdbɚɡ/
nordby	/ˈnɔɹdbi/
nordeen	/nɚˈdin/
nordell	/ˈnɔɹdəl/
norden	/ˈnɔɹdən/
norder	/ˈnɔɹdɚ/
nordgren	/ˈnɔɹdɡɹɛn/
nordic	/ˈnɔɹdɪk/
nordica	/ˈnɔɹdɪkə/
nordictrack	/ˈnɔɹdɪkˌtɹæk/
nordin	/ˈnɔɹdɪn/
nordine	/nɔɹˈdini/
nordio	/ˈnɔɹdioʊ/
nordisk	/ˈnɔɹˌdɪsk/
nordling	/ˈnɔɹdəlɪŋ/
nordlund	/ˈnɔɹdlənd/
nordman	/ˈnɔɹdmən/
nordmann	/ˈnɔɹdmən/
nordmeyer	/ˈnɔɹdmaɪɚ/
nordquist	/ˈnɔɹdkwɪst/
nordson	/ˈnɔɹdsən/
nordstrom	/ˈnɔɹdstɹəm/
nordstrom's	/ˈnɔɹdstɹəmz/
nordstroms	/ˈnɔɹdstɹəmz/
nordyke	/ˈnɔɹˌdaɪk/
noreco	/nɔˈɹɛkoʊ/
nored	/ˈnɔɹd/
noreen	/nɚˈin/
noreiga	/nɔˈɹeɪɡə/
norelco	/nɚˈɛlkoʊ/
norell	/ˈnɔɹəl/
norem	/ˈnɔɹɪm/
noren	/ˈnɔɹən/
norenberg	/ˈnɔɹənbɚɡ/
norenco	/ˈnɔɹənkoʊ/
norenko	/nəˈɹɛnkoʊ/
norex	/ˈnɔɹəks/
norfleet	/ˈnɔɹˌflit/
norfolk	/ˈnɔɹfək/
norfolk's	/ˈnɔɹfəks/
norgaard	/ˈnɔɹɡɑɹd/
norgard	/ˈnɔɹɡɚd/
norge	/ˈnɔɹdʒ/
norgren	/ˈnɔɹɡɹən/
norick	/ˈnɔɹɪk/
noriega	/ˌnɔɹiˈeɪɡə/
noriega's	/ˌnɔɹiˈeɪɡəz/
noriegas	/ˌnɔɹiˈeɪɡəs/
noriko	/ˌnɔˈɹiˌkoʊ/
norilsk	/ˌnɔˈɹɪlsk/
norimatsu	/ˌnɔɹiˈmɑtsu/
norinchukin	/ˌnɔɹɪnˈtʃukɪn/
norinko	/ˌnɔˈɹɪŋkoʊ/
norita	/nəˈɹitə/
nork	/ˈnɔɹk/
norkus	/ˈnɔɹkɪs/
norland	/ˈnɔɹlənd/
norlander	/ˈnɔɹləndɚ/
norlin	/ˈnɔɹlɪn/
norling	/ˈnɔɹlɪŋ/
norm	/ˈnɔɹm/
norma	/ˈnɔɹmə/
norma-jean	/ˌnɔɹməˈdʒin/
normal	/ˈnɔɹməl/
normalcy	/ˈnɔɹməlsi/
normality	/ˌnɔɹˈmæləti/
normalization	/ˌnɔɹməlɪˈzeɪʃən/
normalize	/ˈnɔɹməˌlaɪz/
normalized	/ˈnɔɹməˌlaɪzd/
normalizes	/ˈnɔɹməˌlaɪzɪz/
normalizing	/ˈnɔɹməˌlaɪzɪŋ/
normally	/ˈnɔɹməli/
norman	/ˈnɔɹmən/
norman's	/ˈnɔɹmənz/
normand	/ˈnɔɹmənd/
normandie	/ˈnɔɹməndi/
normandin	/ˈnɔɹməndɪn/
normandy	/ˈnɔɹməndi/
normative	/ˈnɔɹmətɪv/
normcore	/ˈnɔɹmˌkɔɹ/
norment	/ˈnɔɹmənt/
normick	/ˈnɔɹmɪk/
normie	/ˈnɔɹmi/
normile	/ˈnɔɹmaɪl/
norming	/ˈnɔɹmɪŋ/
normington	/ˈnɔɹmɪŋtən/
normoyle	/ˈnɔɹmɔɪl/
norms	/ˈnɔɹmz/
normy	/ˈnɔɹmi/
norna	/ˈnɔɹnə/
norodom	/ˈnɔɹoʊˌdʌm/
norplant	/ˈnɔɹˌplænt/
norplant's	/ˈnɔɹˌplænts/
norquist	/ˈnɔɹkwɪst/
norred	/ˈnɔɹd/
norrell	/ˈnɔɹəl/
norrie	/ˈnɔɹi/
norrington	/ˈnɔɹɪŋtən/
norris	/ˈnɔɹɪs/
norris's	/ˈnɔɹəsɪz/
norrod	/ˈnɔɹəd/
norry	/ˈnɔɹi/
norse	/ˈnɔɹs/
norsemen	/ˈnɔɹsmɪn/
norsk	/ˈnɔɹsk/
norske	/ˈnɔɹski/
norstan	/ˈnɔɹstən/
norstar	/ˈnɔɹˌstɑɹ/
norstrom	/ˈnɔɹstɹəm/
norsworthy	/ˈnɔɹswɚði/
norte	/ˈnɔɹt/
nortek	/ˈnɔɹˌtɛk/
nortel	/ˈnɔɹtɛl/
north	/ˈnɔɹθ/
north-east	/ˌnɔɹˈθist/
north's	/ˈnɔɹθs/
northam	/ˈnɔɹθəm/
northampton	/ˌnɔɹˈθæmptən/
northbound	/ˈnɔɹθbaʊnd/
northbrook	/ˈnɔɹθˌbɹʊk/
northcliff	/ˈnɔɹθklɪf/
northcott	/ˈnɔɹθkət/
northcraft	/ˈnɔɹθˌkɹæft/
northcutt	/ˈnɔɹθkət/
northeast	/ˌnɔɹˈθist/
northeast's	/ˌnɔɹˈθists/
northeasterly	/ˌnɔɹˈθistɚli/
northeastern	/ˌnɔɹˈθistɚn/
northeasterner	/nɔɹˈθistɚnɚ/
northeasterners	/nɔɹˈθistɚnɚz/
northeastward	/ˌnɔɹˈθistwɚd/
norther	/ˈnɔɹðɚ/
northerly	/ˈnɔɹðɚli/
northern	/ˈnɔɹðɚn/
northern's	/ˈnɔɹðɚnz/
northerner	/ˈnɔɹðɚnɚ/
northerners	/ˈnɔɹðɚnɚz/
northernmost	/ˈnɔɹðɚnˌmoʊst/
northey	/ˈnɔɹði/
northfield	/ˈnɔɹθˌfild/
northgate	/ˈnɔɹθˌɡeɪt/
northington	/ˈnɔɹθɪŋtən/
northland	/ˈnɔɹθˌlænd/
northolt	/ˈnɔɹθɔlt/
northridge	/ˈnɔɹˌθɹɪdʒ/
northrop	/ˈnɔɹθɹəp/
northrop's	/ˈnɔɹθɹəps/
northrup	/ˈnɔɹθɹəp/
northrup's	/ˈnɔɹθɹəps/
northstar	/ˈnɔɹθˌstɑɹ/
northstar's	/ˈnɔɹθˌstɑɹz/
northup	/ˈnɔɹˌθʌp/
northvale	/ˈnɔɹθˌveɪl/
northview	/ˈnɔɹθvˌju/
northward	/ˈnɔɹθwɚd/
northwardly	/ˈnɔɹθwɚdli/
northway	/ˈnɔɹθˌweɪ/
northwest	/ˌnɔɹθˈwɛst/
northwest's	/ˌnɔɹθˈwɛsts/
northwesterly	/ˌnɔɹθˈwɛstɚli/
northwestern	/ˌnɔɹθˈwɛstɚn/
northwestern's	/ˌnɔɹθˈwɛstɚnz/
northwood	/ˈnɔɹθˌwʊd/
norton	/ˈnɔɹtən/
norton's	/ˈnɔɹtənz/
norvel	/ˈnɔɹvəl/
norvell	/ˈnɔɹvəl/
norvil	/ˈnɔɹvəl/
norville	/ˈnɔɹvɪl/
norvin	/ˈnɔɹvɪn/
norwalk	/ˈnɔɹˌwɔk/
norward	/ˈnɔɹwɚd/
norway	/ˈnɔɹˌweɪ/
norway's	/ˈnɔɹˌweɪz/
norweb	/ˈnɔɹˌwɛb/
norwegian	/ˌnɔɹˈwidʒən/
norwegians	/nɔɹˈwidʒənz/
norwell	/ˈnɔɹwɛl/
norwest	/ˌnɔɹˈwɛst/
norwest's	/ˌnɔɹˈwɛsts/
norwich	/ˈnɔɹwɪtʃ/
norwin	/ˈnɔɹwɪn/
norwitz	/ˈnɔɹwɪts/
norwood	/ˈnɔɹwʊd/
norwyn	/ˈnɔɹwɪn/
nosair	/ˈnoʊzeɪɹ/
nosair's	/ˈnoʊzeɪɹz/
nosal	/ˈnoʊzəl/
nose	/ˈnoʊz/
nosebleed	/ˈnoʊzˌblid/
nosed	/ˈnoʊzd/
nosedive	/ˈnoʊzˌdaɪv/
nosedived	/ˈnoʊzˌdaɪvd/
nosek	/ˈnoʊsɛk/
noses	/ˈnoʊzɪz/
noseworthy	/ˈnoʊzˌwɝði/
nosiness	/ˈnoʊzinəs/
nosing	/ˈnoʊzɪŋ/
noska	/ˈnoʊskə/
noss	/ˈnɔs/
nostalgia	/nɔˈstældʒə/
nostalgic	/nɔˈstældʒɪk/
nostra	/ˈnɔstɹə/
nostradamus	/ˌnɔstɹəˈdæməs/
nostrand	/ˈnɑstɹənd/
nostril	/ˈnɑstɹɪl/
nostrils	/ˈnɑstɹəlz/
nostrums	/ˈnɑstɹəmz/
nosy	/ˈnoʊzi/
not	/ˈnɑt/
notable	/ˈnoʊtəbəl/
notables	/ˈnoʊtəbəlz/
notably	/ˈnoʊtəbli/
notarianni	/noʊtɑɹiˈɑni/
notaro	/noʊˈtɑɹoʊ/
notary	/ˈnoʊtɚi/
notation	/noʊˈteɪʃən/
notations	/noʊˈteɪʃənz/
notch	/ˈnɑtʃ/
notched	/ˈnɑtʃt/
notches	/ˈnɑtʃəz/
note	/ˈnoʊt/
note's	/ˈnoʊts/
notebaert	/ˈnoʊtəˌbɛɹt/
notebook	/ˈnoʊtˌbʊk/
notebooks	/ˈnoʊtˌbʊks/
noteboom	/ˈnɑtɪbum/
noted	/ˈnoʊtəd/
noteholder	/ˈnoʊtˌhoʊldɚ/
noteholders	/ˈnoʊtˌhoʊldɚz/
notepad	/ˈnoʊtˌpæd/
notepads	/ˈnoʊtˌpædz/
notes	/ˈnoʊts/
notes'	/ˈnoʊts/
notestine	/noʊtɛˈstini/
notetaker	/ˈnoʊtˌteɪkɚ/
notetakers	/ˈnoʊtˌteɪkɚz/
noteware	/ˈnoʊˌtwɛɹ/
noteworthy	/ˈnoʊˌtwɝði/
noth	/ˈnɑθ/
nothdurft	/ˈnɑθdɚft/
nother	/ˈnʌðɚ/
nothin	/ˈnɑθɪn/
nothin'	/ˈnʌθɪn/
nothing	/ˈnʌθɪŋ/
nothing's	/ˈnʌθɪŋz/
nothingness	/ˈnʌθɪŋnəs/
nothings	/ˈnʌθɪŋz/
nothnagel	/ˈnɑθnəɡəl/
nothstein	/ˈnɑθˌstin/
notice	/ˈnoʊtəs/
noticeable	/ˈnoʊtəsəbəl/
noticeably	/ˈnoʊtɪsəbli/
noticed	/ˈnoʊtəst/
notices	/ˈnoʊtəsəz/
noticing	/ˈnoʊtɪsɪŋ/
notification	/ˌnoʊtəfəˈkeɪʃən/
notifications	/ˌnoʊtəfəˈkeɪʃənz/
notified	/ˈnoʊtəˌfaɪd/
notifies	/ˈnoʊtəˌfaɪz/
notify	/ˈnoʊtəˌfaɪ/
notifying	/ˈnoʊtəˌfaɪɪŋ/
noting	/ˈnoʊtɪŋ/
notion	/ˈnoʊʃən/
notional	/ˈnoʊʃənəl/
notions	/ˈnoʊʃənz/
notis	/ˈnoʊtɪs/
noto	/ˈnoʊtoʊ/
notochord	/ˈnoʊtəˌkɔɹd/
notoriety	/ˌnoʊtɚˈaɪəti/
notorious	/noʊˈtɔɹiəs/
notoriously	/noʊˈtɔɹiəsli/
notre	/ˈnoʊtɹə/
nots	/ˈnɑts/
nott	/ˈnɑt/
nottage	/ˈnɑtɪdʒ/
notte	/ˈnɑt/
notter	/ˈnɑtɚ/
nottingham	/ˈnɑtɪŋˌhæm/
notwithstanding	/ˌnɑtwɪθˈstændɪŋ/
notz	/ˈnɑts/
noun	/ˈnaʊn/
nouns	/ˈnaʊnz/
nourish	/ˈnɝɪʃ/
nourished	/ˈnɝɪʃt/
nourishes	/ˈnɝɪʃəz/
nourishing	/ˈnɝɪʃɪŋ/
nourishment	/ˈnɝɪʃmənt/
nourse	/ˈnɔɹs/
nous	/ˈnus/
nouveau	/ˌnuˈvoʊ/
nouvel	/ˈnuvəl/
nouvelle	/ˌnuˈvɛl/
nov	/ˈnoʊv/
nova	/ˈnoʊvə/
nova's	/ˈnoʊvəz/
novacare	/ˈnoʊvəˌkɛɹ/
novacek	/ˈnɑvətʃɛk/
novack	/ˈnɑvək/
novacor	/ˈnoʊvəˌkɔɹ/
novak	/ˈnoʊvæk/
novak's	/ˈnoʊvæks/
novakovich	/nəˈvɑkəvɪtʃ/
novakowski	/nəvəˈkɔfski/
novametrix	/noʊˈvæmətɹɪks/
novas	/ˈnoʊvəz/
novato	/noʊˈvɑtoʊ/
novel	/ˈnɑvəl/
novel's	/ˈnɑvəlz/
novelist	/ˈnɑvələst/
novelistic	/ˌnɑvəˈlɪstɪk/
novelists	/ˈnɑvələsts/
novell	/noʊˈvɛl/
novell's	/noʊˈvɛlz/
novella	/noʊˈvɛlə/
novelli	/noʊˈvɛli/
novello	/noʊˈvɛloʊ/
novellus	/noʊˈvɛləs/
novelly	/ˈnoʊvəli/
novels	/ˈnɑvəlz/
novelties	/ˈnɑvəltiz/
novelty	/ˈnɑvəlti/
november	/noʊˈvɛmbɚ/
november's	/noʊˈvɛmbɚz/
noverco	/noʊˈvɝkoʊ/
novey	/ˈnoʊvi/
novgorod	/ˈnɑvɡɚˌɑd/
novi	/ˈnoʊvi/
novia	/ˈnoʊviə/
novice	/ˈnɑvəs/
novices	/ˈnɑvəsɪz/
novick	/ˈnoʊvɪk/
novicki	/nəˈvɪtski/
novinger	/ˈnoʊvɪŋɚ/
novitski	/nəˈvɪtski/
novitsky	/nəˈvɪtski/
novo	/ˈnoʊvoʊ/
novo's	/ˈnoʊvoʊz/
novoa	/noʊˈvoʊə/
novogrod	/ˈnoʊvoʊˌɡɹæd/
novopharm	/ˈnoʊvoʊˌfɑɹm/
novosad	/ˈnɑvəsæd/
novosel	/ˈnɑvəsɛl/
novosibirsk	/ˌnoʊvəsiˈbɪɹsk/
novosti	/noʊˈvɔsti/
novotel	/ˈnoʊvoʊˌtɛl/
novotels	/ˈnoʊvoʊˌtɛlz/
novotney	/ˈnɑvətni/
novotny	/nəˈvoʊtni/
novum	/ˈnoʊvəm/
novy	/ˈnoʊvi/
now	/ˈnaʊ/
now's	/ˈnaʊz/
nowa	/ˈnaʊə/
nowack	/ˈnaʊək/
nowacki	/naʊˈɑtski/
nowaczyk	/ˈnaʊəˌtʃɪk/
nowaday	/ˈnaʊəˌdeɪ/
nowadays	/ˈnaʊəˌdeɪz/
nowak	/ˈnoʊvæk/
nowakowski	/naʊəˈkɔfski/
nowell	/ˈnoʊəl/
nowels	/ˈnaʊəlz/
nowhere	/ˈnoʊˌwɛɹ/
nowicki	/naʊˈɪtski/
nowinski	/naʊˈɪnski/
nowlan	/ˈnaʊlən/
nowland	/ˈnaʊlənd/
nowlin	/ˈnaʊlɪn/
nowling	/ˈnaʊlɪŋ/
nowotny	/naʊˈoʊtni/
noxell	/nɑkˈsɛl/
noxema	/nɑkˈsimə/
noxious	/ˈnɑkʃəs/
noxon	/ˈnɑksən/
noxso	/ˈnɑksoʊ/
noyce	/ˈnɔɪs/
noyd	/ˈnɔɪd/
noyes	/ˈnɔɪz/
noyola	/ˌnɔɪˈoʊlə/
nozzle	/ˈnɑzəl/
nozzles	/ˈnɑzəlz/
npr	/ˈɛnˈpiˈɑɹ/
npr.org	/ˈɛnˈpiˈɑɹˈdɑˈtɔɹɡ/
npr's	/ˈɛnˈpiˈɑɹz/
nth	/ˈɛnθ/
nu	/ˈnu/
nuala	/nuˈɑlə/
nuance	/ˈnuɑns/
nuanced	/ˈnuɑnst/
nuances	/ˈnuɑnsɪz/
nub	/ˈnʌb/
nuber	/ˈnubɚ/
nubian	/ˈnjubiən/
nucci	/ˈnutʃi/
nuccio	/ˈnutʃioʊ/
nuckles	/ˈnʌkəlz/
nuckolls	/ˈnʌkəlz/
nuckols	/ˈnʌkəlz/
nuclear	/ˈnukliɚ/
nucleation	/ˌnukliˈeɪʃən/
nuclei	/ˈnukliˌaɪ/
nucleic	/nuˈkleɪɪk/
nucleoli	/ˈnukliˌoʊli/
nucleonic	/ˌnukliˈɑnɪk/
nucleonics	/ˌnukliˈɑnɪks/
nucleotide	/ˈnukliəˌtaɪd/
nucleotides	/ˈnukliəˌtaɪdz/
nucleus	/ˈnukliəs/
nucor	/ˈnuˌkɔɹ/
nucor's	/ˈnuˌkɔɹz/
nucorp	/ˈnuˌkɔɹp/
nudd	/ˈnʌd/
nude	/ˈnud/
nudelman	/ˈnʌdəlmən/
nudes	/ˈnudz/
nudey	/ˈnudi/
nudge	/ˈnʌdʒ/
nudged	/ˈnʌdʒd/
nudges	/ˈnʌdʒɪz/
nudging	/ˈnʌdʒɪŋ/
nudist	/ˈnudɪst/
nudity	/ˈnudɪti/
nudo	/ˈnudoʊ/
nuevo	/ˈnweɪvoʊ/
nuexco	/ˈnweɪkskoʊ/
nueyung	/ˌnuˈjʌŋ/
nufer	/ˈnufɚ/
nuffer	/ˈnʌfɚ/
nugan	/ˈnuɡən/
nugatory	/ˈnuɡɑˌtɔɹi/
nugent	/ˈnudʒənt/
nugett	/ˈnudʒət/
nugget	/ˈnʌɡɪt/
nugget's	/ˈnʌɡɪts/
nuggets	/ˈnʌɡəts/
nuhfer	/ˈnufɚ/
nuhn	/ˈnʌn/
nuisance	/ˈnusəns/
nuisances	/ˈnusənsɪz/
nujoma	/nuˈdʒoʊmə/
nuke	/ˈnuk/
nukem	/ˈnukəm/
nukes	/ˈnuks/
nuland	/ˈnuˌlænd/
null	/ˈnʌl/
nullification	/ˌnʌləfəˈkeɪʃən/
nullified	/ˈnʌləˌfaɪd/
nullifies	/ˈnʌləˌfaɪz/
nullify	/ˈnʌləˌfaɪ/
nullifying	/ˈnʌləˌfaɪɪŋ/
nulph	/ˈnʌlf/
nulton	/ˈnʌltən/
nulty	/ˈnʌlti/
numac	/ˈnumæk/
numb	/ˈnʌm/
numbed	/ˈnʌmd/
number	/ˈnʌmbɚ/
number-one	/ˌnʌmbɚˈwʌn/
number's	/ˈnʌmbɚz/
numbered	/ˈnʌmbɚd/
numbering	/ˈnʌmbɚɪŋ/
numbers	/ˈnʌmbɚz/
numbing	/ˈnʌmɪŋ/
numbingly	/ˈnʌmɪŋli/
numbness	/ˈnʌmnəs/
numed	/nuˈmɛd/
numeiri	/nuˈmeɪɹi/
numeral	/ˈnumɚəl/
numerals	/ˈnumɚəlz/
numerate	/ˈnuməɹət/
numerator	/ˈnuməˌɹeɪtɚ/
numerators	/ˈnuməˌɹeɪtɚz/
numeric	/nuˈmɛɹɪk/
numerica	/nuˈmɛɹɪkə/
numerical	/nuˈmɛɹəkəl/
numerically	/nuˈmɛɹɪkli/
numerology	/numɚˈɑlədʒi/
numerous	/ˈnumɚəs/
numia	/ˈnumjə/
numidia	/nuˈmɪdiə/
numismatic	/ˌnumɪˈsmætɪk/
numismatics	/ˌnumɪˈsmætɪks/
numismatist	/nuˈmɪsməˌtɪst/
numismatists	/nuˈmɪsməˌtɪsts/
nummi	/ˈnumi/
nun	/ˈnʌn/
nun's	/ˈnʌnz/
nunamaker	/nuˈnɑmeɪkɚ/
nunan	/ˈnunɑn/
nunavut	/ˈnʊnəvət/
nuncio	/ˈnʌnsioʊ/
nunemaker	/ˈnunˌmeɪkɚ/
nunes	/ˈnunz/
nunez	/ˈnunɛz/
nungesser	/ˈnʌŋɡɪsɚ/
nunley	/ˈnʌnli/
nunn	/ˈnʌn/
nunn's	/ˈnʌnz/
nunnally	/ˈnʌnəli/
nunnelley	/ˈnʌnɪli/
nunnelly	/ˈnʌnəli/
nunnery	/ˈnʌnɚi/
nuno	/ˈnunoʊ/
nuno's	/ˈnunoʊz/
nuns	/ˈnʌnz/
nuns'	/ˈnʌnz/
nunsense	/ˈnʌnˌsɛns/
nunziata	/nunziˈɑtə/
nunziato	/nunziˈɑtoʊ/
nunzio	/ˈnʌnzioʊ/
nuova	/ˈnwoʊvə/
nuovo	/ˈnwoʊvoʊ/
nupeng	/ˈnjupɛŋ/
nuptial	/ˈnʌptʃəl/
nuptials	/ˈnʌptʃəlz/
nur	/ˈnʊɹ/
nuremberg	/ˈnʊɹəmbɚɡ/
nureyev	/nɚˈaɪəv/
nurmi	/ˈnʊɹmi/
nurnberger	/ˈnɝnbɚɡɚ/
nurock	/ˈnuˌɹɑk/
nurr	/ˈnɝ/
nurre	/ˈnɝ/
nurse	/ˈnɝs/
nurse's	/ˈnɝsɪz/
nursed	/ˈnɝst/
nurseries	/ˈnɝsɚiz/
nursery	/ˈnɝsɚi/
nurseryman	/ˈnɝsɚiˌmæn/
nurserymen	/ˈnɝsɚimən/
nurses	/ˈnɝsəz/
nurses'	/ˈnɝsəz/
nursing	/ˈnɝsɪŋ/
nurture	/ˈnɝtʃɚ/
nurtured	/ˈnɝtʃɚd/
nurturer	/ˈnɝtʃɚɚ/
nurturers	/ˈnɝtʃɚɚz/
nurtures	/ˈnɝtʃɚz/
nurturing	/ˈnɝtʃɚɪŋ/
nusbaum	/nəsbaʊm/
nusen	/ˈnusən/
nuss	/ˈnʌs/
nussbaum	/ˈnʌsˌbaʊm/
nussbaum's	/ˈnʌsˌbaʊmz/
nussbaumer	/ˈnʌsˌbaʊmɚ/
nusser	/ˈnʌsɚ/
nussle	/ˈnʌsəl/
nusz	/ˈnʌʃ/
nut	/ˈnʌt/
nut's	/ˈnʌts/
nutcracker	/ˈnʌtˌkɹækɚ/
nutcrackers	/ˈnʌtˌkɹækɚz/
nute	/ˈnjut/
nutlets	/ˈnʌtləts/
nutley	/ˈnʌtli/
nutmeg	/ˈnʌtˌmɛɡ/
nutone	/ˈnuˌtoʊn/
nutrasweet	/ˈnutɹəˌswit/
nutri	/ˈnutɹi/
nutria	/ˈnutɹiə/
nutriclean	/ˈnutɹɪˌklin/
nutrient	/ˈnutɹiənt/
nutrients	/ˈnutɹiənts/
nutrition	/nuˈtɹɪʃən/
nutritional	/nuˈtɹɪʃənəl/
nutritionally	/nuˈtɹɪʃənəli/
nutritionist	/nuˈtɹɪʃənɪst/
nutritionists	/nuˈtɹɪʃənɪsts/
nutritious	/nuˈtɹɪʃəs/
nutritive	/ˈnutɹətɪv/
nuts	/ˈnʌts/
nutshell	/ˈnʌtˌʃɛl/
nutshells	/ˈnʌtˌʃɛlz/
nutt	/ˈnʌt/
nuttal	/ˈnʌtəl/
nuttall	/ˈnʌtəl/
nutter	/ˈnʌtɚ/
nutters	/ˈnʌtɚz/
nutting	/ˈnʌtɪŋ/
nuttle	/ˈnʌtəl/
nutty	/ˈnʌti/
nuveen	/nuˈvin/
nuxoll	/ˈnʌksəl/
nuys	/ˈnaɪz/
nuzum	/ˈnuzəm/
nuzzi	/ˈnutsi/
nuzzle	/ˈnʌzəl/
nuzzles	/ˈnʌzəlz/
nuzzling	/ˈnʌzəˌlɪŋ/
nuzzo	/ˈnuzoʊ/
nvhome	/ˈɛnˈviˈhoʊm/
nvhomes	/ˈɛnˈviˈhoʊmz/
nvidia	/ˈɛnˈvɪdiə/
nvryan	/ɛnvˈɹaɪən/
nyack	/ˈnaɪˌæk/
nyberg	/ˈnaɪbɚɡ/
nyborg	/ˈnaɪbɔɹɡ/
nyce	/ˈnaɪs/
nycor	/ˈnaɪˌkɔɹ/
nycum	/ˈnɪkəm/
nycz	/ˈnɪtʃ/
nydam	/ˈnɪdəm/
nydegger	/ˈnaɪdɪɡɚ/
nydia	/ˈnɪdiə/
nye	/ˈnaɪ/
nyenhuis	/ˈnaɪənˌhus/
nyerere	/ˈnaɪɚˌɪɹ/
nyeri	/ˈnaɪɚi/
nyers	/ˈnaɪɹz/
nyet	/ˈnjɛt/
nygaard	/ˈnaɪɡɑɹd/
nygard	/ˈnaɪɡɚd/
nygren	/ˈnɪɡɹɛn/
nyhan	/ˈnaɪhæn/
nyholm	/ˈnaɪhoʊlm/
nyhus	/ˈnɪhɪs/
nyina	/ˈnaɪinə/
nyland	/ˈnaɪlənd/
nylander	/ˈnɪləndɚ/
nylen	/ˈnɪlən/
nylex	/ˈnaɪləks/
nylon	/ˈnaɪˌlɑn/
nylons	/ˈnaɪˌlɑnz/
nylund	/ˈnaɪlənd/
nyman	/ˈnaɪmən/
nymex	/ˈnaɪˌmɛks/
nymph	/ˈnɪmf/
nympho	/ˌnɪmfoʊ/
nymphomaniac	/ˌnɪmfoʊˈmeɪniˌæk/
nymphomaniac's	/ˌnɪmfoʊˈmeɪniˌæks/
nymphomaniacs	/ˌnɪmfoʊˈmeɪniˌæks/
nymphs	/ˈnɪmfs/
nynex	/ˈnaɪˌnɛks/
nynex's	/ˈnaɪˌnɛksɪz/
nypd	/ˌɛnˈwaɪˌpiˌdi/
nyquist	/ˈnaɪkwɪst/
nyssa	/ˈnɪsə/
nystrom	/ˈnaɪstɹəm/
nyx	/ˈnɪks/
o	/ˈoʊ/
o.	/ˈoʊ/
o.'s	/ˈoʊz/
o.s	/ˈoʊz/
o.s'	/ˈoʊz/
o'	/ˈoʊ/
o'banion	/oʊˈbænjən/
o'bannon	/oʊˈbænən/
o'bara	/oʊˈbɑɹə/
o'barr	/oʊˈbɑɹ/
o'beirne	/oʊˈbɝn/
o'berg	/oʊˈbɝɡ/
o'berle	/oʊˈbɝəl/
o'berry	/oʊˈbɛɹi/
o'boyle	/oʊˈbɔɪl/
o'bradovich	/oʊˈbɹædəvɪtʃ/
o'brecht	/ˈoʊbɹɛkt/
o'bregon	/oʊˈbɹɛɡən/
o'bremski	/oʊˈbɹɛmski/
o'brenovich	/oʊˈbɹɛnəvɪtʃ/
o'brian	/oʊˈbɹaɪən/
o'briant	/oʊˈbɹaɪənt/
o'brien	/oʊˈbɹaɪɪn/
o'brien's	/oʊˈbɹaɪɪnz/
o'bringer	/ˈoʊbɹɪŋɚ/
o'brinsky	/oʊˈbɹɪnski/
o'bryan	/oʊˈbɹaɪən/
o'bryant	/oʊˈbɹaɪənt/
o'byrne	/oʊˈbɝn/
o'callaghan	/oʊˈkæləɡən/
o'callahan	/oʊˈkæləˌhæn/
o'campo	/oʊˈkæmpoʊ/
o'cana	/oʊˈkænə/
o'canas	/oʊˈkænəz/
o'carroll	/oʊˈkæɹəl/
o'cilla	/oʊˈsɪlə/
o'clair	/oʊˈklɝ/
o'clock	/əˈklɑk/
o'connell	/oʊˈkɑnəl/
o'conner	/oʊˈkɑnɚ/
o'conner's	/oʊˈkɑnɚz/
o'connor	/oʊˈkɑnɚ/
o'connor's	/oʊˈkɑnɚz/
o'day	/oʊˈdeɪ/
o'dea	/oʊˈdeɪ/
o'deli	/oʊˈdɛli/
o'dell	/oʊˈdɛl/
o'dell's	/oʊˈdɛlz/
o'diorne	/oʊdˈjɔɹni/
o'doherty	/oʊˈdɑɚti/
o'donald	/oʊˈdɑnəld/
o'donnel	/oʊˈdɑnəl/
o'donnell	/oʊˈdɑnəl/
o'donnell's	/oʊˈdɑnəlz/
o'donoghue	/oʊˈdɑnəhu/
o'donohue	/oʊˈdɑnəhju/
o'donovan	/oʊˈdɑnəvən/
o'dougherty	/oʊˈdɑhɚti/
o'dowd	/oʊˈdaʊd/
o'driscoll	/oʊˈdɹɪskɑl/
o'dwyer	/oʊˈdwaɪɹ/
o'fallon	/oʊˈfælən/
o'farrell	/oʊˈfæɹəl/
o'five	/oʊˈfaɪv/
o'flaherty	/oʊˈfleɪhɚti/
o'flynn	/oʊˈflɪn/
o'glove	/oʊˈɡlʌv/
o'gorman	/oʊˈɡɔɹmən/
o'grady	/oʊˈɡɹeɪdi/
o'grady's	/oʊˈɡɹeɪdiz/
o'guin	/oʊˈɡuin/
o'guinn	/oʊˈɡwɪn/
o'hagan	/oʊˈhɑɡɑn/
o'hair	/oʊˈhɛɹ/
o'hallaron	/oʊˈhælɚən/
o'halloran	/oʊˈhælɚən/
o'halloron	/oʊˈhælɚən/
o'hanesian	/oʊhəˈnɛʒɪn/
o'hanian	/oʊˈheɪniən/
o'hanlon	/oʊˈhænlən/
o'hara	/oʊˈhɛɹə/
o'hara's	/oʊˈhɛɹəz/
o'hare	/oʊˈhɛɹ/
o'harra	/oʊˈhɝə/
o'hashi	/oʊˈhɑʃi/
o'haver	/oʊˈheɪvɚ/
o'hearn	/oʊˈhɝn/
o'hern	/oʊˈhɝn/
o'herron	/oʊˈhɛɹən/
o'kane	/oʊˈkeɪn/
o'keefe	/oʊˈkif/
o'keeffe	/oʊˈkif/
o'keeffe's	/oʊˈkifs/
o'kelley	/oʊˈkɛli/
o'kelly	/oʊˈkɛli/
o'keson	/oʊˈkisə/
o'kicki	/oʊˈkɪki/
o'lague	/oʊˈleɪɡ/
o'laughlin	/oʊˈlɔklɪn/
o'lear	/oʊˈlɪɹ/
o'leary	/oʊˈlɪɹi/
o'leary's	/oʊˈlɪɹiz/
o'loughlin	/oʊˈlaʊklɪn/
o'mahoney	/oʊməˈhoʊni/
o'mahony	/oʊməˈhoʊni/
o'malley	/oʊˈmæli/
o'mara	/oʊˈmɑɹə/
o'marska	/oʊˈmɑɹskə/
o'meara	/oʊˈmiɹə/
o'melveny	/oʊˈmɛlvəni/
o'mori	/oʊˈmɔɹi/
o'neal	/oʊˈnil/
o'neil	/oʊˈnil/
o'neill	/oʊˈnil/
o'neill's	/oʊˈnilz/
o'nuts	/oʊˈnʌts/
o'quinn	/oʊˈkwɪn/
o'reilly	/oʊˈɹaɪli/
o'riley	/oʊˈɹaɪli/
o'roark	/oʊˈɹɔɹk/
o'rourke	/oʊˈɹɔɹk/
o's	/ˈoʊz/
o'shaughnessy	/ˌoʊˈʃɑnɪsi/
o'shea	/ˌoʊˈʃeɪ/
o'shell	/oʊˈʃɛl/
o'smarty	/ˌoʊˈsmɑɹti/
o'steen	/oʊˈstin/
o'sullivan	/oʊˈsʌləvən/
o'toole	/oʊˈtul/
oad	/ˈoʊˈeɪˈdi/
oahu	/ˌoʊˈɑhu/
oak	/ˈoʊk/
oak's	/ˈoʊks/
oakar	/ˈoʊˌkɑɹ/
oakbrook	/ˈoʊkˌbɹʊk/
oakdale	/ˈoʊkˌdeɪl/
oakes	/ˈoʊks/
oakey	/ˈoʊki/
oakite	/ˈoʊˌkaɪt/
oakland	/ˈoʊklənd/
oakland's	/ˈoʊkləndz/
oakleaf	/ˈoʊˌklif/
oakley	/ˈoʊkli/
oakley's	/ˈoʊkliz/
oakman	/ˈoʊkmən/
oakmark	/ˈoʊkˌmɑɹk/
oakmont	/ˈoʊkˌmɑnt/
oakridge	/ˈoʊˌkɹɪdʒ/
oaks	/ˈoʊks/
oaks'	/ˈoʊks/
oakville	/ˈoʊkˌvɪl/
oakwood	/ˈoʊˌkwʊd/
oaky	/ˈoʊki/
oana	/ˈoʊnə/
oanh	/ˈoʊn/
oar	/ˈɔɹ/
oared	/ˈɔɹd/
oarlock	/ˈɔɹˌlɑk/
oars	/ˈɔɹz/
oarsman	/ˈɔɹzmən/
oas	/ˈoʊˈeɪˈɛs/
oases	/oʊˈeɪsiz/
oasis	/oʊˈeɪsɪs/
oat	/ˈoʊt/
oates	/ˈoʊts/
oath	/ˈoʊθ/
oathout	/ˈoʊˌθaʊt/
oaths	/ˈoʊðz/
oatis	/ˈoʊtɪs/
oatley	/ˈoʊtli/
oatman	/ˈoʊtmən/
oatmeal	/ˈoʊtˌmil/
oats	/ˈoʊts/
oaxaca	/ˈoʊksəkə/
oba	/ˈoʊbə/
obadiah	/ˌoʊbəˈdaɪə/
obama	/ˌoʊˈbɑmə/
obama's	/ˌoʊˈbɑməz/
obamacare	/ˌoʊˈbɑməˌkɛɹ/
obando	/oʊˈbændoʊ/
obanion	/oʊˈbænjən/
obannon	/oʊˈbænən/
obar	/əˈbɑɹ/
obara	/oʊˈbɑɹə/
obarr	/oʊˈbɑɹ/
obdurate	/ˈɑbdɚət/
obedience	/oʊˈbidiəns/
obedient	/oʊˈbidiənt/
obediently	/oʊˈbidiəntli/
obeid	/oʊˈbaɪd/
obeirne	/oʊˈbɝɹn/
obeisance	/oʊˈbeɪsəns/
obelia	/oʊˈbɛliə/
obenchain	/ˈɑbɪnkaɪn/
obenshain	/ˈɑbɪnʃaɪn/
ober	/ˈoʊbɚ/
oberbeck	/ˈoʊbɚbɛk/
oberdorf	/ˈoʊbɚdɔɹf/
oberg	/ˈoʊbɚɡ/
oberhaus	/ˈoʊbɚhaʊs/
oberhausen	/ˈoʊbɚˌhaʊzən/
oberhelman	/ˈoʊbɚhəlmən/
oberholtzer	/ˈoʊbɚhoʊltzɚ/
oberlander	/ˈoʊbɚləndɚ/
oberle	/ˈoʊbɚəl/
oberlin	/ˈoʊbɚlɪn/
oberly	/ˈoʊbɚli/
obermaier	/ˈoʊbɚˌmaɪɹ/
oberman	/ˈoʊbɚmən/
obermeier	/ˈoʊbɚmaɪɚ/
obermeyer	/ˈoʊbɚmaɪɚ/
obermiller	/ˈoʊbɚmɪlɚ/
oberon	/ˈoʊbɚˌɑn/
oberry	/oʊˈbɛɹi/
oberst	/ˈoʊbɚst/
oberstar	/ˈoʊbɚˌstɑɹ/
obert	/ˈɑbɚt/
oberweis	/ˈoʊbɚˌwaɪs/
obese	/oʊˈbis/
obesity	/oʊˈbisəti/
obey	/oʊˈbeɪ/
obeyed	/oʊˈbeɪd/
obeying	/oʊˈbeɪɪŋ/
obeys	/oʊˈbeɪz/
obfuscate	/ˈɑbfəˌskeɪt/
obfuscation	/ˌɑbfəˈskeɪʃən/
obie	/ˈoʊbi/
obispo	/oʊˈbɪspoʊ/
obit	/ˈoʊbɪt/
obits	/ˈoʊbɪts/
obituaries	/oʊˈbɪtʃuˌɛɹiz/
obituary	/oʊˈbɪtʃuˌɛɹi/
object	/ˈɑbdʒɛkt/
objected	/əbˈdʒɛktəd/
objecting	/əbˈdʒɛktɪŋ/
objection	/əbˈdʒɛkʃən/
objection's	/əbˈdʒɛkʃənz/
objectionable	/əbˈdʒɛkʃənəbəl/
objections	/əbˈdʒɛkʃənz/
objective	/əbˈdʒɛktɪv/
objectively	/ɑbˈdʒɛktɪvli/
objectives	/əbˈdʒɛktɪvz/
objectivity	/ˌɑbdʒɛkˈtɪvɪti/
objector	/əbˈdʒɛktɚ/
objectors	/əbˈdʒɛktɚz/
objects	/ˈɑbdʒɛkts/
oblak	/ˈɑblək/
oblander	/ˈɑbləndɚ/
oblast	/ˈɑblæst/
oblate	/ɑˈbleɪt/
obligate	/ˈɑbləˌɡeɪt/
obligated	/ˈɑbləˌɡeɪtɪd/
obligates	/ˈɑbləˌɡeɪts/
obligating	/ˈɑbləˌɡeɪtɪŋ/
obligation	/ˌɑbləˈɡeɪʃən/
obligations	/ˌɑbləˈɡeɪʃənz/
obligatory	/əˈblɪɡəˌtɔɹi/
oblige	/əˈblaɪdʒ/
obliged	/əˈblaɪdʒd/
obliges	/əˈblaɪdʒɪz/
obliging	/əˈblaɪdʒɪŋ/
obligingly	/əˈblaɪdʒɪŋli/
oblinger	/ˈoʊbəlɪŋɚ/
oblique	/əˈblik/
obliquely	/əˈblikli/
obliterate	/əˈblɪtɚˌeɪt/
obliterated	/əˈblɪtɚˌeɪtɪd/
obliterates	/əˈblɪtɚˌeɪts/
obliterating	/əˈblɪtɚˌeɪtɪŋ/
obliteration	/əˌblɪtɚˈeɪʃən/
oblivion	/əˈblɪviən/
oblivious	/əˈblɪviəs/
oblong	/ˈɑblɔŋ/
obloquy	/ˈɔbləˌkwi/
obnoxious	/ɑbˈnɑkʃəs/
oboe	/ˈoʊboʊ/
oboist	/ˈoʊboʊəst/
obon	/ˈoʊbən/
oboyle	/oʊˈbɔɪl/
obradovich	/oʊˈbɹædəvɪtʃ/
obrecht	/ˈoʊbɹɪkt/
obregon	/ˈɑbɹɪɡən/
obremski	/oʊˈbɹɛmski/
obremsky	/oʊˈbɹɛmski/
obrenovich	/oʊˈbɹɛnəvɪtʃ/
obrian	/oʊˈbɹaɪən/
obriant	/oʊˈbɹaɪənt/
obrien	/oʊˈbɹaɪɪn/
obringer	/ˈoʊbɹɪŋɚ/
obrinsky	/oʊˈbɹɪnski/
obryan	/oʊˈbɹaɪən/
obryant	/oʊˈbɹaɪənt/
obscene	/ɑbˈsin/
obscenely	/ɑbˈsinəli/
obscenities	/ɑbˈsɛnɪtiz/
obscenity	/əbˈsɛnɪti/
obscure	/əbskˈjʊɹ/
obscured	/əbskˈjʊɹd/
obscures	/əbskˈjʊɹz/
obscuring	/əbskˈjʊɹɪŋ/
obscurity	/əbskˈjʊɹəti/
obsequious	/əbˈsikwiəs/
observable	/əbˈzɝvəbəl/
observables	/əbˈzɝvəbəlz/
observance	/əbˈzɝvəns/
observances	/əbˈzɝvənsɪz/
observant	/əbˈzɝvənt/
observateur	/ɑbˌzɝvəˈtʊɹ/
observation	/ˌɑbzɚˈveɪʃən/
observational	/ˌɑbzɚˈveɪʃənəl/
observations	/ˌɑbzɚˈveɪʃənz/
observatories	/əbˈzɝvəˌtɔɹiz/
observatory	/əbˈzɝvəˌtɔɹi/
observatory's	/əbˈzɝvəˌtɔɹiz/
observe	/əbˈzɝv/
observed	/əbˈzɝvd/
observer	/əbˈzɝvɚ/
observers	/əbˈzɝvɚz/
observes	/əbˈzɝvz/
observing	/əbˈzɝvɪŋ/
obsess	/əbˈsɛs/
obsessed	/əbˈsɛst/
obsesses	/əbˈsɛsɪz/
obsessing	/əbˈsɛsɪŋ/
obsession	/əbˈsɛʃən/
obsessional	/əbˈsɛʃənəl/
obsessions	/əbˈsɛʃənz/
obsessive	/əbˈsɛsɪv/
obsessively	/ɑbˈsɛsɪvli/
obshchestvennom	/ˌɑbʃəstˈvɛnəm/
obsidian	/əbˈsɪdiən/
obsolescence	/ˌɑbsəˈlɛsəns/
obsolescent	/ˌɑbsəˈlɛsənt/
obsolete	/ˈɑbsəˌlit/
obsoletes	/ˌɑbsəˈlits/
obst	/ˈɑbst/
obstacle	/ˈɑbstəkəl/
obstacles	/ˈɑbstəkəlz/
obstetric	/əbˈstɛtɹɪk/
obstetrical	/əbˈstɛtɹɪkəl/
obstetrician	/ˌɑbstəˈtɹɪʃən/
obstetricians	/ˌɑbstəˈtɹɪʃənz/
obstetrics	/əbˈstɛtɹɪks/
obstfeld	/ˈɑbstˌfɛld/
obstinacy	/ˈɑbstənəsi/
obstinate	/ˈɑbstənət/
obstreperous	/əbˈstɹɛpɚəs/
obstruct	/əbˈstɹʌkt/
obstructed	/əbˈstɹʌktɪd/
obstructing	/əbˈstɹʌktɪŋ/
obstruction	/əbˈstɹʌkʃən/
obstructionism	/əbˈstɹʌkʃəˌnɪzəm/
obstructionist	/əbˈstɹʌkʃənəst/
obstructionists	/əbˈstɹʌkʃənəsts/
obstructions	/əbˈstɹʌkʃənz/
obstructive	/əbˈstɹʌktɪv/
obstructs	/əbˈstɹʌkts/
obtain	/əbˈteɪn/
obtainable	/əbˈteɪnəbəl/
obtained	/əbˈteɪnd/
obtaining	/əbˈteɪnɪŋ/
obtains	/əbˈteɪnz/
obtrude	/əbˈtɹud/
obtrudes	/əbˈtɹudz/
obtrusive	/əbˈtɹusɪv/
obtuse	/ɑbˈtus/
obuchowski	/oʊbjuˈkaʊski/
obverse	/əbˈvɝs/
obviate	/ˈɑbviˌeɪt/
obviated	/ˈɑbviˌeɪtəd/
obviates	/ˈɑbviˌeɪts/
obviating	/ˈɑbviˌeɪtɪŋ/
obvious	/ˈɑbviəs/
obviously	/ˈɑbviəsli/
obyrne	/oʊˈbɝn/
ocain	/oʊkɑˈin/
ocala	/oʊˈkælə/
ocallaghan	/oʊˈkæləɡən/
ocallahan	/oʊˈkæləˌhæn/
ocampo	/oʊˈkæmpoʊ/
ocana	/oʊˈkænə/
ocanas	/oʊˈkænəz/
ocarroll	/oʊˈkæɹəl/
ocasio	/oʊˈkɑsioʊ/
ocaw	/oʊˈkɔ/
ocaw's	/oʊˈkɔz/
occasion	/əˈkeɪʒən/
occasional	/əˈkeɪʒənəl/
occasionally	/əˈkeɪʒənəli/
occasioned	/əˈkeɪʒənd/
occasions	/əˈkeɪʒənz/
occhino	/ˌoʊˈkiˌnoʊ/
occhipinti	/oʊkiˈpinti/
occhoa	/ˌoʊˈtʃoʊɑ/
occhoa's	/ˌoʊˈtʃoʊəz/
occident	/ˈɑksəˌdɛnt/
occidental	/ˌɑksəˈdɛntəl/
occidental's	/ˌɑksəˈdɛntəlz/
occidentale	/ˌɑksɪˈdɛntəl/
occidentale's	/ˌɑksɪˈdɛntəlz/
occipital	/ɑkˈsɪpətəl/
occlusion	/əˈkluʒən/
occult	/əˈkʌlt/
occupancy	/ˈɑkjəpənsi/
occupant	/ˈɑkjəpənt/
occupants	/ˈɑkjəpənts/
occupation	/ˌɑkjəˈpeɪʃən/
occupational	/ɑkjəˈpeɪʃənəl/
occupations	/ˌɑkjəˈpeɪʃənz/
occupied	/ˈɑkjəˌpaɪd/
occupier	/ˈɑkjəˌpaɪɚ/
occupiers	/ˈɑkjəˌpaɪɚz/
occupies	/ˈɑkjəˌpaɪz/
occupy	/ˈɑkjəˌpaɪ/
occupying	/ˈɑkjəˌpaɪɪŋ/
occur	/əˈkɝ/
occuring	/əˈkɝɪŋ/
occurred	/əˈkɝd/
occurrence	/əˈkɝəns/
occurrences	/əˈkɝənsɪz/
occurring	/əˈkɝɪŋ/
occurs	/əˈkɝz/
ocean	/ˈoʊʃən/
ocean's	/ˈoʊʃənz/
oceana	/oʊʃiˈænə/
oceaneering	/ˌoʊʃəˈnɪɹɪŋ/
oceanfront	/ˈoʊʃənˌfɹʌnt/
oceangoing	/ˈoʊʃənˌɡoʊɪŋ/
oceania	/ˌoʊˌʃiˈænjə/
oceanic	/ˌoʊʃiˈænɪk/
oceanographer	/ˌoʊʃəˈnɑɡɹəfɚ/
oceanographic	/ˌoʊʃənəˈɡɹæfɪk/
oceanography	/ˌoʊʃəˈnɑɡɹəfi/
oceans	/ˈoʊʃənz/
oceanside	/ˈoʊʃənˌsaɪd/
oceanview	/ˈoʊʃənvˌju/
ocelot	/ˈɑsəˌlɑt/
ocelot's	/ˈɑsəˌlɑts/
och	/ˈɑk/
ocheltree	/ɑtʃɪlˈtɹi/
ochoa	/ˌɑˈtʃoʊə/
ochra	/ˈɑkɹə/
ochre	/ˈoʊkɚ/
ochs	/ˈɑks/
ochsenschlager	/ˈɑksənʃˌlɑɡɚ/
ochsner	/ˈɑksnɚ/
ocilla	/oʊˈsɪlə/
ocker	/ˈɑkɚ/
ockerbloom	/ˈɑkɚblum/
ockerman	/ˈɑkɚmən/
oclair	/oʊˈklɝ/
ocon	/əˈkɑn/
oconnell	/oʊˈkɑnəl/
oconner	/oʊˈkɑnɚ/
oconner's	/oʊˈkɑnɚz/
oconnor	/oʊˈkɑnɚ/
oconnor's	/oʊˈkɑnɚz/
oct	/ˈɔkt/
octagon	/ˈɑktəˌɡɑn/
octagonal	/ɑkˈtæɡənəl/
octahedral	/ˌɑktəˈhidɹəl/
octahedron	/ˌɑktəˈhidɹən/
octane	/ˈɑkteɪn/
octave	/ˈɑktɪv/
octaves	/ˈɑktɪvz/
octavia	/ɑkˈteɪviə/
octavio	/ˌɑkˈteɪvioʊ/
octavius	/ɑkˈteɪviəs/
octavus	/ˈɑktəvus/
octel	/ˌɑkˈtɛl/
octet	/ɑkˈtɛt/
octial	/ˈɑktjəl/
octillion	/ɑkˈtɪljən/
october	/ɑkˈtoʊbɚ/
october's	/ɑkˈtoʊbɚz/
octogenarian	/ˌɑktədʒɪˈnɛɹiən/
octopi	/ˈɑktəpaɪ/
octopus	/ˈɑktəˌpʊs/
octuplet	/ɑkˈtʌplət/
octuplets	/ɑkˈtʌpləts/
ocular	/ˈɔkjulɚ/
oculist	/ˈɔkjuˌlɪst/
oda	/ˈoʊdə/
odaiko	/oʊˈdeɪkoʊ/
odaniel	/ˈɑdənil/
oday	/oʊˈdeɪ/
odd	/ˈɑd/
oddball	/ˈɑdˌbɔl/
oddballs	/ˈɑdˌbɔlz/
odden	/ˈɑdən/
odder	/ˈɑdɚ/
oddest	/ˈɑdəst/
oddi	/ˈɑdi/
oddities	/ˈɑdətiz/
oddity	/ˈɑdəti/
oddler	/ˈɑdlɚ/
oddler's	/ˈɑdlɚz/
oddly	/ˈɑdli/
odds	/ˈɑdz/
odds-on	/ˈɑdˈzɑn/
oddsmaker	/ˈɑdzˌmeɪkɚ/
oddsmakers	/ˈɑdzˌmeɪkɚz/
oddy	/ˈɑdi/
ode	/ˈoʊd/
odea	/ˈɑdiə/
oded	/ˈoʊdɛd/
odegaard	/ˈɑdɪɡɑɹd/
odegard	/ˈɑdɪɡɚd/
odekirk	/ˈɑdɪkɚk/
odele	/oʊˈdɛli/
odelet	/ˈɑdɪlɪt/
odelette	/ˈɑdɪlɛt/
odelia	/oʊˈdɛliə/
odelinda	/oʊdɛˈlində/
odell	/oʊˈdɛl/
odella	/oʊˈdɛlə/
odem	/ˈoʊdɪm/
oden	/ˈoʊdən/
odenthal	/ˈɑdɪnθəl/
odeon	/ˈoʊdiən/
oder	/ˈoʊdɚ/
odes	/ˈoʊdz/
odessa	/oʊˈdɛsə/
odetics	/oʊˈdɛtɪks/
odette	/ˌoʊˈdɛt/
odgers	/ˈɑdʒɚz/
odiaum	/ˈoʊdiəm/
odiaun	/ˈoʊdiən/
odier	/ˈoʊdiɚ/
odilia	/oʊˈdiliə/
odin	/ˈoʊdən/
odiorne	/oʊdiˈɔɹni/
odious	/ˈoʊdiəs/
odland	/ˈɑdlənd/
odle	/ˈoʊdəl/
odneal	/ˈoʊdˌnil/
odoherty	/oʊˈdɑɚti/
odolf	/əˈdoʊlf/
odom	/ˈoʊdəm/
odometer	/ˌoʊˈdɑmətɚ/
odometers	/ˌoʊˈdɑmətɚz/
odoms	/ˈoʊdəmz/
odonald	/oʊˈdɑnəld/
odonnel	/oʊˈdɑnəl/
odonnell	/oʊˈdɑnəl/
odonoghue	/oʊˈdɑnəhju/
odonohue	/oʊˈdɑnəhju/
odonovan	/oʊˈdɑnəvən/
odor	/ˈoʊdɚ/
odorant	/ˈoʊdɚənt/
odorless	/ˈoʊdɚləs/
odorous	/ˈoʊdɚəs/
odors	/ˈoʊdɚz/
odour	/ˈoʊdɚ/
odours	/ˈoʊdɚs/
odowd	/oʊˈdaʊd/
odp	/ˈoʊˈdiˈpi/
odriscoll	/oʊˈdɹɪskɑl/
odum	/ˈoʊdəm/
odwalla	/ɑˈdwɑlə/
odwyer	/oʊˈdwaɪɚ/
odysseus	/oʊˈdɪsiəs/
odyssey	/ˈɑdəsi/
odyssey's	/ˈɑdəsiz/
oecd	/ˌoʊˌiˌsiˈdi/
oedipal	/ˈɛdəpəl/
oedipus	/ˈɛdɪpəs/
oehler	/ˈoʊlɚ/
oehlert	/ˈoʊlɚt/
oehlke	/ˈoʊlk/
oehme	/ˈoʊm/
oehmen	/ˈoʊmən/
oehmens	/ˈoʊmənz/
oehrlein	/ˈɔɹlaɪn/
oeien	/ˈoʊiən/
oelke	/ˈoʊlk/
oelkers	/ˈoʊlkɚz/
oelman	/ˈoʊlmən/
oelrich	/ˈoʊlɹɪk/
oelschlager	/ˈoʊlʃleɪɡɚ/
oenophile	/ˈinəˌfaɪl/
oerlikon	/ˈɔɹlɪˌkɑn/
oertel	/ˈɔɹtəl/
oesch	/ˈoʊʃ/
oeser	/ˈoʊzɚ/
oest	/ˈoʊɪst/
oesterle	/ˈoʊstɚəl/
oesterling	/ˈoʊstɚlɪŋ/
oesterreich	/ˈoʊstɚaɪk/
oesterreichische	/ˌoʊstɚˈaɪkɪʃi/
oestreich	/ˈoʊˌstɹaɪk/
oestreicher	/ˈoʊˌstɹaɪkɚ/
oetken	/ˈoʊtkən/
oetting	/ˈoʊtɪŋ/
oettinger	/ˈoʊtɪndʒɚ/
oeuvre	/ˈuvɹə/
of	/ˈʌv/
ofallon	/oʊˈfælən/
ofarrell	/oʊˈfɛɹəl/
ofc	/ˈoʊˈɛfˈsi/
ofelia	/oʊˈfeɪliə/
ofer	/ˈoʊfɚ/
off	/ˈɔf/
off-day	/ˈɔfˌdeɪ/
off-duty	/ˌɔfˈduti/
off-limits	/ˌɔˈflɪmɪts/
off-line	/ˈɔˌflaɪn/
off-side	/ˈɔfˌsaɪd/
off's	/ˈɔfs/
offbeat	/ˈɔfˈbit/
offen	/ˈɔfən/
offend	/əˈfɛnd/
offended	/əˈfɛndəd/
offender	/əˈfɛndɚ/
offenders	/əˈfɛndɚz/
offending	/əˈfɛndɪŋ/
offends	/əˈfɛndz/
offense	/əˈfɛns/
offenses	/əˈfɛnsɪz/
offensive	/əˈfɛnsɪv/
offensively	/əˈfɛnsɪvli/
offensives	/əˈfɛnsɪvz/
offer	/ˈɔfɚ/
offer's	/ˈɔfɚz/
offerdahl	/ˈɑfɚdɑl/
offered	/ˈɔfɚd/
offerer	/ˈɔfɚɚ/
offerers	/ˈɔfɚɚz/
offering	/ˈɔfɚɪŋ/
offering's	/ˈɔfɚɪŋz/
offerings	/ˈɔfɚɪŋz/
offerman	/ˈɔfɚmən/
offermann	/ˈɔfɚmən/
offers	/ˈɔfɚz/
offhand	/ˈɔfˈhænd/
office	/ˈɔfɪs/
office's	/ˈɔfəsɪz/
officeholder	/ˈɔfəsˌhoʊldɚ/
officeholders	/ˈɔfəsˌhoʊldɚz/
officemax	/ˈɔfəˌsmæks/
officer	/ˈɔfəsɚ/
officer's	/ˈɔfɪsɚz/
officers	/ˈɔfəsɚz/
officers'	/ˈɔfɪsɚz/
offices	/ˈɔfəsəz/
official	/əˈfɪʃəl/
official's	/əˈfɪʃəlz/
officialdom	/əˈfɪʃəldəm/
officially	/əˈfɪʃəli/
officials	/əˈfɪʃəlz/
officials'	/əˈfɪʃəlz/
officiate	/əˈfɪʃiˌeɪt/
officiated	/əˈfɪʃiˌeɪtəd/
officiates	/əˈfɪʃiˌeɪts/
officiating	/əˈfɪʃiˌeɪtɪŋ/
officio	/əˈfɪsioʊ/
offield	/ˈɑˌfild/
offill	/ˈɔˌfɪl/
offing	/ˈɔfɪŋ/
offlimit	/ˌɔˈflɪmɪt/
offlimits	/ˌɔˈflɪmɪts/
offline	/ˈɔˌflaɪn/
offner	/ˈɑfnɚ/
offord	/ˈɑfɚd/
offs	/ˈɔfs/
offseason	/ˈɔfˈsizən/
offset	/ɔfˈsɛt/
offsets	/ˈɔfˌsɛts/
offsetting	/ɔfˈsɛtɪŋ/
offshoot	/ˈɔfˌʃut/
offshoots	/ˈɔfˌʃuts/
offshorable	/ˈɔfˈʃɔˌɹʌbəl/
offshore	/ˈɔfˈʃɔɹ/
offshored	/ˈɔfˈʃɔɹd/
offspring	/ˈɔfˌspɹɪŋ/
offstage	/ˈɔfˈsteɪdʒ/
offutt	/ˈɑfət/
ofilia	/oʊˈfiliə/
oflaherty	/oʊˈfleɪhɚti/
oflynn	/oʊˈflɪn/
oft	/ˈɔft/
oftedahl	/ˈɑftɪdɑl/
oftel	/ˈɑfˌtɛl/
often	/ˈɔfən/
oftener	/ˈɔfənɚ/
oftentimes	/ˈɔfənˌtaɪmz/
og	/ˈɑɡ/
ogan	/ˈoʊɡən/
ogara	/ˌoʊˈɡɑˌɹɑ/
ogata	/ˌoʊˈɡɑˌtɑ/
ogawa	/ˌoʊˈɡɑˌwɑ/
ogborn	/ˈɑɡbɚn/
ogburn	/ˈɑɡbɚn/
ogden	/ˈɑɡdən/
ogden's	/ˈɑɡdənz/
ogg	/ˈɑɡ/
ogier	/ˈoʊɡiɚ/
ogilvie	/ˈɑdʒɪlvi/
ogilvy	/ˈoʊɡəlvi/
ogilvy's	/ˈoʊɡəlviz/
oglala	/oʊˈɡlɑlə/
ogle	/ˈoʊɡəl/
oglebay	/ˈoʊɡəlˌbeɪ/
ogled	/ˈoʊɡəld/
ogles	/ˈoʊɡəlz/
oglesbee	/ˈoʊɡəlzˌbi/
oglesby	/ˈɑɡəlsbi/
oglethorpe	/ˈoʊɡəlˌθɔɹp/
ogletree	/ˈoʊɡəlˌtɹi/
ognibene	/oʊɡniˈbɛnə/
ogoni	/oʊˈɡoʊni/
ogonyok	/oʊˈɡoʊnjɑk/
ogorman	/oʊˈɡɔɹmən/
ogrady	/oʊˈɡɹeɪdi/
ogre	/ˈoʊɡɚ/
ogren	/ˈɑɡɹɛn/
ogress	/ˈoʊɡɹəs/
oguin	/oʊˈɡuin/
oguinn	/oʊˈɡwɪn/
oh	/ˈoʊ/
oh's	/ˈoʊz/
ohagan	/oʊˈhɑɡən/
ohair	/oʊˈhɛɹ/
ohalloran	/oʊˈhælɚən/
ohanesian	/oʊhəˈnɛʒɪn/
ohanian	/oʊˈheɪniən/
ohanlon	/oʊˈhænlən/
ohara	/oʊˈhɛɹə/
ohara's	/oʊˈhɛɹəz/
ohare	/oʊˈhɛɹ/
oharra	/oʊˈhɝə/
ohashi	/ˌoʊˈhɑˌʃi/
ohaver	/oʊˈheɪvɚ/
ohba	/ˈoʊbə/
ohbayashi	/ˌoʊˌbɑˈjɑˌʃi/
ohearn	/oʊˈhɝn/
ohern	/oʊˈhɝn/
oherron	/oʊˈhɛɹən/
ohh	/ˈoʊ/
ohio	/oʊˈhaɪoʊ/
ohio's	/oʊˈhaɪoʊz/
ohioan	/ˌoʊˈhaɪˌoʊən/
ohioans	/ˌoʊˈhaɪˌoʊənz/
ohkawara	/ˌoʊˌkɑˈwɑˌɹɑ/
ohl	/ˈoʊl/
ohland	/ˈoʊlənd/
ohlendorf	/ˈoʊlɪndɔɹf/
ohler	/ˈoʊlɚ/
ohlin	/ˈoʊlɪn/
ohlinger	/ˈoʊlɪŋɚ/
ohlman	/ˈoʊlmən/
ohlmann	/ˈoʊlmən/
ohlmeyer	/ˈoʊlˌmaɪɹ/
ohlrich	/ˈoʊlɹɪk/
ohlsen	/ˈoʊlsən/
ohlson	/ˈoʊlsən/
ohlsson	/ˈoʊlsən/
ohm	/ˈoʊm/
ohm's	/ˈoʊmz/
ohmae	/ˈoʊˌmeɪ/
ohman	/ˈoʊmən/
ohmann	/ˈoʊmən/
ohmer	/ˈoʊmɚ/
ohms	/ˈoʊmz/
ohmura	/oʊˈmuɹə/
ohnemus	/ˈoʊnɪmɪs/
ohnstad	/ˈoʊnstəd/
ohr	/ˈɔɹ/
ohrt	/ˈɔɹt/
ohs	/ˈoʊz/
oi	/ˈɔɪ/
oie	/ˈɔɪ/
oien	/ˈɑin/
oil	/ˈɔɪl/
oil's	/ˈɔɪlz/
oiled	/ˈɔɪld/
oiler	/ˈɔɪlɚ/
oilers	/ˈɔɪlɚz/
oilfield	/ˈɔɪlˌfild/
oilfields	/ˈɔɪlˌfildz/
oiling	/ˈɔɪlɪŋ/
oilman	/ˈɔɪlˌmæn/
oilmen	/ˈɔɪlˈmɛn/
oils	/ˈɔɪlz/
oilseed	/ˈɔɪlˌsid/
oilseeds	/ˈɔɪlˌsidz/
oilwell	/ˈɔɪlˌwɛl/
oily	/ˈɔɪli/
ointment	/ˈɔɪntmənt/
oishi	/oʊˈiʃi/
oj	/ˈoʊˈdʒeɪ/
oja	/ˈoʊjə/
ojala	/oʊˈjɑlə/
ojeda	/oʊˈjeɪdə/
oji	/ˈoʊdʒi/
ojibwa	/oʊˈdʒɪbwə/
ok	/ˈoʊˈkeɪ/
oka	/ˈoʊkə/
okabe	/oʊˈkɑbeɪ/
okada	/oʊˈkɑdə/
okaloosa	/ˌɔkəˈlusə/
okamoto	/ˌoʊkəˈmoʊtoʊ/
okamura	/ˌoʊkəˈmʊɹə/
okane	/oʊˈkeɪn/
okano	/oʊˈkɑnoʊ/
okasaki	/ˌoʊkəˈsɑki/
okasan	/oʊˈkeɪzən/
okay	/ˌoʊˈkeɪ/
okayed	/ˌoʊˈkeɪd/
okays	/ˌoʊˈkeɪz/
okaz	/oʊˈkɑz/
okazaki	/oʊkɑˈzɑki/
okdo	/ˈɔkˌdoʊ/
okeechobee	/oʊˌkiˈtʃoʊbi/
okeefe	/oʊˈkif/
okeeffe	/oʊˈkif/
okelley	/oʊˈkɛli/
okelly	/oʊˈkɛli/
oken	/oʊˈkeɪən/
okerlund	/ˈɑkɚlənd/
okeson	/ˈoʊkɪsən/
okey	/ˈoʊki/
okey-dokey	/ˈoʊkiˈdoʊki/
oki	/ˈoʊki/
okie	/ˈoʊki/
okimoto	/oʊkiˈmoʊtoʊ/
okin	/ˈoʊkɪn/
okinawa	/ˌoʊˌkɪˈnɑwə/
okinawans	/ˌoʊˌkɪˈnɑwənz/
oklahoma	/ˌoʊkləˈhoʊmə/
oklahoma's	/ˌoʊkləˈhoʊməz/
oklahoman	/ˌoʊkləˈhoʊmən/
oklahomans	/ˌoʊkləˈhoʊmənz/
okon	/ˈoʊkoʊn/
okoniewski	/oʊˌkɑniˈɛvski/
okonski	/əˈkɑnski/
okpo	/ˈɑkpoʊ/
okra	/ˈoʊkɹə/
okray	/ˈɑkɹeɪ/
oksana	/ˌɑkˈsænə/
oksana's	/ˌɑkˈsænəz/
oksenberg	/ˈɑksənbɚɡ/
okubo	/oʊˈkuboʊ/
okuda	/oʊˈkudə/
okuma	/oʊkˈjumɚ/
okumura	/oʊkuˈmʊɹə/
okun	/ˈoʊkun/
okuno	/oʊkˈjunoʊ/
okura	/oʊˈkuɹə/
okurowski	/oʊkɚˈoʊski/
okwu	/ˈɔkwu/
ol'	/ˈoʊl/
ola	/ˈoʊlə/
olack	/ˈoʊlæk/
olaf	/ˈoʊlɑf/
olafson	/ˈoʊləfsən/
olague	/ˈoʊlɑɡ/
olah	/əˈlɑ/
olajuwon	/əˈlaɪdʒuˌɑn/
olajuwon's	/əˈlaɪdʒuˌɑnz/
oland	/ˈɑlənd/
olander	/ˈɑləndɚ/
olano	/əˈlɑnoʊ/
olasky	/oʊˈlæski/
olathe	/oʊˈlæθi/
olaughlin	/oʊˈlɔklɪn/
olay	/oʊˈleɪ/
olayan	/oʊˈlaɪən/
olberding	/ˈoʊlbɚdɪŋ/
olbrich	/ˈoʊlbɹɪk/
olcott	/ˈoʊlkət/
olczak	/ˈoʊltʃæk/
old	/ˈoʊld/
old-fashioned	/ˌoʊldˈfæʃənd/
old-growth	/ˌoʊldˈɡɹoʊθ/
old-school	/ˌoʊldˈskul/
old-timer	/ˌoʊldˈtaɪmɚ/
old-timers	/ˌoʊldˈtaɪmɚz/
old's	/ˈoʊldz/
oldaker	/ˈoʊldəkɚ/
oldani	/oʊlˈdɑni/
olde	/ˈoʊld/
olden	/ˈoʊldən/
oldenburg	/ˈoʊldənbɚɡ/
oldenkamp	/ˈoʊldɪnkæmp/
older	/ˈoʊldɚ/
oldest	/ˈoʊldəst/
oldfashioned	/ˌoʊldˈfæʃənd/
oldfather	/ˈoʊldˌfɑðɚ/
oldfield	/ˈoʊldˌfild/
oldham	/ˈoʊldəm/
oldham's	/ˈoʊldəmz/
oldie	/ˈoʊldi/
oldies	/ˈoʊldiz/
oldman	/ˈoʊldmən/
oldroyd	/ˈoʊlˌdɹɔɪd/
olds	/ˈoʊldz/
oldsmar	/ˈoʊldzmɑɹ/
oldsmobile	/ˈoʊldzmoʊˌbil/
oldsmobile's	/ˈoʊldzmoʊˌbilz/
oldsmobiles	/ˈoʊldzmoʊˌbilz/
oldster	/ˈoʊldstɚ/
oldsters	/ˈoʊldstɚz/
oldt	/ˈoʊlt/
ole	/ˈoʊl/
olea	/ˈɑliə/
oleaginous	/ˌoʊliˈædʒənəs/
olean	/oʊˈlin/
oleander	/ˈoʊliˌændɚ/
oleandrin	/oʊliˈændɹɪn/
olear	/oʊˈlɪɹ/
oleary	/oʊˈlɪɹi/
oleaster	/ˌoʊliˈæstɚ/
olefin	/ˈoʊləfɪn/
olefins	/ˈoʊləfɪnz/
oleg	/ˈoʊləɡ/
olejniczak	/əˈleɪnɪtʃæk/
olejnik	/əˈleɪnɪk/
oleksiak	/əˈlɛksiæk/
oleksy	/əˈlɛksi/
olen	/ˈɑlən/
olender	/ˈɑlɛndɚ/
olenick	/ˈɑlɪnɪk/
olenik	/ˈɑlɪnɪk/
oleo	/ˈoʊliˌoʊ/
oleoyl	/ˌoʊliˈɔɪl/
oleoyls	/ˌoʊliˈɔɪlz/
oler	/ˈoʊlɚ/
oles	/ˈoʊlz/
olesen	/ˈɑlizən/
oleske	/ˈoʊləski/
olesky	/əˈlɛski/
oleson	/ˈɑlɪsən/
olestra	/oʊˈlɛstɹə/
olexa	/əˈliksə/
olexson	/ˈoʊləksən/
oley	/ˈoʊli/
olfactory	/oʊlˈfæktɚi/
olga	/ˈoʊlɡə/
olguin	/ˈoʊlɡɪn/
olick	/ˈoʊlɪk/
oliff	/ˈɑlɪf/
oligarch	/ˈoʊlɪˌɡɑɹk/
oligarchs	/ˈoʊlɪˌɡɑɹks/
oligarchy	/ˈɑləˌɡɑɹki/
oliger	/ˈɑlɪɡɚ/
oligocene	/ˈɑləɡoʊˌsin/
oligopolistic	/oʊˌlɪɡəpoʊˈlɪstɪk/
oligopoly	/ˌɑlɪˈɡɑpəli/
olin	/ˈoʊlɪn/
olin's	/ˈoʊlɪnz/
olinda	/oʊˈlində/
olinde	/ˈɑlɪnd/
olinger	/ˈɑlɪŋɚ/
oliphant	/ˈɑlɪfənt/
oliva	/oʊˈlivə/
olivares	/oʊliˈvɑɹɛs/
olivarez	/oʊliˈvɑɹɛz/
olivas	/oʊˈlivɑz/
olive	/ˈɑləv/
oliveira	/ˌɑlɪˈveɪɹə/
oliver	/ˈɑləvɚ/
oliver's	/ˈɑlɪvɚz/
olivera	/oʊliˈvɛɹə/
oliveras	/oʊliˈvɛɹɑz/
oliveri	/oʊliˈvɛɹi/
oliveria	/ˌɑlɪˈviɹiə/
oliverio	/ˌɑlɪˈviɹioʊ/
olivero	/oʊliˈvɛɹoʊ/
oliveros	/oʊliˈvɛɹoʊz/
olives	/ˈɑlɪvz/
oliveto	/oʊliˈveɪtoʊ/
olivette	/ˈɑlɪˈvɛt/
olivetti	/ˌɑlɪˈvɛti/
olivetti's	/ˌɑlɪˈvɛtiz/
olivia	/oʊˈlɪviə/
olivia's	/oʊˈlɪviəz/
olivier	/ˌoʊˈlɪˌviˌeɪ/
olivieri	/oʊliˈvɪɹi/
olivine	/ˈɑləˌvin/
olivo	/ɔˈlivoʊ/
oliwa	/oʊˈliwə/
olk	/ˈoʊk/
olkowski	/oʊlˈkɔfski/
olkowski's	/oʊlˈkɔfskiz/
ollar	/ˈɑlɚ/
oller	/ˈɑlɚ/
olley	/ˈɑli/
ollie	/ˈɑli/
ollie's	/ˈɑliz/
olliff	/ˈɑlɪf/
ollila	/ˈɑlɪlə/
ollinger	/ˈɑlɪŋɚ/
ollinger's	/ˈɑlɪŋɚz/
ollis	/ˈɔliz/
ollison	/ˈɑlɪsən/
ollison's	/ˈɑlɪsənz/
olly	/ˈɑli/
olmeda	/oʊlˈmeɪdə/
olmedo	/oʊlˈmeɪdoʊ/
olmert	/oʊlmɚt/
olmo	/ˈoʊlmoʊ/
olmos	/ˈoʊlmoʊz/
olmstead	/ˈoʊlmˌstɛd/
olmstead's	/ˈoʊlmˌstɛdz/
olney	/ˈoʊlni/
olof	/ˈoʊlɔf/
olof's	/ˈoʊlɔfs/
olofson	/ˈɑləfsən/
olofson's	/ˈɑləfsənz/
olokuei	/ˌoʊloʊˈkui/
olokuei's	/ˌoʊloʊˈkuiz/
oloughlin	/oʊˈlaʊklɪn/
olovo	/əˈlɔvoʊ/
olsdat	/ˈoʊlzdæt/
olsen	/ˈoʊlsən/
olsen's	/ˈoʊlsənz/
olshan	/ˈoʊlʃən/
olshansky	/ˈoʊlʃənski/
olshansky's	/ˈoʊlʃənskiz/
olshefski	/oʊlˈʃɛfski/
olshefski's	/oʊlˈʃɛfskiz/
olsher	/ˈoʊlʃɚ/
olson	/ˈoʊlsən/
olson's	/ˈoʊlsənz/
olsson	/ˈoʊlsən/
olstad	/ˈoʊlstəd/
olsten	/ˈoʊlstən/
olszewski	/oʊlˈʃɛfski/
olt	/ˈoʊlt/
olthoff	/ˈoʊltˌhɔf/
oltman	/ˈoʊltmən/
oltmann	/ˈoʊltmən/
oltmanns	/ˈoʊltmənz/
olund	/ˈɑlənd/
olva	/ˈoʊlvə/
olver	/ˈoʊlvɚ/
olvera	/oʊlˈvɛɹə/
olvey	/ˈoʊlvi/
olympia	/oʊˈlɪmpiə/
olympia's	/oʊˈlɪmpiəz/
olympiad	/oʊˈlɪmpiˌæd/
olympiads	/oʊˈlɪmpiˌæd/
olympian	/oʊˈlɪmpiən/
olympians	/oʊˈlɪmpiənz/
olympias	/oʊˈlɪmpiəs/
olympic	/oʊˈlɪmpɪk/
olympic's	/oʊˈlɪmpɪks/
olympics	/oʊˈlɪmpɪks/
olympics'	/oʊˈlɪmpɪks/
olympus	/oʊˈlɪmpəs/
olympus'	/oʊˈlɪmpəs/
om	/ˈɔm/
oma	/ˈoʊmə/
omaar	/ˈoʊmɑɹ/
omaha	/ˈoʊməˌhɑ/
omaha's	/ˈoʊməˌhɑz/
omahoney	/oʊməˈhoʊni/
omahony	/oʊməˈhoʊni/
omalley	/oʊˈmæli/
oman	/oʊˈmɑn/
omani	/oʊˈmɑni/
omans	/oʊˈmɑnz/
omar	/ˈoʊmɑɹ/
omara	/oʊˈmɑɹə/
omarska	/oʊˈmɑɹskə/
omary	/əˈmɛɹi/
ombudsman	/ˈɑmbədzmən/
omdahl	/ˈɑmˌdɑl/
omead	/oʊˈmid/
omeara	/oʊˈmiɹə/
omega	/oʊˈmɛɡə/
omelet	/ˈɑmlət/
omelets	/ˈɑmləts/
omelia	/oʊˈmɛliə/
omen	/ˈoʊmən/
omens	/ˈoʊmənz/
omer	/ˈoʊmɚ/
ominous	/ˈɑmənəs/
ominously	/ˈɑmənəsli/
omission	/oʊˈmɪʃən/
omissions	/oʊˈmɪʃənz/
omit	/oʊˈmɪt/
omits	/oʊˈmɪts/
omitted	/oʊˈmɪtəd/
omitting	/oʊˈmɪtɪŋ/
omlor	/ˈɑmlɚ/
ommen	/ˈɑmən/
omni	/ˈɑmni/
omnibank	/ˈɑmnɪˌbæŋk/
omnibook	/ˈɑmnɪˌbʊk/
omnibus	/ˈɑmnəbəs/
omnibuses	/ˈɑmnəbəsəz/
omnicare	/ˈɑmnɪˌkɛɹ/
omnicom	/ˈɑmnɪkɑm/
omnicom's	/ˈɑmnɪkɑmz/
omnipotence	/ɑmˈnɪpətəns/
omnipotent	/ɑmˈnɪpətənt/
omnipresence	/ˌɑmnəˈpɹɛzəns/
omnipresent	/ˌɑmnɪˈpɹɛzənt/
omniscient	/ɑmˈnɪʃənt/
omnivorous	/ɑmˈnɪvɚəs/
omohundro	/oʊmoʊˈhundɹoʊ/
omonia	/əˈmoʊniə/
omori	/oʊˈmɔɹi/
omron	/ˈɑmɹən/
on	/ˈɑn/
on-line	/ˈɔnˌlaɪn/
on-screen	/ˈɑnˌskɹin/
ona	/əˈnɑ/
onagers	/ˈɑnədʒɚz/
onan	/ˈoʊnən/
onassis	/oʊˈnæsɪs/
onassis'	/oʊˈnæsɪs/
onassis's	/oʊˈnæsɪsɪs/
onate	/ˈoʊneɪt/
onawa	/oʊˈnɑwə/
onboard	/ˈɑnˌbɔɹd/
oncale	/oʊnˈkɑli/
once	/ˈwʌns/
oncogen	/ˈɑŋkoʊdʒən/
oncogene	/ˈɑŋkoʊˌdʒin/
oncogenes	/ɑŋˈkɑˌdʒɛnis/
oncologist	/ɑŋˈkɑlədʒɪst/
oncologists	/ɑŋˈkɑlədʒɪsts/
oncology	/ɑŋˈkɑlədʒi/
oncoming	/ˈɔnˌkʌmɪŋ/
oncor	/ˈɑnˌkɔɹ/
ondaatje	/ɑnˈdɑtjə/
onder	/ˈɑndɚ/
onderdonk	/ˈɑndɚdəŋk/
ondo	/ˈɔndoʊ/
ondracek	/ˈɑndɹəsɛk/
one	/ˈwʌn/
one-eyed	/ˌwʌˈnaɪd/
one-legged	/ˌwʌnˈlɛɡəd/
one-man	/ˈwʌnˈmæn/
one-night	/ˈwʌnˌnaɪt/
one-off	/ˌwʌˈnɔf/
one-on-one	/ˈwʌnəˈnɑn/
one-sided	/ˌwʌnˈsaɪdəd/
one-third	/ˌwʌnˈθɝd/
one-time	/ˈwʌnˈtaɪm/
one-up-manship	/ˌwʌˈnʌpmænˌʃɪp/
one-upmanship	/ˌwʌˈnʌpmənˌʃɪp/
one-way	/ˈwʌnˈweɪ/
one-year	/ˈwʌnˌjɪɹ/
one's	/ˈwʌnz/
oneal	/oʊˈnil/
oneall	/ˈɑnəl/
onecomm	/ˈwʌnˌkɑm/
oneida	/oʊˈnaɪdə/
oneil	/oʊˈnil/
oneill	/oʊˈnil/
oneness	/ˈwʌnnəs/
oneok	/ˈoʊniɑk/
onerous	/ˈoʊnɚəs/
ones	/ˈwʌnz/
ones'	/ˈwʌnz/
oneself	/ˌwʌnˈsɛlf/
onetime	/ˈwʌnˈtaɪm/
onex	/ˈwʌˈnɛks/
onex's	/ˈwʌˈnɛksɪz/
oney	/ˈoʊni/
oneyear	/ˈwʌnˈjɪɹ/
ong	/ˈɔŋ/
ongoing	/ˈɑnˌɡoʊɪŋ/
ongpin	/ˈɔŋpɪn/
onion	/ˈʌnjən/
onions	/ˈʌnjənz/
onishi	/oʊˈniʃi/
onken	/ˈɑŋkən/
onley	/ˈɑnli/
online	/ˈɔnˌlaɪn/
online's	/ˈɔnˌlaɪnz/
onlooker	/ˈɔnˌlʊkɚ/
onlookers	/ˈɔnˌlʊkɚz/
only	/ˈoʊnli/
onnen	/ˈɑnən/
onni	/ˈɑni/
onno	/ˈɑnoʊ/
ono	/ˈoʊnoʊ/
onoda	/oʊˈnoʊdə/
onofre	/oʊˈnɔfɹi/
onofrio	/oʊˈnoʊfɹioʊ/
onomastic	/ˌɑnəˈmæstɪk/
onomastics	/ˌɑnəˈmæstɪks/
onomatopeia	/ˌɑnəmætəˈpiə/
onondaga	/ˌɑnənˈdɔɡə/
onorato	/oʊnɔˈɹɑtoʊ/
onrushing	/ˈɑnˌɹʌʃɪŋ/
ons	/ˈɑnz/
onscreen	/ˌɑnˈskɹin/
onset	/ˈɑnˌsɛt/
onshore	/ˈɑnˌʃɔɹ/
onsite	/ˈɑnˈsaɪt/
onslaught	/ˈɔnˌslɔt/
onslow	/ˈɑnsloʊ/
onstad	/ˈɑnstəd/
onstage	/ˌɑnˈsteɪdʒ/
onstott	/ˈɑnstət/
ontario	/ɑnˈtɛɹioʊ/
ontario's	/ɑnˈtɛɹioʊz/
ontiveros	/oʊntiˈvɛɹoʊz/
ontko	/ˈɑntkoʊ/
onto	/ˈɑntu/
ontogeny	/ɑnˈtɑdʒəni/
ontological	/ˌɑntəˈlɑdʒɪkəl/
ontology	/ɑnˈtɑlədʒi/
onus	/ˈoʊnəs/
onward	/ˈɔnwɚd/
onwards	/ˈɑnwɚdz/
onyx	/ˈɑnɪks/
oodle	/ˈudəl/
oodles	/ˈudəlz/
ooh	/ˈu/
oohs	/ˈuz/
ooley	/ˈuli/
oolong	/ˈulɔŋ/
oomph	/ˈumf/
oona	/ˈunə/
oooh	/ˈu/
ooohs	/ˈuz/
oop	/ˈup/
ooph	/ˈuf/
oops	/ˈups/
ooten	/ˈutən/
ooze	/ˈuz/
oozed	/ˈuzd/
oozes	/ˈuzɪz/
oozing	/ˈuzɪŋ/
op	/ˈɑp/
op's	/ˈɑps/
opacity	/oʊˈpæsəti/
opal	/ˈoʊpəl/
opal's	/ˈoʊpəlz/
opalina	/oʊpɑˈlinə/
opaline	/ˈoʊpəˌlin/
opalines	/ˈoʊpəˌlinz/
opalka	/əˈpɑlkə/
opaque	/oʊˈpeɪk/
opax	/ˈoʊˌpæks/
opcom	/ˈɑpkɑm/
opdahl	/ˈɑpˌdɑl/
opdyke	/ˈɑpˌdaɪk/
opec	/ˈoʊˌpɛk/
opec's	/ˈoʊˌpɛks/
opel	/ˈoʊpəl/
opel's	/ˈoʊpəlz/
open	/ˈoʊpən/
open-ended	/ˈoʊpəˌnɛndəd/
open-source	/ˈoʊpənˌsɔɹs/
opened	/ˈoʊpənd/
opener	/ˈoʊpənɚ/
openers	/ˈoʊpənɚz/
opening	/ˈoʊpənɪŋ/
openings	/ˈoʊpənɪŋz/
openly	/ˈoʊpənli/
openness	/ˈoʊpənnəs/
opens	/ˈoʊpənz/
openshaw	/ˈoʊpənˌʃɔ/
openwork	/ˈoʊpənˌwɝk/
opera	/ˈɑpɹə/
opera's	/ˈɑpɹəz/
operable	/ˈɑpɚəbəl/
operan	/ˈɑpɚən/
operandi	/ˌɑpɚˈændi/
operant	/ˈɑpɚənt/
operas	/ˈɑpɹəz/
operate	/ˈɑpɚˌeɪt/
operated	/ˈɑpɚˌeɪtəd/
operates	/ˈɑpɚˌeɪts/
operatic	/ˌɑpɚˈætɪk/
operating	/ˈɑpɚˌeɪtɪŋ/
operation	/ˌɑpɚˈeɪʃən/
operation's	/ˌɑpɚˈeɪʃənz/
operational	/ˌɑpɚˈeɪʃənəl/
operationally	/ˈɑpɚˈeɪʃənəli/
operations	/ˌɑpɚˈeɪʃənz/
operations'	/ˌɑpɚˈeɪʃənz/
operative	/ˈɑpɚətɪv/
operatives	/ˈɑpɚətɪvz/
operator	/ˈɑpɚˌeɪtɚ/
operator's	/ˈɑpɚˌeɪtɚz/
operators	/ˈɑpɚˌeɪtɚz/
operators'	/ˈɔpɚˌeɪtɚz/
opere	/oʊˈpɛɹ/
operetta	/ˌɑpɚˈɛtə/
operettas	/ˌɑpɚˈɛtəz/
opfer	/ˈɑpfɚ/
opheim	/ˈɑpˌhaɪm/
ophelia	/əˈfiljə/
ophthalmic	/ɑfˈθælmɪk/
ophthalmologist	/ˌɑpθəˈmɑlədʒɪst/
ophthalmologists	/ˌɑpθəˈmɑlədʒɪsts/
ophthalmology	/ˌɑpθəˈmɑlədʒi/
ophthalmoscope	/ɑfˈθælməˌskoʊp/
ophuls	/ˈoʊfəlz/
opiate	/ˈoʊˌpiət/
opiates	/ˈoʊˌpiəts/
opic	/ˈɑpɪk/
opic's	/ˈɑpɪks/
opie	/ˈoʊˌpi/
opiela	/ˌoʊˈpilə/
opine	/oʊˈpaɪn/
opined	/oʊˈpaɪnd/
opines	/oʊˈpaɪnz/
opining	/oʊˈpaɪnɪŋ/
opinion	/əˈpɪnjən/
opinionate	/əˈpɪnjəˌneɪt/
opinionated	/əˈpɪnjəˌneɪtɪd/
opinions	/əˈpɪnjənz/
opitz	/ˈɑpɪts/
opium	/ˈoʊpiəm/
opland	/ˈɑplənd/
ople	/ˈoʊpəl/
oplinger	/ˈoʊpəlɪŋɚ/
opossum	/oʊˈpɑsəm/
opp	/ˈɑp/
oppedisano	/oʊpɛdiˈsɑnoʊ/
oppel	/ˈɑpəl/
oppelt	/ˈɑpɪlt/
oppenheim	/ˈɑpɪnˌhaɪm/
oppenheimer	/ˈɑpənˌhaɪmɚ/
oppenheimer's	/ˈɑpənˌhaɪmɚz/
oppenheimers	/ˈɑpənˌhaɪmɚz/
oppens	/ˈɑpənz/
opper	/ˈɑpɚ/
opperman	/ˈɑpɚmən/
oppermann	/ˈɑpɚmən/
oppler	/ˈɔplɚ/
oppliger	/ˈɑplɪɡɚ/
opponent	/əˈpoʊnənt/
opponent's	/əˈpoʊnənts/
opponents	/əˈpoʊnənts/
opponents'	/əˈpoʊnənts/
opportune	/ˌɑpɚˈtun/
opportunism	/ˌɑpɚˈtuˌnɪzəm/
opportunist	/ˌɑpɚˈtunɪst/
opportunistic	/ˌɑpɚˌtuˈnɪstɪk/
opportunists	/ˌɑpɚˈtunɪsts/
opportunities	/ˌɑpɚˈtunətiz/
opportunity	/ˌɑpɚˈtunəti/
oppose	/əˈpoʊz/
opposed	/əˈpoʊzd/
opposes	/əˈpoʊzɪz/
opposing	/əˈpoʊzɪŋ/
opposite	/ˈɑpəzət/
opposites	/ˈɑpəzəts/
opposition	/ˌɑpəˈzɪʃən/
opposition's	/ˌɑpəˈzɪʃənz/
oppositions	/ˌɑpəˈzɪʃənz/
oppress	/əˈpɹɛs/
oppressed	/əˈpɹɛst/
oppresses	/əˈpɹɛsɪz/
oppressing	/əˈpɹɛsɪŋ/
oppression	/əˈpɹɛʃən/
oppressions	/əˈpɹɛʃənz/
oppressive	/əˈpɹɛsɪv/
oppressor	/əˈpɹɛsɚ/
oppressors	/əˈpɹɛsɚz/
opprobrium	/əˈpɹoʊbɹiəm/
oprah	/ˈoʊpɹə/
oprah's	/ˈoʊpɹəz/
opry	/ˈɑpɹi/
opryland	/ˈɑpɹilənd/
ops	/ˈɑps/
opsahl	/ˈɑpsɑl/
opsal	/ˈɑpsəl/
opt	/ˈɑpt/
optation	/ˈɑpˈteɪʃən/
opted	/ˈɑptɪd/
optek	/ˈɑpˌtɛk/
opthalmologist	/ˌɑfθəlˈmɑlədʒɪst/
opthalmology	/ˌɑfθəlˈmɔlədʒi/
optic	/ˈɑptɪk/
optica	/ˈɑptɪkə/
optical	/ˈɑptɪkəl/
optical's	/ˈɑptɪkəlz/
optically	/ˈɑptɪkli/
optician	/ɑpˈtɪʃən/
opticians	/ɑpˈtɪʃənz/
optics	/ˈɑptɪks/
optima	/ˈɑptəmə/
optimal	/ˈɑptəməl/
optimism	/ˈɑptəˌmɪzəm/
optimist	/ˈɑptəmɪst/
optimistic	/ˌɑptəˈmɪstɪk/
optimistically	/ˌɑptɪˈmɪstɪkəli/
optimists	/ˈɑptəmɪsts/
optimization	/ɑptəməˈzeɪʃən/
optimize	/ˈɑptəˌmaɪz/
optimized	/ˈɑptəˌmaɪzd/
optimizing	/ˈɑptəˌmaɪzɪŋ/
optimum	/ˈɑptəməm/
optimus	/ˈɑptɪməs/
opting	/ˈɑptɪŋ/
option	/ˈɑpʃən/
option's	/ˈɑpʃənz/
optional	/ˈɑpʃənəl/
optioned	/ˈɑpʃənd/
optioning	/ˈɑpʃənɪŋ/
options	/ˈɑpʃənz/
options'	/ˈɑpʃənz/
opto	/ˈɑptoʊ/
optometric	/ˌɑptoʊˈmɛtɹɪk/
optometrist	/ɑpˈtɑmətɹɪst/
optometrists	/ɑpˈtɑmətɹɪsts/
optometry	/ɑpˈtɑmətɹi/
opts	/ˈɑpts/
optus	/ˈɑptəs/
opulence	/ˈɑpjələns/
opulent	/ˈɑpjələnt/
opus	/ˈoʊpəs/
oquendo	/oʊˈkwɛndoʊ/
oquin	/oʊˈkwin/
oquinn	/oʊˈkwin/
or	/ˈɔɹ/
ora	/ˈɔɹə/
orabel	/ɔɹɑˈbɛl/
orabelle	/ˈɔɹəbəl/
oracle	/ˈɔɹəkəl/
oracle's	/ˈɔɹəkəlz/
oracles	/ˈɔɹəkəlz/
oradour	/ˈɔɹəˌdɔɹ/
oraflex	/ˈɔɹəˌflɛks/
orahood	/ˈɔɹəˌhʊd/
oral	/ˈɔɹəl/
oralia	/ɔˈɹɑliə/
oralie	/ˈɔɹəli/
orally	/ˈɔɹəli/
oram	/ˈɔɹəm/
oran	/ɔˈɹɑn/
orand	/ˈɔɹənd/
orange	/ˈɔɹəndʒ/
orange-green	/ˈɔɹəndʒˌɡɹin/
orangeburg	/ˈɔɹəndʒbɚɡ/
oranges	/ˈɔɹəndʒəz/
orangina	/ɔɹænˈdʒinɚ/
orangutan	/ɔˈɹæŋətæn/
orangutan's	/ɔˈɹæŋətænz/
orangutans	/ɔˈɹæŋətænz/
orasure	/ˈɔˌɹʌˌʃʊɹ/
oration	/ɔˈɹeɪʃən/
orations	/ɔˈɹeɪʃənz/
orator	/ˈɔɹətɚ/
oratorical	/ˌɔɹəˈtɔɹəkəl/
oratorio	/ˌɑɹəˈtɔɹioʊ/
orators	/ˈɔɹətɚz/
oratory	/ˈɔɹəˌtɔɹi/
oravec	/ɔˈɹɑvɪk/
oravetz	/ˈɔɹəvɪts/
orb	/ˈɔɹb/
orbach	/ˈɔɹbɑk/
orban	/ˈɔɹbən/
orbanco	/ɔɹˈbæŋkoʊ/
orben	/ˈɔɹbən/
orbin	/ˈɔɹbɪn/
orbis	/ˈɔɹbɪs/
orbit	/ˈɔɹbət/
orbital	/ˈɔɹbətəl/
orbitals	/ˈɔɹbətəls/
orbited	/ˈɔɹbətəd/
orbiter	/ˈɔɹbətɚ/
orbiters	/ˈɔɹbətɚz/
orbiting	/ˈɔɹbətɪŋ/
orbits	/ˈɔɹbəts/
orca	/ˈɔɹkə/
orcas	/ˈɔɹkəs/
orchard	/ˈɔɹtʃɚd/
orchards	/ˈɔɹtʃɚdz/
orchestra	/ˈɔɹkəstɹə/
orchestra's	/ˈɔɹkəstɹəz/
orchestral	/ɔɹˈkɛstɹəl/
orchestrally	/ɔɹˈkɛstɹəli/
orchestras	/ˈɔɹkəstɹəz/
orchestrate	/ˈɔɹkɪˌstɹeɪt/
orchestrated	/ˈɔɹkɪˌstɹeɪtɪd/
orchestrates	/ˈɔɹkəˌstɹeɪts/
orchestrating	/ˈɔɹkɪˌstɹeɪtɪŋ/
orchestration	/ˌɔɹkəˈstɹeɪʃən/
orchestrations	/ˌɔɹkəˈstɹeɪʃənz/
orchid	/ˈɔɹkəd/
orchids	/ˈɔɹkədz/
orct	/ˈɔɹkt/
orcutt	/ˈɔɹkət/
ord	/ˈɔɹd/
ordain	/ɔɹˈdeɪn/
ordained	/ɔɹˈdeɪnd/
ordaining	/ɔɹˈdeɪnɪŋ/
ordaz	/ˈɔɹdɑz/
ordeal	/ɔɹˈdil/
ordeals	/ɔɹˈdilz/
ordella	/ˌɔɹˈdɛlə/
order	/ˈɔɹdɚ/
order's	/ˈɔɹdɚz/
ordered	/ˈɔɹdɚd/
ordering	/ˈɔɹdɚɪŋ/
orderliness	/ˈɔɹdɚlinəs/
orderly	/ˈɔɹdɚli/
orders	/ˈɔɹdɚz/
ordinance	/ˈɔɹdənəns/
ordinances	/ˈɔɹdənənsɪz/
ordinaries	/ˈɔɹdəˌnɛɹiz/
ordinarily	/ˌɔɹdəˈnɛɹəli/
ordinary	/ˈɔɹdəˌnɛɹi/
ordination	/ˌɔɹdəˈneɪʃən/
ordiway	/ˈɔɹdiweɪ/
ordnance	/ˈɔɹdnəns/
ordnance's	/ˈɔɹdnənsɪz/
ordonez	/ɔɹˈdoʊnɛz/
ordoyne	/ˈɔɹdɔɪn/
ordway	/ˈɔɹdweɪ/
ore	/ˈɔɹ/
orea	/ɚˈiə/
orear	/ɚˈɪɹ/
orebaugh	/ɔˈɹɛbɔ/
oreffice	/ɔˈɹɛfɪs/
orefice	/ɔˈɹɛfaɪs/
oregan	/ɔˈɹɛɡən/
oregano	/ˌɔˈɹɛɡəˌnoʊ/
oregon	/ˈɔɹəɡən/
oregon's	/ˈɔɹəɡənz/
oregonian	/ˌɔɹəˈɡoʊniən/
oregonians	/ˌɔɹəˈɡoʊniənz/
oreilly	/ˈɔɹəli/
orel	/ˈɔɹəl/
orela	/ɔˈɹɛlə/
orelia	/ɔˈɹɛliə/
orellana	/ɔɹɛˈlænə/
orelon	/ˈɔɹəlɑn/
orem	/ˈɔɹɪm/
oren	/ˈɔɹən/
orenda	/ɔˈɹɛndə/
orendorff	/ˈɔɹɪndɔɹf/
orens	/ˈɔɹənz/
orenstein	/ˈɔɹənstaɪn/
orenthal	/ˈɔɹənˌθɑl/
oreo	/ˈɔɹioʊ/
ores	/ˈɔɹz/
oreskovich	/ɔˈɹɛskəvɪtʃ/
orestes	/ɔˈɹɛstiz/
orf	/ˈɔɹf/
orfield	/ˈɔɹfild/
orford	/ˈɔɹfɚd/
org	/ˈɔɹɡ/
organ	/ˈɔɹɡən/
organelles	/ˌɔɹɡəˈnɛlz/
organic	/ɔɹˈɡænɪk/
organically	/ɔɹˈɡænɪkli/
organics	/ɔɹˈɡænɪks/
organisation	/ˌɔɹɡənɪˈzeɪʃən/
organisations	/ˌɔɹɡənɪˈzeɪʃənz/
organism	/ˈɔɹɡəˌnɪzəm/
organism's	/ˈɔɹɡəˌnɪzəmz/
organismic	/ˌɔɹɡəˈnɪzmɪk/
organisms	/ˈɔɹɡəˌnɪzəmz/
organist	/ˈɔɹɡənəst/
organization	/ˌɔɹɡənəˈzeɪʃən/
organization's	/ˌɔɹɡənɪˈzeɪʃənz/
organizational	/ˌɔɹɡənəˈzeɪʃənəl/
organizations	/ˌɔɹɡənəˈzeɪʃənz/
organize	/ˈɔɹɡəˌnaɪz/
organized	/ˈɔɹɡəˌnaɪzd/
organizer	/ˈɔɹɡəˌnaɪzɚ/
organizers	/ˈɔɹɡəˌnaɪzɚz/
organizes	/ˈɔɹɡəˌnaɪzɪz/
organizing	/ˈɔɹɡəˌnaɪzɪŋ/
organogenesis	/ˌɔɹɡənoʊˈdʒɛnəsɪs/
organs	/ˈɔɹɡənz/
organum	/ˈɔɹɡənəm/
orgasm	/ˈɔɹɡæzəm/
orgasms	/ˈɔɹɡæzəmz/
orgel	/ˈɔɹɡəl/
orgeron	/ˈɔɹɡɚən/
orgies	/ˈɔɹdʒiz/
orgill	/ˈɔɹdʒəl/
orgotein	/ˈɔɹɡoʊˌtaɪn/
orgy	/ˈɔɹdʒi/
ori	/ˈɔɹi/
oriana	/ɔɹiˈænə/
orick	/ˈɔɹɪk/
orielda	/ɔˈɹildə/
orielle	/ˈɔɹiɛl/
orient	/ˈɔɹiˌɛnt/
oriental	/ˌɔɹiˈɛntəl/
orientals	/ˌɔɹiˈɛntəlz/
orientated	/ˈɔɹiənˌteɪtɪd/
orientation	/ˌɔɹiɛnˈteɪʃən/
orientations	/ˌɔɹiɛnˈteɪʃənz/
oriented	/ˈɔɹiˌɛntəd/
orifice	/ˈɔɹəfəs/
orifices	/ˈɔɹəfəsəz/
origami	/ˌɔɹiˈɡɑˌmi/
origin	/ˈɔɹədʒən/
original	/ɚˈɪdʒənəl/
originality	/ɚˌɪdʒəˈnælɪti/
originally	/ɚˈɪdʒənəli/
originals	/ɚˈɪdʒənəlz/
originate	/ɚˈɪdʒəˌneɪt/
originated	/ɚˈɪdʒəˌneɪtəd/
originates	/ɚˈɪdʒəˌneɪts/
originating	/ɚˈɪdʒəˌneɪtɪŋ/
origination	/ɚˌɪdʒəˈneɪʃən/
originations	/ɚˌɪdʒəˈneɪʃənz/
originator	/ɚˈɪdʒəˌneɪtɚ/
originators	/ɚˈɪdʒəˌneɪtɚz/
origins	/ˈɔɹədʒɪnz/
oriley	/oʊˈɹaɪli/
orilla	/ɔˈɹɪlə/
orin	/ˈɔɹɪn/
orinda	/ɚˈɪndə/
orinoco	/ˌɔɹəˈnoʊkoʊ/
oriola	/ɔɹiˈoʊlə/
oriole	/ˈɔɹiˌoʊl/
orioles	/ˈɔɹiˌoʊlz/
orioles'	/ˈɔɹiˌoʊlz/
orion	/oʊˈɹaɪən/
orion's	/oʊˈɹaɪənz/
oriordan	/oʊˈɹɪɹdən/
oritz	/ˈɔɹɪts/
orix	/ˈɔɹɪks/
orkem	/ˈɔɹkəm/
orkin	/ˈɔɹkɪn/
orkney	/ˈɔɹkni/
orks	/ˈɔɹks/
orkut	/ˈɔɹkət/
orky	/ˈɔɹki/
orla	/ˈɔɹlə/
orlan	/ˈɔɹlən/
orland	/ˈɔɹlənd/
orlanda	/ɔɹˈlɑnˌdɑ/
orlandi	/ɔɹˈlɑnˌdi/
orlando	/ɔɹˈlænˌdoʊ/
orlando's	/ɔɹˈlænˌdoʊz/
orlean	/ˈɔɹˌliən/
orlean's	/ˈɔɹˌliənz/
orleanian	/ˌɔɹliˈʌniən/
orleanians	/ˌɔɹliˈʌniənz/
orleans	/ˈɔɹliənz/
orleans'	/ˈɔɹliənz/
orlena	/ˈɔɹlɪnə/
orlene	/ˈɔɹˌlin/
orlich	/ˈɔɹlɪk/
orlick	/ˈɔɹlɪk/
orloff	/ˈɔɹlɔf/
orloff's	/ˈɔɹlɔfs/
orloski	/ɔɹˈlaʊˌski/
orloski's	/ɔɹˈlaʊskiz/
orlosky	/ɔɹˈloʊski/
orlosky's	/ɔɹˈloʊskiz/
orlov	/ˈɔɹlɔv/
orlov's	/ˈɔɹlɔvs/
orlowski	/ɔɹˈlɔfski/
orlowski's	/ɔɹˈlɔfskiz/
orly	/ˈɔɹli/
orman	/ˈɔɹmən/
ormand	/ˈɔɹmənd/
ormand's	/ˈɔɹməndz/
orme	/ˈɔɹm/
ormerod	/ˈɔɹmɚəd/
ormes	/ˈɔɹmz/
ormiston	/ˈɔɹmɪstɑn/
ormiston's	/ˈɔɹmɪstɑnz/
ormond	/ˈɔɹmənd/
ormond's	/ˈɔɹməndz/
ormonde	/ˈɔɹmənd/
ormsbee	/ˈɔɹmzbi/
ormsby	/ˈɔɹmzbi/
ormsby's	/ˈɔɹmzbiz/
orn	/ˈɔɹn/
orna	/ˈɔɹnə/
ornament	/ˈɔɹnəmənt/
ornamental	/ˌɔɹnəˈmɛntəl/
ornamentally	/ˌɔɹnəˈmɛntəli/
ornamentation	/ˌɔɹnəmɛnˈteɪʃən/
ornamented	/ˈɔɹnəˌmɛntɪd/
ornaments	/ˈɔɹnəmənts/
ornate	/ɔɹˈneɪt/
ornately	/ɔɹˈneɪtli/
ornda	/ˈɔɹndə/
orndoff	/ˈɔɹndɔf/
orndorff	/ˈɔɹndɔɹf/
orne	/ˈɔɹn/
ornelas	/ˈɔɹnɪləz/
ornella	/ɔɹˈnɛlə/
ornella's	/ɔɹˈnɛləz/
ornellas	/ɔɹˈnɛləz/
orner	/ˈɔɹnɚ/
ornery	/ˈɔɹnɚi/
ornette	/ˌɔɹˈnɛt/
ornish	/ˈɔɹnɪʃ/
ornithological	/ˌɔɹnɪθəˈlɔdʒɪkəl/
ornithology	/ˌɔɹnɪˈθɑlədʒi/
ornoff	/ˈɔɹnɑf/
ornstein	/ˈɔɹnstaɪn/
oro	/ˈɔɹoʊ/
oroark	/oʊˈɹɔɹk/
orogenic	/ˌɔɹəˈdʒɛnɪk/
orogil	/ˈɔɹoʊˌɡɪl/
orographic	/ˌɔɹəˈɡɹæfɪk/
orona	/ɔˈɹoʊnə/
oropeza	/ɔɹoʊˈpɛzə/
oros	/ˈɔɹoʊz/
orosco	/ɔˈɹoʊskoʊ/
orosz	/ˈɔɹəʃ/
orourke	/ɚˈʊɹk/
orozco	/ɔˈɹoʊzkoʊ/
orpah	/ˈɔɹpɑ/
orphan	/ˈɔɹfən/
orphanage	/ˈɔɹfənədʒ/
orphanages	/ˈɔɹfənɪdʒɪz/
orphaned	/ˈɔɹfənd/
orphaning	/ˈɔɹfənɪŋ/
orphans	/ˈɔɹfənz/
orphee	/ˈɔɹfi/
orpheum	/ˈɔɹfium/
orpheus	/ˈɔɹfiəs/
orphic	/ˈɔɹfɪk/
orpiment	/ˈɔɹpəmənt/
orr	/ˈɔɹ/
orran	/ɔˈɹɑn/
orrell	/ɔˈɹeɪl/
orren	/ˈɔɹən/
orrery	/ˈɔɹɚi/
orrick	/ˈɔɹɪk/
orrico	/ɔˈɹikoʊ/
orrin	/ˈɔɹɪn/
orris	/ˈɔɹɪs/
orrison	/ˈɔɹɪsən/
orsa	/ˈɔɹsə/
orsak	/ˈɔɹsək/
orsay	/ɔɹˈseɪ/
orsborn	/ˈɔɹsbɚn/
orsburn	/ˈɔɹsbɚn/
orser	/ˈɔɹsɚ/
orsi	/ˈɔɹsi/
orsini	/ɔɹˈsini/
orsino	/ɔɹˈsinoʊ/
orso	/ˈɔɹsoʊ/
orsola	/ɔɹˈsoʊlə/
orson	/ˈɔɹsən/
ort	/ˈɔɹt/
orta	/ˈɔɹtə/
ortega	/ɔɹˈteɪɡə/
ortega's	/ɔɹˈteɪɡəz/
ortegas	/ɔɹˈteɪɡəs/
ortego	/ɔɹˈteɪɡoʊ/
ortegon	/ɔɹteɪˈɡɔn/
orten	/ˈɔɹtən/
ortenzio	/ɔɹˈtɛnzioʊ/
ortez	/ɔɹˈtɛz/
orth	/ˈɔɹθ/
ortho	/ˈɔɹˌθoʊ/
orthoclase	/ˈɔɹθəˌkleɪs/
orthodontia	/ˌɔɹθəˈdɑntʃiə/
orthodontic	/ˌɔɹθəˈdɑntɪk/
orthodontics	/ˌɔɹθəˈdɑntɪks/
orthodontist	/ˌɔɹθəˈdɑntəst/
orthodontist's	/ˌɔɹθəˈdɑntəsts/
orthodontists	/ˌɔɹθəˈdɑntəsts/
orthodox	/ˈɔɹθəˌdɑks/
orthodoxy	/ˈɔɹθəˌdɑksi/
orthogonal	/ɔɹˈθɔɡənəl/
orthography	/ɔɹˈθɑɡɹəfi/
orthopedic	/ˌɔɹθəˈpidɪk/
orthopedist	/ˌɔɹθəˈpidəst/
orthopedists	/ˌɔɹθəˈpidəsts/
ortis	/ˈɔɹtɪs/
ortiz	/ˌɔɹˈtiz/
ortlieb	/ˈɔɹtˌlib/
ortloff	/ˈɔɹtlɔf/
ortman	/ˈɔɹtmən/
ortmann	/ˈɔɹtmən/
ortner	/ˈɔɹtnɚ/
ortolano	/ɔɹtoʊˈlɑnoʊ/
ortomisio	/ˌɔɹtəˈmɪsioʊ/
orton	/ˈɔɹtən/
ortwein	/ˈɔɹtwaɪn/
ortwin	/ˈɔɹtwɪn/
orum	/ˈɔɹəm/
orva	/ˈɔɹvə/
orval	/ˈɔɹvəl/
orville	/ˈɔɹvɪl/
orvin	/ˈɔɹvɪn/
orvis	/ˈɔɹvɪs/
orwell	/ˈɔɹˌwɛl/
orwell's	/ˈɔɹˌwɛlz/
orwellian	/ˌɔɹˈwɛliən/
orwick	/ˈɔɹwɪk/
orwig	/ˈɔɹwɪɡ/
ory	/ˈɔɹi/
oryx	/ˈɔɹɪks/
orzech	/ˈɔɹzɪh/
orzechowski	/ɔɹzɪˈhɔfski/
orzel	/ˈɔɹzəl/
os	/ˈɑs/
osage	/oʊˈseɪdʒ/
osages	/oʊˈseɪdʒəz/
osaka	/oʊˈsɑkə/
osake	/oʊˈsɑki/
osaki	/oʊˈsɑki/
osakowa	/ˌoʊsəˈkoʊə/
osakowa's	/ˌoʊsəˈkoʊəz/
osama	/oʊˈsɑmə/
osamu	/oʊˈsɑmu/
osberg	/ˈɑsbɚɡ/
osbert	/ˈɑsbɚt/
osbon	/ˈɑsbən/
osborn	/ˈɔzˌbɔɹn/
osborne	/ˈɔzˌbɔɹn/
osborne's	/ˈɔzˌbɔɹnz/
osbourn	/ˈɑsbɚn/
osbourne	/ˈɑsbɚn/
osbournes	/ˈɑsbɚnz/
osbun	/ˈɑsbən/
osburn	/ˈɑsˌbɝn/
osby	/ˈɑsbi/
oscalus	/ˈɔskələs/
oscar	/ˈɔskɚ/
oscar's	/ˈɔskɚz/
oscars	/ˈɔskɚz/
oscarson	/ˈɑskɑɹsən/
osceola	/ˌɔskiˈoʊlə/
oscillate	/ˈɑsəˌleɪt/
oscillated	/ˈɑsəˌleɪtəd/
oscillates	/ˈɑsəˌleɪts/
oscillating	/ˈɑsəˌleɪtɪŋ/
oscillation	/ˌɑsəˈleɪʃən/
oscillations	/ˌɑsəˈleɪʃənz/
oscillator	/ˈɑsəˌleɪtɚ/
oscillators	/ˈɑsəˌleɪtɚz/
oscillatory	/ˈɑsələˌtɔɹi/
oscilloscope	/ˌɔˈsɪləˌskoʊp/
oscilloscopes	/ˌɔˈsɪləˌskoʊps/
osco	/ˈɑskoʊ/
ose	/ˈoʊz/
oseguera	/oʊseɪˈɡɛɹə/
oser	/ˈoʊsɚ/
osgood	/ˈɑsˌɡʊd/
osh	/ˈɑʃ/
osha	/ˈoʊʃə/
osha's	/ˈoʊʃəz/
oshaf	/ˈoʊʃɑf/
oshatz	/oʊˈʃæts/
oshaughnessy	/oʊˈʃɑnɪsi/
oshawa	/ˌɔˈʃɑwə/
oshea	/oʊˈʃeɪ/
oshel	/ˈɑʃəl/
oshell	/ˈoʊʃəl/
osher	/ˈɑʃɚ/
oshields	/oʊˈʃildz/
oshima	/oʊˈʃimə/
oshiro	/oʊˈʃɪɹoʊ/
oshita	/oʊˈʃitə/
oshkosh	/ˈɔʃˌkɔʃ/
oshman	/ˈɔʃmən/
oshman's	/ˈɔʃmənz/
osiecki	/əˈsitski/
osika	/əˈsaɪkə/
osinski	/əˈsɪnski/
oskar	/ˈɔskɚ/
osland	/ˈɑslənd/
osler	/ˈɑzlɚ/
osley	/ˈɑsli/
oslin	/ˈɑslɪn/
oslo	/ˈɑzloʊ/
oslund	/ˈɑslənd/
osman	/ˈɑsmən/
osmar	/ˈɑsmɚ/
osmena	/ˌɔzˈminə/
osment	/ˈɑsmənt/
osmer	/ˈɑsəmɚ/
osmium	/ˈɑzmiəm/
osmon	/ˈɑsmən/
osmond	/ˈɑsmənd/
osmonds	/ˈɔzməndz/
osmosis	/ˌɔzˈmoʊsɪs/
osmotic	/ɑzˈmɑtək/
osmun	/ˈɑzmən/
osmund	/ˈɑsmənd/
osmundson	/ˈɑzməndsən/
osorio	/oʊˈsɔɹioʊ/
osowski	/əˈsɔfski/
ospina	/oʊˈspinə/
osprey	/ˈɔspɹi/
osred	/ˈɑsɚd/
osric	/ˈɑzɹɪk/
oss	/ˈɔs/
ossa	/ˈɑsə/
ossetia	/ˌɑˈsɛʃjə/
ossetian	/ˌɑˈsɛʃjɪn/
ossetians	/ˌɑˈsɛʃjɪnz/
ossicles	/ˈɑsəkəlz/
ossification	/ˌɑsəfəˈkeɪʃən/
ossified	/ˈɑsəˌfaɪd/
ossify	/ˈɑsəˌfaɪ/
ossman	/ˈɑsmən/
osso	/ˈoʊsoʊ/
osswald	/ˈɑswəld/
ost	/ˈoʊst/
ostankino	/ˈɑstənˈkɪnoʊ/
ostberg	/ˈɑstbɚɡ/
ostby	/ˈɑstbi/
osteen	/ˈɑˌstin/
osten	/ˈɑsən/
ostendorf	/ˈɑstəndɔɹf/
ostensible	/ɑˈstɛnsəbəl/
ostensibly	/ɑˈstɛnsəbli/
ostenson	/ˈɑstɪnsən/
ostentation	/ˌɔstɛnˈteɪʃən/
ostentatious	/ˌɑstənˈteɪʃəs/
ostentatiously	/ˌɑstənˈteɪʃəsli/
osteoarthritis	/ˌɑstiˌoʊɑɹˈθɹaɪtəs/
osteopathic	/ˌɑstiəˈpæθɪk/
osteoporosis	/ˌɔstiˌɑpɚˈoʊsɪs/
oster	/ˈɑstɚ/
osterberg	/ˈɑstɚbɚɡ/
ostergaard	/ˈɑstɚɡɑɹd/
ostergard	/ˈɑstɚɡɚd/
ostergren	/ˈɑstɚɡɹɛn/
osterhaus	/ˈɑstɚhaʊs/
osterhoff	/ˈoʊstɚˌhɔf/
osterholt	/ˈɑstɚhoʊlt/
osterhoudt	/ˈɑstɚhaʊt/
osterhout	/ˈɑstɚhaʊt/
osterkamp	/ˈɑstɚkæmp/
osterling	/ˈɑstɚlɪŋ/
osterloh	/oʊˈstɛɹloʊ/
osterlund	/ˈɑstɚlənd/
osterman	/ˈɑstɚmən/
ostermann	/ˈɑstɚmən/
ostermeier	/ˈɑstɚmaɪɚ/
ostermeyer	/ˈɑˌstɝˌmaɪɚ/
ostermiller	/ˈɑstɚmɪlɚ/
osterreichische	/ˈɔstɚˌɹaɪkɪʃi/
ostertag	/ˈɑstɚtəɡ/
osthoff	/ˈɑsthɔf/
ostia	/ˈɑstiə/
ostin	/ˈɑstən/
ostinato	/ˌɑstəˈnɑˌtoʊ/
osting	/ˈɑstɪŋ/
ostling	/ˈɑsəlɪŋ/
ostlund	/ˈɑstlənd/
ostman	/ˈɑstmən/
ostpolitik	/ˌoʊstˌpoʊlɪˈtɪk/
ostracism	/ˈɔstɹəˌsɪzəm/
ostracize	/ˈɔstɹəˌsaɪz/
ostracized	/ˈɔstɹəˌsaɪzd/
ostrand	/ˈɑstɹənd/
ostrander	/ˈɑstɹəndɚ/
ostrem	/ˈɑstɹɪm/
ostrich	/ˈɔstɹɪtʃ/
ostriches	/ˈɑstɹɪtʃɪz/
ostroff	/ˈɔstɹɔf/
ostrogoth	/ˈɑstɹəˌɡɑθ/
ostrogoths	/ˈɑstɹəˌɡɑθs/
ostrom	/ˈɑstɹəm/
ostroski	/əˈstɹaʊski/
ostrosky	/əˈstɹoʊski/
ostrow	/ˈɑstɹaʊ/
ostrowski	/əˈstɹɔfski/
ostrowsky	/əˈstɹaʊski/
ostrum	/ˈɑstɹəm/
ostwald	/ˈɑstwəld/
osuch	/ˈɑsək/
osullivan	/oʊˈsʌlɪvən/
osuna	/oʊˈsunə/
oswald	/ˈɔzwɔld/
oswald's	/ˈɔzwɔldz/
oswalt	/ˈɑswəlt/
oswego	/ɑˈswiɡoʊ/
oswell	/ˈɑˌswɛl/
ot	/ˈɔt/
ota	/ˈoʊtə/
otaiba	/oʊˈteɪbə/
otani	/oʊˈtɑni/
otello	/oʊˈtɛloʊ/
oteri	/oʊˈtɛɹi/
otero	/oʊˈtɛɹoʊ/
otey	/ˈoʊti/
otha	/əˈðɑ/
othello	/əˈθɛloʊ/
other	/ˈʌðɚ/
other's	/ˈʌðɚz/
otherness	/ˈʌðɚnəs/
others	/ˈʌðɚz/
others'	/ˈʌðɚz/
otherwise	/ˈʌðɚˌwaɪz/
otherworldly	/ˈʌðɚˈwɝldli/
othilia	/oʊˈθiliə/
othman	/ˈɑθmən/
othman's	/ˈɑθmənz/
otiose	/ˈoʊtiˌoʊs/
otis	/ˈoʊtɪs/
otmar	/ˈɑtmɑɹ/
otologies	/oʊˈtɑlədʒiz/
otology	/oʊˈtɑlədʒi/
otomobil	/oʊˈtoʊmoʊbəl/
otoole	/ˈɑtul/
otremba	/oʊˈtɹɛmbə/
otsego	/ɑtˈseɪɡoʊ/
otsuka	/oʊtˈsukə/
ott	/ˈɑt/
ottaviani	/oʊtɑviˈɑni/
ottaviano	/oʊtɑviˈɑnoʊ/
ottawa	/ˈɑtəˌwɑ/
ottawa's	/ˈɑtəwəz/
ottaway	/ˈɑtəweɪ/
ottaway's	/ˈɑtəweɪz/
otte	/ˈɑt/
otten	/ˈɑtən/
otten's	/ˈɑtənz/
ottens	/ˈɑtənz/
otter	/ˈɑtɚ/
otter's	/ˈɑtɚz/
otterbein	/ˈɑtɚbaɪn/
otterbein's	/ˈɑtɚbaɪnz/
otterloo	/ˈɑtɚˌlu/
otters	/ˈɑtɚz/
otterson	/ˈɑtɚsən/
otterson's	/ˈɑtɚsənz/
ottesen	/ˈɑtizən/
otteson	/ˈɑtɪsən/
ottilie	/ˈɑtəli/
otting	/ˈɑtɪŋ/
ottley	/ˈɑtli/
ottman	/ˈɑtmən/
otto	/ˈɑˌtoʊ/
otto's	/ˈɑˌtoʊz/
ottoman	/ˈɑtəmən/
ottosen	/ˈɑtoʊsən/
ottoson	/ˈɑtəsən/
otts	/ˈɑts/
ottum	/ˈɑtəm/
otulsky	/əˈtʊlski/
otwell	/ˈɑˌtwɛl/
ou	/ˈu/
ouaga	/ˈwɑɡə/
ouagadougou	/ˌwɑɡəˈduɡu/
oubre	/ˈubɚ/
ouch	/ˈaʊtʃ/
ouderkirk	/ˈaʊdɚkɚk/
ouelette	/ˈɑulɛt/
ouellet	/ˈɑulɪt/
ouellette	/ˈɑulɛt/
ought	/ˈɔt/
oughta	/ˈɔtə/
oughtn't	/ˈɔtənt/
oui	/ˈwi/
ouimet	/wiˈmɛt/
ouimette	/wiˈmɛt/
ounce	/ˈaʊns/
ounces	/ˈaʊnsəz/
ounsted	/ˈaʊnˌstɛd/
our	/ˈaʊɚ/
ourada	/oʊʊˈɹɑdə/
ours	/ˈaʊɚz/
ourself	/aʊɚˈsɛlf/
ourselves	/aʊɚˈsɛlvz/
ourso	/ˈɝsoʊ/
ouseba	/ˈusəbə/
ousley	/ˈaʊsli/
oust	/ˈaʊst/
ousted	/ˈaʊstɪd/
ouster	/ˈaʊstɚ/
ousting	/ˈaʊstɪŋ/
out	/ˈaʊt/
out-mode	/ˈaʊtˈmoʊd/
out-moded	/ˈaʊtˈmoʊdɪd/
out's	/ˈaʊts/
outage	/ˈaʊtədʒ/
outages	/ˈaʊtɪdʒɪz/
outback	/ˈaʊtˌbæk/
outbid	/ˈaʊtˌbɪd/
outbidded	/ˈaʊtˌbɪdəd/
outbidding	/ˈaʊtˌbɪdɪŋ/
outbids	/ˈaʊtˌbɪdz/
outboard	/ˈaʊtˌbɔɹd/
outboard's	/ˈaʊtˌbɔɹdz/
outboards	/ˈaʊtˌbɔɹdz/
outbound	/ˈaʊtˌbaʊnd/
outbreak	/ˈaʊtˌbɹeɪk/
outbreaks	/ˈaʊtˌbɹeɪks/
outburst	/ˈaʊtˌbɝst/
outbursts	/ˈaʊtˌbɝsts/
outcalt	/ˈaʊtkəlt/
outcast	/ˈaʊtˌkæst/
outcasts	/ˈaʊtˌkæsts/
outclass	/ˈaʊtˌklæs/
outclassed	/ˈaʊtˌklæst/
outclasses	/ˈaʊtˌklæsɪz/
outclassing	/ˈaʊtˌklæsɪŋ/
outcome	/ˈaʊtˌkʌm/
outcomes	/ˈaʊtˌkʌmz/
outcries	/ˈaʊtˌkɹaɪz/
outcry	/ˈaʊtˌkɹaɪ/
outdate	/ˈaʊtˌdeɪt/
outdated	/ˈaʊtˌdeɪtɪd/
outdid	/ˈaʊtˌdɪd/
outdistance	/ˈaʊtˈdɪstəns/
outdistanced	/ˈaʊtˈdɪstənst/
outdistances	/ˈaʊtˈdɪstənsɪz/
outdistancing	/ˈaʊtˈdɪstənsɪŋ/
outdo	/ˌaʊtˈdu/
outdoes	/ˌaʊtˈdʌz/
outdoing	/ˌaʊtˈduɪŋ/
outdone	/ˈaʊtˈdʌn/
outdoor	/ˈaʊtˌdɔɹ/
outdoors	/ˈaʊtˈdɔɹz/
outdoorsman	/ˈaʊtˈdɔɹzmən/
outed	/ˈaʊtəd/
outen	/ˈaʊtən/
outer	/ˈaʊtɚ/
outermost	/ˈaʊtɚˌmoʊst/
outerwear	/ˈaʊtɚˌwɛɹ/
outfield	/ˈaʊtˌfild/
outfielder	/ˈaʊtˌfildɚ/
outfielders	/ˈaʊtˌfildɚz/
outfields	/ˈaʊtˌfildz/
outfit	/ˈaʊtˌfɪt/
outfits	/ˈaʊtˌfɪts/
outfitted	/ˈaʊtˌfɪtɪd/
outfitter	/ˈaʊtˌfɪtɚ/
outfitters	/ˈaʊtˌfɪtɚz/
outfitting	/ˈaʊtˌfɪtɪŋ/
outflank	/ˈaʊtˌflæŋk/
outflanked	/aʊtˈflæŋkt/
outflanking	/ˈaʊtˌflæŋkɪŋ/
outflanks	/ˈaʊtˌflæŋks/
outflow	/ˈaʊtˌfloʊ/
outflows	/ˈaʊtˌfloʊz/
outfox	/aʊtˈfɑks/
outfoxed	/aʊtˈfɑkst/
outfoxes	/aʊtˈfɑksɪz/
outfoxing	/aʊtˈfɑksɪŋ/
outgain	/ˈaʊtˌɡeɪn/
outgained	/ˈaʊtˌɡeɪnd/
outgaining	/ˈaʊtˌɡeɪnɪŋ/
outgains	/ˈaʊtˌɡeɪnz/
outgo	/ˈaʊtˌɡoʊ/
outgoing	/ˈaʊtˌɡoʊɪŋ/
outgrew	/ˌaʊtˈɡɹu/
outgrow	/ˌaʊtˈɡɹoʊ/
outgrowing	/ˈaʊtˌɡɹoʊɪŋ/
outgrown	/ˌaʊtˈɡɹoʊn/
outgrows	/ˌaʊtˈɡɹoʊz/
outgrowth	/ˈaʊtˌɡɹoʊθ/
outguess	/ˈaʊtˌɡɛs/
outguessed	/ˈaʊtˌɡɛst/
outguesses	/ˈaʊtˌɡɛsɪz/
outguessing	/ˈaʊtˌɡɛsɪŋ/
outgun	/ˈaʊtˌɡʌn/
outgunned	/ˈaʊtˌɡʌnd/
outgunning	/ˈaʊtˌɡʌnɪŋ/
outguns	/ˈaʊtˌɡʌnz/
outhouse	/ˈaʊtˌhaʊs/
outhouses	/ˈaʊtˌhaʊsɪz/
outing	/ˈaʊtɪŋ/
outings	/ˈaʊtɪŋz/
outland	/ˈaʊtˌlænd/
outlandish	/aʊtˈlændɪʃ/
outlast	/ˈaʊtˌlæst/
outlasted	/ˈaʊtˌlæstɪd/
outlasting	/ˈaʊtˌlæstɪŋ/
outlasts	/ˈaʊtˌlæsts/
outlaw	/ˈaʊtˌlɔ/
outlawed	/ˈaʊtˌlɔd/
outlawing	/ˈaʊtˌlɔɪŋ/
outlawry	/ˈaʊtˌlɔɹi/
outlaws	/ˈaʊtˌlɔz/
outlay	/ˈaʊtˌleɪ/
outlays	/ˈaʊtˌleɪz/
outler	/ˈaʊtəlɚ/
outlet	/ˈaʊtˌlɛt/
outlet's	/ˈaʊtˌlɛts/
outlets	/ˈaʊtˌlɛts/
outley	/ˈaʊtli/
outlier	/ˈaʊtlaɪɚ/
outliers	/ˈaʊtlaɪɚz/
outline	/ˈaʊtˌlaɪn/
outlined	/ˈaʊtˌlaɪnd/
outlines	/ˈaʊtˌlaɪnz/
outlining	/ˈaʊtˌlaɪnɪŋ/
outlive	/ˌaʊtˈlɪv/
outlived	/ˌaʊtˈlɪvd/
outlives	/ˌaʊtˈlɪvz/
outliving	/ˌaʊtˈlɪvɪŋ/
outlook	/ˈaʊtˌlʊk/
outlooks	/ˈaʊtˌlʊks/
outlying	/ˈaʊtˌlaɪɪŋ/
outman	/ˈaʊtmən/
outmaneuver	/aʊtməˈnuvɚ/
outmaneuvered	/aʊtməˈnuvɚd/
outmaneuvering	/aʊtməˈnuvɚɪŋ/
outmaneuvers	/aʊtməˈnuvɚz/
outmanned	/ˌaʊtˈmænd/
outmode	/ˌaʊtˈmoʊd/
outmoded	/ˌaʊtˈmoʊdɪd/
outnumber	/aʊtˈnʌmbɚ/
outnumbered	/ˌaʊtˈnʌmbɚd/
outnumbering	/ˈaʊtˌnʌmbɚɪŋ/
outnumbers	/aʊtˈnʌmbɚz/
outokumpu	/ˌutəˈkʌmpu/
outpace	/ˈaʊtˌpeɪs/
outpaced	/ˈaʊtˌpeɪst/
outpaces	/ˈaʊtˌpeɪsɪz/
outpacing	/ˈaʊtˌpeɪsɪŋ/
outpatient	/ˈaʊtˌpeɪʃənt/
outpatients	/ˈaʊtˌpeɪʃənts/
outperform	/ˈaʊtpɚˌfɔɹm/
outperformance	/ˌaʊtpɚˈfɔɹməns/
outperformed	/ˈaʊtpɚˌfɔɹmd/
outperformer	/ˌaʊtpɚˈfɔɹmɚ/
outperformers	/ˌaʊtpɚˈfɔɹmɚz/
outperforming	/ˈaʊtpɚˌfɔɹmɪŋ/
outperforms	/ˈaʊtpɚˈfɔɹmz/
outplacement	/ˈaʊtˌpleɪsmənt/
outpost	/ˈaʊtˌpoʊst/
outposts	/ˈaʊtˌpoʊsts/
outpouch	/ˈaʊtˌpaʊtʃ/
outpouching	/ˈaʊtˌpaʊtʃɪŋ/
outpour	/ˌaʊtˈpɔɹ/
outpouring	/ˌaʊtˈpɔɹɪŋ/
outpours	/ˌaʊtˈpɔɹz/
output	/ˈaʊtˌpʊt/
outputs	/ˈaʊtˌpʊts/
outrage	/ˈaʊˌtɹeɪdʒ/
outraged	/ˈaʊˌtɹeɪdʒd/
outrageous	/aʊˈtɹeɪdʒəs/
outrageously	/ˌaʊˈtɹeɪdʒəsli/
outrageousness	/aʊˈtɹeɪdʒəsnəs/
outrages	/ˈaʊˌtɹeɪdʒɪz/
outraging	/ˈaʊˌtɹeɪdʒɪŋ/
outran	/aʊˈtɹæn/
outreach	/ˈaʊˌtɹitʃ/
outrider	/ˈaʊˌtɹaɪdɚ/
outriders	/ˈaʊˌtɹaɪdɚz/
outrigger	/ˈaʊˌtɹɪɡɚ/
outriggers	/ˈaʊˌtɹɪɡɚz/
outright	/ˈaʊˈtɹaɪt/
outrun	/aʊˈtɹʌn/
outrunning	/aʊˈtɹʌnɪŋ/
outruns	/aʊˈtɹʌnz/
outs	/ˈaʊts/
outscore	/aʊtˈskɔɹ/
outscored	/aʊtˈskɔɹd/
outscores	/aʊtˈskɔɹz/
outscoring	/aʊtˈskɔɹɪŋ/
outsell	/aʊtˈsɛl/
outselling	/aʊtˈsɛlɪŋ/
outsells	/aʊtˈsɛlz/
outset	/ˈaʊtˌsɛt/
outshine	/ˈaʊˌtʃaɪn/
outshines	/ˈaʊˌtʃaɪnz/
outshining	/ˈaʊˌtʃaɪnɪŋ/
outshone	/aʊtˈʃoʊn/
outside	/ˈaʊtˈsaɪd/
outsider	/aʊtˈsaɪdɚ/
outsider's	/aʊtˈsaɪdɚz/
outsiders	/aʊtˈsaɪdɚz/
outsiders'	/aʊtˈsaɪdɚz/
outsides	/ˈaʊtˈsaɪdz/
outsize	/ˈaʊtˌsaɪz/
outsized	/ˈaʊtˌsaɪzd/
outskirt	/ˈaʊtˌskɝt/
outskirts	/ˈaʊtˌskɝts/
outsmart	/ˈaʊtˌsmɑɹt/
outsmarted	/ˈaʊtˌsmɑɹtɪd/
outsmarting	/ˈaʊtˌsmɑɹtɪŋ/
outsmarts	/ˈaʊtˌsmɑɹts/
outsold	/aʊtˈsoʊld/
outsource	/ˌaʊtˈsɔɹs/
outsourced	/ˌaʊtˈsɔɹst/
outsources	/ˌaʊtˈsɔɹsɪz/
outsourcing	/ˌaʊtˈsɔɹsɪŋ/
outspend	/ˈaʊtˌspɛnd/
outspending	/ˈaʊtˌspɛndɪŋ/
outspends	/ˈaʊtˌspɛndz/
outspent	/aʊtˈspɛnt/
outspoken	/ˈaʊtˈspoʊkən/
outspokenness	/aʊtˈspoʊkənəs/
outstanding	/ˌaʊtˈstændɪŋ/
outstandingly	/ˌaʊtˈstændɪŋli/
outstretch	/aʊtˈstɹɛtʃ/
outstretched	/aʊtˈstɹɛtʃt/
outstrip	/aʊtˈstɹɪp/
outstripped	/aʊtˈstɹɪpt/
outstripping	/aʊtˈstɹɪpɪŋ/
outstrips	/aʊtˈstɹɪps/
outta	/ˈutə/
outtake	/ˈaʊtˌteɪk/
outtakes	/ˈaʊtˌteɪks/
outten	/ˈaʊtən/
outvote	/aʊtˈvoʊt/
outvoted	/aʊtˈvoʊtɪd/
outvotes	/aʊtˈvoʊts/
outvoting	/aʊtˈvoʊtɪŋ/
outward	/ˈaʊtwɚd/
outwardly	/ˈaʊtwɚdli/
outwards	/ˈaʊtwɚdz/
outweigh	/ˈaʊˌtweɪ/
outweighed	/aʊˈtweɪd/
outweighing	/ˈaʊˌtweɪɪŋ/
outweighs	/ˈaʊˌtweɪz/
outwit	/ˈaʊˌtwɪt/
outwits	/ˈaʊˌtwɪts/
outwitted	/ˈaʊˌtwɪtɪd/
outwitting	/ˈaʊˌtwɪtɪŋ/
ouzts	/ˈaʊzts/
ova	/ˈoʊvə/
oval	/ˈoʊvəl/
ovalle	/ˈɑveɪl/
ovarian	/oʊˈvɛˌɹiən/
ovaries	/ˈoʊˌvɝiz/
ovary	/ˈoʊˌvɝi/
ovate	/ˈoʊveɪt/
ovation	/oʊˈveɪʃən/
ovations	/oʊˈveɪʃənz/
oven	/ˈʌvən/
ovens	/ˈʌvənz/
over	/ˈoʊvɚ/
overabundance	/ˈoʊvɚəˈbʌndəns/
overacker	/ˈoʊvɚəkɚ/
overact	/ˈoʊvɚˌækt/
overacted	/ˈoʊvɚˌæktɪd/
overactive	/ˈoʊvɚˈæktɪv/
overacts	/ˈoʊvɚˌækts/
overall	/ˈoʊvɚˌɔl/
overallotment	/ˈoʊvɚəˈlɑtmənt/
overallotments	/ˈoʊvɚəˈlɑtmənts/
overalls	/ˈoʊvɚˌɔlz/
overambitious	/ˈoʊvɚæmˌbɪʃəs/
overarching	/ˈoʊvɚˌɑɹtʃɪŋ/
overate	/oʊvɚˈeɪt/
overbaugh	/oʊˈvɝbɔ/
overbay	/ˈoʊvɚˌbeɪ/
overbearing	/ˈoʊvɚˈbɛɹɪŋ/
overbeck	/ˈoʊvɚˌbɛk/
overbey	/ˈoʊvɚbi/
overbill	/ˌoʊvɚˈbɪl/
overbilled	/ˈoʊvɚˌbɪld/
overbilling	/ˈoʊvɚˌbɪlɪŋ/
overbills	/ˌoʊvɚˈbɪlz/
overblown	/ˌoʊvɚˈbloʊn/
overboard	/ˈoʊvɚˌbɔɹd/
overbook	/ˈoʊvɚˌbʊk/
overbooked	/ˈoʊvɚˌbʊkt/
overbooking	/ˈoʊvɚˌbʊkɪŋ/
overbooks	/ˈoʊvɚˌbʊks/
overbought	/ˈoʊvɚˈbɔt/
overbuilding	/ˈoʊvɚˌbɪldɪŋ/
overbuilt	/ˈoʊvɚˈbɪlt/
overburden	/ˈoʊvɚˈbɝdən/
overburdened	/ˈoʊvɚˈbɝdənd/
overbuy	/ˈoʊvɚˌbaɪ/
overby	/ˈoʊvɚbi/
overcame	/ˈoʊvɚˈkeɪm/
overcapacity	/ˈoʊvɚkəˈpæsəti/
overcash	/ˈoʊvɚˌkæʃ/
overcast	/ˈoʊvɚˌkæst/
overcharge	/ˈoʊvɚˌtʃɑɹdʒ/
overcharged	/ˈoʊvɚˈtʃɑɹdʒd/
overcharges	/ˈoʊvɚˌtʃɑɹdʒɪz/
overcharging	/ˌoʊvɚˈtʃɑɹdʒɪŋ/
overclock	/ˈoʊvɚˈklɔk/
overclocking	/ˈoʊvɚˈklɔkɪŋ/
overcoat	/ˈoʊvɚˌkoʊt/
overcoats	/ˈoʊvɚˌkoʊts/
overcome	/ˈoʊvɚˌkʌm/
overcomes	/ˈoʊvɚˌkʌmz/
overcoming	/ˈoʊvɚˌkʌmɪŋ/
overconfidence	/ˌoʊvɚˈkɑnfɪdəns/
overconfident	/ˌoʊvɚˈkɑnfɪdənt/
overconsumption	/ˈoʊvɚkənˌsʌmpʃən/
overcook	/ˌoʊvɚˈkʊk/
overcooked	/ˌoʊvɚˈkʊkt/
overcooking	/ˌoʊvɚˈkʊkɪŋ/
overcooks	/ˌoʊvɚˈkʊks/
overcrowd	/ˌoʊvɚˈkɹaʊd/
overcrowded	/ˈoʊvɚˌkɹaʊdɪd/
overcrowding	/ˈoʊvɚˌkɹaʊdɪŋ/
overcrowds	/ˌoʊvɚˈkɹaʊdz/
overdamping	/ˈoʊvɚˌdæmpɪŋ/
overdependence	/ˈoʊvɚdɪˌpɛndəns/
overdependent	/ˈoʊvɚdɪˌpɛndənt/
overdid	/ˈoʊvɚˌdɪd/
overdo	/ˈoʊvɚˈdu/
overdoes	/ˌoʊvɚˈdʌz/
overdoing	/ˈoʊvɚˈduɪŋ/
overdone	/ˈoʊvɚˈdʌn/
overdorf	/ˈoʊvɚdɔɹf/
overdose	/ˈoʊvɚˌdoʊs/
overdosed	/ˈoʊvɚˌdoʊst/
overdoses	/ˈoʊvɚˌdoʊsɪz/
overdosing	/ˈoʊvɚˌdoʊsɪŋ/
overdraft	/ˈoʊvɚˌdɹæft/
overdrafting	/ˈoʊvɚˌdɹæftɪŋ/
overdrafts	/ˈoʊvɚˌdɹæfts/
overdraw	/ˈoʊvɚˌdɹɔ/
overdrawn	/ˈoʊvɚˈdɹɔn/
overdress	/ˈoʊvɚˌdɹɛs/
overdrew	/ˈoʊvɚˌdɹu/
overdrive	/ˈoʊvɚˌdɹaɪv/
overdue	/ˈoʊvɚˈdu/
overeager	/ˈoʊvɚˌiɡɚ/
overeat	/ˈoʊvɚˌit/
overeating	/ˈoʊvɚˈitɪŋ/
overemphasize	/ˈoʊvɚˈɛmfəˌsaɪz/
overemphasized	/ˈoʊvɚˈɛmfəˌsaɪzd/
overemphasizes	/ˈoʊvɚˈɛmfəˌsaɪzɪz/
overemphasizing	/ˈoʊvɚˈɛmfəˌsaɪzɪŋ/
overestimate	/ˌoʊvɚˈɛstəˌmeɪt/
overestimated	/ˌoʊvɚˈɛstəˌmeɪtɪd/
overestimates	/ˌoʊvɚˈɛstəˌmeɪts/
overestimating	/ˌoʊvɚˈɛstəˌmeɪtɪŋ/
overexcite	/ˌoʊvɚɛkˈsaɪt/
overexcited	/ˌoʊvɚɛkˈsaɪtɪd/
overexcites	/ˌoʊvɚɛkˈsaɪts/
overexciting	/ˌoʊvɚɛkˈsaɪtɪŋ/
overexpansion	/ˌoʊvɚɪkˈspænʃən/
overexpose	/ˌoʊvɚɪkˈspoʊz/
overexposed	/ˌoʊvɚɪkˈspoʊzd/
overexposes	/ˌoʊvɚɪkˈspoʊzɪz/
overexposing	/ˌoʊvɚɪkˈspoʊzɪŋ/
overexposure	/ˌoʊvɚɪkˈspoʊʒɚ/
overextend	/ˌoʊvɚɪkˈstɛnd/
overextended	/ˌoʊvɚɪkˈstɛndɪd/
overextending	/ˌoʊvɚɪkˈstɛndɪŋ/
overextends	/ˌoʊvɚɪkˈstɛndz/
overfed	/ˌoʊvɚˈfɛd/
overfeed	/ˌoʊvɚˈfid/
overfelt	/ˈoʊvɚˌfɛlt/
overfield	/ˈoʊvɚˌfild/
overfill	/ˈoʊvɚˌfɪl/
overfishing	/ˈoʊvɚˌfɪʃɪŋ/
overflight	/ˈoʊvɚˌflaɪt/
overflights	/ˈoʊvɚˌflaɪts/
overflow	/ˈoʊvɚˌfloʊ/
overflowed	/ˌoʊvɚˈfloʊd/
overflowing	/ˈoʊvɚˌfloʊɪŋ/
overflows	/ˈoʊvɚˌfloʊz/
overfly	/ˌoʊvɚˈflaɪ/
overflying	/ˌoʊvɚˈflaɪɪŋ/
overfund	/ˈoʊvɚˌfʌnd/
overfunded	/ˈoʊvɚˌfʌndɪd/
overfunding	/ˈoʊvɚˌfʌndɪŋ/
overgaard	/ˈoʊvɚˌɡɑɹd/
overgenerous	/ˈoʊvɚˌdʒɛnɚəs/
overgrazing	/ˈoʊvɚˌɡɹeɪzɪŋ/
overgrowing	/ˌoʊvɚˈɡɹoʊwɪŋ/
overgrown	/ˌoʊvɚˈɡɹoʊn/
overgrowth	/ˈoʊvɚɡɹoʊθ/
overhang	/ˈoʊvɚˌhæŋ/
overhanging	/ˈoʊvɚˌhæŋɪŋ/
overhangs	/ˈoʊvɚˌhæŋz/
overhaul	/ˈoʊvɚˌhɔl/
overhauled	/ˈoʊvɚˌhɔld/
overhauling	/ˈoʊvɚˌhɔlɪŋ/
overhauls	/ˈoʊvɚˌhɔlz/
overhead	/ˈoʊvɚˈhɛd/
overheads	/ˈoʊvɚˌhɛdz/
overhear	/ˈoʊvɚˈhiɹ/
overheard	/ˈoʊvɚˈhɝd/
overhearing	/ˌoʊvɚˈhiɹɪŋ/
overhears	/ˈoʊvɚˈhiɹz/
overheat	/ˈoʊvɚˌhit/
overheated	/ˈoʊvɚˌhitɪd/
overheating	/ˈoʊvɚˌhitɪŋ/
overheats	/ˈoʊvɚˌhits/
overholser	/ˈoʊvɚˌhoʊlsɚ/
overholt	/ˈoʊvɚhoʊlt/
overholtzer	/ˈoʊvɚhoʊltzɚ/
overhung	/oʊvɚˈhʌŋ/
overjoyed	/ˌoʊvɚˈdʒɔɪd/
overkill	/ˈoʊvɚˌkɪl/
overkilling	/ˈoʊvɚˌkɪlɪŋ/
overlaid	/ˈoʊvɚˌleɪd/
overlain	/ˈoʊvɚˌleɪn/
overland	/ˈoʊvɚˌlænd/
overlap	/ˈoʊvɚˌlæp/
overlapped	/ˈoʊvɚˌlæpt/
overlapping	/ˈoʊvɚˌlæpɪŋ/
overlaps	/ˈoʊvɚˌlæps/
overlay	/ˈoʊvɚˌleɪ/
overlays	/ˈoʊvɚˌleɪz/
overleverage	/ˌoʊvɚˈlɛvɹɪdʒ/
overleveraged	/ˈoʊvɚˈlɛvɹɪdʒd/
overley	/ˈoʊvɚli/
overload	/ˈoʊvɚˌloʊd/
overloaded	/ˈoʊvɚˌloʊdɪd/
overloading	/ˈoʊvɚˌloʊdɪŋ/
overloads	/ˈoʊvɚˌloʊdz/
overlock	/ˈoʊvɚˌlɑk/
overlook	/ˈoʊvɚˌlʊk/
overlooked	/ˈoʊvɚˌlʊkt/
overlooking	/ˈoʊvɚˌlʊkɪŋ/
overlooks	/ˈoʊvɚˌlʊks/
overlord	/ˈoʊvɚˌlɔɹd/
overlords	/ˈoʊvɚˌlɔɹdz/
overly	/ˈoʊvɚli/
overlying	/ˌoʊvɚˈlaɪɪŋ/
overman	/ˈoʊvɚmən/
overmatch	/ˌoʊvɚˈmætʃ/
overmatched	/ˈoʊvɚˈmætʃt/
overmyer	/ˈoʊvɚmiɚ/
overnight	/ˈoʊvɚˈnaɪt/
overnighter	/ˌoʊvɚˈnaɪtɚ/
overnighters	/ˌoʊvɚˈnaɪtɚz/
overnite	/ˈoʊvɚˈnaɪt/
overoptimism	/ˌoʊvɚˈɑptɪˌmɪzəm/
overpaid	/ˈoʊvɚˈpeɪd/
overpass	/ˈoʊvɚˌpæs/
overpasses	/ˈoʊvɚˌpæsɪz/
overpay	/ˈoʊvɚˌpeɪ/
overpaying	/ˈoʊvɚˌpeɪɪŋ/
overpayment	/ˈoʊvɚˌpeɪmənt/
overpayments	/ˈoʊvɚˌpeɪmənts/
overpeck	/ˈoʊvɚˌpɛk/
overplay	/ˈoʊvɚˈpleɪ/
overplayed	/ˈoʊvɚˈpleɪd/
overplaying	/ˈoʊvɚˈpleɪɪŋ/
overplays	/ˈoʊvɚˈpleɪz/
overpopulate	/ˌoʊvɚˈpɑpjəleɪt/
overpopulated	/ˌoʊvɚˈpɑpjəleɪtɪd/
overpopulates	/ˌoʊvɚˈpɑpjəleɪts/
overpopulating	/ˌoʊvɚˈpɑpjəleɪtɪŋ/
overpopulation	/ˌoʊvɚˌpɑpjəˈleɪʃən/
overpower	/ˌoʊvɚˈpaʊɚ/
overpowered	/ˌoʊvɚˈpaʊɚd/
overpowering	/ˈoʊvɚˈpaʊɹɪŋ/
overpowers	/ˌoʊvɚˈpaʊɚz/
overprice	/ˌoʊvɚˈpɹaɪs/
overpriced	/ˈoʊvɚˌpɹaɪst/
overprices	/ˌoʊvɚˈpɹaɪsɪz/
overpricing	/ˌoʊvɚˈpɹaɪsɪŋ/
overproduce	/ˈoʊvɚpɹəˈdus/
overproduced	/ˈoʊvɚpɹəˈdust/
overproducer	/ˈoʊvɚpɹəˈdusɚ/
overproducers	/ˈoʊvɚpɹəˈdusɚz/
overproducing	/ˌoʊvɚpɹədˈjusɪŋ/
overproduction	/ˈoʊvɚpɹəˈdʌkʃən/
overprotect	/ˌoʊvɚpɹəˈtɛkt/
overprotected	/ˌoʊvɚpɹəˈtɛktɪd/
overprotection	/ˌoʊvɚpɹəˈtɛkʃən/
overprotective	/ˌoʊvɚpɹəˈtɛktəv/
overqualified	/ˈoʊvɚˌkwɑləˌfaɪd/
overqualify	/ˈoʊvɚˌkwɑlɪˌfaɪ/
overran	/ˈoʊvɚˈɹæn/
overrate	/ˌoʊvɚˈɹeɪt/
overrated	/ˌoʊvɚˈɹeɪtɪd/
overrates	/ˌoʊvɚˈɹeɪts/
overrating	/ˌoʊvɚˈɹeɪtɪŋ/
overreach	/ˈoʊvɚˌɹitʃ/
overreached	/ˈoʊvɚˌɹitʃt/
overreaches	/ˈoʊvɚˌɹitʃɪz/
overreaching	/ˈoʊvɚˌɹitʃɪŋ/
overreact	/ˈoʊvɚɹiˈækt/
overreacted	/ˈoʊvɚɹiˌæktɪd/
overreacting	/ˈoʊvɚɹiˌæktɪŋ/
overreaction	/ˈoʊvɚɹiˌækʃən/
overreacts	/ˈoʊvɚɹiˈækts/
overregulate	/ˈoʊvɚˈɹɛɡjəˌleɪt/
overregulated	/ˌoʊvɚˈɹɛɡjəˌleɪtɪd/
overregulates	/ˈoʊvɚˈɹɛɡjəˌleɪts/
overregulation	/ˌoʊvɚˌɹɛɡjəˈleɪʃən/
overreliance	/ˈoʊvɚɹɪˌlaɪəns/
overrepresent	/ˈoʊvɚˌɹɛpɹəˈzɛnt/
overrepresented	/ˈoʊvɚˌɹɛpɹəˈzɛntɪd/
overridden	/ˈoʊvɚˈɹɪdən/
override	/ˈoʊvɚˌɹaɪd/
overrides	/ˈoʊvɚˌɹaɪdz/
overriding	/ˈoʊvɚˌɹaɪdɪŋ/
overripe	/ˈoʊvɚˈɹaɪp/
overrode	/ˈoʊvɚˈɹoʊd/
overrule	/ˈoʊvɚˌɹul/
overruled	/ˌoʊvɚˈɹuld/
overrules	/ˈoʊvɚˌɹulz/
overruling	/ˈoʊvɚˌɹulɪŋ/
overrun	/ˈoʊvɚˌɹʌn/
overrunning	/ˈoʊvɚˌɹʌnɪŋ/
overruns	/ˈoʊvɚˌɹʌnz/
overs	/ˈoʊvɚz/
oversaw	/ˈoʊvɚˌsɔ/
oversea	/ˌoʊvɚˈsi/
overseas	/ˈoʊvɚˈsiz/
oversee	/ˈoʊvɚˌsi/
overseeing	/ˈoʊvɚˌsiɪŋ/
overseen	/ˈoʊvɚˌsin/
overseer	/ˈoʊvɚˈsiɚ/
overseers	/ˌoʊvɚˈsiɚz/
oversees	/ˈoʊvɚˌsiz/
oversell	/ˈoʊvɚˌsɛl/
overselling	/ˈoʊvɚˌsɛlɪŋ/
oversensitive	/ˌoʊvɚˈsɛnsətɪv/
oversensitivity	/ˌoʊvɚsɛnsəˈtɪvɪti/
overshadow	/ˈoʊvɚˈʃædoʊ/
overshadowed	/ˌoʊvɚˈʃædoʊd/
overshadowing	/ˈoʊvɚˈʃædoʊɪŋ/
overshadows	/ˈoʊvɚˈʃædoʊz/
overshoot	/ˈoʊvɚˌʃut/
overshooting	/ˈoʊvɚˌʃutɪŋ/
overshot	/ˈoʊvɚˌʃɑt/
oversight	/ˈoʊvɚˌsaɪt/
oversimplification	/oʊvɚˈsɪmplɪfɪˌkeɪʃən/
oversimplified	/oʊvɚˈsɪmplɪˌfaɪd/
oversimplify	/oʊvɚˈsɪmplɪˌfaɪ/
oversimplifying	/oʊvɚˈsɪmplɪˌfaɪɪŋ/
oversize	/ˌoʊvɚˈsaɪz/
oversized	/ˈoʊvɚˌsaɪzd/
oversizes	/ˌoʊvɚˈsaɪzɪz/
oversizing	/ˌoʊvɚˈsaɪzɪŋ/
oversleep	/ˌoʊvɚˈslip/
overslept	/ˌoʊvɚˈslɛpt/
oversold	/ˈoʊvɚˈsoʊld/
overson	/ˈoʊvɚsən/
overspend	/ˈoʊvɚˌspɛnd/
overspending	/ˈoʊvɚˌspɛndɪŋ/
overspends	/ˈoʊvɚˌspɛndz/
overspent	/ˈoʊvɚˈspɛnt/
overstaff	/ˈoʊvɚˌstæf/
overstaffed	/ˈoʊvɚˌstæft/
overstate	/ˈoʊvɚˌsteɪt/
overstated	/ˈoʊvɚˌsteɪtɪd/
overstatement	/ˈoʊvɚˌsteɪtmənt/
overstatements	/ˈoʊvɚˌsteɪtmənts/
overstates	/ˈoʊvɚˌsteɪts/
overstating	/ˈoʊvɚˌsteɪtɪŋ/
overstay	/ˌoʊvɚˈsteɪ/
overstayed	/ˌoʊvɚˈsteɪd/
overstep	/ˈoʊvɚˌstɛp/
overstepped	/ˈoʊvɚˌstɛpt/
overstepping	/ˈoʊvɚˌstɛpɪŋ/
overstock	/ˈoʊvɚˈstɑk/
overstocked	/ˈoʊvɚˈstɑkt/
overstreet	/ˈoʊvɚˌstɹit/
overstrom	/ˈoʊvɚˈstɹɑm/
overstuff	/ˈoʊvɚˌstʌf/
overstuffed	/ˈoʊvɚˌstʌft/
oversubscribe	/ˌoʊvɚsəbˈskɹaɪb/
oversubscribed	/ˌoʊvɚsəbˈskɹaɪbd/
oversupplied	/ˌoʊvɚsəˈplaɪd/
oversupply	/ˌoʊvɚsəˈplaɪ/
overt	/oʊˈvɝt/
overtake	/ˈoʊvɚˌteɪk/
overtaken	/ˈoʊvɚˌteɪkən/
overtakes	/ˈoʊvɚˌteɪks/
overtaking	/ˈoʊvɚˌteɪkɪŋ/
overtax	/ˈoʊvɚˌtæks/
overtaxed	/ˌoʊvɚˈtækst/
overthrew	/ˌoʊvɚˈθɹu/
overthrow	/ˈoʊvɚˌθɹoʊ/
overthrowing	/ˈoʊvɚˌθɹoʊɪŋ/
overthrown	/ˌoʊvɚˈθɹoʊn/
overthrows	/ˈoʊvɚˌθɹoʊz/
overtime	/ˈoʊvɚˌtaɪm/
overtly	/oʊˈvɝtli/
overton	/ˈoʊvɚtən/
overtone	/ˈoʊvɚˌtoʊn/
overtones	/ˈoʊvɚˌtoʊnz/
overtook	/ˌoʊvɚˈtʊk/
overtrain	/oʊvɚˈtɹeɪn/
overtraining	/oʊvɚˈtɹeɪnɪŋ/
overture	/ˈoʊvɚtʃɚ/
overtures	/ˈoʊvɚˌtʃʊɹz/
overturf	/ˈoʊvɚˌtɝf/
overturn	/ˈoʊvɚˌtɝn/
overturned	/ˈoʊvɚˌtɝnd/
overturning	/ˈoʊvɚˌtɝnɪŋ/
overturns	/ˈoʊvɚˌtɝnz/
overuse	/ˌoʊvɚˈjuz/
overused	/ˌoʊvɚˈjuzd/
overuses	/ˌoʊvɚˈjuzɪz/
overusing	/ˌoʊvɚˈjuzɪŋ/
overvaluation	/ˌoʊvɚˌvæljuˈeɪʃən/
overvalue	/ˈoʊvɚˌvælju/
overvalued	/ˈoʊvɚˌvæljud/
overview	/ˈoʊvɚvˌju/
overviews	/ˈoʊvɚvˌjuz/
overweight	/ˌoʊvɚˈweɪt/
overweighted	/ˌoʊvɚˈweɪtɪd/
overwhelm	/ˌoʊvɚˈwɛlm/
overwhelmability	/ˌoʊvɚˈwɛlməˈbɪləti/
overwhelmed	/ˌoʊvɚˈwɛlmd/
overwhelming	/ˌoʊvɚˈwɛlmɪŋ/
overwhelmingly	/ˌoʊvɚˈwɛlmɪŋli/
overwhelms	/ˌoʊvɚˈwɛlmz/
overwinter	/ˌoʊvɚˈwɪntɚ/
overwork	/ˌoʊvɚˈwɝk/
overworked	/ˌoʊvɚˈwɝkt/
overworking	/ˌoʊvɚˈwɝkɪŋ/
overworks	/ˌoʊvɚˈwɝks/
overwrite	/ˌoʊvɚˈɹaɪt/
overwrites	/ˌoʊvɚˈɹaɪts/
overwriting	/ˌoʊvɚˈɹaɪtɪŋ/
overwritten	/ˌoʊvɚˈɹɪtən/
overwrote	/ˌoʊvɚˈɹoʊt/
overwrought	/ˌoʊvɚˈɹɔt/
overy	/ˈoʊvɚi/
overzealous	/ˌoʊvɚˈzɛləs/
overzealously	/ˌoʊvɚˈzɛləsli/
oveson	/ˈɑvəsən/
ovett	/ˌoʊˈvɛt/
ovett's	/ˌoʊˈvɛts/
ovex	/ˈoʊvɛks/
oviatt	/ˈoʊviˌɑt/
oviatt's	/ˈoʊviˌɑts/
oviedo	/oʊviˈeɪdoʊ/
oviparous	/oʊˈvɪpɚəs/
ovitt	/ˈoʊvɪt/
ovitt's	/ˈoʊvɪts/
ovitz	/oʊˈvɪts/
ovitz's	/oʊˈvɪtsɪz/
ovoid	/ˈoʊˌvɔɪd/
ovonic	/oʊˈvɑnɪk/
ovoviviparous	/ˌoʊˌvoʊˌvaɪˈvɪpɚəs/
ovshinsky	/ɑvˈʃɪnski/
ovulation	/ˌoʊvjəˈleɪʃən/
ovulations	/ˌoʊvjəˈleɪʃənz/
ovule	/ˈoʊvjul/
ovules	/ˈoʊvjulz/
ovum	/ˈoʊvəm/
ow	/ˈoʊ/
owada	/oʊˈɑdə/
owades	/oʊˈɑdz/
owczarzak	/aʊˈtʃɑɹzək/
owe	/ˈoʊ/
owed	/ˈoʊd/
owen	/ˈoʊən/
owen's	/ˈoʊənz/
owenby	/ˈaʊɪnbi/
owenby's	/ˈaʊɪnbiz/
owens	/ˈoʊənz/
owens's	/ˈoʊənzɪz/
owensboro	/ˈoʊənzbɚoʊ/
owensby	/ˈaʊɪnsbi/
owensby's	/ˈaʊɪnsbiz/
owes	/ˈoʊz/
owing	/ˈoʊɪŋ/
owings	/ˈoʊɪŋz/
owl	/ˈaʊl/
owls	/ˈaʊlz/
own	/ˈoʊn/
ownbey	/ˈaʊnbi/
ownby	/ˈaʊnbi/
owned	/ˈoʊnd/
owner	/ˈoʊnɚ/
owner's	/ˈoʊnɚz/
owners	/ˈoʊnɚz/
owners'	/ˈoʊnɚz/
ownership	/ˈoʊnɚˌʃɪp/
owning	/ˈoʊnɪŋ/
owns	/ˈoʊnz/
owosso	/oʊˈɔsoʊ/
owsley	/ˈaʊsli/
owyhee	/ˈoʊɪhi/
ox	/ˈɑks/
oxalates	/ˈɑksəˌleɪts/
oxalis	/ˈɑksələs/
oxbow	/ˈɑksˌboʊ/
oxbridge	/ˈɑksˌbɹɪdʒ/
oxcart	/ˈɑkˌskɑɹt/
oxdon	/ˈɑksˌdɑn/
oxen	/ˈɑksən/
oxendine	/ˈɑksɪndaɪn/
oxfam	/ˈɑksˌfæm/
oxfam's	/ˈɑksˌfæmz/
oxford	/ˈɑksfɚd/
oxford's	/ˈɑksfɚdz/
oxfords	/ˈɑksfɚdz/
oxidant	/ˈɑksədənt/
oxidants	/ˈɑksɪdənts/
oxidase	/ˈɑksɪˌdeɪz/
oxidation	/ˌɑksəˈdeɪʃən/
oxidative	/ˌɑksəˈdaɪtɪv/
oxide	/ˈɑkˌsaɪd/
oxides	/ˈɑkˌsaɪdz/
oxidize	/ˈɑksəˌdaɪz/
oxidized	/ˈɑksəˌdaɪzd/
oxidizer	/ˈɑksɪˌdaɪzɚ/
oxidizing	/ˈɑksəˌdaɪzɪŋ/
oxidyne	/ˈɑksɪˌdaɪn/
oxley	/ˈɑksli/
oxman	/ˈɑksmən/
oxnard	/ˈɑksnɚd/
oxner	/ˈɑksnɚ/
oxoco	/ɑkˈsoʊkoʊ/
oxton	/ˈɑkstən/
oxy	/ˈɑksi/
oxydative	/ˌɑksəˈdaɪtɪv/
oxygen	/ˈɑksədʒən/
oxygenate	/ˈɑksədʒəˌneɪt/
oxygenated	/ˈɑksədʒəˌneɪtɪd/
oxymoron	/ˌɑkˈsiˈmɔɹɑn/
oxytocin	/ˌɑksəˈtoʊsən/
oy	/ˈɔɪ/
oyama	/oʊˈjɑmə/
oye	/ˈɔɪ/
oyen	/ˈɔɪɪn/
oyer	/ˈɔɪɚ/
oyler	/ˈɔɪlɚ/
oyola	/ˌɔɪˈoʊlə/
oyster	/ˈɔɪstɚ/
oysters	/ˈɔɪstɚz/
oz	/ˈɑz/
ozaki	/oʊˈzɑki/
ozal	/ˈoʊzəl/
ozal's	/oʊˈzɑlz/
ozanich	/əˈzænɪh/
ozanne	/ˈoʊzæn/
ozark	/ˈoʊˌzɑɹk/
ozarks	/ˈoʊˌzɑɹks/
ozawa	/oʊˈzɑwə/
ozbun	/ˈɑzbən/
ozburn	/ˈɑzbɚn/
ozelle	/əˈzɛl/
ozga	/ˈoʊzɡə/
ozick	/ˈoʊzɪk/
ozick's	/ˈoʊzɪks/
ozier	/ˈoʊziɚ/
ozimek	/əˈzɪmɛk/
ozment	/ˈɑzmənt/
ozmet	/ˈɑzmət/
ozmun	/ˈɑzmən/
ozolins	/oʊˈzoʊlinz/
ozols	/ˈoʊzoʊlz/
ozone	/ˈoʊˌzoʊn/
ozora	/əˈzɔɹə/
ozuna	/oʊˈzunə/
ozzie	/ˈɑˌzi/
ozzy	/ˈɑˌzi/
p	/ˈpi/
p.	/ˈpi/
p.'s	/ˈpiz/
p.m.	/ˈpiˈɛm/
p.s	/ˈpiz/
p's	/ˈpiz/
pa	/ˈpɑ/
paap	/ˈpɑp/
paape	/ˈpɑp/
paar	/ˈpɑɹ/
paasch	/ˈpɑʃ/
paavola	/ˌpɑˈvoʊlə/
pablo	/ˈpɑbloʊ/
pablum	/ˈpæbləm/
pabon	/pɑˈbɔn/
pabst	/ˈpæbst/
pac	/ˈpæk/
pac's	/ˈpæks/
paca	/ˈpɑkə/
paccar	/pəˈkɑɹ/
paccione	/pɑkˈtʃoʊni/
pace	/ˈpeɪs/
pace's	/ˈpeɪsɪz/
paced	/ˈpeɪst/
pacella	/pəˈsɛlə/
pacelli	/pəˈsɛli/
pacemaker	/ˈpeɪˌsmeɪkɚ/
pacemakers	/ˈpeɪˌsmeɪkɚz/
pacer	/ˈpeɪsɚ/
pacers	/ˈpeɪsɚz/
paces	/ˈpeɪsɪz/
pacesetter	/ˈpeɪˌsɛtɚ/
paceway	/ˈpeɪˌsweɪ/
pacey	/ˈpeɪsi/
pacheco	/pəˈtʃɛkoʊ/
pachinko	/pəˈtʃɪŋkoʊ/
pacholder	/ˈpætʃəldɚ/
pacholski	/pəˈhoʊlski/
pachter	/ˈpæktɚ/
pachysandra	/ˌpætʃɪˈsændɹə/
paci	/ˈpɑtʃi/
pacific	/pəˈsɪfɪk/
pacific's	/pəˈsɪfɪks/
pacifica	/pəˈsɪfɪkə/
pacificare	/pəˈsɪfɪˌkɛɹ/
pacification	/ˌpæsəfəˈkeɪʃən/
pacifico	/pɑtʃiˈfikoʊ/
pacificorp	/pəˈsɪfɪkɔɹp/
pacified	/ˈpæsəˌfaɪd/
pacifier	/ˈpæsəˌfaɪɚ/
pacifiers	/ˈpæsəˌfaɪɚz/
pacifism	/ˈpæsɪˌfɪzəm/
pacifist	/ˈpæsɪfɪst/
pacifists	/ˈpæsɪfɪsts/
pacify	/ˈpæsəˌfaɪ/
pacing	/ˈpeɪsɪŋ/
pacini	/pɑˈtʃini/
pacino	/pəˈsinoʊ/
pack	/ˈpæk/
package	/ˈpækədʒ/
package's	/ˈpækɪdʒɪz/
packaged	/ˈpækɪdʒd/
packager	/ˈpækɪdʒɚ/
packagers	/ˈpækɪdʒɚz/
packages	/ˈpækədʒəz/
packaging	/ˈpækɪdʒɪŋ/
packard	/ˈpækɚd/
packard's	/ˈpækɚdz/
packed	/ˈpækt/
packer	/ˈpækɚ/
packers	/ˈpækɚz/
packet	/ˈpækət/
packets	/ˈpækɪts/
packett	/ˈpækɪt/
packham	/ˈpækhəm/
packing	/ˈpækɪŋ/
packinghouse	/ˈpækɪŋˌhaʊs/
packman	/ˈpækmən/
packs	/ˈpæks/
packwood	/ˈpæˌkwʊd/
packwood's	/ˈpæˌkwʊdz/
pacman	/ˈpækmən/
paco	/ˈpeɪkoʊ/
pacs	/ˈpæks/
pact	/ˈpækt/
pact's	/ˈpækts/
pactel	/ˈpækˌtɛl/
pactel's	/ˈpækˌtɛlz/
pacto	/ˈpæktoʊ/
pacts	/ˈpækts/
pacyna	/ˈpɑkinə/
paczkowski	/pətʃˈkɔfski/
pad	/ˈpæd/
padawan	/ˈpɑˌdɑwən/
paddack	/ˈpædək/
padded	/ˈpædɪd/
padden	/ˈpædən/
paddies	/ˈpædiz/
padding	/ˈpædɪŋ/
paddington	/ˈpædɪŋtən/
paddle	/ˈpædəl/
paddled	/ˈpædəld/
paddles	/ˈpædəlz/
paddling	/ˈpædəlɪŋ/
paddock	/ˈpædək/
paddy	/ˈpædi/
paddy's	/ˈpædiz/
paden	/ˈpeɪdən/
paderewski	/ˌpɑdɚˈuski/
padfield	/ˈpædˌfild/
padget	/ˈpædʒɪt/
padgett	/ˈpædʒɪt/
padgitt	/ˈpædʒɪt/
padilla	/pəˈdɪlə/
padley	/ˈpædli/
padlock	/ˈpædˌlɑk/
padlocked	/ˈpædˌlɑkt/
padlocks	/ˈpædˌlɑks/
padmanabhan	/pædˈmænəˌbæn/
padovano	/pɑdoʊˈvɑnoʊ/
padre	/ˈpæˌdɹeɪ/
padres	/ˈpæˌdɹeɪz/
padrick	/ˈpædɹɪk/
padro	/ˈpɑdɹoʊ/
padron	/ˈpædɹən/
pads	/ˈpædz/
padua	/ˈpædjuə/
paduano	/pɑduˈɑnoʊ/
paducah	/pəˈdukə/
padula	/pɑˈdulə/
pae	/ˈpaɪ/
paean	/ˈpiən/
paeans	/ˈpiənz/
paek	/ˈpik/
paeth	/ˈpiθ/
paetz	/ˈpits/
paez	/paɪˈɛz/
paff	/ˈpæf/
pafford	/ˈpæfɚd/
pagan	/ˈpeɪɡən/
paganelli	/pɑɡɑˈnɛli/
pagani	/pɑˈɡɑni/
paganini	/ˌpæɡəˈnini/
paganism	/ˈpeɪɡəˌnɪzəm/
pagano	/pɑˈɡɑnoʊ/
pagar	/ˈpæɡɚ/
page	/ˈpeɪdʒ/
page's	/ˈpeɪdʒɪz/
pageant	/ˈpædʒənt/
pageantry	/ˈpædʒəntɹi/
pageants	/ˈpædʒənts/
paged	/ˈpeɪdʒd/
pagel	/ˈpæɡəl/
pagels	/ˈpæɡəlz/
pagemaker	/ˈpeɪdʒˌmeɪkɚ/
pagenkopf	/ˈpæɡənkɔpf/
pager	/ˈpeɪdʒɚ/
pagers	/ˈpeɪdʒɚz/
pages	/ˈpeɪdʒəz/
paget	/ˈpædʒət/
pagett	/ˈpædʒət/
pagette	/ˌpæˈdʒɛt/
pagey	/ˈpeɪdʒi/
pagezy	/ˌpæˈdʒɛzi/
pagination	/ˌpædʒəˈneɪʃən/
paging	/ˈpeɪdʒɪŋ/
paglia	/ˈpæɡliə/
pagliaro	/ˌpæɡliˈɑɹoʊ/
pagliarulo	/ˌpæɡliɚˈuloʊ/
pagliuca	/ˌpæɡliˈukə/
pagliuca's	/ˌpæɡliˈukəz/
pagni	/ˈpæɡni/
pagnotta	/pɑɡˈnoʊtə/
pago-pago	/ˌpɑɡoʊˈpɑɡoʊ/
pagoda	/pəˈɡoʊdə/
pagoda's	/pəˈɡoʊdəz/
pagodas	/pəˈɡoʊdəz/
pagurian	/pəɡˈjʊɹiən/
pah	/ˈpæ/
pahl	/ˈpɑl/
pahnos	/ˈpɑnoʊs/
pai	/ˈpɑi/
paid	/ˈpeɪd/
paige	/ˈpeɪdʒ/
paighton	/ˈpeɪtən/
paign	/ˈpeɪn/
paik	/ˈpeɪk/
pail	/ˈpeɪl/
paille	/ˈpeɪl/
pails	/ˈpeɪlz/
pain	/ˈpeɪn/
paine	/ˈpeɪn/
pained	/ˈpeɪnd/
painesville	/ˈpeɪnzˌvɪl/
painewebber	/ˈpeɪnˈwɛbɚ/
painewebber's	/ˈpeɪnˈwɛbɚz/
painful	/ˈpeɪnfəl/
painfully	/ˈpeɪnfəli/
painkiller	/ˈpeɪnˌkɪlɚ/
painkillers	/ˈpeɪnˌkɪlɚz/
painless	/ˈpeɪnləs/
painlessly	/ˈpeɪnləsli/
paino	/ˈpeɪnoʊ/
pains	/ˈpeɪnz/
painstaking	/ˈpeɪnˌsteɪkɪŋ/
painstakingly	/ˈpeɪnˌsteɪkɪŋli/
paint	/ˈpeɪnt/
paintball	/ˈpeɪntˌbɑl/
paintbrush	/ˈpeɪntˌbɹʌʃ/
paintbrushes	/ˈpeɪntˌbɹʌʃɪs/
painted	/ˈpeɪntɪd/
painter	/ˈpeɪntɚ/
painter's	/ˈpeɪntɚz/
painterly	/ˈpeɪntɚli/
painters	/ˈpeɪntɚz/
painting	/ˈpeɪntɪŋ/
paintings	/ˈpeɪntɪŋz/
paints	/ˈpeɪnts/
pair	/ˈpɛɹ/
paired	/ˈpɛɹd/
pairing	/ˈpɛɹɪŋ/
pairs	/ˈpɛɹz/
pais	/ˈpeɪz/
paisley	/ˈpeɪzli/
paisley's	/ˈpeɪzliz/
pait	/ˈpeɪt/
paiute	/ˈpaɪjut/
paiva	/ˈpeɪvə/
paiz	/ˈpeɪz/
pajak	/ˈpaɪək/
pajama	/pəˈdʒɑmə/
pajamas	/pəˈdʒɑməz/
pajole	/pəˈdʒoʊl/
pajoli	/pəˈdʒoʊli/
pak	/ˈpæk/
pak's	/ˈpæks/
pake	/ˈpeɪk/
pakeha	/pəˈkeɪhɑ/
pakistan	/ˈpækɪˌstæn/
pakistan's	/ˈpækɪˌstænz/
pakistani	/ˌpækɪˈstæni/
pakistanian	/ˌpækɪˈstæniən/
pakistanis	/ˌpækɪˈstæniz/
pakula	/pəˈkulə/
pakulski	/pəˈkʌlski/
pal	/ˈpæl/
pal's	/ˈpælz/
palace	/ˈpæləs/
palace's	/ˈpæləsəz/
palaces	/ˈpæləsəz/
palacio	/pəˈleɪsioʊ/
palacios	/pɑlɑˈsioʊz/
paladin	/ˈpælədɪn/
paladino	/pɑlɑˈdinoʊ/
palafox	/ˈpæləˌfɑks/
palais	/pəˈleɪ/
palance	/ˈpæləns/
palansky	/pəˈlænski/
palardy	/pəˈlɑɹdi/
palash	/pəˈlæʃ/
palatability	/ˌpælətəˈbɪləti/
palatable	/ˈpælətəbəl/
palate	/ˈpælət/
palates	/ˈpæləts/
palatial	/pəˈleɪʃəl/
palatine	/ˈpæləˌtaɪn/
palau	/ˈpælaʊ/
palau's	/pəˈlaʊuz/
palauans	/pəˈlaʊənz/
palay	/ˈpeɪˌleɪ/
palazina	/ˌpæləˈzinə/
palazzi	/pɑˈlɑtsi/
palazzo	/pəˈlɑzoʊ/
palazzola	/pɑlɑtˈsoʊlə/
palazzolo	/pɑlɑtˈsoʊloʊ/
palca	/ˈpælkə/
palca's	/ˈpælkəz/
palco	/ˈpælkoʊ/
paldon	/ˈpɑldən/
pale	/ˈpeɪl/
palecek	/ˈpɑlɪtʃɛk/
paled	/ˈpeɪld/
palen	/ˈpælən/
paleo	/ˈpeɪlioʊ/
paleobotany	/ˌpeɪlioʊˈbɑtəni/
paleocene	/ˈpeɪliəˌsin/
paleontologist	/ˌpeɪliənˈtɑlədʒɪst/
paleontologists	/ˌpeɪliənˈtɑlədʒɪsts/
paleontology	/ˌpeɪliənˈtɑlədʒi/
paleozoic	/ˌpeɪliəˈzoʊɪk/
palermo	/pəˈlɛɹmoʊ/
pales	/ˈpeɪlz/
palese	/pɑˈleɪzi/
palest	/ˈpeɪləst/
palestine	/ˈpæləˌstaɪn/
palestinian	/ˌpælɪˈstɪniən/
palestinian's	/ˌpælɪˈstɪniənz/
palestinians	/ˌpælɪˈstɪniənz/
palestinians'	/ˌpæləˈstɪniənz/
palette	/ˈpælət/
paley	/ˈpeɪli/
palfrey	/ˈpælfɹi/
palimony	/ˈpælɪˌmoʊni/
palimpsest	/ˈpælɪˌsɛst/
palin	/ˈpælɪn/
palinkas	/ˈpælɪŋkəz/
palisade	/ˌpælɪˈseɪd/
palisades	/ˌpælɪˈseɪdz/
palka	/ˈpælkə/
palkar	/ˈpælkɑɹ/
palko	/ˈpælkoʊ/
palkovic	/pəlˈkɑvɪk/
pall	/ˈpɑl/
palla	/ˈpælə/
palladino	/pɑlɑˈdinoʊ/
palladium	/pəˈleɪdiəm/
pallante	/pɑˈlɑnti/
pallas	/ˈpæləs/
paller	/ˈpælɚ/
palleschi	/pɑˈlɛski/
pallet	/ˈpælət/
pallets	/ˈpæləts/
pallett	/ˈpælət/
palliative	/ˈpæliətɪv/
palliatives	/ˈpæliətɪvz/
pallid	/ˈpæləd/
pallidotomy	/ˌpælɪˈdɔtəmi/
pallo	/ˈpæloʊ/
pallone	/pɑˈloʊni/
palm	/ˈpɑm/
palm-springs	/ˈpɑmspɹɪŋz/
palma	/ˈpɑlmə/
palma's	/ˈpɑlməz/
palmateer	/ˈpælmətɪɹ/
palmatier	/ˈpælmətiɚ/
palmdale	/ˈpɑmˌdeɪl/
palmdale's	/ˈpɑmˌdeɪlz/
palme	/ˈpɑm/
palmer	/ˈpɑmɚ/
palmer's	/ˈpɑmɚz/
palmeri	/pɑlˈmɛɹi/
palmerino	/ˌpɔlmɛˈɹinoʊ/
palmero	/pɑlˈmɛɹoʊ/
palmerton	/ˈpɑmɚtən/
palmertree	/ˈpɑmɚˌtɹi/
palmetto	/pælˈmɛtoʊ/
palmgren	/ˈpælmɡɹɛn/
palmieri	/ˌpɔlmiˈɛɹi/
palminteri	/ˌpɔlmɪnˈtɛɹi/
palmira	/pɑlˈmɪɹə/
palmisano	/pɑlmiˈsɑnoʊ/
palmist	/ˈpɑmɪst/
palmistry	/ˈpɑmɪstɹi/
palmists	/ˈpɑmɪsts/
palmiter	/ˈpælmaɪtɚ/
palmitic	/pælˈmɪtɪk/
palmolive	/pɑlˈmɑlɪv/
palmore	/ˈpælmɔɹ/
palmquist	/ˈpælmkwɪst/
palms	/ˈpɑmz/
palmstierna	/ˌpɔlmstiˈɛɹnə/
palo	/ˈpæloʊ/
palo-alto	/ˈpæloʊˈæltoʊ/
paloma	/pɑˈloʊmə/
palomar	/ˈpæləmɑɹ/
palomares	/pɑloʊˈmɑɹɛs/
palomba	/pɑˈloʊmbə/
palombi	/pəˈlɑmbi/
palombo	/pəˈlɑmboʊ/
palometa	/pɑloʊˈmɛtə/
palomino	/ˌpæləˈminoʊ/
palomita	/pɑloʊˈmitə/
palomo	/pɑˈloʊmoʊ/
palone	/pəˈloʊn/
palonius	/pəˈloʊniəs/
palos	/ˈpɑloʊz/
palpable	/ˈpælpəbəl/
palpably	/ˈpælpəbli/
palpitate	/ˈpælpəteɪt/
palpitated	/ˈpælpəteɪtɪd/
palpitates	/ˈpælpəteɪts/
palpitating	/ˈpælpəteɪtɪŋ/
palpitation	/ˌpælpəˈteɪʃən/
palpitations	/ˌpælpɪˈteɪʃənz/
pals	/ˈpælz/
palsy	/ˈpɔlzi/
palton	/ˈpɔltən/
paltry	/ˈpɔltɹi/
paltz	/ˈpɔlts/
paluch	/ˈpælək/
paluck	/ˈpælək/
palumbo	/pəˈlʌmboʊ/
paluzzi	/pɑˈlutsi/
pam	/ˈpæm/
pam's	/ˈpæmz/
pamacho	/pəˈmɑtʃoʊ/
pamby	/ˈpæmbi/
pamela	/ˈpæmələ/
pamela's	/ˈpæmələz/
pamelina	/pɑmɛˈlinə/
pamella	/pəˈmɛlə/
pamer	/ˈpeɪmɚ/
pammy	/ˈpæmi/
pamour	/ˈpæmɔɹ/
pampas	/ˈpæmpəz/
pampel	/ˈpæmpəl/
pamper	/ˈpæmpɚ/
pampered	/ˈpæmpɚd/
pamperin	/ˈpæmpɚɪn/
pampering	/ˈpæmpɚɪŋ/
pampers	/ˈpæmpɚz/
pamphlet	/ˈpæmflət/
pamphleteer	/ˌpæmfləˈtɪɹ/
pamphleteers	/ˌpæmfləˈtɪɹz/
pamphlets	/ˈpæmfləts/
pamplin	/ˈpæmplɪn/
pamplona	/pæmˈploʊnə/
pan	/ˈpæn/
pan's	/ˈpænz/
panacea	/ˌpænəˈsiə/
panache	/pəˈnɑʃ/
panaco	/ˈpænəkoʊ/
panagopoulos	/pænəˈɡɑpəlɪs/
panagos	/pɑˈnɑɡoʊz/
panam	/ˌpæˈnæm/
panama	/ˈpænəˌmɑ/
panama's	/ˈpænəˌmɑz/
panamanian	/ˌpænəˈmeɪniən/
panamanians	/ˌpænəˈmeɪniənz/
panamsat	/pəˈnæmsæt/
panaro	/pɑˈnɑɹoʊ/
panas	/ˈpænəz/
panasonic	/ˌpænəˈsɑnɪk/
pancake	/ˈpænˌkeɪk/
pancaked	/ˈpænˌkeɪkt/
pancakes	/ˈpænˌkeɪks/
pancanadian	/ˌpæŋkəˈneɪdiən/
pancer	/ˈpænsɚ/
panchen	/ˌpɑnˈtʃɛn/
pancho	/ˈpæntʃoʊ/
panciera	/pɑnˈtʃɪɹə/
pancoast	/ˈpænˌkoʊst/
pancontinental	/ˈpænˌkɑntəˈnɛntəl/
pancreas	/ˈpænkɹiəs/
pancreatic	/ˌpænkɹiˈætɪk/
panda	/ˈpændə/
pandanus	/pænˈdeɪnəs/
pandas	/ˈpændəz/
pandemic	/pænˈdɛmɪk/
pandemonium	/ˌpændɪˈmoʊniəm/
pander	/ˈpændɚ/
pandered	/ˈpændɚd/
pandering	/ˈpændɚɪŋ/
pandey	/ˈpɑnˌdeɪ/
pandick	/ˈpænˌdɪk/
pandit	/ˈpʌndət/
pando	/ˈpɑndoʊ/
pandolfi	/pɑnˈdoʊlfi/
pandolfo	/pɑnˈdoʊlfoʊ/
pandora	/pænˈdɔɹə/
pandora's	/pænˈdɔɹəz/
pandy	/ˈpændi/
pandya	/ˈpɑndjə/
pane	/ˈpeɪn/
panebianco	/pɑnɛbiˈɑnkoʊ/
panek	/ˈpænɪk/
panel	/ˈpænəl/
panel's	/ˈpænəlz/
paneled	/ˈpænəld/
paneling	/ˈpænəlɪŋ/
panelist	/ˈpænələst/
panelists	/ˈpænəlɪsts/
panelization	/ˈpænələˈzeɪʃən/
panelize	/ˈpænəˌlaɪz/
panelized	/ˈpænəˌlaɪzd/
panella	/pəˈnɛlə/
panels	/ˈpænəlz/
panels'	/ˈpænəlz/
panem	/ˈpeɪnəm/
panepinto	/pɑnɛˈpintoʊ/
panes	/ˈpeɪnz/
panetta	/pəˈnɛtə/
panetta's	/pəˈnɛtəz/
panfida	/ˌpænˈfidə/
panfil	/ˈpænfɪl/
panfile	/ˈpænˈfaɪl/
panful	/ˈpænfəl/
panfuls	/ˈpænfəlz/
pang	/ˈpæŋ/
pangallo	/pɑŋˈɡɑloʊ/
pangborn	/ˈpæŋˌbɔɹn/
pangburn	/ˈpæŋˌbɝn/
pangels	/ˌpæŋˈɡɛlz/
pangle	/ˈpæŋɡəl/
pangloss	/ˈpænˌɡlɑs/
pangs	/ˈpæŋz/
panhandle	/ˈpænˌhændəl/
panhandle's	/ˈpænˌhændəlz/
panhandler	/ˈpænˌhændlɚ/
panhandlers	/ˈpænˌhændlɚz/
panhandling	/ˈpænˌhændlɪŋ/
paniagua	/pɑniˈɑɡə/
panic	/ˈpænɪk/
panic's	/ˈpænɪks/
paniccia	/pɑˈnitʃə/
panicked	/ˈpænɪkt/
panicking	/ˈpænɪkɪŋ/
panicky	/ˈpænɪki/
panico	/pɑˈnikoʊ/
panics	/ˈpænɪks/
panik	/ˈpænɪk/
panini	/pəˈniˌni/
pankau	/ˈpæŋkaʊ/
pankey	/ˈpænˌki/
pankki	/ˈpæŋki/
panko	/ˈpæŋkoʊ/
pankonin	/ˈpæŋkənɪn/
pankow	/ˈpæŋkoʊ/
pankratz	/ˈpæŋkɹəts/
panky	/ˈpæŋki/
panmunjom	/ˌpænmunˈdʒɔm/
panmure	/ˈpænˌmʊɹ/
panned	/ˈpænd/
pannell	/ˈpænəl/
pannier	/ˈpæniɚ/
pannill	/ˈpænɪl/
pannill's	/ˈpænɪlz/
panning	/ˈpænɪŋ/
pannone	/pɑˈnoʊni/
pannu	/ˈpɑnu/
pannullo	/pɑˈnuloʊ/
panny	/ˈpæni/
panoply	/ˈpænɑpli/
panopolys	/pəˈnɑpəliz/
panora	/pəˈnɔɹə/
panorama	/ˌpænɚˈæmə/
panoramic	/ˌpænɚˈæmɪk/
panos	/ˈpɑnoʊs/
panoz	/ˈpænɑz/
panozzo	/pəˈnɑzoʊ/
panphila	/ˈpænfɪlə/
pans	/ˈpænz/
pansies	/ˈpænziz/
pansophic	/ˈpænsəfɪk/
pansy	/ˈpænzi/
pant	/ˈpænt/
pantaleo	/pɑnˈtɑlioʊ/
pantalone	/ˈpæntəˌloʊn/
pantaloon	/ˈpæntəˌlun/
pantaloons	/ˈpæntəˌlunz/
pantano	/pɑnˈtɑnoʊ/
panted	/ˈpæntɪd/
pantel	/pɑnˈtɛl/
panter	/ˈpæntɚ/
pantera	/pænˈtɛɹə/
pantera's	/pɑnˈtɛɹəz/
pantex	/ˈpæntɛks/
panthea	/ˈpænθiə/
pantheistic	/ˌpænθiˈɪstɪk/
pantheon	/ˈpænθiˌɑn/
panther	/ˈpænθɚ/
panther's	/ˈpænθɚz/
panthers	/ˈpænθɚz/
panthers'	/ˈpænθɚz/
panties	/ˈpæntiz/
panting	/ˈpæntɪŋ/
pantle	/ˈpæntəl/
pantoja	/pɑnˈtoʊjə/
pantomime	/ˈpæntəˌmaɪm/
panton	/ˈpæntən/
pantry	/ˈpæntɹi/
pants	/ˈpænts/
pantsuit	/ˈpæntˌsut/
pantsuits	/ˈpæntˌsuts/
pantuso	/pɑnˈtusoʊ/
panty	/ˈpænti/
pantyhose	/ˈpæntiˌhoʊz/
panza	/ˈpænzə/
panzarella	/pɑnzɑˈɹɛlə/
panzer	/ˈpænzɚ/
panzhihua	/ˌpænzɪhˈjuə/
panzica	/ˈpænzɪkə/
pao	/ˈpaʊ/
pao's	/ˈpaʊz/
paolella	/pɑoʊˈlɛlə/
paoletti	/pɑoʊˈlɛti/
paoli	/ˈpaʊli/
paolillo	/pɑoʊˈlɪloʊ/
paolini	/pɑoʊˈlini/
paolino	/pɑoʊˈlinoʊ/
paolo	/ˈpaʊloʊ/
paolucci	/pɑoʊˈlutʃi/
paone	/ˈpeɪˌoʊn/
paonessa	/pɑoʊˈnɛsə/
pap	/ˈpæp/
papa	/ˈpɑˌpʌ/
papa's	/ˈpɑˌpɑz/
papacy	/ˈpeɪpəsi/
papadakis	/pɑpɑˈdɑkɪs/
papadopoulos	/ˌpæpəˈdɑpələs/
papageorge	/ˌpæpəˈdʒɔɹdʒ/
papago	/ˈpɑpəˌɡoʊ/
papal	/ˈpeɪpəl/
papale	/pɑˈpɑli/
papaleo	/pɑpeɪˈliə/
papalia	/pɑˈpɑliə/
papandrea	/pɑˈpɑndɹiə/
papandreou	/pəˈpændɹiˌu/
papania	/pɑˈpɑniə/
paparazzi	/ˌpɑpɑˈɹɔˌzi/
paparazzi's	/ˌpɑpɑˈɹɔˌziz/
paparazzis	/ˌpɑpɑˈɹɔˌziz/
paparella	/pɑpɑˈɹɛlə/
papas	/ˈpɑpəz/
papaw	/ˈpɔpɔ/
papay	/ˈpæpeɪ/
papaya	/pəˈpaɪə/
papayas	/pəˈpaɪəz/
papazian	/pəˈpeɪziən/
pape	/ˈpeɪp/
papenfuss	/ˈpæpənˌfʌs/
paper	/ˈpeɪpɚ/
paper's	/ˈpeɪpɚz/
paperazzi	/ˈpæpəˌɹɑtˌsi/
paperback	/ˈpeɪpɚˌbæk/
paperbacks	/ˈpeɪpɚˌbæks/
paperboard	/ˈpeɪpɚˌbɔɹd/
paperboy	/ˈpeɪpɚˌbɔj/
paperboy's	/ˈpeɪpɚˌbɔjz/
paperboys	/ˈpeɪpɚˌbɔjz/
papered	/ˈpeɪpɚd/
papering	/ˈpeɪpɚɪŋ/
paperless	/ˈpeɪpɚləs/
papermaking	/ˈpæpɚˌmeɪkɪŋ/
papermate	/ˈpeɪpɚˌmeɪt/
papernick	/ˈpeɪpɚˌnɪk/
papers	/ˈpeɪpɚz/
papers'	/ˈpeɪpɚz/
paperweight	/ˈpeɪpɚˌweɪt/
paperwork	/ˈpeɪpɚˌwɝk/
paperworker	/ˈpeɪpɚˌwɝkɚ/
paperworkers	/ˈpeɪpɚˌwɝkɚz/
papery	/ˈpeɪpɚi/
papesh	/ˈpæpɪʃ/
papier	/ˈpeɪpjɚ/
papier-mache	/ˈpeɪpɚməˈʃeɪ/
papillion	/pəˈpɪljən/
papilloma	/ˌpæpɪˈloʊmə/
papin	/pɑˈpin/
papineau	/ˈpæpɪˌnoʊ/
papini	/pɑˈpini/
papke	/ˈpeɪpk/
papo	/pæˈpoʊ/
papon	/ˈpæpɔn/
papon's	/ˈpæpɔnz/
papp	/ˈpæp/
pappa	/ˈpæpə/
pappadio	/pəˈpeɪdioʊ/
pappalardo	/pɑpɑˈlɑɹdoʊ/
pappas	/ˈpæpəs/
pappert	/ˈpæpɚt/
paprika	/pæˈpɹikə/
paprocki	/pəˈpɹoʊtski/
papson	/ˈpæpsən/
papua	/ˈpæpjuə/
paque	/ˈpæk/
paquet	/ˈpɑkeɪt/
paquette	/pəˈkɛt/
paquin	/ˈpækwɪn/
par	/ˈpɑɹ/
par's	/ˈpɑɹz/
para	/ˈpɛɹə/
parable	/ˈpɛɹəbəl/
parables	/ˈpɛɹəbəlz/
parabola	/pɚˈæbələ/
parabolic	/ˌpɛɹəˈbɑlɪk/
parachute	/ˈpɛɹəˌʃut/
parachuted	/ˈpɛɹəˌʃutɪd/
parachutes	/ˈpɛɹəˌʃuts/
parachuting	/ˈpɛɹəˌʃutɪŋ/
parada	/pɚˈædə/
parade	/pɚˈeɪd/
paraded	/pɚˈeɪdɪd/
paradee	/ˈpɛɹədi/
parades	/pɚˈeɪdz/
paradigm	/ˈpɛɹəˌdaɪm/
paradigms	/ˈpɛɹəˌdaɪmz/
parading	/pɚˈeɪdɪŋ/
paradis	/pɚˈædɪs/
paradise	/ˈpɛɹəˌdaɪs/
paradiso	/pɚəˈdisoʊ/
parador	/ˈpɛɹəˌdɔɹ/
paradowski	/pɚəˈdɔfski/
paradox	/ˈpɛɹəˌdɑks/
paradoxes	/ˈpɛɹəˌdɑksɪz/
paradoxical	/ˌpɛɹəˈdɑksɪkəl/
paradoxically	/ˌpɛɹəˈdɑksəkli/
parady	/pɚˈædi/
paradyne	/ˈpɛɹəˌdaɪn/
paradyne's	/ˈpɛɹəˌdaɪnz/
paraffin	/ˈpɛɹəfən/
parag	/pɚˈɑɡ/
paraglide	/ˈpɛɹəˌɡlaɪd/
paragon	/ˈpɛɹəˌɡɑn/
paragraph	/ˈpæɹəˌɡɹæf/
paragraphs	/ˈpæɹəˌɡɹæfs/
paraguay	/ˈpɛɹəˌɡweɪ/
paraguayan	/ˌpɛɹəˈɡwaɪən/
parakeet	/ˈpɛɹəˌkit/
parakeets	/ˈpɛɹəˌkits/
paralegal	/ˌpɛɹəˈliɡəl/
paralegals	/ˌpɛɹəˈliɡəlz/
parallax	/ˈpɛɹəˌlæks/
parallel	/ˈpɛɹəˌlɛl/
paralleled	/ˈpɛɹəˌlɛld/
paralleling	/ˈpɛɹəˌlɛlɪŋ/
parallelism	/ˈpɛɹəˌlɛˌlɪzəm/
parallels	/ˈpɛɹəˌlɛlz/
paralympic	/ˌpɛɹəˈlɪmpɪk/
paralysis	/pɚˈæləsəs/
paralytic	/ˌpɛɹəˈlɪtɪk/
paralyze	/ˈpɛɹəˌlaɪz/
paralyzed	/ˈpɛɹəˌlaɪzd/
paralyzes	/ˈpɛɹəˌlaɪzɪz/
paralyzing	/ˈpɛɹəˌlaɪzɪŋ/
paramagnetic	/ˌpæɹəˌmæɡˈnɛtɪk/
paramax	/ˈpɛɹəmæks/
paramecium	/ˌpɛɹəˈmisiəm/
paramedic	/ˌpɛɹəˈmɛdɪk/
paramedics	/ˌpɛɹəˈmɛdɪks/
parameter	/pɚˈæmətɚ/
parameters	/pɚˈæmətɚz/
parametric	/ˌpɛɹəˈmɛtɹɪk/
paramilitaries	/ˌpɛɹəˈmɪləˌtɛɹiz/
paramilitary	/ˌpɛɹəˈmɪləˌtɛɹi/
paramo	/pɚˈæmoʊ/
paramonova	/ˌpɛɹəməˈnoʊvə/
paramore	/ˈpɛəˈmɔɹ/
paramount	/ˈpɛɹəˌmaʊnt/
paramount's	/ˈpɛɹəˌmaʊnts/
paramus	/pɚˈæməs/
parana	/pɚˈɑnə/
paranoia	/ˌpɛɹəˈnɔɪə/
paranoiac	/ˌpɛɹəˈnɔɪˌæk/
paranoid	/ˈpɛɹəˌnɔɪd/
paranormal	/pɛɹəˈnɔɹməl/
parapet	/ˈpɛɹəˌpɛt/
paraphernalia	/ˌpɛɹəfəˈneɪljə/
paraphrase	/ˈpɛɹəˌfɹeɪz/
paraphrasing	/ˈpɛɹəˌfɹeɪzɪŋ/
paraplegia	/ˌpɛɹəˈplidʒiə/
paraplegic	/ˌpɛɹəˈplɛɡɪk/
parasite	/ˈpɛɹəˌsaɪt/
parasites	/ˈpɛɹəˌsaɪts/
parasitic	/ˌpɛɹəˈsɪtɪk/
parasympathetic	/ˌpɛɹəˌsɪmpəˈθɛtɪk/
paratore	/pɚəˈtɔɹi/
paratroop	/ˈpɛɹəˌtɹup/
paratrooper	/ˈpɛɹəˌtɹupɚ/
paratroopers	/ˈpɛɹəˌtɹupɚz/
paratroops	/ˈpɛɹəˌtɹups/
parazoa	/ˌpɛɹəˈzoʊə/
parboil	/ˈpɑɹˌbɔɪl/
parboiling	/ˈpɑɹˌbɔɪlɪŋ/
parc	/ˈpɑɹk/
parcel	/ˈpɑɹsəl/
parceled	/ˈpɑɹsəld/
parceling	/ˈpɑɹsəlɪŋ/
parcell	/pɑɹˈseɪl/
parcells	/ˈpɑɹsəlz/
parcels	/ˈpɑɹsəlz/
parch	/ˈpɑɹtʃ/
parched	/ˈpɑɹtʃt/
parcher	/ˈpɑɹtʃɚ/
parchman	/ˈpɑɹkmən/
parchment	/ˈpɑɹtʃmənt/
parchmentlike	/ˈpɑɹtʃməntˌlaɪk/
parcplace	/ˈpɑɹkˌpleɪs/
parde	/ˈpɑɹd/
pardee	/ˈpɑɹdi/
parden	/ˈpɑɹdən/
pardi	/ˈpɑɹdi/
pardini	/pɑɹˈdini/
pardo	/ˈpɑɹdoʊ/
pardoe	/ˈpɑɹˌdoʊ/
pardon	/ˈpɑɹdən/
pardoned	/ˈpɑɹdənd/
pardoning	/ˈpɑɹdənɪŋ/
pardons	/ˈpɑɹdənz/
pardue	/ˈpɑɹˌdu/
pardus	/ˈpɑɹdəs/
pardy	/ˈpɑɹdi/
pare	/ˈpɛɹ/
pared	/ˈpɛɹd/
paredes	/pɑˈɹeɪdɛs/
paredez	/pɑˈɹeɪdɛz/
paredis	/ˈpɛɹəˌdɪs/
paredo	/pəˈɹeɪdoʊ/
parekh	/ˈpɑɹɪk/
parella	/pɑˈɹɛlə/
parent	/ˈpɛɹənt/
parent's	/ˈpɛɹənts/
parentage	/ˈpɛɹəntədʒ/
parental	/pɚˈɛntəl/
parente	/pɑˈɹɛnti/
parenteau	/pɑˈɹɛntoʊ/
parentheses	/pɚˈɛnθəˌsiz/
parenthesis	/pɚˈɛnθəsɪs/
parenthetical	/pɚɛnˈθɛtɪkəl/
parenthetically	/pɚɛnˈθɛtɪkəli/
parenthood	/ˈpɛɹəntˌhʊd/
parenti	/pɑˈɹɛnti/
parenting	/ˈpɛɹəntɪŋ/
parents	/ˈpɛɹənts/
parents'	/ˈpɛɹənts/
pares	/ˈpɛɹz/
pareti	/ˌpɛˈɹɛti/
pareto	/ˌpɑˈɹɛtoʊ/
paretti	/ˌpɛˈɹɛti/
parfait	/ˌpɑɹˈfeɪ/
parfaits	/ˌpɑɹˈfeɪz/
parfitt	/ˈpɑɹfɪt/
parfums	/pɚfˈjumz/
parga	/ˈpɑɹɡə/
pargesa	/pɑɹˈdʒɛsə/
parham	/ˈpɑɹhəm/
pariagua	/pɑɹiˈɑɡwə/
pariah	/pɚˈaɪə/
pariahs	/pɚˈaɪəz/
paribas	/pɛˈɹibəs/
paribas's	/pɛˈɹibəsɪz/
parietal	/pɚˈaɪətəl/
parikh	/ˈpæɹɪk/
parillo	/pɑˈɹɪloʊ/
parimutuel	/ˌpɛɹɪmˈjutʃuəl/
paring	/ˈpɛɹɪŋ/
paris	/ˈpɛɹɪs/
paris'	/ˈpɛɹɪs/
paris's	/ˈpɛɹɪsɪz/
parise	/ˈpɑɹaɪz/
pariseau	/ˈpæɹɪsoʊ/
parish	/ˈpæɹɪʃ/
parishes	/ˈpæɹɪʃɪz/
parishioner	/pɚˈɪʃənɚ/
parishioners	/pɚˈɪʃənɚz/
parisi	/pɑˈɹisi/
parisian	/pɚˈɪʒən/
parisians	/pɚˈɪsiənz/
parisienne	/pɚˈɪsiˌɛn/
parities	/ˈpɛɹətiz/
parity	/ˈpɛɹəti/
parizeau	/ˈpɛɹɪˌzoʊ/
parizek	/pɚˈɪzɛk/
parizo	/pɑˈɹizoʊ/
park	/ˈpɑɹk/
park's	/ˈpɑɹks/
parka	/ˈpɑɹkə/
parkas	/ˈpɑɹkəz/
parke	/ˈpɑɹk/
parked	/ˈpɑɹkt/
parker	/ˈpɑɹkɚ/
parker's	/ˈpɑɹkɚz/
parkers	/ˈpɑɹkɚz/
parkersburg	/ˈpɑɹkɚzbɚɡ/
parkerson	/ˈpɑɹkɚsən/
parkes	/ˈpɑɹks/
parkey	/ˈpɑɹˌki/
parkfield	/ˈpɑɹkfild/
parkhill	/ˈpɑɹkˌhɪl/
parkhurst	/ˈpɑɹkhɚst/
parkin	/ˈpɑɹkɪn/
parking	/ˈpɑɹkɪŋ/
parkins	/ˈpɑɹkɪnz/
parkinson	/ˈpɑɹkɪnsən/
parkinson's	/ˈpɑɹkɪnsənz/
parkinsonism	/ˈpɑɹkɪnsəˌnɪzɪm/
parkison	/ˈpɑɹkɪsən/
parkland	/ˈpɑɹˌklænd/
parkman	/ˈpɑɹkmən/
parks	/ˈpɑɹks/
parks'	/ˈpɑɹks/
parkside	/ˈpɑɹkˌsaɪd/
parkway	/ˈpɑɹˌkweɪ/
parlance	/ˈpɑɹləns/
parlato	/pɑɹˈlɑtoʊ/
parlay	/ˈpɑɹleɪ/
parlayed	/ˈpɑɹˌleɪd/
parlaying	/ˈpɑɹleɪɪŋ/
parlays	/ˈpɑɹleɪz/
parlee	/ˈpɑɹˌli/
parler	/ˈpɑɹlɚ/
parlett	/ˈpɑɹlɪt/
parlette	/ˌpɑɹˈlɛt/
parley	/ˈpɑɹli/
parliament	/ˈpɑɹləmənt/
parliament's	/ˈpɑɹləmənts/
parliamentarian	/ˌpɑɹləmənˈtɛɹiən/
parliamentarianism	/ˌpɑɹləmənˈtɛɹiənɪzəm/
parliamentarians	/ˌpɑɹləmɛnˈtɛɹiənz/
parliamentary	/ˌpɑɹləˈmɛntɚi/
parliaments	/ˈpɑɹləmənts/
parlier	/ˈpɑɹliɚ/
parlin	/ˈpɑɹlɪn/
parlodel	/ˈpɑɹˌloʊˌdɛl/
parlor	/ˈpɑɹlɚ/
parlors	/ˈpɑɹlɚz/
parlour	/ˈpɑɹlɚ/
parlow	/ˈpɑɹˌloʊ/
parma	/ˈpɑɹmə/
parmalat	/ˈpɑɹməˌlæt/
parman	/ˈpɑɹmən/
parmar	/ˈpɑɹˌmɑɹ/
parmele	/pɑɹˈmɛli/
parmelee	/ˈpɑɹmɪli/
parmenter	/ˈpɑɹməntɚ/
parmentier	/ˈpɑɹməntiɚ/
parmer	/ˈpɑɹmɚ/
parmesan	/ˈpɑɹməˌzɑn/
parmeter	/ˈpɑɹmɪtɚ/
parmley	/ˈpɑɹmli/
parnassus	/ˌpɑɹˈnæsəs/
parnell	/ˈpɑɹnəl/
parnella	/pɑɹˈnɛlə/
parnes	/ˈpɑɹnz/
parness	/ˈpɑɹnəs/
paro	/ˈpɑɹoʊ/
parochial	/pɚˈoʊkiəl/
parochialism	/pɚˈoʊkiəˌlɪzəm/
parodi	/pɑˈɹoʊdi/
parodied	/ˈpɛɹədid/
parodies	/ˈpɛɹədiz/
parodist	/ˈpæɹədɪst/
parody	/ˈpɛɹədi/
parole	/pɚˈoʊl/
paroled	/pɚˈoʊld/
parolee	/pɚˌoʊˈli/
parolees	/pɚˌoʊˈliz/
paroles	/pɚˈoʊlz/
paroling	/pɚˈoʊlɪŋ/
parpart	/ˈpɑɹˌpɑɹt/
parquet	/pɑɹˈkeɪ/
parr	/ˈpɑɹ/
parra	/ˈpɑɹə/
parrack	/ˈpæɹək/
parramore	/pɑˈɹɑmɔɹ/
parras	/ˈpɛɹəz/
parrella	/pɑˈɹɛlə/
parrent	/ˈpɑɹənt/
parrett	/ˈpæɹɪt/
parretti	/pɚˈɛti/
parretti's	/pɚˈɛtis/
parried	/ˈpɛɹid/
parrill	/ˈpæɹəl/
parrilla	/ˌpɑˈɹɪlə/
parrillo	/ˌpɑˈɹɪloʊ/
parrinello	/pɑɹiˈnɛloʊ/
parrino	/ˌpɑˈɹinoʊ/
parriott	/ˈpæɹiət/
parris	/ˈpɛɹɪs/
parrish	/ˈpɛɹɪʃ/
parrishes	/ˈpɛɹɪʃɪz/
parrot	/ˈpɛɹət/
parrots	/ˈpɛɹəts/
parrott	/ˈpɛɹət/
parrotta	/pɑˈɹoʊtə/
parrow	/ˈpæɹoʊ/
parry	/ˈpɛɹi/
pars	/ˈpɑɹz/
parse	/ˈpɑɹs/
parsec	/ˈpɑɹˌsɛk/
parsed	/ˈpɑɹst/
parsefal	/ˈpɑɹsɪfəl/
parsell	/ˈpɑɹsəl/
parser	/ˈpɑɹsɚ/
parsers	/ˈpɑɹsɚz/
parshall	/ˈpɑɹʃəl/
parshley	/ˈpɑɹʃli/
parsi	/ˈpɑɹsi/
parsifal	/ˈpɑɹsɪfəl/
parsimonious	/ˌpɑɹsəˈmoʊniəs/
parsimony	/ˈpɑɹsəˌmoʊni/
parsing	/ˈpɑɹsɪŋ/
parsippany	/pɑɹˈsɪpəni/
parsky	/ˈpɑɹski/
parsley	/ˈpɑɹsli/
parslow	/ˈpɑɹˌsloʊ/
parson	/ˈpɑɹsən/
parsonage	/ˈpɑɹsənɪdʒ/
parsonages	/ˈpɑɹsənɪdʒəz/
parsons	/ˈpɑɹsənz/
parsow	/ˈpɑɹsoʊ/
part	/ˈpɑɹt/
part-time	/ˈpɑɹtˈtaɪm/
part's	/ˈpɑɹts/
partain	/pɑɹˈteɪn/
partake	/pɑɹˈteɪk/
partch	/ˈpɑɹtʃ/
parte	/ˈpɑɹt/
partecipazioni	/ˌpɑɹˌtɛsɪˌpæziˈoʊni/
parted	/ˈpɑɹtɪd/
partee	/ˈpɑɹˈti/
parten	/ˈpɑɹtən/
partenope	/ˈpɑɹtəˌnoʊp/
parthenia	/pɑɹˈθɛniə/
parthenogenetic	/ˌpɑɹθənoʊdʒəˈnɛtɪk/
parthenon	/ˈpɑɹθəˌnɑn/
parthian	/ˈpɑɹθiən/
parti	/ˈpɑɹti/
partial	/ˈpɑɹʃəl/
partiality	/ˌpɑɹʃiˈæləti/
partially	/ˈpɑɹʃəli/
participant	/pɑɹˈtɪsəpənt/
participants	/pɑɹˈtɪsəpənts/
participants'	/pɑɹˈtɪsəpənts/
participate	/pɑɹˈtɪsəˌpeɪt/
participated	/pɑɹˈtɪsəˌpeɪtɪd/
participates	/pɑɹˈtɪsəˌpeɪts/
participating	/pɑɹˈtɪsəˌpeɪtɪŋ/
participation	/pɑɹˌtɪsəˈpeɪʃən/
participations	/pɑɹˌtɪsəˈpeɪʃənz/
participative	/ˌpɑɹˈtɪsəpətɪv/
participatory	/ˌpɑɹˈtɪsəpəˌtɔɹi/
participle	/ˈpɑɹtɪˌsɪpəl/
participles	/ˈpɑɹtɪˌsɪpəlz/
particle	/ˈpɑɹtəkəl/
particles	/ˈpɑɹtəkəlz/
particular	/pɚˈtɪkjəlɚ/
particularity	/pɚˌtɪkjəˈlæɹəti/
particularly	/ˌpɑɹˈtɪkjəlɚli/
particulars	/pɚˈtɪkjəlɚz/
particulate	/pɚˈtɪkjələt/
particulates	/ˌpɑɹˈtɪkjələts/
partida	/pɑɹˈtidə/
partido	/pɑɹˈtidoʊ/
partied	/ˈpɑɹtid/
parties	/ˈpɑɹtiz/
parties'	/ˈpɑɹtiz/
partin	/ˈpɑɹtɪn/
parting	/ˈpɑɹtɪŋ/
partington	/ˈpɑɹtɪŋtən/
partisan	/ˈpɑɹtəzən/
partisaned	/ˈpɑɹtəzənd/
partisans	/ˈpɑɹtəzənz/
partisanship	/ˈpɑɹtəzənˌʃɪp/
partition	/pɑɹˈtɪʃən/
partitioned	/pɑɹˈtɪʃənd/
partitioning	/pɑɹˈtɪʃənɪŋ/
partitions	/pɑɹˈtɪʃənz/
partlow	/ˈpɑɹtˌloʊ/
partly	/ˈpɑɹtli/
partner	/ˈpɑɹtnɚ/
partner's	/ˈpɑɹtnɚz/
partnered	/ˈpɑɹtnɚd/
partnering	/ˈpɑɹtnɚɪŋ/
partners	/ˈpɑɹtnɚz/
partners'	/ˈpɑɹtnɚz/
partnership	/ˈpɑɹtnɚˌʃɪp/
partnership's	/ˈpɑɹtnɚˌʃɪps/
partnerships	/ˈpɑɹtnɚˌʃɪps/
partnerships'	/ˈpɑɹtnɚʃɪps/
partney	/ˈpɑɹtni/
parton	/ˈpɑɹtən/
partridge	/ˈpɑɹtɹədʒ/
partridges	/ˈpɑɹtɹɪdʒɪz/
parts	/ˈpɑɹts/
parts'	/ˈpɑɹts/
parttime	/ˈpɑɹtˌtaɪm/
partum	/ˈpɑɹtəm/
party	/ˈpɑɹti/
party's	/ˈpɑɹtiz/
partying	/ˈpɑɹtiɪŋ/
partyka	/pɚˈtɪkə/
parvin	/ˈpɑɹvɪn/
pary	/ˈpɑɹi/
parziale	/ˌpɑɹziˈɑli/
parzych	/ˈpɑɹzɪh/
pas	/ˈpɑz/
pas-de-deux	/ˈpɑdəˈdu/
pasadena	/ˌpæsəˈdinɚ/
pascagoula	/ˌpæskəˈɡulə/
pascal	/pæˈskæl/
pascale	/pæˈskæl/
pascarella	/pɑskɑˈɹɛlə/
pascarelli	/pɑskɑˈɹɛli/
pasch	/ˈpæsk/
paschal	/ˈpæʃəl/
paschall	/ˈpæʃəl/
paschen	/ˈpæʃən/
paschke	/ˈpæʃk/
pasco	/ˈpɑskoʊ/
pascoe	/ˈpæskoʊ/
pascua	/pɑˈskuə/
pascual	/ˈpæskuəl/
pascucci	/pɑˈskutʃi/
pascutto	/pəskˈjutoʊ/
pascuzzi	/pɑˈskutsi/
pasek	/ˈpɑsɛk/
paseo	/pɑˈseɪˌoʊ/
pash	/ˈpæʃ/
pasha	/pəˈʃɑ/
pashley	/ˈpæʃli/
pasillas	/pɑˈsɪləz/
pasing	/ˈpeɪsɪŋ/
pasion	/pɑˈʒin/
pask	/ˈpæsk/
paske	/ˈpeɪsk/
paskey	/ˈpæski/
pasko	/ˈpɑskoʊ/
paslay	/ˈpæsleɪ/
pasley	/ˈpæsli/
pasman	/ˈpæsmən/
paso	/ˈpæsoʊ/
paso's	/ˈpæsoʊz/
pasok	/ˈpɑzɑk/
pasqua	/ˈpɑskwə/
pasquale	/pɑˈskwɑleɪ/
pasquarella	/pɑskwɑˈɹɛlə/
pasquarelli	/pɑskwɑˈɹɛli/
pasquarello	/pɑskwɑˈɹɛloʊ/
pasquariello	/pɑskwɑɹiˈɛloʊ/
pasque	/ˈpæsk/
pasquinelli	/pɑskwiˈnɛli/
pasquini	/pɑˈskwini/
pass	/ˈpæs/
passable	/ˈpæsəbəl/
passably	/ˈpæsəbli/
passafiume	/pɑsɑˈfium/
passage	/ˈpæsədʒ/
passages	/ˈpæsədʒəz/
passageway	/ˈpæsədʒˌweɪ/
passaic	/pəˈseɪɪk/
passalacqua	/ˌpæsəˈlækwə/
passanisi	/pɑsɑˈnisi/
passante	/pɑˈsɑnti/
passantino	/pɑsɑnˈtinoʊ/
passarella	/pɑsɑˈɹɛlə/
passarelli	/pɑsɑˈɹɛli/
passaretti	/pɑsɑˈɹɛti/
passaro	/pɑˈsɑɹoʊ/
passat	/ˈpæsæt/
passbook	/ˈpæsˌbʊk/
passbooks	/ˈpæsˌbʊks/
passe	/ˌpæˈseɪ/
passed	/ˈpæst/
passel	/ˈpæsɪl/
passenger	/ˈpæsəndʒɚ/
passenger's	/ˈpæsəndʒɚz/
passengers	/ˈpæsəndʒɚz/
passengers'	/ˈpæsəndʒɚz/
passer	/ˈpæsɚ/
passerby	/ˈpæsɚbi/
passero	/pɑˈsɛɹoʊ/
passers	/ˈpæsɚz/
passers-by	/ˈpæsɚzˌbaɪ/
passersby	/ˈpæsɚzbi/
passes	/ˈpæsəz/
passey	/ˈpæsi/
passim	/pæˈsim/
passing	/ˈpæsɪŋ/
passino	/pɑˈsinoʊ/
passion	/ˈpæʃən/
passionate	/ˈpæʃənət/
passionately	/ˈpæʃənətli/
passions	/ˈpæʃənz/
passive	/ˈpæsɪv/
passively	/ˈpæsɪvli/
passivity	/pəˈsɪvɪti/
passman	/ˈpæsmən/
passmore	/ˈpɑsmɔɹ/
passon	/ˈpæsən/
passover	/ˈpæˌsoʊvɚ/
passow	/ˈpæsoʊ/
passport	/ˈpæˌspɔɹt/
passports	/ˈpæˌspɔɹts/
password	/ˈpæˌswɝd/
passwords	/ˈpæˌswɝdz/
past	/ˈpæst/
pasta	/ˈpɑstə/
pastas	/ˈpɑstəz/
paste	/ˈpeɪst/
pasted	/ˈpeɪstɪd/
pastel	/pæˈstɛl/
pastels	/pæˈstɛlz/
paster	/ˈpæstɚ/
pasternack	/ˈpæstɚnæk/
pasternak	/ˈpæstɚnæk/
pasternak's	/ˈpæstɚnæks/
pastes	/ˈpeɪsts/
pasteur	/pəˈstuɹ/
pasteurization	/ˌpæstʃɚəˈzeɪʃən/
pasteurize	/ˈpæstʃɚˌaɪz/
pasteurized	/ˈpæstʃɚˌaɪzd/
pasteurizes	/ˈpæstʃɚˌaɪzɪz/
pasteurizing	/ˈpæstʃɚˌaɪzɪŋ/
pastiche	/ˌpæˈstiʃ/
pastiches	/ˌpæˈstiʃəz/
pastime	/ˈpæˌstaɪm/
pastimes	/ˈpæˌstaɪmz/
pasting	/ˈpeɪstɪŋ/
pastor	/ˈpæstɚ/
pastor's	/ˈpæstɚz/
pastora	/pæˈstɔɹə/
pastoral	/ˈpæstɚəl/
pastoralism	/ˈpæstɚəˌlɪzəm/
pastoralize	/ˈpætɚəˌlaɪz/
pastore	/ˈpæˌstɔɹ/
pastorino	/pɑstɔˈɹinoʊ/
pastorius	/ˈpæstɔɹiɪs/
pastors	/ˈpæstɚz/
pastrami	/pəˈstɹɑmi/
pastrana	/pɑˈstɹænə/
pastries	/ˈpeɪstɹiz/
pastry	/ˈpeɪstɹi/
pasts	/ˈpæsts/
pastula	/pɑˈstulə/
pasture	/ˈpæstʃɚ/
pastures	/ˈpæstʃɚz/
paszek	/ˈpɑʃɛk/
paszkiewicz	/ˈpɑʃkəvɪtʃ/
pasztor	/ˈpæstɚ/
pat	/ˈpæt/
pat's	/ˈpæts/
patagonia	/ˌpætəˈɡoʊniə/
patagonian	/ˌpætəˈɡoʊniən/
patak	/ˈpætək/
pataki	/pəˈtɑki/
pataki's	/pəˈtɑkiz/
pataky	/ˈpætəki/
patalano	/pɑtɑˈlɑnoʊ/
patane	/ˈpætən/
patasse	/ˌpɑˈtɑs/
patch	/ˈpætʃ/
patched	/ˈpætʃt/
patchell	/ˈpætʃəl/
patchen	/ˈpætʃən/
patches	/ˈpætʃəz/
patchett	/ˈpætʃɪt/
patchin	/ˈpætʃɪn/
patching	/ˈpætʃɪŋ/
patchwork	/ˈpætʃˌwɝk/
patchworks	/ˈpætʃˌwɝks/
patchy	/ˈpætʃi/
patco	/ˈpætkoʊ/
pate	/ˈpeɪt/
patek	/ˈpɑtɛk/
patel	/pəˈtɛl/
patella	/pəˈtɛlə/
patenaude	/ˈpætɪnoʊd/
patent	/ˈpætənt/
patentable	/ˈpætəntəbəl/
patented	/ˈpætəntɪd/
patenting	/ˈpætəntɪŋ/
patently	/ˈpætəntli/
patents	/ˈpætənts/
pater	/ˈpeɪtɚ/
patera	/pɑˈtɛɹə/
paternal	/pəˈtɝnəl/
paternalism	/pəˈtɝnəˌlɪzəm/
paternalistic	/pəˌtɝnəˈlɪstɪk/
paternity	/pəˈtɝnɪti/
paterno	/pɑˈtɛɹnoʊ/
paternostro	/pɑtɚˈnoʊstɹoʊ/
paterson	/ˈpætɚsən/
pates	/ˈpeɪts/
patese	/pəˈtisi/
patey	/ˈpeɪti/
path	/ˈpæθ/
pathak	/pəˈθɑk/
pathan	/ˈpæθən/
pathans	/ˈpæθənz/
pathe	/ˈpæθ/
pathet-lao	/ˈpæθətˈlaʊ/
pathetic	/pəˈθɛtɪk/
pathetically	/pəˈθɛtɪkəli/
pathfinder	/ˈpæθˌfaɪndɚ/
pathmark	/ˈpæθˌmɑɹk/
pathmark's	/ˈpæθˌmɑɹks/
pathogen	/ˈpæθədʒən/
pathogenesis	/ˌpæθəˈdʒɛnəsɪs/
pathogenic	/ˌpæθəˈdʒɛnɪk/
pathogens	/ˈpæθədʒənz/
pathologic	/ˌpæθəˈlɑdʒɪk/
pathological	/ˌpæθəˈlɑdʒɪkəl/
pathologically	/ˌpæθəˈlɑdʒɪkli/
pathologies	/pəˈθɑlədʒiz/
pathologist	/pəˈθɑlədʒəst/
pathologists	/pəˈθɑlədʒəsts/
pathology	/pəˈθɑlədʒi/
pathos	/ˈpeɪθɑs/
paths	/ˈpæðz/
pathway	/ˈpæθˌweɪ/
pathways	/ˈpæθˌweɪz/
patience	/ˈpeɪʃəns/
patient	/ˈpeɪʃənt/
patient's	/ˈpeɪʃənts/
patiently	/ˈpeɪʃəntli/
patients	/ˈpeɪʃənts/
patients'	/ˈpeɪʃənts/
patillo	/pəˈtɪloʊ/
patin	/ˈpætɪn/
patina	/pəˈtinə/
patinkin	/pəˈtɪŋkɪn/
patino	/pɑˈtinoʊ/
patio	/ˈpætiˌoʊ/
patios	/ˈpætiˌoʊz/
patlan	/ˈpætlən/
patlex	/ˈpætlɛks/
patlex's	/ˈpætlɛksɪz/
patman	/ˈpætmən/
patmore	/ˈpætmɔɹ/
patnaude	/pɑtˈnɔdi/
patnode	/ˈpætˌnoʊd/
patois	/ˌpæˈtwɑ/
paton	/ˈpætən/
patons	/ˈpætənz/
patriarca	/pɑtɹiˈɑɹkə/
patriarch	/ˈpeɪtɹiˌɑɹk/
patriarch's	/ˈpeɪtɹiˌɑɹks/
patriarchal	/ˌpeɪtɹiˈɑɹkəl/
patriarchate	/ˈpeɪtɹiˌɑɹkət/
patriarchs	/ˈpeɪtɹiˌɑɹks/
patriarchy	/ˈpeɪtɹiˌɑɹki/
patrice	/pəˈtɹis/
patricelli	/pɑtɹiˈtʃɛli/
patricia	/pəˈtɹɪʃə/
patrician	/pəˈtɹɪʃən/
patricians	/pəˈtɹɪʃənz/
patricio	/pəˈtɹɪsioʊ/
patrick	/ˈpætɹɪk/
patrick's	/ˈpætɹɪks/
patricks	/ˈpætɹɪks/
patricof	/ˈpætɹɪˌkɔf/
patridge	/ˈpæˌtɹɪdʒ/
patrie	/ˈpætɚi/
patrilineal	/ˌpætɹɪˈlɪniəl/
patrimonial	/ˈpætɹəˌmoʊnjəl/
patrimony	/ˈpætɹəˌmoʊni/
patriot	/ˈpeɪtɹiət/
patriot's	/ˈpeɪtɹiəts/
patriotic	/ˌpeɪtɹiˈɑtɪk/
patriotism	/ˈpeɪtɹiəˌtɪzəm/
patriots	/ˈpeɪtɹiəts/
patristic	/pəˈtɹɪstɪk/
patrizio	/pɑˈtɹizioʊ/
patrol	/pəˈtɹoʊl/
patrol's	/pəˈtɹoʊlz/
patrolled	/pəˈtɹoʊld/
patrolling	/pəˈtɹoʊlɪŋ/
patrolman	/pəˈtɹoʊlˌmæn/
patrolmen	/pətɹoʊlˈmɛn/
patrols	/pəˈtɹoʊlz/
patron	/ˈpeɪtɹən/
patronage	/ˈpætɹənɪdʒ/
patrone	/pɑˈtɹoʊni/
patroness	/ˈpeɪtɹənəs/
patronize	/ˈpeɪtɹəˌnaɪz/
patronized	/ˈpeɪtɹəˌnaɪzd/
patronizes	/ˈpeɪtɹəˌnaɪzəz/
patronizing	/ˈpeɪtɹəˌnaɪzɪŋ/
patrons	/ˈpeɪtɹənz/
patronym	/ˌpætɹəˈnɪm/
patronymic	/ˌpætɹəˈnɪmɪk/
patry	/ˈpætɹi/
pats	/ˈpæts/
patsies	/ˈpætsiz/
patsy	/ˈpætsi/
patt	/ˈpæt/
patted	/ˈpætɪd/
pattee	/ˈpæˈti/
patten	/ˈpætən/
patten's	/ˈpætənz/
patter	/ˈpætɚ/
pattered	/ˈpætɚd/
pattern	/ˈpætɚn/
patterned	/ˈpætɚnd/
patterns	/ˈpætɚnz/
patterson	/ˈpætɚsən/
patterson's	/ˈpætɚsənz/
patteson	/ˈpætɪsən/
patti	/ˈpæti/
pattie	/ˈpæti/
patties	/ˈpætiz/
pattillo	/pɑˈtɪˌloʊ/
pattin	/ˈpætɪn/
patting	/ˈpætɪŋ/
pattinson	/ˈpætɪnsən/
pattis	/ˈpætɪs/
pattison	/ˈpætɪsən/
pattiz	/ˈpætɪz/
patton	/ˈpætən/
patton's	/ˈpætənz/
patty	/ˈpæti/
patty's	/ˈpætiz/
patuxent	/pəˈtʌksənt/
patuxet	/pəˈtʌksət/
patuxets	/pəˈtʌksəts/
paty	/ˈpeɪˌti/
patz	/ˈpæts/
patzer	/ˈpeɪtzɚ/
patzke	/ˈpætski/
paucity	/ˈpɔsəˌti/
paugh	/ˈpɔ/
paul	/ˈpɔl/
paul's	/ˈpɔlz/
paula	/ˈpɔlə/
paulding	/ˈpɔldɪŋ/
paule	/ˈpɔl/
paules	/ˈpɔlz/
pauletta	/pɑˈlɛtə/
paulette	/pɔˈlɛt/
pauley	/ˈpɔli/
paulhamus	/ˈpɔlˌheɪməs/
paulhus	/ˈpaʊlhɪs/
pauli	/ˈpɔˌli/
paulick	/ˈpɔlɪk/
paulie	/ˈpɔˌli/
paulik	/ˈpɔlɪk/
paulin	/ˈpɔlɪn/
paulina	/ˌpɔˈlinə/
pauline	/pɔˈlin/
pauling	/ˈpɔlɪŋ/
paulino	/pɔˈlinoʊ/
paulita	/pɔˈlitə/
paulk	/ˈpɔlk/
paull	/ˈpɔl/
paullin	/ˈpɔlɪn/
paulo	/ˈpɔˌloʊ/
paulos	/ˈpaʊˌloʊz/
pauls	/ˈpɔlz/
paulsen	/ˈpaʊlsən/
paulson	/ˈpɔlsən/
paulus	/ˈpɔləs/
pauly	/ˈpɔli/
paunchy	/ˈpɔntʃi/
paup	/ˈpɔp/
pauper	/ˈpɔpɚ/
paupers	/ˈpɔpɚz/
pause	/ˈpɔz/
paused	/ˈpɔzd/
pauses	/ˈpɔzəz/
pausing	/ˈpɔzɪŋ/
paustian	/ˈpɔztʃɪn/
pautler	/ˈpaʊtəlɚ/
pautsch	/ˈpaʊtʃ/
pautz	/ˈpɔts/
pauwels	/ˈpaʊwəlz/
pavao	/ˈpɑvaʊ/
pavarotti	/ˌpævɚˈɑti/
pavarotti's	/ˌpævɚˈɑtiz/
pave	/ˈpeɪv/
paved	/ˈpeɪvd/
pavek	/ˈpævɪk/
pavel	/ˈpævəl/
pavelic	/pəˈvɛlɪk/
pavelka	/pəˈvɛlkə/
pavelko	/pəˈvɛlkoʊ/
pavement	/ˈpeɪvmənt/
pavements	/ˈpeɪvmənts/
paver	/ˈpeɪvɚ/
paves	/ˈpeɪvz/
pavese	/pɑˈveɪzi/
pavey	/ˈpeɪvi/
pavia	/ˈpeɪviə/
pavich	/ˈpævɪtʃ/
pavilion	/pəˈvɪljən/
pavilions	/pəˈvɪljənz/
pavillion	/pəˈvɪljən/
paving	/ˈpeɪvɪŋ/
pavlak	/ˈpɑvlək/
pavlic	/ˈpævlɪk/
pavlica	/ˈpævlɪkə/
pavlicek	/ˈpɑvlɪtʃɛk/
pavlich	/ˈpɑvlɪh/
pavlick	/ˈpævlɪk/
pavlik	/ˈpævlɪk/
pavlis	/ˈpævlɪs/
pavlock	/ˈpævlək/
pavlov	/ˈpævlɑv/
pavlovian	/ˌpævˈloʊviən/
pavlovic	/pəvˈlɑvɪk/
pavlovich	/ˈpævləvɪtʃ/
pavo	/ˈpɑvoʊ/
pavon	/ˈpɑvən/
pavone	/pəˈvoʊn/
paw	/ˈpɔ/
pawed	/ˈpɔd/
pawelek	/pɑˈvɛlɛk/
pawelski	/pɑˈvɛlski/
pawelsky	/pɑˈvɛlski/
pawing	/ˈpɔɪŋ/
pawlak	/ˈpɔlək/
pawley	/ˈpɔli/
pawlicki	/pɑvˈlɪtski/
pawlik	/ˈpɔlɪk/
pawlikowski	/pɑvlɪˈkɔfski/
pawling	/ˈpɔlɪŋ/
pawloski	/pɑvˈlaʊski/
pawlowicz	/ˈpɑvləvɪtʃ/
pawlowski	/pɑvˈlɔfski/
pawluk	/ˈpɑvlək/
pawn	/ˈpɔn/
pawned	/ˈpɔnd/
pawnee	/ˈpɔˈni/
pawnees	/ˈpɔˈniz/
pawns	/ˈpɔnz/
pawnshop	/ˈpɔnˌʃɑp/
pawnshops	/ˈpɔnˌʃɑps/
paws	/ˈpɔz/
pawson	/ˈpɔsən/
pawtucket	/ˌpɔˈtʌkɪt/
pawtuxet	/ˌpɔˈtʌksət/
pax	/ˈpæks/
paxar	/ˈpæksɚ/
paxman	/ˈpæksmən/
paxon	/ˈpæksən/
paxson	/ˈpæksən/
paxton	/ˈpækstən/
pay	/ˈpeɪ/
pay'n	/ˈpeɪən/
payable	/ˈpeɪəbəl/
payables	/ˈpeɪəbəlz/
payan	/ˈpeɪən/
payback	/ˈpeɪˌbæk/
paybacks	/ˈpeɪˌbæks/
paycheck	/ˈpeɪˌtʃɛk/
paychecks	/ˈpeɪˌtʃɛks/
paychex	/ˈpeɪˌtʃɛks/
payco	/ˈpeɪkoʊ/
payday	/ˈpeɪˌdeɪ/
paye	/ˈpeɪ/
payee	/ˌpeɪˈi/
payee's	/ˌpeɪˈiz/
payer	/ˈpeɪɚ/
payer's	/ˈpeɪɚz/
payers	/ˈpeɪɚz/
payers'	/ˈpeɪɚz/
payette	/ˈpeɪˈɛt/
payeur	/peɪˈɝ/
payin'	/ˈpeɪɪn/
paying	/ˈpeɪɪŋ/
payless	/ˈpeɪˌlɛs/
payload	/ˈpeɪˌloʊd/
payload's	/ˈpeɪˌloʊdz/
payloads	/ˈpeɪˌloʊdz/
paylor	/ˈpeɪlɚ/
payment	/ˈpeɪmənt/
payments	/ˈpeɪmənts/
paymer	/ˈpeɪmɚ/
payna	/ˈpeɪnə/
payne	/ˈpeɪn/
paynter	/ˈpeɪntɚ/
payoff	/ˈpeɪˌɔf/
payoffs	/ˈpeɪˌɔfs/
payola	/ˌpeɪˈoʊlə/
payout	/ˈpeɪˌaʊt/
payouts	/ˈpeɪˌaʊts/
paypal	/ˈpeɪˌpʌl/
paypal's	/ˈpeɪpəlz/
payroll	/ˈpeɪˌɹoʊl/
payroll's	/ˈpeɪˌɹoʊlz/
payrolls	/ˈpeɪˌɹoʊlz/
pays	/ˈpeɪz/
paysinger	/ˈpeɪsɪŋɡɚ/
payson	/ˈpeɪzən/
paysop	/ˈpeɪˌsɑp/
paysops	/ˈpeɪˌsɑps/
payton	/ˈpeɪtən/
paz	/ˈpɑz/
pazner	/ˈpɑznɚ/
pazos	/ˈpɑzoʊz/
pazuto	/pəˈzutoʊ/
pc	/ˈpiˈsi/
pc's	/ˈpiˈsiz/
pcs	/ˈpiˈsiz/
pdf	/ˌpiˌdiˈɛf/
pea	/ˈpi/
peabody	/ˈpiˌbɑdi/
peabody's	/ˈpiˌbɑdiz/
peace	/ˈpis/
peaceable	/ˈpisəbəl/
peaceably	/ˈpisəbli/
peaceful	/ˈpisfəl/
peacefully	/ˈpisfəli/
peacefulness	/ˈpisfəlnəs/
peacekeeper	/ˈpiˌskipɚ/
peacekeepers	/ˈpiˌskipɚz/
peacekeeping	/ˈpiˌskipɪŋ/
peacemaker	/ˈpiˌsmeɪkɚ/
peacemaker's	/ˈpiˌsmeɪkɚz/
peacemakers	/ˈpiˌsmeɪkɚz/
peacemaking	/ˈpiˌsmeɪkɪŋ/
peacenik	/ˈpiˌsnɪk/
peacetime	/ˈpiˌstaɪm/
peach	/ˈpitʃ/
peacher	/ˈpitʃɚ/
peaches	/ˈpitʃəz/
peachey	/ˈpitʃi/
peachtree	/ˈpitʃˌtɹi/
peachy	/ˈpitʃi/
peacock	/ˈpiˌkɑk/
peacocks	/ˈpiˌkɑks/
peaden	/ˈpɛdən/
peafowl	/ˈpiˌfaʊl/
peagler	/ˈpiɡlɚ/
peak	/ˈpik/
peake	/ˈpik/
peaked	/ˈpikt/
peakes	/ˈpiks/
peakes'	/ˈpiks/
peaking	/ˈpikɪŋ/
peaks	/ˈpiks/
peaks'	/ˈpiks/
peal	/ˈpil/
peale	/ˈpil/
pealer	/ˈpilɚ/
peanut	/ˈpinət/
peanuts	/ˈpinəts/
peapack	/ˈpiˌpæk/
peapod	/ˈpiˌpɔd/
pear	/ˈpɛɹ/
pearce	/ˈpɪɹs/
pearcy	/ˈpɝki/
pearl	/ˈpɝl/
pearl-harbor	/ˈpɝlˈhɑɹbɚ/
pearle	/ˈpɝl/
pearline	/ˈpɝlaɪn/
pearling	/ˈpɝlɪŋ/
pearlman	/ˈpɝlˌmæn/
pearls	/ˈpɝlz/
pearlstein	/ˈpɝlˌstaɪn/
pearlstine	/ˈpɝlˌstaɪn/
pearly	/ˈpɝli/
pearman	/ˈpɛɹmən/
pears	/ˈpɛɹz/
pearsall	/ˈpɛɹsɔl/
pearse	/ˈpɝs/
pearson	/ˈpɪɹsən/
pearson's	/ˈpɪɹsənz/
peart	/ˈpɝt/
peary	/ˈpiɹi/
peas	/ˈpiz/
peasant	/ˈpɛzənt/
peasantry	/ˈpɛzəntɹi/
peasants	/ˈpɛzənts/
peasants'	/ˈpɛzənts/
pease	/ˈpiz/
peasey	/ˈpizi/
peasey's	/ˈpiziz/
peaslee	/ˈpizˌli/
peasley	/ˈpizli/
peat	/ˈpit/
peat's	/ˈpits/
peatross	/ˈpitɹəs/
peaudouce	/ˈpoʊˌdus/
peavey	/ˈpivi/
peavler	/ˈpivlɚ/
peavy	/ˈpivi/
peay	/ˈpi/
pebble	/ˈpɛbəl/
pebbles	/ˈpɛbəlz/
pebereau	/ˈpɛbɚˌoʊ/
pebereau's	/ˈpɛbɚˌoʊz/
pebley	/ˈpɛbli/
pecan	/pəˈkɑn/
pecanins	/ˈpɛkənɪnz/
pecanins'	/ˈpɛkənɪnz/
pecans	/pɪˈkænz/
pecci	/ˈpɛtʃi/
pech	/ˈpɛk/
pecha	/ˈpɛtʃə/
pechacek	/ˈpɛkəsɪk/
pechin	/ˈpɛtʃɪn/
pechiney	/ˈpɛtʃɪni/
pechman	/ˈpɛkmən/
pechora	/pəˈkɔɹə/
pecht	/ˈpɛkt/
pecina	/pɛˈtʃinə/
peck	/ˈpɛk/
peck's	/ˈpɛks/
pecka	/ˈpɛkə/
peckenpaugh	/pɪˈkɛnpɔ/
peckham	/ˈpɛkəm/
pecking	/ˈpɛkɪŋ/
peckinpaugh	/pɪˈkɪnpɔ/
peckman	/ˈpɛkmən/
pecksniffian	/pɛkˈsnɪˌfiən/
peco	/ˈpeɪkoʊ/
peco's	/ˈpeɪkoʊz/
pecor	/ˈpɛkɚ/
pecora	/pɛˈkɔɹə/
pecoraro	/pɛkɔˈɹɑɹoʊ/
pecore	/pɛˈkɔɹi/
pecot	/ˈpɛkət/
pectic	/ˈpɛktɪk/
pectin	/ˈpɛktən/
pectoral	/ˈpɛktɚəl/
pectoris	/ˈpɛktəɹɪs/
peculiar	/pəkˈjuljɚ/
peculiarities	/pɪkˌjuliˈɛɹətiz/
peculiarity	/pɪkˌjuliˈɛɹəti/
peculiarly	/pɪkˈjuljɚli/
pecuniary	/pɛkˈjuniˌɛɹi/
pedagogical	/ˌpɛdəˈɡɑdʒɪkəl/
pedagogy	/ˈpɛdəˌɡoʊdʒi/
pedal	/ˈpɛdəl/
pedaled	/ˈpɛdəld/
pedaling	/ˈpɛdəlɪŋ/
pedalled	/ˈpɛdəld/
pedals	/ˈpɛdəlz/
pedant	/ˈpɛdənt/
pedantic	/pəˈdæntɪk/
pedantry	/ˈpɛdəntɹi/
pedants	/ˈpɛdənts/
peddicord	/ˈpɛdɪkɔɹd/
peddie	/ˈpɛdi/
peddle	/ˈpɛdəl/
peddled	/ˈpɛdəld/
peddler	/ˈpɛdlɚ/
peddlers	/ˈpɛdlɚz/
peddles	/ˈpɛdəlz/
peddling	/ˈpɛdəlɪŋ/
peddy	/ˈpɛdi/
peden	/ˈpɛdən/
pedersen	/ˈpɛdɚsən/
pederson	/ˈpɛdɚsən/
pedestal	/ˈpɛdəstəl/
pedestals	/ˈpɛdəstəlz/
pedestrian	/pəˈdɛstɹiən/
pedestrians	/pəˈdɛstɹiənz/
pediatric	/ˌpidiˈætɹɪk/
pediatrician	/ˌpidiəˈtɹɪʃən/
pediatricians	/ˌpidiəˈtɹɪʃənz/
pediatrics	/ˌpidiˈætɹɪks/
pedicure	/ˈpɛdɪkjɚ/
pedicures	/ˈpɛdɪkjɚz/
pedigo	/pɛˈdiɡoʊ/
pedigree	/ˈpɛdəɡɹi/
pedigrees	/ˈpɛdəɡɹiz/
pedley	/ˈpɛdli/
pedone	/peɪˈdoʊneɪ/
pedophile	/ˈpɛdoʊfaɪl/
pedophiles	/ˈpɛdoʊfaɪlz/
pedophilia	/ˌpɛdəˈfɪljə/
pedophiliac	/ˌpɛdəˈfɪljæk/
pedophiliacs	/ˌpɛdəˈfɪljæks/
pedophilic	/pɛdoʊˈfɪlɪk/
pedowitz	/ˈpɛdoʊɪts/
pedraza	/peɪˈdɹɑzə/
pedretti	/pɛˈdɹɛti/
pedrick	/ˈpɛdɹɪk/
pedro	/ˈpeɪdɹoʊ/
pedroli	/ˌpɛˈdɹoʊli/
pedros	/ˈpeɪdɹoʊz/
pedrosa	/peɪˈdɹoʊsə/
pedroso	/peɪˈdɹoʊsoʊ/
pedrotti	/pɛˈdɹoʊti/
pedroza	/peɪˈdɹoʊzə/
pee	/ˈpi/
pee-pee	/ˈpiˈpi/
pee-wee	/ˈpiˌwi/
peebler	/ˈpiblɚ/
peebles	/ˈpibəlz/
peed	/ˈpid/
peedin	/ˈpidɪn/
peeing	/ˈpiɪŋ/
peek	/ˈpik/
peeked	/ˈpikt/
peeking	/ˈpikɪŋ/
peeks	/ˈpiks/
peel	/ˈpil/
peele	/ˈpil/
peeled	/ˈpild/
peeler	/ˈpilɚ/
peelers	/ˈpilɚz/
peeling	/ˈpilɪŋ/
peels	/ˈpilz/
peens	/ˈpinz/
peep	/ˈpip/
peeped	/ˈpipt/
peeping	/ˈpipɪŋ/
peeples	/ˈpipəlz/
peeps	/ˈpips/
peer	/ˈpɪɹ/
peer-to-peer	/ˈpɪɹtuˈpɪɹ/
peerage	/ˈpɪɹədʒ/
peered	/ˈpɪɹd/
peering	/ˈpiɹɪŋ/
peerless	/ˈpɪɹlɪs/
peers	/ˈpɪɹz/
peerson	/ˈpɪɹsən/
peery	/ˈpiɹi/
pees	/ˈpiz/
peet	/ˈpit/
peet's	/ˈpits/
peete	/ˈpit/
peeters	/ˈpitɚz/
peets	/ˈpits/
peetz	/ˈpits/
peeve	/ˈpiv/
peeved	/ˈpivd/
peeves	/ˈpivz/
peevey	/ˈpivi/
peevish	/ˈpivɪʃ/
peevy	/ˈpivi/
peewee	/ˈpiˌwi/
peffer	/ˈpɛfɚ/
peffley	/ˈpɛfli/
peg	/ˈpɛɡ/
pegasus	/ˈpɛɡəsəs/
pegboard	/ˈpɛɡˌbɔɹd/
pegboards	/ˈpɛɡˌbɔɹdz/
pegg	/ˈpɛɡ/
pegged	/ˈpɛɡd/
peggie	/ˈpɛɡi/
pegging	/ˈpɛɡɪŋ/
peggs	/ˈpɛɡz/
peggy	/ˈpɛɡi/
peglow	/ˈpɛˌɡloʊ/
pegmatite	/ˈpɛɡməˌtaɪt/
pegram	/ˈpɛˌɡɹæm/
pegs	/ˈpɛɡz/
peguero	/peɪˈɡɛɹoʊ/
pegues	/ˈpeɪɡɛs/
pehl	/ˈpɛl/
pehrson	/ˈpɛɹsən/
pei	/ˈpeɪ/
pei's	/ˈpeɪz/
peifer	/ˈpaɪfɚ/
peiffer	/ˈpaɪfɚ/
peil	/ˈpil/
peinado	/peɪiˈnɑdoʊ/
peine	/ˈpin/
peipu	/ˈpeɪˌpu/
peirce	/ˈpɪɹs/
peirson	/ˈpiɹsən/
peiser	/ˈpaɪsɚ/
peitz	/ˈpits/
peixoto	/pəkˈsoʊtoʊ/
pejorative	/pəˈdʒɔɹətɪv/
pekala	/pɪˈkɑlə/
pekar	/ˈpɛkɚ/
pekarek	/ˈpɛkɚɪk/
pekin	/ˈpikən/
peking	/ˈpiˈkɪŋ/
peko	/ˈpiˌkoʊ/
pekrul	/ˈpɛkɹəl/
peladeau	/ˈpɛləˌdoʊ/
pelaez	/peɪˈlɑɛz/
pelagia	/pɛˈlɑdʒiə/
pelagian	/pɪˈleɪdʒiən/
pelagians	/pɪˈleɪdʒiənz/
pelagic	/pəˈlædʒɪk/
pelagreeny	/pɛləˈɡɹini/
pelayo	/peɪˈleɪoʊ/
pelc	/ˈpɛlk/
pelchat	/ˈpɛltʃət/
pelczar	/ˈpɛltʃɚ/
pele	/ˈpɛleɪ/
pelekunu	/ˌpɛləˈkunu/
pelekunu's	/ˌpɛləˈkunuz/
peleponnesian	/ˌpɛləpəˈniʒən/
pelerin	/ˈpɛlɚɪn/
peleton	/ˈpɛləˌtɔn/
pelfrey	/ˈpɛlfɹi/
pelham	/ˈpɛləm/
pelican	/ˈpɛləkən/
pelican's	/ˈpɛlɪkənz/
pelicans	/ˈpɛlɪkənz/
pelikan	/ˈpɛlɪkæn/
pelino	/pɛˈlinoʊ/
pelissier	/ˈpɛlɪsiɚ/
pelka	/ˈpɛlkə/
pelkey	/ˈpɛlki/
pelky	/ˈpɛlki/
pell	/ˈpɛl/
pell's	/ˈpɛlz/
pella	/ˈpɛlə/
pellagra	/pəˈlæɡɹə/
pelland	/ˈpɛlənd/
pelle	/ˈpɛl/
pellecchia	/ˌpɛˈlɛkiə/
pellegrin	/ˈpɛlɪɡɹɪn/
pellegrini	/ˌpɛlɛˈɡɹini/
pellegrino	/ˌpɛlɛˈɡɹinoʊ/
peller	/ˈpɛlɚ/
pellerin	/ˈpɛlɚɪn/
pellerito	/pɛlɚˈitoʊ/
pellet	/ˈpɛlət/
pelleted	/ˈpɛlətɪd/
pelletier	/pɛləˈtɪɹ/
pellets	/ˈpɛləts/
pellett	/ˈpɛlɪt/
pelleu	/ˈpɛlu/
pelley	/ˈpɛli/
pellicane	/ˈpɛlɪˌkeɪn/
pellicano	/pɛliˈkɑnoʊ/
pellman	/ˈpɛlmən/
pellow	/ˈpɛloʊ/
pellston	/ˈpɛlstən/
pellum	/ˈpɛləm/
pelon	/ˈpɛlən/
peloponnesian	/ˌpɛləpəˈniʒən/
peloquin	/peɪloʊˈkwin/
pelosi	/pɛˈloʊsi/
peloso	/pɛˈloʊsoʊ/
pelot	/ˈpɛlət/
pelphrey	/ˈpɛlfɹi/
pels	/ˈpɛlz/
pelster	/ˈpɛlstɚ/
pelt	/ˈpɛlt/
pelted	/ˈpɛltɪd/
peltier	/ˈpɛltiɚ/
pelting	/ˈpɛltɪŋ/
pelto	/ˈpɛltoʊ/
pelton	/ˈpɛltən/
pelts	/ˈpɛlts/
peltz	/ˈpɛlts/
peltzer	/ˈpɛltzɚ/
peluso	/pɛˈlusoʊ/
pelvic	/ˈpɛlvɪk/
pelvis	/ˈpɛlvəs/
pelz	/ˈpɛlz/
pelzel	/ˈpɛlzəl/
pelzer	/ˈpɛlzɚ/
pember	/ˈpɛmbɚ/
pemberton	/ˈpɛmbɚtən/
pembina	/ˈpɛmbɪnə/
pemble	/ˈpɛmbəl/
pembleton	/ˈpɛmbəltɑn/
pembridge	/ˈpɛmˌbɹɪdʒ/
pembroke	/ˈpɛmˌbɹoʊk/
pemex	/ˈpɛˌmɛks/
pemrich	/ˈpɛmˌɹɪtʃ/
pen	/ˈpɛn/
pen's	/ˈpɛnz/
pena	/ˈpɛnə/
pena's	/ˈpɛnəz/
penal	/ˈpinəl/
penalize	/ˈpɛnəˌlaɪz/
penalized	/ˈpinəˌlaɪzd/
penalizes	/ˈpɛnəˌlaɪzɪz/
penalizing	/ˈpinəˌlaɪzɪŋ/
penaloza	/pɛnɑˈloʊzə/
penalties	/ˈpɛnəltiz/
penalty	/ˈpɛnəlti/
penance	/ˈpɛnəns/
penang	/ˈpɛnæŋ/
penans	/ˈpɛnənz/
penberthy	/pɪnˈbɝθi/
pence	/ˈpɛns/
penchant	/ˈpɛntʃənt/
pencil	/ˈpɛnsəl/
penciled	/ˈpɛnsəld/
pencils	/ˈpɛnsəlz/
pendant	/ˈpɛndənt/
pendarvis	/ˈpɛndɑɹvɪs/
pendell	/ˈpɛndəl/
pendelton	/pɪnˈdɛltən/
pender	/ˈpɛndɚ/
pendergast	/ˈpɛndɚˌɡæst/
pendergraft	/ˈpɛndɚɡɹəft/
pendergraph	/ˈpɛndɚˌɡɹæf/
pendergrass	/ˈpɛndɚɡɹəs/
pendergrast	/ˈpɛndɚɡɹəst/
penders	/ˈpɛndɚz/
pending	/ˈpɛndɪŋ/
pendleton	/ˈpɛndəltən/
pendley	/ˈpɛndli/
pendola	/pɛnˈdoʊlə/
pendril	/ˈpɛndɹɪl/
pendril's	/ˈpɛndɹɪlz/
pendry	/ˈpɛndɹi/
pendulous	/ˈpɛndʒələs/
pendulum	/ˈpɛndʒələm/
pendyala	/ˌpɛdˈjɑlə/
penelas	/ˈpɛnəlɑs/
penelope	/pəˈnɛləpi/
penetrate	/ˈpɛnəˌtɹeɪt/
penetrated	/ˈpɛnəˌtɹeɪtɪd/
penetrates	/ˈpɛnəˌtɹeɪts/
penetrating	/ˈpɛnəˌtɹeɪtɪŋ/
penetration	/ˌpɛnəˈtɹeɪʃən/
penetrator	/ˈpɛnəˌtɹeɪtɚ/
penetrators	/ˈpɛnəˌtɹeɪtɚz/
penfield	/ˈpɛnˌfild/
penfil	/ˈpɛnfɪl/
penfold	/ˈpɛnˌfoʊld/
peng	/ˈpɛŋ/
pengassan	/ˈpɛŋˌɡæsən/
pengelly	/ˈpɛŋɡəli/
pengo	/ˈpɛŋɡoʊ/
penguin	/ˈpɛŋɡwən/
penguins	/ˈpɛŋɡwənz/
penh	/ˈpɛn/
penh's	/ˈpɛnz/
penicillin	/ˌpɛnəˈsɪlən/
penicillins	/ˌpɛnəˈsɪlənz/
penick	/ˈpɛnɪk/
penikese	/ˈpɛnɪˌkiz/
penile	/ˈpinaɪl/
peninger	/ˈpɛnɪŋɚ/
peninsula	/pəˈnɪnsələ/
peninsular	/pəˈnɪnsəlɚ/
penis	/ˈpinɪs/
penises	/ˈpinɪsɪz/
peniston	/ˈpɛnɪstɑn/
penitent	/ˈpɛnɪtɪnt/
penitentiaries	/ˌpɛnɪˈtɛntʃɚiz/
penitentiary	/ˌpɛnɪˈtɛntʃɚi/
penix	/ˈpɛnɪks/
penja	/ˈpɛndʒə/
penja's	/ˈpɛndʒəz/
penkala	/pɪŋˈkɑlə/
penkava	/pɛŋˈkɑvə/
penland	/ˈpɛnlənd/
penley	/ˈpɛnli/
penman	/ˈpɛnmən/
penn	/ˈpɛn/
penn-hills	/ˈpɛnhɪlz/
penn's	/ˈpɛnz/
penna	/ˈpɛnə/
pennacchio	/pɛˈnɑkioʊ/
pennant	/ˈpɛnənt/
pennants	/ˈpɛnənts/
pennbancorp	/ˈpɛnˈbænˌkɔɹp/
penncorp	/ˈpɛnˌkɔɹp/
penne-pasta	/ˌpɛneɪˈpɑstə/
pennebaker	/ˈpɛnɪbəkɚ/
penned	/ˈpɛnd/
pennel	/ˈpɛnəl/
pennell	/ˈpɛnəl/
pennella	/ˌpɛˈnɛlə/
penner	/ˈpɛnɚ/
pennex	/ˈpɛnəks/
penney	/ˈpɛni/
penney's	/ˈpɛniz/
pennick	/ˈpɛnɪk/
pennie	/ˈpɛni/
pennies	/ˈpɛniz/
penniless	/ˈpɛniləs/
penniman	/ˈpɛnɪmən/
penning	/ˈpɛnɪŋ/
penninger	/ˈpɛnɪŋɚ/
pennings	/ˈpɛnɪŋz/
pennington	/ˈpɛnɪŋtən/
pennino	/pɛˈninoʊ/
pennisi	/pɛˈnisi/
pennix	/ˈpɛnɪks/
pennock	/ˈpɛnək/
penns	/ˈpɛnz/
pennsauken	/ˌpɛnˈsɔkən/
pennsylvania	/ˌpɛnsəlˈveɪnjə/
pennsylvania's	/ˌpɛnsəlˈveɪnjəz/
pennsylvanian	/ˌpɛnsɪlˈveɪniən/
pennsylvanians	/ˌpɛnsɪlˈveɪniənz/
pennwalt	/ˈpɛnˌwɔlt/
penny	/ˈpɛni/
penny's	/ˈpɛniz/
pennypacker	/ˈpɛnɪpækɚ/
pennywell	/ˈpɛniˌwɛl/
pennzoil	/ˈpɛnˌzɔɪl/
pennzoil's	/ˈpɛnˌzɔɪlz/
penobscot	/pəˈnɑbskɑt/
penology	/piˈnɑlədʒi/
penoyer	/ˈpɛnɔɪɚ/
penril	/ˈpɛnɹɪl/
penrod	/ˈpɛnˌɹɑd/
penrod's	/ˈpɛnˌɹɑdz/
penrose	/ˈpɛnˌɹoʊz/
penry	/ˈpɛnɹi/
pens	/ˈpɛnz/
pens'	/ˈpɛnz/
pensacola	/ˌpɛnsəˈkoʊlə/
pense	/ˈpɛns/
pensinger	/ˈpɛnsɪndʒɚ/
pension	/ˈpɛnʃən/
pensioner	/ˈpɛnʃənɚ/
pensioners	/ˈpɛnʃənɚz/
pensions	/ˈpɛnʃənz/
pensive	/ˈpɛnsɪv/
pensiveness	/ˈpɛnsɪvˌnɛs/
penske	/ˈpɛnski/
penson	/ˈpɛnsən/
pensyl	/ˈpɛnsɪl/
pent	/ˈpɛnt/
penta	/ˈpɛntə/
pentagon	/ˈpɛntɪˌɡɑn/
pentagon's	/ˈpɛntɪˌɡɑnz/
pentagons	/ˈpɛntɪˌɡɑnz/
pentair	/ˌpɛnˈtɛɹ/
pentamidine	/ˌpɛnˈtæmɪˌdin/
pentane	/ˈpɛnˌteɪn/
pentathlon	/pɛnˈtæθlən/
pentax	/ˈpɛnˌtæks/
pentech	/ˈpɛnˌtɛk/
pentecost	/ˈpɛntəˌkɔst/
pentecostal	/ˌpɛntəˈkɔstəl/
penthea	/ˈpɛnθiə/
penthouse	/ˈpɛntˌhaʊs/
penthouses	/ˈpɛntˌhaʊsɪz/
pentimento	/ˌpɛntɪˈmɛntoʊ/
pentium	/ˈpɛntiəm/
pentiums	/ˈpɛntiəmz/
pentland	/ˈpɛntlənd/
penton	/ˈpɛntən/
pentothal	/ˈpɛntəθɑl/
pentron	/ˈpɛntɹən/
pentrust	/ˈpɛnˌtɹʌst/
pentz	/ˈpɛnts/
penuel	/ˈpɛnʊl/
penultimate	/pɛˈnʌltəmət/
penumbra	/pɪˈnʌmbɹə/
penurious	/ˌpɛnˈjuɹiəs/
penury	/ˈpɛnjʊɹi/
penwell	/ˈpɛnˌwɛl/
penwest	/ˌpɛnˈwɛst/
penza	/ˈpɛnzə/
penzer	/ˈpɛnzɚ/
peon	/ˈpiən/
peonies	/ˈpiəniz/
peons	/ˈpiənz/
peony	/ˈpiəni/
people	/ˈpipəl/
people's	/ˈpipəlz/
peopled	/ˈpipəld/
peoples	/ˈpipəlz/
peoples'	/ˈpipəlz/
peoria	/piˈɔɹiə/
peoria's	/piˈɔɹiəz/
pep	/ˈpɛp/
pepcid	/ˈpɛpsɪd/
pepe	/ˈpɛpi/
pepenadores	/ˌpɛˌpɛnəˈdɔɹɛz/
peper	/ˈpɛpɚ/
pepi	/ˈpɛpi/
pepin	/ˈpɛpɪn/
pepita	/pɛˈpitə/
pepitone	/ˈpɛpɪˌtoʊn/
peplinski	/pɪˈplɪnski/
peplow	/ˈpɛˌploʊ/
peppard	/ˈpɛpɚd/
peppel	/ˈpɛpəl/
pepper	/ˈpɛpɚ/
pepper's	/ˈpɛpɚz/
pepperdine	/ˈpɛpɚˌdaɪn/
peppered	/ˈpɛpɚd/
pepperell	/ˈpɛpɚəl/
pepperidge	/ˈpɛpɚˌɪdʒ/
peppering	/ˈpɛpɚɪŋ/
pepperman	/ˈpɛpɚmən/
peppermint	/ˈpɛpɚˌmɪnt/
pepperoni	/ˌpɛpɚˈoʊni/
peppers	/ˈpɛpɚz/
peppi	/ˈpɛpi/
peppin	/ˈpɛpɪn/
pepple	/ˈpɛpəl/
peppler	/ˈpɛplɚ/
peppy	/ˈpɛpi/
pepsi	/ˈpɛpsi/
pepsi's	/ˈpɛpsiz/
pepsico	/ˈpɛpsɪkoʊ/
pepsico's	/ˈpɛpsɪkoʊz/
peptic	/ˈpɛptɪk/
peptide	/ˈpɛpˌtaɪd/
peptides	/ˈpɛpˌtaɪdz/
pequeno	/peɪˈkweɪnoʊ/
pequignot	/pɪˈkwɪɡnət/
per	/ˈpɝ/
per-se	/ˌpɝˈseɪ/
pera	/ˈpɝə/
peragine	/pɚɑˈdʒini/
peraino	/pɚɑˈinoʊ/
perala	/pɚˈɑlə/
perales	/pɚˈɑlɛs/
peralez	/pɚˈɑlɛz/
peralta	/pɚˈɑltə/
peras	/ˈpɛɹəs/
peratis	/pɚˈɑtɪs/
peratis'	/pɚˈɑtɪs/
peraza	/pɚˈɑzə/
perazzo	/pɚˈɑzoʊ/
perc	/ˈpɝk/
perce	/ˈpɝs/
perceive	/pɚˈsiv/
perceived	/pɚˈsivd/
perceives	/pɚˈsivz/
perceiving	/pɚˈsivɪŋ/
percell	/pɚˈsɛl/
percent	/pɚˈsɛnt/
percentage	/pɚˈsɛntədʒ/
percentages	/pɚˈsɛntɪdʒɪz/
percentile	/pɚˈsɛnˌtaɪl/
percentiles	/pɚˈsɛnˌtaɪlz/
percents	/pɚˈsɛnts/
percept	/ˈpɝsɛpt/
perceptible	/pɚˈsɛptəbəl/
perception	/pɚˈsɛpʃən/
perceptions	/pɚˈsɛpʃənz/
perceptive	/pɚˈsɛptɪv/
perceptual	/pɚˈsɛptʃəwəl/
perceval	/pɚseɪˈvæl/
perch	/ˈpɝtʃ/
perchance	/pɚˈtʃæns/
perched	/ˈpɝtʃt/
perches	/ˈpɝtʃɪz/
perchlorate	/pɚˈklɔɹeɪt/
perchloric	/pɚˈklɔɹɪk/
percifield	/ˈpɝsɪfild/
percipient	/pɚˈsɪpiənt/
percival	/ˈpɝsɪvəl/
percle	/ˈpɝkəl/
percolate	/ˈpɝkəˌleɪt/
percolated	/ˈpɝkəˌleɪtɪd/
percolating	/ˈpɝkəˌleɪtɪŋ/
percolator	/ˈpɝkəˌleɪtɚ/
percolators	/ˈpɝkəˌleɪtɚz/
percs	/ˈpɝks/
percussion	/pɚˈkʌʃən/
percussionist	/pɚˈkʌʃənɪst/
percussive	/pɚˈkʌsəv/
percutaneous	/pɚkjuˈteɪniəs/
percy	/ˈpɝsi/
percy's	/ˈpɝsiz/
perdew	/ˈpɝdu/
perdita	/pɚˈditə/
perdomo	/pɚˈdoʊmoʊ/
perdue	/pɚˈdu/
pere	/ˈpɝ/
perea	/pɚˈiə/
pereda	/pɚˈeɪdə/
peregoy	/ˈpɝɪɡɔɪ/
peregrine	/ˈpɛɹəˌɡɹin/
peregrines	/ˈpɛɹəˌɡɹinz/
pereira	/pɚˈɛɹə/
perella	/pɚˈɛlə/
perelman	/ˈpɛɹəlmən/
perelman's	/ˈpɛɹəlmənz/
peremptory	/pɚˈɛmptɚi/
perennial	/pɚˈɛniəl/
perennially	/pɚˈɛniəli/
perennials	/pɚˈɛniəlz/
perera	/pɚˈɛɹə/
peres	/ˈpɛɹɛz/
peres'	/ˈpɛɹɛz/
peres's	/ˈpɛɹɛzɪz/
perestroika	/ˌpɛɹəˈstɹɔɪkə/
peretti	/pɚˈɛti/
peretz	/ˈpɝɪts/
pereyra	/pɚˈɛɹə/
perez	/ˈpɛɹɛz/
perfect	/pɚˈfɛkt/
perfecta	/pɚˈfɛktə/
perfected	/pɚˈfɛktɪd/
perfecting	/pɚˈfɛktɪŋ/
perfection	/pɚˈfɛkʃən/
perfectionism	/pɚˈfɛkʃəˌnɪzəm/
perfectionist	/pɚˈfɛkʃənəst/
perfectionists	/pɚˈfɛkʃənəsts/
perfectly	/ˈpɝfəktli/
perfetti	/pɚˈfɛti/
perfetto	/pɚˈfɛtoʊ/
perfidy	/ˈpɝfɪdi/
perforate	/ˈpɝfɚˌeɪt/
perforated	/ˈpɝfɚˌeɪtɪd/
perforates	/ˈpɝfɚˌeɪts/
perforating	/ˈpɝfɚˌeɪtɪŋ/
perforation	/ˌpɝfɚˈeɪʃən/
perforations	/ˌpɝfɚˈeɪʃənz/
perforce	/pɚˈfɔɹs/
perform	/pɚˈfɔɹm/
performa	/pɚˈfɔɹmə/
performance	/pɚˈfɔɹməns/
performances	/pɚˈfɔɹmənsəz/
performative	/pɚˈfɔɹmətɪv/
performatives	/pɚˈfɔɹmətɪvz/
performed	/pɚˈfɔɹmd/
performer	/pɚˈfɔɹmɚ/
performers	/pɚˈfɔɹmɚz/
performers'	/pɚˈfɔɹmɚz/
performing	/pɚˈfɔɹmɪŋ/
performs	/pɚˈfɔɹmz/
perfume	/pɚfˈjum/
perfumed	/pɚfˈjumd/
perfumes	/pɚfˈjumz/
perfuming	/pɚfˈjumɪŋ/
perfunctory	/pɚˈfʌŋktɚi/
perfusion	/pɚfˈjuzən/
pergamon	/ˈpɝɡəmən/
pergande	/ˈpɝɡɪnd/
pergola	/ˈpɝɡələ/
pergolas	/ˌpɝˈɡoʊləz/
perham	/ˈpɝhəm/
perhaps	/pɚˈhæps/
peria	/ˈpɛɹiə/
peria's	/ˈpɛɹiəz/
perich	/ˈpɝɪk/
peridot	/ˈpɛɹɪdɔt/
perignon	/pɚˈɪnjɑn/
perigo	/pɚˈiɡoʊ/
peril	/ˈpɛɹəl/
perillo	/pɚˈɪloʊ/
perilous	/ˈpɛɹələs/
perilously	/ˈpɛɹələsli/
perils	/ˈpɛɹəlz/
periman	/ˈpɝimən/
perimeter	/pɚˈɪmətɚ/
perimeters	/pɚˈɪmətɚz/
perin	/ˈpɝɪn/
perine	/pɚˈini/
perineural	/ˌpɝˈiˌnʊɹəl/
perini	/pɚˈini/
perino	/pɚˈinoʊ/
period	/ˈpɪɹiəd/
period's	/ˈpɪɹiədz/
periodic	/ˌpɪɹiˈɑdɪk/
periodical	/ˌpɪɹiˈɑdɪkəl/
periodically	/ˌpiɹiˈɑdɪkəli/
periodicals	/ˌpɪɹiˈɑdɪkəlz/
periodontal	/ˌpɛɹiəˈdɑntəl/
periods	/ˈpɪɹiədz/
peripatetic	/ˌpɛɹəpəˈtɛtɪk/
peripheral	/pɚˈɪfɚəl/
peripherally	/pɚˈɪfɚəli/
peripherals	/pɚˈɪfɚəlz/
periphery	/pɚˈɪfɚi/
periscope	/ˈpɛɹəˌskoʊp/
periscopes	/ˈpɛɹəˌskoʊps/
perish	/ˈpɛɹɪʃ/
perishable	/ˈpɛɹɪʃəbəl/
perishables	/ˈpɛɹɪʃəbəlz/
perished	/ˈpɛɹɪʃt/
perishing	/ˈpɛɹɪʃɪŋ/
peristyle	/ˈpɛɹəˌstaɪl/
perito	/ˌpɛˈɹitoʊ/
peritoneal	/ˌpɛɹitoʊˈniəl/
perjure	/ˈpɝdʒɚ/
perjured	/ˈpɝdʒɚd/
perjurer	/ˈpɝdʒɚɚ/
perjures	/ˈpɝdʒɚz/
perjuring	/ˈpɝdʒɚɪŋ/
perjury	/ˈpɝdʒɚi/
perk	/ˈpɝk/
perked	/ˈpɝkt/
perkey	/ˈpɝki/
perkin	/ˈpɝkɪn/
perking	/ˈpɝkɪŋ/
perkins	/ˈpɝkənz/
perkins'	/ˈpɝkɪnz/
perkins's	/ˈpɝkɪnzɪz/
perkinson	/ˈpɝkɪnsən/
perko	/ˈpɝkoʊ/
perkovic	/ˈpɝkəvɪtʃ/
perkovich	/ˈpɝkəvɪtʃ/
perkowski	/pɚˈkɔfski/
perks	/ˈpɝks/
perky	/ˈpɝki/
perl	/ˈpɝl/
perla	/ˈpɝlə/
perlberg	/ˈpɝlbɚɡ/
perle	/ˈpɝl/
perley	/ˈpɝli/
perlin	/ˈpɝlɪn/
perlis	/ˈpɝˌlɪs/
perlite	/ˈpɝlaɪt/
perlman	/ˈpɝlmən/
perlmutter	/ˈpɝlˌmʌtɚ/
perlow	/ˈpɝloʊ/
perls	/ˈpɝlz/
perlstein	/ˈpɝlstaɪn/
perma	/ˈpɝmə/
perman	/ˈpɝmən/
permanence	/ˈpɝmənəns/
permanent	/ˈpɝmənənt/
permanente	/ˌpɝməˈnɛnteɪ/
permanently	/ˈpɝmənəntli/
permeability	/pɚˌmiəˈbɪlɪti/
permeable	/ˈpɝˌmiəbəl/
permeate	/ˈpɝmiˌeɪt/
permeated	/ˈpɝmiˌeɪtɪd/
permeates	/ˈpɝmiˌeɪts/
permeating	/ˈpɝmiˌeɪtɪŋ/
permenante	/ˌpɝməˈnɛnteɪ/
permenter	/ˈpɝməntɚ/
permiam	/pɚˈmaɪəm/
permian	/ˈpɝmiən/
permissible	/pɚˈmɪsəbəl/
permission	/pɚˈmɪʃən/
permissions	/pɚˈmɪʃənz/
permissive	/pɚˈmɪsɪv/
permissiveness	/pɚˈmɪsɪvnəs/
permit	/pɚˈmɪt/
permits	/pɚˈmɪts/
permitted	/pɚˈmɪtɪd/
permitting	/pɚˈmɪtɪŋ/
permount	/ˈpɝˌmaʊnt/
permut	/ˈpɝmət/
permutate	/ˈpɝmjuˌteɪt/
permutated	/ˈpɝmjuˌteɪtɪd/
permutates	/ˈpɝmjuˌteɪts/
permutating	/ˈpɝmjuˌteɪtɪŋ/
permutation	/ˌpɝmjuˈteɪʃən/
permutations	/ˌpɝmjuˈteɪʃənz/
permute	/ˌpɝmˈjut/
perna	/ˈpɝnə/
pernell	/ˈpɝnəl/
pernella	/pɚˈnɛlə/
pernice	/ˈpɝnɪs/
perniciaro	/pɚˈnitʃɚoʊ/
pernicious	/pɚˈnɪʃəs/
perno	/ˈpɝnoʊ/
pernod	/pɛɹˈnoʊ/
pernod's	/pɚˈnɑdz/
pero	/ˈpɝoʊ/
peron	/pɚˈɔn/
perona	/pɚˈoʊnə/
perone	/pɚˈoʊn/
peroni	/pɚˈoʊni/
peronism	/ˈpɛɹəˌnɪzəm/
peronist	/ˈpɛɹənɪst/
peronists	/ˈpɛɹənɪsts/
perot	/pɚˈoʊ/
perot's	/pɚˈoʊz/
perots	/pɚˈoʊz/
perotti	/pɚˈoʊti/
peroutka	/pɚˈutkə/
perovich	/ˈpɝəvɪtʃ/
peroxide	/pɚˈɑkˌsaɪd/
perpendicular	/ˌpɝpənˈdɪkjəlɚ/
perpetrate	/ˈpɝpəˌtɹeɪt/
perpetrated	/ˈpɝpəˌtɹeɪtɪd/
perpetrates	/ˈpɝpəˌtɹeɪts/
perpetrating	/ˈpɝpəˌtɹeɪtɪŋ/
perpetrator	/ˈpɝpəˌtɹeɪtɚ/
perpetrator's	/ˈpɝpəˌtɹeɪtɚz/
perpetrators	/ˈpɝpəˌtɹeɪtɚz/
perpetua	/pɚˈpɛtʃuə/
perpetual	/pɚˈpɛtʃuəl/
perpetually	/pɚˈpɛtʃuəli/
perpetuals	/pɚˈpɛtʃuəlz/
perpetuate	/pɚˈpɛtʃəˌweɪt/
perpetuated	/pɚˈpɛtʃəˌweɪtɪd/
perpetuates	/pɚˈpɛtʃəˌweɪts/
perpetuating	/pɚˈpɛtʃəˌweɪtɪŋ/
perpetuation	/pɚˌpɛtʃəˈweɪʃən/
perpetuity	/ˌpɝpɪtˈjuɪti/
perpich	/ˈpɝpɪk/
perplex	/pɚˈplɛks/
perplexed	/pɚˈplɛkst/
perplexes	/pɚˈplɛksɪz/
perplexing	/pɚˈplɛksɪŋ/
perplexity	/pɚˈplɛksəti/
perquisite	/ˈpɝkwəzɪt/
perquisites	/ˈpɝkwəzɪts/
perra	/ˈpɝɹə/
perras	/ˈpɝɹəz/
perrault	/ˈpɛɹɔlt/
perreault	/pɚˈɹoʊ/
perreira	/pɚˈɹɛɹə/
perrell	/pɚˈɹeɪl/
perrella	/pɚˈɹɛlə/
perrelli	/pɚˈɹɛli/
perren	/ˈpɝɹən/
perret	/ˈpɝɹɪt/
perrett	/ˈpɝɹɪt/
perretta	/pɚˈɹɛtə/
perretti	/pɚˈɹɛti/
perri	/ˈpɝɹi/
perricone	/pɚɹiˈkoʊni/
perriello	/pɚɹiˈɛloʊ/
perrier	/ˈpɛɹiɚ/
perrigo	/pɚˈɹiɡoʊ/
perrin	/ˈpɛɹɪn/
perrine	/pɚˈɹini/
perrino	/pɚˈɹinoʊ/
perrins	/ˈpɛɹɪnz/
perritt	/ˈpɝɹɪt/
perro	/ˈpɝɹoʊ/
perrodin	/ˈpɝɹədɪn/
perron	/ˈpɛɹən/
perrone	/pɚˈɹoʊni/
perrot	/ˈpɝɹət/
perrott	/pɚˈɹɑt/
perrotta	/pɚˈɹoʊtə/
perrotti	/pɚˈɹoʊti/
perrotto	/pɚˈɹoʊtoʊ/
perrow	/ˈpɝɹoʊ/
perry	/ˈpɛɹi/
perry's	/ˈpɛɹiz/
perryman	/ˈpɝɹimən/
perryn	/ˈpɝɹɪn/
pers	/ˈpɝs/
persall	/ˈpɝsəl/
persaud	/ˈpɝsɔd/
perschbacher	/ˈpɝʃbɑkɚ/
perse	/ˈpɝs/
persecute	/ˈpɝsəkˌjut/
persecuted	/ˈpɝsəkˌjutɪd/
persecutes	/ˈpɝsəkˌjuts/
persecuting	/ˈpɝsɪkˌjutɪŋ/
persecution	/ˌpɝsəkˈjuʃən/
persecutions	/ˌpɝsəkˈjuʃəns/
persecutor	/ˈpɝsəkˌjutɚ/
persecutors	/ˈpɝsəkˌjutɚz/
persepolis	/pɚˈsɛpələs/
perses	/ˈpɝsɪz/
perset	/ˈpɝsɛt/
perseus	/ˈpɝsiəs/
perseverance	/ˌpɝsəˈvɪɹəns/
persevere	/pɚsəˈvɪɹ/
persevered	/ˌpɝsəˈvɪɹd/
perseveres	/pɚsəˈvɪɹz/
persevering	/pɚsəˈvɪɹɪŋ/
pershall	/ˈpɝʃəl/
pershare	/pɚˈʃɛɹ/
pershing	/ˈpɝʃɪŋ/
pershing's	/ˈpɝʃɪŋz/
pershings	/ˈpɝʃɪŋz/
persia	/ˈpɝʒə/
persian	/ˈpɝʒən/
persians	/ˈpɝʒənz/
persico	/pɚˈsikoʊ/
persing	/ˈpɝsɪŋ/
persinger	/ˈpɝsɪndʒɚ/
persis	/ˈpɝsɪs/
persist	/pɚˈsɪst/
persisted	/pɚˈsɪstɪd/
persistence	/pɚˈsɪstəns/
persistent	/pɚˈsɪstənt/
persistently	/pɚˈsɪstəntli/
persisting	/pɚˈsɪstɪŋ/
persists	/pɚˈsɪsts/
persky	/ˈpɝski/
persley	/ˈpɝsli/
person	/ˈpɝsən/
person's	/ˈpɝsənz/
persona	/pɚˈsoʊnə/
personable	/ˈpɝsənəbəl/
personably	/ˈpɝsənəbli/
personae	/pɚˈsoʊneɪ/
personal	/ˈpɝsɪnəl/
personalink	/ˈpɝsənəˌlɪŋk/
personalities	/ˌpɝsəˈnælɪtiz/
personality	/ˌpɝsəˈnælɪti/
personalization	/ˌpɝsənələˈzeɪʃən/
personalize	/ˈpɝsənəˌlaɪz/
personalized	/ˈpɝsənəˌlaɪzd/
personalizes	/ˈpɝsənəˌlaɪzɪz/
personalizing	/ˈpɝsənəˌlaɪzɪŋ/
personally	/ˈpɝsənəli/
personals	/ˈpɝsɪnɪlz/
personic	/pɚˈsɑnɪk/
personics	/pɚˈsɑnɪks/
personification	/pɚˌsɑnəfəˈkeɪʃən/
personified	/pɚˈsɑnəˌfaɪd/
personifies	/pɚˈsɑnəˌfaɪz/
personify	/pɚˈsɑnəˌfaɪ/
personifying	/pɚˈsɑnəˌfaɪɪŋ/
personnel	/ˌpɝsəˈnɛl/
persons	/ˈpɝsənz/
perspective	/pɚˈspɛktɪv/
perspectives	/pɚˈspɛktɪvz/
perspicacious	/pɚspəˈkeɪʃəs/
perspiration	/ˌpɝspɚˈeɪʃən/
perspire	/pɚˈspaɪɹ/
perspiring	/pɚˈspaɪɹɪŋ/
persson	/ˈpɝsən/
persuadable	/pɚˈsweɪdəbəl/
persuade	/pɚˈsweɪd/
persuaded	/pɚˈsweɪdɪd/
persuades	/pɚˈsweɪdz/
persuading	/pɚˈsweɪdɪŋ/
persuasion	/pɚˈsweɪʒən/
persuasions	/pɚˈsweɪʒənz/
persuasive	/pɚˈsweɪsɪv/
persuasively	/pɚˈsweɪsɪvli/
persuasiveness	/pɚˈsweɪsɪvnəs/
persyn	/ˈpɝsɪn/
pert	/ˈpɝt/
pertain	/pɚˈteɪn/
pertained	/pɚˈteɪnd/
pertaining	/pɚˈteɪnɪŋ/
pertains	/pɚˈteɪnz/
pertamina	/pɚtəˈminə/
perth	/ˈpɝθ/
pertinent	/ˈpɝtɪnɪnt/
pertinently	/ˈpɝtɪnɪntli/
pertschuk	/ˈpɝtʃək/
pertuit	/ˈpɝtɪt/
perturb	/pɚˈtɝb/
perturbation	/ˌpɝtɚˈbeɪʃən/
perturbations	/ˌpɝtɚˈbeɪʃənz/
perturbed	/pɚˈtɝbd/
perturbing	/pɚˈtɝbɪŋ/
perturbs	/pɚˈtɝbz/
pertussis	/pɚˈtʌsɪs/
peru	/pɚˈu/
peru's	/pɚˈuz/
perugia	/pɚˈuɡiə/
perugina	/ˌpɛɹuˈdʒinə/
perugini	/pɚuˈdʒini/
perulac	/ˈpɛɹulæk/
perusal	/pɚˈuzəl/
peruse	/pɚˈuz/
perused	/pɚˈuzd/
peruses	/pɚˈuzɪz/
perusing	/pɚˈuzɪŋ/
perusse	/pɚˈusi/
peruvian	/pɚˈuviən/
peruvians	/pɚˈuviənz/
peruzzi	/pɚˈutsi/
pervade	/pɚˈveɪd/
pervaded	/pɚˈveɪdɪd/
pervades	/pɚˈveɪdz/
pervading	/pɚˈveɪdɪŋ/
pervasive	/pɚˈveɪsɪv/
pervasiveness	/pɚˈveɪsɪvnɪs/
perverse	/pɚˈvɝs/
perversely	/pɚˈvɝsli/
perversion	/pɚˈvɝʒən/
perversity	/pɚˈvɝsəti/
pervert	/ˈpɝvɚt/
perverted	/pɚˈvɝtɪd/
perverting	/pɚˈvɝtɪŋ/
perverts	/ˈpɝvɚts/
pervomaiskaya	/pɚvoʊmeɪˈskaɪə/
perz	/ˈpɝz/
perzigian	/pɚˈzɪɡiən/
pesatori	/ˌpɛsəˈtɔɹi/
pesavento	/ˌpɛsəˈvɛntoʊ/
pescatore	/pɛskɑˈtɔɹi/
pesce	/ˈpɛs/
pesch	/ˈpɛʃ/
peschel	/ˈpɛʃəl/
peschke	/ˈpɛʃk/
pesci	/ˈpɛski/
pesek	/ˈpɛsɛk/
peseta	/pəˈseɪtə/
pesetas	/pəˈseɪtəz/
pesh	/ˈpɛʃ/
peshawar	/ˈpɛʃəwɔɹ/
peshek	/ˈpɛʃɛk/
pesina	/pɛˈsinə/
peskin	/ˈpɛskɪn/
pesky	/ˈpɛski/
pesnell	/pɪˈsnɛl/
peso	/ˈpeɪsoʊ/
peso's	/ˈpeɪsoʊz/
pesola	/pɛˈsoʊlə/
pesos	/ˈpeɪsoʊz/
pessimism	/ˈpɛsəˌmɪzəm/
pessimist	/ˈpɛsəməst/
pessimistic	/ˌpɛsəˈmɪstɪk/
pessimists	/ˈpɛsəmɪsts/
pessin	/ˈpɛsɪn/
pest	/ˈpɛst/
pesta	/ˈpɛstə/
pestana	/pɛˈstænə/
pester	/ˈpɛstɚ/
pestered	/ˈpɛstɚd/
pestering	/ˈpɛstɚɪŋ/
pesters	/ˈpɛstɚz/
pesticide	/ˈpɛstəˌsaɪd/
pesticides	/ˈpɛstəˌsaɪdz/
pestilence	/ˈpɛstələns/
pestillo	/ˌpɛˈstɪloʊ/
pestka	/ˈpɛstkə/
pests	/ˈpɛsts/
pet	/ˈpɛt/
pet's	/ˈpɛts/
peta	/ˈpitə/
peta's	/ˈpitəz/
petain	/pəˈteɪn/
petak	/ˈpɛtək/
petal	/ˈpɛtəl/
petals	/ˈpɛtəlz/
petaluma	/ˌpɛtəˈlumə/
petard	/ˈpɛtɚd/
pete	/ˈpit/
pete's	/ˈpits/
peter	/ˈpitɚ/
peter's	/ˈpitɚz/
peterbilt	/ˈpitɚˌbɪlt/
peterborough	/ˈpitɚbɚoʊ/
petered	/ˈpitɚd/
petering	/ˈpitɚɪŋ/
peterka	/pɪˈtɝkə/
peterkin	/pɪˈtɝkɪn/
peterman	/ˈpitɚmən/
petermann	/ˈpitɚmən/
peterpaul	/ˈpitɚˈpɔl/
peters	/ˈpitɚz/
petersburg	/ˈpitɚzbɚɡ/
petersen	/ˈpitɚsən/
petersen's	/ˈpitɚsənz/
peterson	/ˈpitɚsən/
peterson's	/ˈpitɚsənz/
petery	/ˈpitɚi/
petey	/ˈpiti/
peth	/ˈpɛθ/
pethel	/ˈpɛθəl/
pethtel	/ˈpɛθəl/
petie	/ˈpɛti/
petillo	/pɛˈtɪloʊ/
petino	/pɛˈtinoʊ/
petipa	/ˌpɛˈtipə/
petipa's	/pɛˈtipəz/
petit	/ˈpɛti/
petite	/pəˈtit/
petites	/ˌpɛˈtits/
petition	/pəˈtɪʃən/
petitioned	/pəˈtɪʃənd/
petitioner	/pəˈtɪʃənɚ/
petitioners	/pəˈtɪʃənɚz/
petitioning	/pəˈtɪʃənɪŋ/
petitions	/pəˈtɪʃənz/
petitjean	/pɪˈtɪtdʒən/
petito	/pɛˈtitoʊ/
petitt	/ˈpɛtɪt/
petitti	/pɛˈtiti/
petitto	/pɛˈtitoʊ/
petko	/ˈpɛtkoʊ/
petkovsek	/ˌpɛtˈkɑvsɛk/
petkus	/ˈpɛtkɪs/
peto	/ˈpitoʊ/
petr	/ˈpɛtɚ/
petra	/ˈpɛtɹə/
petracca	/pɛˈtɹɑkə/
petraglia	/pɛˈtɹɑɡliə/
petraitis	/pɛˈtɹaɪtɪs/
petrak	/ˈpɛtɹək/
petrakis	/ˈpɛtɹəkɪs/
petralia	/pɛˈtɹɑliə/
petrarca	/ˌpɛˈtɹɑɹkə/
petras	/ˈpɛtɹəz/
petrasek	/pɪˈtɹɑsɛk/
petrash	/ˈpɛtɹəʃ/
petrauskas	/ˈpɛtɹaʊskəz/
petre	/ˈpɛtɚ/
petrea	/ˈpɛtɹiə/
petree	/ˈpɛˈtɹi/
petrella	/ˌpɛˈtɹɛlə/
petrelli	/pɛˈtɹɛli/
petrels	/ˈpɛtɹəlz/
petrey	/ˈpɛtɹi/
petri	/ˈpɛtɹi/
petrich	/ˈpɛtɹɪk/
petricioli	/ˌpɛtɹɪsiˈoʊli/
petrick	/ˈpɛtɹɪk/
petrides	/ˈpɛtɹaɪdz/
petrie	/ˈpɛtɹi/
petrie's	/ˈpɛtɹiz/
petrified	/ˈpɛtɹəˌfaɪd/
petrify	/ˈpɛtɹəˌfaɪ/
petrik	/ˈpɛtɹɪk/
petrilla	/ˌpɛˈtɹɪlə/
petrilli	/pɛˈtɹili/
petrillo	/ˌpɛˈtɹɪloʊ/
petrin	/ˈpɛtɹɪn/
petrina	/pɛˈtɹinə/
petrini	/pɛˈtɹini/
petrino	/pɛˈtɹinoʊ/
petrizzo	/pɛˈtɹizoʊ/
petro	/ˈpɛtɹoʊ/
petrobras	/ˌpɛˈtɹɑbɹəs/
petrocelli	/pɛtɹoʊˈtʃɛli/
petrochemical	/ˌpɛtɹoʊˈkɛmɪkəl/
petrochemicals	/ˌpɛtɹoʊˈkɛmɪkəlz/
petrocorp	/ˈpɛtɹoʊˌkɔɹp/
petrodollar	/ˈpɛtɹoʊˌdɑlɚ/
petrodollars	/ˈpɛtɹoʊˌdɑlɚz/
petroff	/ˈpɛtɹɔf/
petrofina	/ˌpɛtɹəˈfinə/
petroglyph	/ˈpɛtɹoʊˌɡlɪf/
petroglyphs	/ˈpɛtɹoʊˌɡlɪfs/
petrol	/ˈpɛtɹoʊl/
petrolane	/ˈpɛtɹoʊˌleɪn/
petrolear	/ˈpɛtɹoʊˌlɪɹ/
petroleos	/pəˈtɹoʊlioʊs/
petroles	/ˈpɛˌtɹoʊlz/
petroleum	/pəˈtɹoʊliəm/
petroleum's	/pəˈtɹoʊliəmz/
petrolia	/pəˈtɹoʊliə/
petrology	/pəˈtɹɑlədʒi/
petromin	/ˈpɛtɹəmɪn/
petromineral	/ˌpɛtɹoʊˈmɪnɚəl/
petrominerals	/ˌpɛtɹoʊˈmɪnɚəlz/
petronas	/ˌpɛˈtɹoʊnəs/
petrone	/pɛˈtɹoʊni/
petronella	/ˌpɛtɹoʊˈnɛlə/
petroni	/pɛˈtɹoʊni/
petronia	/pɛˈtɹoʊniə/
petronilla	/ˌpɛtɹəˈnɪlə/
petronio	/ˌpɛˈtɹoʊnioʊ/
petropoulos	/pɪˈtɹɑpəlɪs/
petros	/ˈpɛtɹoʊz/
petrosa	/pɛˈtɹoʊzə/
petrosino	/pɛtɹoʊˈsinoʊ/
petroski	/pɪˈtɹaʊski/
petrosky	/pɪˈtɹoʊski/
petrossian	/pɪˈtɹoʊsjən/
petrosynthese	/pɪˈtɹoʊsɪnˌθis/
petrovic	/pɪˈtɹɑvɪk/
petrovich	/ˈpɛtɹəvɪtʃ/
petrovietnam	/ˌpɛtɹoʊˌviɛtˈnɑm/
petrow	/ˈpɛˌtɹoʊ/
petrowski	/pɪˈtɹɔfski/
petrowsky	/pɪˈtɹaʊski/
petru	/ˈpɛtɹu/
petruccelli	/ˌpɛtɹuˈtʃɛli/
petrucci	/pɛˈtɹutʃi/
petrucelli	/pɛtɹuˈtʃɛli/
petrus	/ˈpɛtɹəs/
petruska	/pɪˈtɹʌskə/
petruzzelli	/pɛtɹutˈsɛli/
petruzzi	/pɛˈtɹutsi/
petry	/ˈpɛtɹi/
pets	/ˈpɛts/
petsch	/ˈpɛtʃ/
petsche	/ˈpɛtʃ/
petsmart	/ˈpɛtˌsmɑɹt/
petstuff	/ˈpɛtˌstʌf/
pett	/ˈpɛt/
petta	/ˈpɛtɑ/
pettaway	/ˈpɛtəˌweɪ/
petted	/ˈpɛtɪd/
pettee	/ˈpɛˈti/
pettengill	/ˈpɛtɪŋɡəl/
petter	/ˈpɛtɚ/
pettersen	/ˈpɛtɚsən/
petterson	/ˈpɛtɚsən/
pettersson	/ˈpitɚsən/
pettet	/ˈpɛtɪt/
petteway	/ˈpɛtweɪ/
pettey	/ˈpɛti/
petteys	/ˈpɛtiz/
petti	/ˈpɛti/
petticoat	/ˈpɛtiˌkoʊt/
petticoats	/ˈpɛtiˌkoʊts/
pettie	/ˈpɛti/
petties	/ˈpɛtiz/
pettigrew	/ˈpɛtɪˌɡɹu/
pettijohn	/ˈpɛtɪdʒɑn/
pettinato	/pɛtiˈnɑtoʊ/
pettine	/pɛˈtini/
pettiness	/ˈpɛtinəs/
petting	/ˈpɛtɪŋ/
pettinger	/ˈpɛtɪŋɚ/
pettingill	/pɪˈtɪŋɡəl/
pettis	/ˈpɛˌtɪs/
pettit	/ˈpɛˌtɪt/
pettitt	/ˈpɛˌtɪt/
pettitte	/ˈpɛˌtɪt/
pettry	/ˈpɛˌtɹi/
pettus	/ˈpɛtəs/
pettway	/ˈpɛˌtweɪ/
petty	/ˈpɛˌti/
petulance	/ˈpɛtʃələns/
petulant	/ˈpɛtʃələnt/
petunia	/pəˈtuniə/
petunias	/pəˈtuniəz/
petway	/ˈpɛˌtweɪ/
petz	/ˈpɛts/
petzel	/ˈpɛtzəl/
petzinger	/ˈpɛtˌsɪŋɚ/
petzold	/ˈpɛtzoʊld/
petzoldt	/ˈpɛtzoʊlt/
peugeot	/pjuˈʒoʊ/
peugh	/ˈpju/
pevehouse	/ˈpivˌhaʊs/
peveler	/ˈpɛvəlɚ/
peverell	/ˈpɛvɚˌɛl/
peveto	/pɛˈvɛˌtoʊ/
pevey	/pɪˈveɪ/
pew	/ˈpju/
pewabic	/ˌpjuˈɑbɪk/
pewex	/ˈpɛˌwɛks/
pewitt	/ˈpjuɪt/
pews	/ˈpjuz/
pewter	/ˈpjutɚ/
peyman	/ˈpeɪmən/
peyot	/ˈpeɪɔt/
peyote	/pɪˈjɔˌti/
peyrelevade	/ˌpɛˈɹɛləˌveɪd/
peyser	/ˈpeɪzɚ/
peyton	/ˈpeɪtən/
pez	/ˈpɛz/
pezeshkan	/pəˈzɛʃkən/
pezim	/ˌpɛˈzim/
pezim's	/ˌpɛˈzimz/
pezza	/ˈpɛzə/
pezzella	/pɛtˈsɛlə/
pezzullo	/pɛtˈsuloʊ/
pfaff	/ˈfæf/
pfahl	/ˈfɑl/
pfahler	/ˈfɑlɚ/
pfalzgraf	/ˈfælzɡɹæf/
pfannenstiel	/ˈfænənstil/
pfarr	/ˈfɑɹ/
pfau	/ˈfaʊ/
pfeffer	/ˈfɛfɚ/
pfefferkorn	/ˈfɛfɚˌkɔɹn/
pfefferle	/ˈfɛfɚəl/
pfeifer	/ˈfaɪfɚ/
pfeiff	/ˈfaɪf/
pfeiffer	/ˈfaɪfɚ/
pfeifle	/ˈfaɪfəl/
pfeil	/ˈfaɪl/
pfennig	/ˈfɛnɪɡ/
pfennigs	/ˈfɛnɪɡz/
pfenning	/ˈfɛnɪŋ/
pfenninger	/ˈfɛnɪŋɚ/
pfeuffer	/ˈfjufɚ/
pfiester	/ˈfaɪstɚ/
pfiesteria	/ˌfaɪˈstɛɹiə/
pfiffner	/ˈfɪfnɚ/
pfingsten	/ˈfɪŋstən/
pfister	/ˈfɪstɚ/
pfisterer	/ˈfɪstɚɚ/
pfizer	/ˈfaɪzɚ/
pfizer's	/ˈfaɪzɚz/
pflaum	/ˈflaʊm/
pfleger	/ˈfliɡɚ/
pfleiderer	/ˈflaɪdɚɚ/
pflieger	/ˈfliɡɚ/
pflueger	/ˈfluɡɚ/
pflug	/ˈfluɡ/
pfluger	/ˈfluɡɚ/
pflum	/ˈflʌm/
pfohl	/ˈfoʊl/
pforzheimer	/ˈfɔɹzˌhaɪmɚ/
pfost	/ˈfɑst/
pfund	/ˈfʌnd/
pfundstein	/ˈfʌndˌstin/
pga	/ˈpiˈdʒiˈeɪ/
pga's	/ˈpiˈdʒiˈeɪz/
pgm	/ˈpiˈdʒiˈɛm/
ph	/ˈpiˈeɪtʃ/
ph.d.	/ˈpiˌeɪtʃˈdi/
phagan	/ˈfeɪɡən/
phage	/ˈfeɪdʒ/
phagocyte	/ˈfæɡəˌsaɪt/
phagocytes	/ˈfæɡəˌsaɪts/
phair	/ˈfɛɹ/
phalange	/fəˈlændʒ/
phalanges	/fəˈlændʒiz/
phalanx	/ˈfeɪlæŋks/
phalen	/ˈfælən/
phallic	/ˈfælɪk/
pham	/ˈfæm/
phan	/ˈfæn/
phaneuf	/ˈfænuf/
phantasm	/ˌfænˈtæzəm/
phantasmagoria	/fænˌtæzməˈɡɔɹiə/
phantom	/ˈfæntəm/
phantoms	/ˈfæntəmz/
phar	/ˈfɑɹ/
pharaoh	/ˈfɛɹoʊ/
pharaohs	/ˈfɛɹoʊz/
pharaon	/ˈfɛɹoʊn/
pharaonic	/ˌfɛɹəˈɑnɪk/
phares	/ˈfɛɹz/
pharis	/ˈfæɹəs/
pharisaism	/ˈfæɹɪˌseɪˌɪzəm/
pharisee	/ˈfɑɹɪˌsi/
pharisees	/ˈfɑɹɪˌsiz/
phariss	/fɚˈɪs/
pharma	/ˈfɑɹmə/
pharmaceutical	/ˌfɑɹməˈsutɪkəl/
pharmaceuticals	/ˌfɑɹməˈsutɪkəlz/
pharmacia	/fɑɹˈmeɪsiə/
pharmacies	/ˈfɑɹməsiz/
pharmacist	/ˈfɑɹməsɪst/
pharmacists	/ˈfɑɹməsɪsts/
pharmacological	/ˌfɑɹməkəˈlɑdʒɪkəl/
pharmacologist	/ˌfɑɹməˈkɑlədʒɪst/
pharmacologists	/ˌfɑɹməˈkɑlədʒɪsts/
pharmacology	/ˌfɑɹməˈkɑlədʒi/
pharmacy	/ˈfɑɹməsi/
pharmakinetic	/ˌfɑɹməkəˈnɛtɪk/
pharmakinetics	/ˌfɑɹməkəˈnɛtɪks/
pharo	/ˈfɑɹoʊ/
pharoah	/ˈfeɪɹoʊ/
pharoahs	/ˈfeɪɹoʊz/
pharos	/ˈfɛˌɹoʊz/
pharr	/ˈfɑɹ/
pharris	/ˈfæɹɪs/
pharynx	/ˈfɛɹɪŋks/
phase	/ˈfeɪz/
phased	/ˈfeɪzd/
phaseout	/ˈfeɪˌzaʊt/
phases	/ˈfeɪzəz/
phasing	/ˈfeɪzɪŋ/
phd	/ˈpiˌeɪtʃˈdi/
pheasant	/ˈfɛzənt/
pheasants	/ˈfɛzənts/
phebe	/ˈfibi/
phebus	/ˈfibəs/
phedra	/ˈfɛdɹə/
phegley	/ˈfɛɡli/
phelan	/ˈfɛlən/
phelps	/ˈfɛlps/
phelps's	/ˈfɛlpsɪz/
phen	/ˈfɛn/
phenfen	/ˈfɛnˈfɛn/
phenicie	/ˈfɛnəki/
phenix	/ˈfɛnɪks/
phenol	/ˈfinɑl/
phenolic	/fəˈnɑlɪk/
phenolphthalein	/ˌfinɑlfˈθeɪlən/
phenom	/ˈfɛnəm/
phenomena	/fəˈnɑmənə/
phenomenal	/fəˈnɑmənəl/
phenomenally	/fəˈnɑmənəli/
phenomenology	/fəˈnɑməˌnɑlɑˌɡi/
phenomenon	/fəˈnɑməˌnɑn/
phenotype	/ˈfinəˌtaɪp/
phenotypes	/ˈfinəˌtaɪps/
phenotypic	/ˌfinəˈtɪpɪk/
phenylthaline	/ˌfinəlˈθeɪlin/
pherigo	/fɛˈɹiɡoʊ/
pheromone	/ˈfɛɹəˌmoʊn/
pheromones	/ˈfɛɹəˌmoʊnz/
pherson	/ˈfɝsən/
phetteplace	/ˈfɛtpleɪs/
phew	/ˈfju/
phi	/ˈfaɪ/
phibbs	/ˈfɪbz/
phibro	/ˈfɪbɹoʊ/
phifer	/ˈfaɪfɚ/
phil	/ˈfɪl/
phil's	/ˈfɪlz/
philadelphia	/ˌfɪləˈdɛlfiə/
philadelphia's	/ˌfɪləˈdɛlfiəz/
philadelphian	/ˌfɪləˈdɛlfiən/
philadelphians	/ˌfɪləˈdɛlfiənz/
philana	/fɪˈlænə/
philander	/fəˈlændɚ/
philanderer	/fəˈlænˌdɛɹɚ/
philanderers	/fəˈlænˌdɛɹɚz/
philandering	/ˌfaɪˈlændɚɪŋ/
philantha	/fɪˈlænθə/
philanthropic	/ˌfɪlənˈθɹɑpɪk/
philanthropies	/fəˈlænθɹəpiz/
philanthropist	/fəˈlænθɹəpəst/
philanthropists	/fɪˈlænθɹəpɪsts/
philanthropy	/fɪˈlænθɹəpi/
philatelic	/fɪləˈtɛlək/
philatelist	/fɪˈlætəlɪst/
philately	/fɪˈlætəli/
philbeck	/ˈfɪlˌbɛk/
philbert	/ˈfɪlbɚt/
philberta	/fɪlˈbɝtə/
philbin	/ˈfɪlbɪn/
philbrick	/ˈfɪlbɹɪk/
philbrook	/ˈfɪlˌbɹʊk/
philby	/ˈfɪlbi/
phileas	/fəˈleɪəs/
philemon	/fəˈleɪmən/
philene	/fɪˈlin/
phileo	/ˈfɪlioʊ/
philharmonia	/ˌfɪlhɑɹˈmoʊniə/
philharmonic	/ˌfɪlˌhɑɹˈmɑnɪk/
philharmonic's	/ˌfɪlhɑɹˈmɑnɪks/
philhower	/ˈfɪlaʊɚ/
philibert	/ˈfɪlɪbɚt/
philibosian	/ˌfɪlɪˈboʊziən/
philida	/fəˈlidə/
philina	/fəˈlinə/
philip	/ˈfɪləp/
philip's	/ˈfɪləps/
philipp	/ˈfɪlɪp/
philippa	/fɪˈlɪpə/
philippe	/fɪˈlipeɪ/
philippi	/fɪˈlɪpi/
philippic	/fɪˈlɪpɪk/
philippine	/ˈfɪləˌpin/
philippines	/ˈfɪləˌpinz/
philippines'	/ˈfɪləˌpinz/
philippino	/ˌfɪləˈpinoʊ/
philippoussis	/ˌfɪləˈpusəs/
philipps	/ˈfɪlɪps/
philips	/ˈfɪləps/
philips'	/ˈfɪlɪps/
philips's	/ˈfɪlɪpsɪz/
philipson	/ˈfɪləpsən/
philistia	/fɪˈlɪstiə/
philistine	/ˈfɪləˌstin/
philistines	/ˈfɪləˌstinz/
phillabaum	/ˈfɪləˌbaʊm/
philley	/ˈfɪli/
phillie	/ˈfɪli/
phillies	/ˈfɪliz/
phillip	/ˈfɪlɪp/
phillip's	/ˈfɪlɪps/
phillipe	/fɪˈlip/
phillipine	/ˈfɪləˌpin/
phillipines	/ˌfɪləˈpinz/
phillipp	/ˈfɪlɪp/
phillippe	/ˈfɪləp/
phillippi	/fəˈlipi/
phillipps	/ˈfɪlɪps/
phillips	/ˈfɪlɪps/
phillips'	/ˈfɪlɪps/
phillips's	/ˈfɪlɪpsɪz/
phillipson	/ˈfɪləpsən/
phillis	/ˈfɪlɪs/
philly	/ˈfɪli/
philo	/ˈfiloʊ/
philodendron	/ˌfɪləˈdɛndɹən/
philomela	/ˌfɪləˈmilə/
philomena	/fɪləˈminə/
philon	/ˈfɪlən/
philosopher	/fəˈlɑsəfɚ/
philosophers	/fəˈlɑsəfɚz/
philosophic	/ˌfɪləˈsɑfɪk/
philosophical	/ˌfɪləˈsɑfɪkəl/
philosophically	/ˌfɪləˈsɑfɪkəli/
philosophies	/fəˈlɑsəfiz/
philosophy	/fəˈlɑsəfi/
philp	/ˈfɪlp/
philpot	/ˈfɪlpət/
philpott	/ˈfɪlpət/
philson	/ˈfɪlsən/
philyaw	/ˈfɪlˌjɑ/
phineas	/ˈfɪniəs/
phinney	/ˈfɪni/
phippen	/ˈfɪpən/
phipps	/ˈfɪps/
phish	/ˈfɪʃ/
phishing	/ˈfɪʃɪŋ/
phlcorp	/ˈpiˈeɪˈtʃɛlˈkɔɹp/
phlebitis	/fləˈbaɪtɪs/
phlegm	/ˈflɛm/
phlegmatic	/flɛɡˈmætɪk/
phlogopite	/ˈflɑɡəˌpaɪt/
phnom	/ˈfnɑm/
pho	/ˈfoʊ/
phobia	/ˈfoʊbiə/
phobias	/ˈfoʊbiəz/
phobic	/ˈfoʊbɪk/
phobos	/ˈfoʊboʊs/
phoebe	/ˈfibi/
phoebus	/ˈfibəs/
phoenicia	/fəˈniʃə/
phoenician	/fəˈniʃən/
phoenicians	/fəˈniʃənz/
phoenix	/ˈfinɪks/
phoenix's	/ˈfinɪksɪz/
phone	/ˈfoʊn/
phone's	/ˈfoʊnz/
phoned	/ˈfoʊnd/
phonemate	/ˈfoʊnˌmeɪt/
phoneme	/ˈfoʊnim/
phonemes	/ˈfoʊnimz/
phonemic	/fəˈnimɪk/
phones	/ˈfoʊnz/
phonetic	/fəˈnɛtɪk/
phonetically	/fəˈnɛtɪkli/
phonetics	/fəˈnɛtɪks/
phoney	/ˈfoʊni/
phonic	/ˈfɑnɪk/
phonics	/ˈfɑnɪks/
phoning	/ˈfoʊnɪŋ/
phonograph	/ˈfoʊnəˌɡɹæf/
phonographs	/ˈfoʊnəˌɡɹæfs/
phonological	/ˌfoʊnəˈlɑdʒɪkəl/
phonology	/fəˈnɑləˌdʒi/
phony	/ˈfoʊni/
phooey	/ˈfui/
phosphate	/ˈfɑsfeɪt/
phosphates	/ˈfɑsfeɪts/
phosphatic	/fɑsˈfætɪk/
phosphor	/ˈfɑsˌfɔɹ/
phosphorescence	/ˌfɑsfɚˈɛsəns/
phosphoric	/ˈfɑsfɚɪk/
phosphorite	/ˈfɑsfɚˌaɪt/
phosphorites	/ˈfɑsfɚˌaɪts/
phosphorous	/ˈfɑsfɚəs/
phosphors	/ˈfɑsˌfɔɹz/
phosphorus	/ˈfɑsfɚəs/
photo	/ˈfoʊˌtoʊ/
photo's	/ˈfoʊˌtoʊz/
photocall	/ˈfoʊˌtoʊkɑl/
photochemical	/ˌfoʊtoʊˈkɛməkəl/
photoconductive	/ˌfoʊtoʊkənˈdʌktɪv/
photocopied	/ˈfoʊtoʊˌkɑpid/
photocopier	/ˈfoʊtoʊˌkɑpiɚ/
photocopiers	/ˈfoʊtoʊˌkɑpiɚz/
photocopies	/ˈfoʊtoʊˌkɑpiz/
photocopy	/ˈfoʊtoʊˌkɑpi/
photocopying	/ˈfoʊtoʊˌkɑpiɪŋ/
photodynamic	/ˌfoʊtoʊdaɪˈnæmɪk/
photoelectric	/ˌfoʊtoʊɪˈlɛktɹɪk/
photofinisher	/ˌfoʊtoʊˈfɪˌnɪʃɚ/
photofinishers	/ˌfoʊtoʊˈfɪˌnɪʃɚz/
photofinishing	/ˈfoʊtoʊˈfɪnɪʃɪŋ/
photogenic	/ˌfoʊtəˈdʒɛnɪk/
photograph	/ˈfoʊtəˌɡɹæf/
photographed	/ˈfoʊtəˌɡɹæft/
photographer	/fəˈtɑɡɹəfɚ/
photographer's	/fəˈtɑɡɹəfɚz/
photographers	/fəˈtɑɡɹəfɚz/
photographic	/ˌfoʊtəˈɡɹæfɪk/
photographing	/ˈfoʊtəˌɡɹæfɪŋ/
photographs	/ˈfoʊtəˌɡɹæfs/
photography	/fəˈtɑɡɹəfi/
photojournalist	/ˌfoʊtoʊˈdʒɝnələst/
photometer	/fəˈtɑmɪtɚ/
photon	/ˈfoʊˌtɑn/
photons	/ˈfoʊˌtɑnz/
photoop	/ˈfoʊtoʊˈɔp/
photophoresis	/ˌfoʊtoʊfɚˈisɪs/
photorefractive	/ˌfoʊtoʊɹɪˈfɹæktɪv/
photos	/ˈfoʊˌtoʊz/
photoshop	/ˈfoʊˌtoʊˌʃɑp/
photoshopped	/ˌfoʊtoʊˈʃɑpt/
photoshopping	/ˈfoʊˌtoʊˌʃɑpɪŋ/
photoshops	/ˈfoʊˌtoʊˌʃɑps/
photosynthesis	/ˌfoʊtoʊˈsɪnθəsɪs/
phototaxis	/ˌfoʊtəˈtæksɪs/
phototron	/ˈfoʊtətɹɑn/
photovoltaic	/ˌfoʊtəˌvoʊlˈteɪɪk/
photovoltaics	/ˈfoʊtoʊvoʊlˈteɪɪks/
photronic	/ˌfoʊˈtɹɑnɪk/
photronics	/ˌfoʊˈtɹɑnɪks/
php	/ˈpiˈeɪtʃˈpi/
phrase	/ˈfɹeɪz/
phrased	/ˈfɹeɪzd/
phraseology	/ˌfɹeɪziˈɔlɔdʒi/
phrases	/ˈfɹeɪzəz/
phrasing	/ˈfɹeɪzɪŋ/
phrygian	/ˈfɹɪdʒiən/
phu	/ˈfu/
phua	/ˈfjuə/
phung	/ˈfʌŋ/
phuong	/fuˈɔŋ/
phut	/ˈfʌt/
phy	/ˈfaɪ/
phyla	/ˈfaɪlə/
phyle	/ˈfaɪl/
phylis	/ˈfaɪləs/
phyllis	/ˈfɪlɪs/
phyllys	/ˈfɪliz/
phylogeny	/faɪˈlɑdʒəni/
phylum	/ˈfaɪləm/
physical	/ˈfɪzɪkəl/
physically	/ˈfɪzɪkəli/
physicals	/ˈfɪzɪkəlz/
physician	/fəˈzɪʃən/
physician's	/fəˈzɪʃənz/
physicians	/fəˈzɪʃənz/
physicians'	/fɪˈzɪʃənz/
physicist	/ˈfɪzɪsɪst/
physicists	/ˈfɪzɪsɪsts/
physics	/ˈfɪzɪks/
physics'	/ˈfɪsɪks/
physio	/ˈfɪzioʊ/
physiologic	/ˌfɪziəˈlɑdʒɪk/
physiological	/ˌfɪziəˈlɑdʒɪkəl/
physiologically	/ˌfɪziəˈlɑdʒɪkli/
physiologist	/ˌfɪziˈɑlədʒɪst/
physiology	/ˌfɪziˈɑlədʒi/
physique	/fəˈzik/
phytogeography	/faɪtoʊdʒiˈɑɡɹəfi/
phytoplankton	/ˌfaɪtoʊˈplæŋtən/
pi	/ˈpaɪ/
pi-meson	/ˈpaɪˈmeɪˌzɑn/
pia	/ˈpiə/
piacente	/piɑˈtʃɛnti/
piacentini	/piɑtʃɛnˈtini/
piaget	/ˌpiəˈʒeɪ/
piaget's	/ˌpiəˈʒeɪz/
piana	/piˈænə/
pianist	/piˈænəst/
pianist's	/piˈænəsts/
pianists	/piˈænəsts/
pianka	/piˈɑŋkə/
piano	/piˈænoʊ/
piano's	/piˈænoʊz/
pianos	/piˈænoʊz/
piascik	/ˈpiəstʃɪk/
piasecki	/piəˈsɛtski/
piasio	/piˈæsioʊ/
piatek	/piˈɑtɛk/
piatkowski	/piətˈkɔfski/
piatt	/ˈpaɪət/
piazza	/piˈæzə/
piazzolla	/ˌpiəˈzɑlə/
pic	/ˈpɪk/
pic-a-pasta	/ˈpɪkəˈpɑstə/
pica	/ˈpaɪkə/
picabo	/pəˈkɑboʊ/
picante	/piˈkɑnteɪ/
picard	/pɪˈkɑɹd/
picaresque	/ˌpɪkəˈɹɛsk/
picariello	/pikɑɹiˈɛloʊ/
picaro	/ˈpikɑˌɹoʊ/
picas	/ˈpaɪkəz/
picasso	/pɪˈkɑsoʊ/
picasso's	/pɪˈkɑsoʊz/
picassos	/pɪˈkɑsoʊs/
picayune	/ˌpɪkiˈjun/
picazo	/piˈkɑzoʊ/
piccadilly	/ˈpɪkəˌdɪli/
picchi	/ˈpɪki/
picchu	/ˈpitʃu/
picciano	/ˌpitʃiˈɑnoʊ/
piccinini	/pitʃiˈnini/
piccione	/pikˈtʃoʊni/
piccirilli	/pitʃɪˈɹili/
piccirillo	/pitʃɪˈɹɪloʊ/
picco	/ˈpɪkoʊ/
piccola	/piˈkoʊlə/
piccoli	/piˈkoʊli/
piccolo	/ˈpɪkəˌloʊ/
piccone	/piˈkoʊni/
picha	/ˈpɪtʃə/
pichardo	/pɪˈtʃɑɹdoʊ/
piche	/ˈpɪtʃ/
picheny	/pəˈtʃɛˌni/
picher	/ˈpɪtʃɚ/
pichette	/pəˈʃɛt/
pichler	/ˈpɪtʃlɚ/
pichon	/ˈpɪtʃən/
picht	/ˈpɪkt/
picinich	/ˈpɪsɪnɪtʃ/
pick	/ˈpɪk/
pick-up	/ˈpɪˌkʌp/
pick-ups	/ˈpɪˌkʌps/
pickands	/ˈpɪkəndz/
pickar	/pɪˈkɑɹ/
pickard	/pɪˈkɑɹd/
pickart	/ˈpɪˌkɑɹt/
picked	/ˈpɪkt/
pickel	/ˈpɪkəl/
pickell	/ˈpɪkəl/
pickelsimer	/ˈpɪkɪlsɪmɚ/
picken	/ˈpɪkən/
pickens	/ˈpɪkənz/
pickens'	/ˈpɪkənz/
pickens's	/ˈpɪkənzɪz/
picker	/ˈpɪkɚ/
pickeral	/ˈpɪkɚəl/
pickerel	/ˈpɪkɚəl/
pickerell	/ˈpɪkɚəl/
pickerill	/ˈpɪkɚˌɪl/
pickering	/ˈpɪkɚɪŋ/
pickers	/ˈpɪkɚz/
pickert	/ˈpɪkɚt/
picket	/ˈpɪkɪt/
picketed	/ˈpɪkətɪd/
picketer	/ˈpɪkətɚ/
picketers	/ˈpɪkətɚz/
picketing	/ˈpɪkətɪŋ/
pickets	/ˈpɪkəts/
pickett	/ˈpɪkɪt/
pickett's	/ˈpɪkɪts/
pickford	/ˈpɪkfɚd/
pickier	/ˈpɪkiɚ/
picking	/ˈpɪkɪŋ/
pickings	/ˈpɪkɪŋz/
pickins	/ˈpɪkɪnz/
pickle	/ˈpɪkəl/
pickled	/ˈpɪkəld/
pickler	/ˈpɪkəlɚ/
pickles	/ˈpɪkəlz/
picklesimer	/ˈpɪkəlsɪmɚ/
pickling	/ˈpɪklɪŋ/
pickney	/ˈpɪkni/
pickpocket	/ˈpɪkˌpɑkət/
pickpockets	/ˈpɪkˌpɑkəts/
pickrel	/ˈpɪkɹəl/
pickrell	/ˈpɪkɹəl/
pickren	/ˈpɪkɚən/
pickron	/ˈpɪkɹən/
picks	/ˈpɪks/
pickup	/ˈpɪˌkʌp/
pickups	/ˈpɪˌkʌps/
pickus	/ˈpɪkəs/
pickwick	/ˈpɪˌkwɪk/
pickworth	/ˈpɪˌkwɝθ/
picky	/ˈpɪki/
picnic	/ˈpɪkˌnɪk/
picnics	/ˈpɪkˌnɪks/
pico	/ˈpikoʊ/
picon	/ˈpɪkən/
picone	/pɪˈkoʊn/
picop	/ˈpɪˌkɑp/
picotte	/pɪˈkɔt/
picou	/ˈpiku/
picoult	/pɪˈkoʊlt/
picower	/ˈpɪˌkaʊɹ/
pictet	/ˈpɪktɪt/
picton	/ˈpɪktən/
pictorial	/pɪkˈtɔɹiəl/
picts	/ˈpɪkts/
picture	/ˈpɪktʃɚ/
picture's	/ˈpɪktʃɚz/
pictured	/ˈpɪktʃɚd/
pictures	/ˈpɪktʃɚz/
pictures'	/ˈpɪktʃɚz/
picturesque	/ˈpɪktʃɚəsk/
picturetel	/ˈpɪkˌtʃɝˌtɛl/
picturing	/ˈpɪktʃɚɪŋ/
pidcock	/ˈpɪdkək/
piddle	/ˈpɪdəl/
piddles	/ˈpɪdəlz/
piddling	/ˈpɪdəlɪŋ/
piddock	/ˈpɪdək/
pidgeon	/ˈpɪddʒɪn/
pie	/ˈpaɪ/
piebald	/ˈpaɪˌbɔld/
piece	/ˈpis/
pieced	/ˈpist/
piecemeal	/ˈpiˌsmil/
pieces	/ˈpisəz/
piecework	/ˈpiˌswɝk/
piech	/ˈpitʃ/
piech's	/ˈpitʃɪz/
piechocki	/piˈhoʊtski/
piechota	/piˈhoʊtə/
piechowski	/piˈhɔfski/
piecing	/ˈpisɪŋ/
piecuch	/ˈpikək/
pieczynski	/piˈtʃɪnski/
pied	/ˈpaɪd/
piedboeuf	/ˈpidˌbʌf/
piedmont	/ˈpidˌmɑnt/
piedmont's	/ˈpidˌmɑnts/
piedra	/ˈpidɹə/
piehl	/ˈpil/
piekarski	/piˈkɑɹski/
piel	/ˈpil/
piela	/ˈpilə/
pienta	/ˈpintə/
pieper	/ˈpipɚ/
piepgras	/ˈpipˌɡɹæs/
piepho	/ˈpifoʊ/
pier	/ˈpɪɹ/
pieraccini	/ˌpɪɹəˈtʃini/
pieratt	/ˈpiɹət/
pierce	/ˈpɪɹs/
pierce's	/ˈpɪɹsɪz/
pierceall	/pɪɹˈsil/
pierced	/ˈpɪɹst/
piercey	/pɪɹˈsi/
piercing	/ˈpɪɹsɪŋ/
piercy	/ˈpɪɹki/
pierette	/pɪˈɹɛt/
pieri	/ˈpiɹi/
pierie	/piˈɛɹi/
pierie's	/piˈɛɹiz/
pierini	/pɪˈɹini/
pierman	/ˈpɪɹmən/
piero	/ˈpiɹoʊ/
pieroni	/pɪˈɹoʊni/
pierotti	/pɪˈɹoʊti/
pierpoint	/pɪɹˈpɔɪnt/
pierpont	/ˈpɪɹˌpɑnt/
pierre	/piˈɛɹ/
pierre's	/piˈɛɹz/
pierrelouis	/ˈpɪɹɪlwiz/
pierrepont	/pɪˈɹeɪpoʊnt/
pierro	/ˈpɪɹoʊ/
pierron	/pɪˈɹɔn/
piers	/ˈpɪɹz/
piersall	/ˈpɪɹsəl/
piersol	/ˈpɪɹsɔl/
pierson	/ˈpɪɹsən/
pies	/ˈpaɪz/
pies's	/ˈpaɪzɪz/
piet	/ˈpaɪɪt/
pieter	/ˈpitɚ/
pietermaritzburg	/ˌpitɚˈmɛɹɪtsbɚɡ/
pieters	/ˈpitɚz/
pieties	/ˈpaɪətiz/
pietila	/piˈtilə/
pietism	/ˈpitɪzəm/
pietrangelo	/pitɹɑŋˈɡɛloʊ/
pietras	/ˈpitɹəz/
pietro	/piˈɛtɹoʊ/
pietrowski	/piˈtɹɔfski/
pietruski	/ˌpiɛˈtɹʌski/
pietruszka	/piˈtɹʌʃkə/
pietrzak	/ˈpitɚzæk/
pietrzyk	/ˈpitɚzɪk/
pietsch	/ˈpitʃ/
piette	/ˈpit/
piety	/ˈpaɪəti/
pietz	/ˈpits/
piezoelectric	/ˌpaɪəˌzoʊəˈlɛktɹɪk/
pifer	/ˈpaɪfɚ/
pig	/ˈpɪɡ/
pig's	/ˈpɪɡz/
pigan	/ˈpɪɡən/
pigeon	/ˈpɪdʒən/
pigeon's	/ˈpɪdʒənz/
pigeonhole	/ˈpɪdʒənˌhoʊl/
pigeonholed	/ˈpɪdʒənˌhoʊld/
pigeons	/ˈpɪdʒənz/
pigford	/ˈpɪɡfɚd/
pigg	/ˈpɪɡ/
piggee	/ˈpɪˈɡi/
piggly	/ˈpɪɡli/
piggott	/ˈpɪɡət/
piggy	/ˈpɪɡi/
piggyback	/ˈpɪɡiˌbæk/
piggybacked	/ˈpɪɡiˌbækt/
piggybacking	/ˈpɪɡiˌbækɪŋ/
piglet	/ˈpɪɡlɪt/
piglets	/ˈpɪɡlɪts/
pigman	/ˈpɪɡmən/
pigment	/ˈpɪɡmənt/
pigmentation	/ˌpɪɡmənˈteɪʃən/
pigmented	/ˌpɪɡˈmɛtɪd/
pigments	/ˈpɪɡmənts/
pigmied	/ˈpɪɡmid/
pigmy	/ˈpɪɡmi/
pignataro	/piɡnɑˈtɑɹoʊ/
pignatelli	/piɡnɑˈtɛli/
pignato	/piɡˈnɑtoʊ/
pignone	/piɡˈnoʊni/
pigott	/ˈpɪɡət/
pigs	/ˈpɪɡz/
pigskin	/ˈpɪɡˌskɪn/
pigskins	/ˈpɪɡˌskɪnz/
pigsty	/ˈpɪɡˌstaɪ/
pigue	/ˈpiɡ/
pih	/ˈpɪ/
pihl	/ˈpɪl/
pik	/ˈpɪk/
pike	/ˈpaɪk/
piker	/ˈpaɪkɚ/
pikers	/ˈpaɪkɚz/
pikes	/ˈpaɪks/
pikul	/ˈpɪkəl/
pikula	/pɪˈkulə/
pikus	/ˈpaɪkəs/
pil	/ˈpɪl/
pilaf	/ˌpiˈlɑf/
piland	/ˈpɪlənd/
pilant	/ˈpilənt/
pilar	/ˈpaɪlɚ/
pilarski	/pɪˈlɑɹski/
pilaster	/pəˈlæstɚ/
pilasters	/pəˈlæstɚz/
pilat	/ˈpilɑt/
pilate	/ˈpaɪˌlʌt/
pilate's	/ˈpaɪˌlʌts/
pilates	/pɪˈlɑˌtis/
pilato	/piˈlɑtoʊ/
pilatus	/piˈleɪtəs/
pilch	/ˈpɪltʃ/
pilcher	/ˈpɪltʃɚ/
pile	/ˈpaɪl/
pilecki	/pɪˈlɛki/
piled	/ˈpaɪld/
pileggi	/pɪˈlɛdʒi/
piles	/ˈpaɪlz/
pileup	/ˈpaɪˌlʌp/
pilevsky	/pɪˈlɛvski/
pilfer	/ˈpɪlfɚ/
pilferage	/ˈpɪlfɚɪdʒ/
pilfered	/ˈpɪlfɚd/
pilfering	/ˈpɪlfɚɪŋ/
pilfers	/ˈpɪlfɚz/
pilger	/ˈpɪlɡɚ/
pilgram	/ˈpɪlɡɹəm/
pilgreen	/pɪlˈɡɹin/
pilgrim	/ˈpɪlɡɹəm/
pilgrim's	/ˈpɪlɡɹəmz/
pilgrimage	/ˈpɪlɡɹəmədʒ/
pilgrimages	/ˈpɪlɡɹəmɪdʒɪz/
pilgrims	/ˈpɪlɡɹəmz/
piling	/ˈpaɪlɪŋ/
pilings	/ˈpaɪlɪŋz/
pilkenton	/pɪlˈkɛntən/
pilkerton	/pɪlˈkɝtən/
pilkington	/ˈpɪlkɪŋtən/
pilkinton	/ˈpɪlkɪntən/
pill	/ˈpɪl/
pill's	/ˈpɪlz/
pilla	/ˈpɪlə/
pillage	/ˈpɪlɪdʒ/
pillaged	/ˈpɪlɪdʒd/
pillager	/ˈpɪlɪdʒɚ/
pillager's	/ˈpɪlɪdʒɚz/
pillagers	/ˈpɪlɪdʒɚz/
pillages	/ˈpɪlɪdʒɪz/
pillaging	/ˈpɪlɪdʒɪŋ/
pillar	/ˈpɪlɚ/
pillard	/ˈpɪlɚd/
pillared	/ˈpɪlɚd/
pillars	/ˈpɪlɚz/
pille	/ˈpɪl/
piller	/ˈpɪlɚ/
pilley	/ˈpɪli/
pilling	/ˈpɪlɪŋ/
pillion	/ˈpɪljən/
pilloried	/ˈpɪlɚid/
pillory	/ˈpɪlɚi/
pillow	/ˈpɪloʊ/
pillows	/ˈpɪloʊz/
pillowtex	/ˈpɪloʊˌtɛks/
pills	/ˈpɪlz/
pillsbury	/ˈpɪlzˌbɛɹi/
pillsbury's	/ˈpɪlzˌbɛɹiz/
pilnak	/ˈpɪlnæk/
pilon	/piˈlɔn/
pilot	/ˈpaɪlət/
pilot's	/ˈpaɪləts/
piloted	/ˈpaɪlətɪd/
piloting	/ˈpaɪlətɪŋ/
pilotless	/ˈpaɪlətləs/
pilots	/ˈpaɪləts/
pilots'	/ˈpaɪləts/
pilotte	/pɪˈlɔt/
pilsner	/ˈpɪlznɚ/
pilson	/ˈpɪlsən/
piltdown	/ˈpɪltˌdaʊn/
piltz	/ˈpɪlts/
pilz	/ˈpɪlz/
pima	/ˈpimə/
pimco	/ˈpɪmkoʊ/
pimental	/pɪˈmɛntəl/
pimentel	/ˈpɪmɪntəl/
pimm	/ˈpɪm/
pimm's	/ˈpɪmz/
pimp	/ˈpɪmp/
pimping	/ˈpɪmpɪŋ/
pimplapure	/ˌpɪmpləpˈjʊɹ/
pimple	/ˈpɪmpəl/
pimples	/ˈpɪmpəlz/
pimps	/ˈpɪmps/
pin	/ˈpɪn/
pina	/ˈpinə/
pinard	/ˈpɪnɚd/
pinatubo	/pɪnəˈtuboʊ/
pinault	/ˌpɪˈnɔlt/
pinball	/ˈpɪnˌbɔl/
pincavage	/ˈpɪŋkəvɪdʒ/
pincerlike	/ˈpɪnsɚˌlaɪk/
pincers	/ˈpɪnsɚz/
pinch	/ˈpɪntʃ/
pinched	/ˈpɪntʃt/
pincher	/ˈpɪntʃɚ/
pinchers	/ˈpɪntʃɚz/
pinching	/ˈpɪntʃɪŋ/
pinckard	/ˈpɪŋkɚd/
pinckney	/ˈpɪŋkni/
pincus	/ˈpɪŋkəs/
pindaric	/pɪnˈdæɹɪk/
pindell	/ˈpɪndəl/
pinder	/ˈpaɪndɚ/
pindling	/ˈpɪndlɪŋ/
pine	/ˈpaɪn/
pineal	/ˌpaɪˈniəl/
pineapple	/ˈpaɪˌnæpəl/
pineapples	/ˈpaɪˌnæpəlz/
pineau	/pɪˈnoʊ/
pined	/ˈpaɪnd/
pineda	/piˈnɛdə/
pinedo	/piˈneɪdoʊ/
pinegar	/ˈpɪnɪɡɚ/
pineiro	/piˈnɛɹoʊ/
pinellas	/pɪˈnɛləs/
pinelli	/pɪˈnɛli/
pineo	/ˈpɪnioʊ/
piner	/ˈpaɪnɚ/
pinero	/pɪˈnɛɹoʊ/
pines	/ˈpaɪnz/
pinetta	/pəˈnɛtə/
pinetta's	/pəˈnɛtəz/
pinette	/pɪˈnɛt/
ping	/ˈpɪŋ/
ping-pong	/ˈpɪŋˌpɔŋ/
pinged	/ˈpɪŋd/
pingel	/ˈpɪŋɡəl/
pinging	/ˈpɪŋɪŋ/
pingitore	/pɪŋɡiˈtɔˌɹi/
pingleton	/ˈpɪŋɡəltɑn/
pingley	/ˈpɪŋɡli/
pingpong	/ˈpɪŋˌpɔŋ/
pingree	/pɪŋˈɡɹi/
pings	/ˈpɪŋz/
pinheiro	/pinˈhɛɹoʊ/
pinho	/ˈpɪnhoʊ/
pinhole	/ˈpɪnˌhoʊl/
pinholes	/ˈpɪnˌhoʊlz/
pini	/ˈpini/
pining	/ˈpaɪnɪŋ/
pinion	/ˈpɪnjən/
pink	/ˈpɪŋk/
pinkard	/ˈpɪŋkɚd/
pinkelman	/ˈpɪŋkəlmən/
pinker	/ˈpɪŋkɚ/
pinkerman	/ˈpɪŋkɚmən/
pinkerton	/ˈpɪŋkɚtən/
pinkerton's	/ˈpɪŋkɚtənz/
pinkest	/ˈpɪŋkɪst/
pinkett	/ˈpɪŋkɪt/
pinkham	/ˈpɪŋkhəm/
pinkie	/ˈpɪŋki/
pinkish	/ˈpɪŋkɪʃ/
pinkley	/ˈpɪŋkli/
pinkney	/ˈpɪŋkni/
pinkos	/ˈpɪŋkoʊz/
pinkowski	/pɪŋˈkɔfski/
pinks	/ˈpɪŋks/
pinkstaff	/ˈpɪŋkˌstæf/
pinkston	/ˈpɪŋkstən/
pinkus	/ˈpɪŋkəs/
pinkwater	/ˈpɪŋˌkwɔtɚ/
pinkwater's	/ˈpɪŋˌkwɔtɚz/
pinky	/ˈpɪŋki/
pinn	/ˈpɪn/
pinnacle	/ˈpɪnəkəl/
pinnacle's	/ˈpɪnɪkəlz/
pinned	/ˈpɪnd/
pinnell	/ˈpɪnəl/
pinneo	/ˈpɪnioʊ/
pinner	/ˈpɪnɚ/
pinney	/ˈpɪni/
pinnick	/ˈpɪnɪk/
pinning	/ˈpɪnɪŋ/
pinnix	/ˈpɪnɪks/
pinnochio	/pɪˈnoʊˌkiˌoʊ/
pinnochio's	/pɪˈnoʊˌkiˌoʊz/
pinnock	/ˈpɪnək/
pinnow	/ˈpɪnoʊ/
pino	/ˈpinoʊ/
pino's	/ˈpinoʊz/
pinocchio	/pɪˈnoʊkioʊ/
pinochet	/ˌpɪnəˈʃeɪ/
pinochet's	/ˌpɪnəˈʃeɪz/
pinola	/pɪˈnoʊlə/
pinot	/ˈpɪnət/
pinpoint	/ˈpɪnˌpɔɪnt/
pinpointed	/ˈpɪnˌpɔɪntɪd/
pinpointing	/ˈpɪnˌpɔɪntɪŋ/
pinpoints	/ˈpɪnˌpɔɪnts/
pinprick	/ˈpɪnpɹɪk/
pinquater	/ˈpɪnˌkwɑtɚ/
pins	/ˈpɪnz/
pinshan	/ˈpɪnʃən/
pinsker	/ˈpɪnskɚ/
pinsky	/ˈpɪnski/
pinson	/ˈpɪnsən/
pinsoneault	/ˈpɪnsəˌnɔlt/
pinstripe	/ˈpɪnˌstɹaɪp/
pinstriped	/ˈpɪnˌstɹaɪpt/
pinstripes	/ˈpɪnˌstɹaɪps/
pint	/ˈpaɪnt/
pint-size	/ˈpaɪntˈsaɪz/
pint-sized	/ˈpaɪntˈsaɪzd/
pinta	/ˈpɪntə/
pintar	/pinˈtɑɹ/
pinter	/ˈpaɪntɚ/
pinterest	/ˈpɪntɹəst/
pinto	/ˈpɪnˌtoʊ/
pints	/ˈpaɪnts/
piny	/ˈpaɪni/
pinyan	/ˈpɪnjən/
pinzon	/ˌpɪnˈzɔn/
pio	/ˈpaɪoʊ/
pion	/ˈpaɪˌɑn/
pioneer	/ˌpaɪəˈnɪɹ/
pioneer's	/ˌpaɪəˈnɪɹz/
pioneered	/ˌpaɪəˈnɪɹd/
pioneering	/ˌpaɪəˈnɪɹɪŋ/
pioneers	/ˌpaɪəˈnɪɹz/
piontek	/piˈoʊntɛk/
piontkowski	/pioʊntˈkɔfski/
piorkowski	/piɔɹˈkɔfski/
piotrowski	/pioʊˈtɹɔfski/
piotter	/piˈɑtɚ/
pious	/ˈpaɪəs/
piously	/ˈpaɪəsli/
pip	/ˈpɪp/
pipe	/ˈpaɪp/
piped	/ˈpaɪpt/
pipefish	/ˈpaɪpˌfɪʃ/
pipefishes	/ˈpaɪpˌfɪʃɪz/
pipeline	/ˈpaɪˌplaɪn/
pipeline's	/ˈpaɪˌplaɪnz/
pipelines	/ˈpaɪˌplaɪnz/
pipelines'	/ˈpaɪˌplaɪnz/
piper	/ˈpaɪpɚ/
pipers	/ˈpaɪpɚz/
pipes	/ˈpaɪps/
pipetec	/ˈpaɪpˌtɛk/
pipette	/ˌpaɪˈpɛt/
pipetter	/ˌpaɪˈpɛtɚ/
pipetters	/ˌpaɪˈpɛtɚz/
pipettes	/ˌpaɪˈpɛts/
pipher	/ˈpɪfɚ/
piping	/ˈpaɪpɪŋ/
pipitone	/ˈpɪpɪˌtoʊn/
pipkin	/ˈpɪpkɪn/
pipkins	/ˈpɪpkɪnz/
pipp	/ˈpɪp/
pippen	/ˈpɪpən/
pippen's	/ˈpɪpənz/
pippenger	/ˈpɪpɪndʒɚ/
pippert	/ˈpɪpɚt/
pippin	/ˈpɪpɪn/
pippins	/ˈpɪpɪnz/
pips	/ˈpɪps/
piquant	/ˈpikənt/
pique	/ˈpik/
piqued	/ˈpikt/
piquette	/pɪˈkɛt/
piracy	/ˈpaɪɹəsi/
piraeus	/pəˈɹeɪəs/
piraino	/pɪˈɹeɪnoʊ/
pirandello	/ˌpɪɹənˈdɛloʊ/
piranha	/pɪˈɹænhə/
pirate	/ˈpaɪɹət/
pirate's	/ˈpaɪɹəts/
pirated	/ˈpaɪɹətɪd/
pirates	/ˈpaɪɹəts/
pirating	/ˈpaɪɹətɪŋ/
pirelli	/pɪˈɹɛli/
pirelli's	/pɪˈɹɛliz/
pires	/ˈpaɪɹz/
pirestani	/ˌpɪɹɛˈstɑni/
pirie	/ˈpɪɹi/
pirkey	/ˈpɝki/
pirkl	/ˈpɝkəl/
pirkle	/ˈpɝkəl/
pirko	/ˈpɝkoʊ/
piro	/ˈpɪɹoʊ/
pirog	/pɚˈɑɡ/
pirone	/pɪˈɹoʊn/
pirouette	/ˌpɪɹuˈɛ/
pirouettes	/ˌpɪɹuˈɛts/
pirozzi	/pɪˈɹɑzi/
pirrello	/pɪˈɹɛloʊ/
pirro	/ˈpɪɹoʊ/
pirrone	/pɪˈɹoʊni/
pirtle	/ˈpɝtəl/
pisa	/ˈpisə/
pisani	/piˈsɑni/
pisano	/piˈsɑnoʊ/
pisarek	/ˈpɪsɚɛk/
pisarski	/pɪˈsɑɹski/
pisca	/ˈpɪskə/
piscataway	/pɪˈskætəˌweɪ/
pisces	/ˈpaɪsiz/
pischel	/ˈpɪʃəl/
pischke	/ˈpɪʃk/
pisciotta	/pisˈtʃoʊtə/
piscitelli	/pistʃiˈtɛli/
piscitello	/ˌpɪsɪˈtɛloʊ/
piscopo	/piˈskoʊpoʊ/
pisello	/pɪˈsɛloʊ/
pisoni	/pɪˈsoʊni/
piss	/ˈpɪs/
piss-poor	/ˈpɪˌspuɹ/
pissed	/ˈpɪst/
pisses	/ˈpɪˌsɪz/
pissing	/ˈpɪˌsɪŋ/
pistachio	/pəˈstæʃiˌoʊ/
pistachios	/pəˈstæʃiˌoʊz/
pistil	/ˈpɪstəl/
pistilli	/piˈstili/
pistol	/ˈpɪstəl/
pistole	/pɪˈstoʊl/
pistols	/ˈpɪstəlz/
piston	/ˈpɪstən/
pistone	/ˈpistoʊn/
pistons	/ˈpɪstənz/
pistor	/ˈpɪstɚ/
pistorio	/ˌpɪˈstɔɹioʊ/
pit	/ˈpɪt/
pita	/ˈpitə/
pitblado	/pɪtˈblɑdoʊ/
pitch	/ˈpɪtʃ/
pitchblende	/ˈpɪtʃˌblɛnd/
pitched	/ˈpɪtʃt/
pitcher	/ˈpɪtʃɚ/
pitcher's	/ˈpɪtʃɚz/
pitchers	/ˈpɪtʃɚz/
pitches	/ˈpɪtʃɪz/
pitchford	/ˈpɪtʃfɚd/
pitchfork	/ˈpɪtʃˌfɔɹk/
pitchforks	/ˈpɪtʃˌfɔɹks/
pitching	/ˈpɪtʃɪŋ/
pitchman	/ˈpɪtʃmən/
pitchmen	/ˈpɪtʃˈmɛn/
pitcock	/ˈpɪtˌkɑk/
pitfall	/ˈpɪtˌfɔl/
pitfalls	/ˈpɪtˌfɔlz/
pith	/ˈpɪθ/
pithy	/ˈpɪθi/
pitiable	/ˈpɪtiəbəl/
pitied	/ˈpɪˌtid/
pitiesalpetriere	/pitˈjeɪsɑlpɛtɹiˈɛɹ/
pitiful	/ˈpɪtəfəl/
pitifully	/ˈpɪtɪfəli/
pitiless	/ˈpɪtiləs/
pitino	/pəˈtinoʊ/
pitkin	/ˈpɪtkɪn/
pitman	/ˈpɪtmən/
pitner	/ˈpɪtnɚ/
pitney	/ˈpɪtni/
pitofsky	/pəˈtɑfski/
piton	/ˈpiˌtɔn/
pitons	/ˈpiˌtɔnz/
pitre	/ˈpaɪtɚ/
pits	/ˈpɪts/
pitsch	/ˈpɪtʃ/
pitsenbarger	/ˈpɪtsɪnbɑɹɡɚ/
pitstick	/ˈpɪtˌstɪk/
pitswon	/ˈpɪtswɑn/
pitt	/ˈpɪt/
pitt's	/ˈpɪts/
pittance	/ˈpɪtəns/
pittard	/ˈpɪtɚd/
pitted	/ˈpɪtɪd/
pittencrieff	/ˈpɪtɪnˌkɹif/
pittenger	/ˈpɪtɪndʒɚ/
pitting	/ˈpɪtɪŋ/
pittinger	/ˈpɪtɪŋɚ/
pittle	/ˈpɪtəl/
pittman	/ˈpɪtmən/
pittner	/ˈpɪtnɚ/
pitts	/ˈpɪts/
pitts's	/ˈpɪtsɪz/
pittsboro	/ˈpɪtsbɚoʊ/
pittsburg	/ˈpɪtsbɚɡ/
pittsburgh	/ˈpɪtsbɚɡ/
pittsburgh's	/ˈpɪtsbɚɡz/
pittsburgher	/ˈpɪtsbɚɡɚ/
pittsburghers	/ˈpɪtsbɚɡɚz/
pittsfield	/ˈpɪtsfild/
pittsford	/ˈpɪtsfɚd/
pittsley	/ˈpɪtsli/
pittston	/ˈpɪtstən/
pituitary	/pəˈtuəˌtɛɹi/
pity	/ˈpɪti/
pitying	/ˈpɪtiɪŋ/
pitz	/ˈpɪts/
pitzen	/ˈpɪtzən/
pitzer	/ˈpɪtzɚ/
pius	/ˈpaɪəs/
piver	/ˈpaɪvɚ/
pivonka	/pɪˈvɑŋkə/
pivot	/ˈpɪvət/
pivotal	/ˈpɪvətəl/
pivoted	/ˈpɪvətɪd/
pivoting	/ˈpɪvətɪŋ/
pivots	/ˈpɪvəts/
pix	/ˈpɪks/
pixar	/ˈpɪksɑɹ/
pixel	/ˈpɪksəl/
pixels	/ˈpɪksəlz/
pixie	/ˈpɪksi/
pixler	/ˈpɪkslɚ/
pixley	/ˈpɪksli/
pizana	/piˈzænə/
pizano	/piˈzɑnoʊ/
pizarro	/pɪˈzɑɹoʊ/
pizatti	/pɪˈzɑti/
pizazz	/pɪˈzæz/
pizer	/ˈpaɪzɚ/
pizza	/ˈpitsə/
pizza's	/ˈpitsəz/
pizzano	/pitˈsɑnoʊ/
pizzas	/ˈpitsəz/
pizzazier	/pɪˈzæzjɚ/
pizzazz	/ˌpɪˈzæz/
pizzeria	/ˌpitsɚˈiə/
pizzerias	/ˌpitsɚˈiəz/
pizzi	/ˈpɪzi/
pizzimenti	/pitsiˈmɛnti/
pizzino	/pitˈsinoʊ/
pizzitola	/pitsiˈtoʊlə/
pizzo	/ˈpɪzoʊ/
pizzolato	/pitsoʊˈlɑtoʊ/
pizzuti	/pitˈsuti/
pizzuto	/pitˈsutoʊ/
pj's	/ˈpiˌdʒeɪz/
pla	/ˈplɑ/
placard	/ˈplækɚd/
placards	/ˈplækɚdz/
placate	/ˈpleɪkeɪt/
placating	/ˈpleɪˌkeɪtɪŋ/
place	/ˈpleɪs/
place's	/ˈpleɪsɪz/
placebo	/pləˈsiboʊ/
placebos	/pləˈsiboʊz/
placed	/ˈpleɪst/
placek	/ˈplɑˌtʃɛk/
placemat	/ˈpleɪˌsmæt/
placement	/ˈpleɪsmənt/
placements	/ˈpleɪsmənts/
placencia	/plɑˈtʃɛntʃə/
placenta	/pləˈsɛntə/
placentia	/pləˈsɛnʃə/
placer	/ˈplæsɚ/
places	/ˈpleɪsəz/
placeta	/pləˈseɪtə/
placetas	/pləˈseɪtəz/
placeway	/ˈpleɪˌsweɪ/
placid	/ˈplæsəd/
placid's	/ˈplæsɪdz/
placida	/plɑˈtʃidə/
placidly	/ˈplæsɪdli/
placido	/ˈplɑtʃɪdoʊ/
placing	/ˈpleɪsɪŋ/
plack	/ˈplæk/
plack's	/ˈplæks/
placke	/ˈplæk/
placko	/ˈplækoʊ/
placoid	/ˈplækɔɪd/
placzek	/ˈplɑtʃɛk/
plagens	/ˈplæɡənz/
plagge	/ˈplæɡ/
plagiarism	/ˈpleɪdʒɚˌɪzəm/
plagiarize	/ˈpleɪdʒɚˌaɪz/
plagiarized	/ˈpleɪdʒɚˌaɪzd/
plagioclase	/ˈpleɪdʒiəˌkleɪs/
plague	/ˈpleɪɡ/
plagued	/ˈpleɪɡd/
plagues	/ˈpleɪɡz/
plaguing	/ˈpleɪɡɪŋ/
plaia	/ˈplɑjə/
plaid	/ˈplæd/
plain	/ˈpleɪn/
plainclothes	/ˈpleɪnˈkloʊz/
plainer	/ˈpleɪnɚ/
plaines	/ˈpleɪnz/
plainfield	/ˈpleɪnˌfild/
plainly	/ˈpleɪnli/
plaino	/ˈpleɪnoʊ/
plains	/ˈpleɪnz/
plainsong	/ˈpleɪnˌsɔŋ/
plaintiff	/ˈpleɪntəf/
plaintiff's	/ˈpleɪntɪfs/
plaintiffs	/ˈpleɪntɪfs/
plaintiffs'	/ˈpleɪntɪfs/
plaintive	/ˈpleɪntɪv/
plaintively	/ˈpleɪnˌtaɪvli/
plainview	/ˈpleɪnvˌju/
plair	/ˈplɛɹ/
plaisance	/ˈpleɪsəns/
plaisted	/ˈplɑɪstɪd/
plait	/ˈpleɪt/
plaited	/ˈpleɪtɪd/
plaiting	/ˈpleɪtɪŋ/
plaits	/ˈpleɪts/
plake	/ˈpleɪk/
plam	/ˈplæm/
plamann	/ˈplɑmən/
plambeck	/ˈplæmˌbɛk/
plamondon	/plɑmoʊnˈdɔn/
plan	/ˈplæn/
plan's	/ˈplænz/
planar	/ˈpleɪnɚ/
planarian	/pləˈnɛɹiən/
planas	/ˈplænəz/
planck	/ˈplæŋk/
plane	/ˈpleɪn/
plane's	/ˈpleɪnz/
planecon	/ˈplænəˌkɑn/
planed	/ˈpleɪnd/
planeload	/ˈpleɪnˌloʊd/
planeloads	/ˈpleɪnˌloʊdz/
planer	/ˈpleɪnɚ/
planers	/ˈpleɪnɚz/
planes	/ˈpleɪnz/
planes'	/ˈpleɪnz/
planet	/ˈplænət/
planet's	/ˈplænəts/
planetarium	/ˌplænəˈtɛɹiəm/
planetary	/ˈplænəˌtɛɹi/
planets	/ˈplænəts/
planitzer	/ˈplænɪtsɚ/
plank	/ˈplæŋk/
planking	/ˈplæŋkɪŋ/
planks	/ˈplæŋks/
plankton	/ˈplæŋktən/
planktonic	/plæŋkˈtɑnɪk/
planned	/ˈplænd/
planner	/ˈplænɚ/
planner's	/ˈplænɚz/
planners	/ˈplænɚz/
planners'	/ˈplænɚz/
planning	/ˈplænɪŋ/
plano	/ˈpleɪnoʊ/
plans	/ˈplænz/
plans'	/ˈplænz/
plant	/ˈplænt/
plant's	/ˈplænts/
plantain	/ˈplæntən/
plantains	/ˈplæntənz/
plantation	/ˌplænˈteɪʃən/
plantations	/ˌplænˈteɪʃənz/
plante	/ˈplænt/
planted	/ˈplæntɪd/
planter	/ˈplæntɚ/
planters	/ˈplæntɚz/
plantiffs	/ˈplæntɪfs/
planting	/ˈplæntɪŋ/
plantings	/ˈplæntɪŋz/
plantlike	/ˈplæntˌlaɪk/
plantronic	/ˌplænˈtɹɑnɪk/
plantronics	/ˌplænˈtɹɑnɪks/
plants	/ˈplænts/
plants'	/ˈplænts/
plantz	/ˈplænts/
plaque	/ˈplæk/
plaques	/ˈplæks/
plas	/ˈplæs/
plascencia	/plɑsˈtʃɛntʃə/
plasencia	/plɑˈsɛntʃə/
plaskett	/ˈplæskɪt/
plasma	/ˈplæzmə/
plasminogen	/ˌplæzˈmɪnədʒɪn/
plasmodia	/plæzˈmoʊdiə/
plasmodium	/plæzˈmoʊdiəm/
plass	/ˈplæs/
plassard	/ˈplæsɚd/
plasse	/ˈplæs/
plaster	/ˈplæstɚ/
plasterboard	/ˈplæstɚˌbɔɹd/
plastered	/ˈplæstɚd/
plasterer	/ˈplæstɚɚ/
plastering	/ˈplæstɚɪŋ/
plasters	/ˈplæstɚz/
plasterwork	/ˈplæstɚˌwɝk/
plastic	/ˈplæstɪk/
plasticine	/ˈplæstɪˌsin/
plasticizer	/ˈplæstəˌsaɪzɚ/
plastics	/ˈplæstɪks/
plata	/ˈplɑtə/
plate	/ˈpleɪt/
plateau	/plæˈtoʊ/
plateaued	/plæˈtoʊd/
plateauing	/pləˈtoʊɪŋ/
plated	/ˈpleɪtɪd/
platek	/ˈplɑtɛk/
platelet	/ˈpleɪtlət/
platelets	/ˈpleɪtləts/
platelike	/ˈpleɪtˌlaɪk/
platen	/ˈplætən/
plater	/ˈpleɪtɚ/
plates	/ˈpleɪts/
platform	/ˈplætˌfɔɹm/
platform's	/ˈplætˌfɔɹmz/
platforms	/ˈplætˌfɔɹmz/
plath	/ˈplæθ/
plating	/ˈpleɪtɪŋ/
platinum	/ˈplætnəm/
platinum's	/ˈplætənəmz/
platitude	/ˈplætɪˌtud/
platitudes	/ˈplætɪˌtudz/
platner	/ˈplætnɚ/
plato	/ˈpleɪtoʊ/
plato's	/ˈpleɪtoʊz/
platona	/plɑˈtoʊnə/
platonic	/pləˈtɑnɪk/
platonist	/ˈpleɪtənəst/
platonists	/ˈpleɪtənəsts/
platoon	/pləˈtun/
platoons	/pləˈtunz/
platt	/ˈplæt/
platte	/ˈplæt/
platten	/ˈplætən/
platter	/ˈplætɚ/
platters	/ˈplætɚz/
plattner	/ˈplætnɚ/
platts	/ˈplæts/
plattsburgh	/ˈplætsbɚɡ/
platy	/ˈpleɪti/
platypus	/ˈplætəˌpʊs/
platz	/ˈplæts/
platzer	/ˈpleɪtzɚ/
plauche	/ˈplɔtʃ/
plaudit	/ˈplɔdɪt/
plaudits	/ˈplɔdɪts/
plaugher	/ˈplɔɚ/
plausibility	/ˌplɔzɪˈbɪlɪti/
plausible	/ˈplɔzəbəl/
plausibly	/ˈplɔzəbli/
plaut	/ˈplɔt/
plautus	/ˈplaʊtəs/
plautz	/ˈplɔts/
plavsic	/ˈplævsɪk/
plavsic's	/ˈplævsɪks/
plax	/ˈplæks/
play	/ˈpleɪ/
play's	/ˈpleɪz/
playa	/ˈplaɪə/
playback	/ˈpleɪˌbæk/
playbook	/ˈpleɪbʊk/
playboy	/ˈpleɪˌbɔɪ/
playboy's	/ˈpleɪˌbɔɪz/
playcount	/ˈpleɪˌkaʊnt/
played	/ˈpleɪd/
player	/ˈpleɪɚ/
player's	/ˈpleɪɚz/
players	/ˈpleɪɚz/
players'	/ˈpleɪɚz/
playford	/ˈpleɪfɚd/
playful	/ˈpleɪfəl/
playfully	/ˈpleɪfəli/
playfulness	/ˈpleɪfəlnəs/
playground	/ˈpleɪˌɡɹaʊnd/
playgrounds	/ˈpleɪˌɡɹaʊndz/
playhouse	/ˈpleɪˌhaʊs/
playhouses	/ˈpleɪˌhaʊsɪz/
playin'	/ˈpleɪɪn/
playing	/ˈpleɪɪŋ/
playlist	/ˈpleɪlɪst/
playlists	/ˈpleɪlɪsts/
playmate	/ˈpleɪˌmeɪt/
playmates	/ˈpleɪˌmeɪts/
playoff	/ˈpleɪˌɔf/
playoffs	/ˈpleɪˌɔfs/
playpen	/ˈpleɪˌpɛn/
playpens	/ˈpleɪˌpɛnz/
playroom	/ˈpleɪˌɹum/
playrooms	/ˈpleɪˌɹumz/
plays	/ˈpleɪz/
playstation	/ˈpleɪˌsteɪʃən/
playstations	/ˈpleɪˌsteɪʃənz/
playtex	/ˈpleɪˌtɛks/
plaything	/ˈpleɪˌθɪŋ/
playthings	/ˈpleɪˌθɪŋz/
playwright	/ˈpleɪˌɹaɪt/
playwright's	/ˈpleɪˌɹaɪts/
playwrights	/ˈpleɪˌɹaɪts/
plaza	/ˈplɑzə/
plaza's	/ˈplɑzəz/
plazas	/ˈplɑzəz/
plazic	/ˈpleɪzɪk/
plea	/ˈpli/
plead	/ˈplid/
pleaded	/ˈplidɪd/
pleading	/ˈplidɪŋ/
pleadings	/ˈplidɪŋz/
pleads	/ˈplidz/
pleas	/ˈpliz/
pleasant	/ˈplɛzənt/
pleasantly	/ˈplɛzəntli/
pleasanton	/ˈplɛzəntən/
pleasantries	/ˈplɛzəntɹiz/
pleasantry	/ˈplɛzəntɹi/
pleasants	/ˈplɛzənts/
pleasantville	/ˈplɛzəntˌvɪl/
please	/ˈpliz/
pleased	/ˈplizd/
pleaser	/ˈplizɚ/
pleases	/ˈplizɪz/
pleasing	/ˈplizɪŋ/
pleasingly	/ˈplizɪŋli/
pleasurable	/ˈplɛʒɚəbəl/
pleasurama	/ˌplɛʒʊˈɹæmə/
pleasure	/ˈplɛʒɚ/
pleasures	/ˈplɛʒɚz/
pleat	/ˈplit/
pleats	/ˈplits/
plebeian	/pləˈbiən/
plebeians	/pləˈbiənz/
plebiscite	/ˈplɛbəˌsaɪt/
pled	/ˈplɛd/
pledge	/ˈplɛdʒ/
pledged	/ˈplɛdʒd/
pledger	/ˈplɛdʒɚ/
pledges	/ˈplɛdʒɪz/
pledging	/ˈplɛdʒɪŋ/
pleiad	/ˈpliəd/
pleiades	/ˈpliəˌdiz/
pleiads	/ˈpliədz/
plein	/ˈplin/
pleistocene	/ˈplaɪstəˌsin/
plemmons	/ˈplɛmənz/
plemons	/ˈplɛmənz/
plenary	/ˈplɛnɚi/
plenet	/ˈplɛnɪt/
plenmeer	/plɛnˈmɪɹ/
plentiful	/ˈplɛntəfəl/
plenty	/ˈplɛnti/
plenum	/ˈplɛnəm/
plenum's	/ˈplɛnəmz/
pleomorphic	/ˌpliəˈmɔfɪk/
pleomorphism	/ˌpliəˈmɔfɪzm/
pleonasm	/ˈpliəˌnæzm/
plescia	/ˈpleɪʃjə/
plese	/ˈpliz/
pleshar	/ˈplɛˌʃɑɹ/
pleskow	/ˈplɛskaʊ/
pless	/ˈplɛs/
plessey	/ˈplɛsi/
plessey's	/ˈplɛsiz/
plessinger	/ˈplɛsɪŋɚ/
plessis	/ˈplɛsɪs/
plessy	/ˈplɛsi/
pletcher	/ˈplɛtʃɚ/
plethora	/ˈplɛθɚə/
pletscher	/ˈplɛtʃɚ/
plett	/ˈplɛt/
pletz	/ˈplɛts/
pleural	/ˈplʊɹəl/
pleurisy	/ˈplʊɹəsi/
pleuritides	/ˌplʊˈɹɪdəˌtiz/
pleuritis	/ˌplʊˈɹaɪtəs/
pleva	/ˈpleɪvə/
plew	/ˈplu/
plewa	/ˈpluə/
plex	/ˈplɛks/
plexiglas	/ˈplɛksɪˌɡlæs/
plexiglass	/ˈplɛksɪˌɡlæs/
plexus	/ˈplɛksəs/
pliable	/ˈplaɪəbəl/
pliant	/ˈplaɪənt/
plichta	/ˈplɪtʃtə/
plied	/ˈplaɪd/
plier	/ˈplaɪɚ/
pliers	/ˈplaɪɚz/
plies	/ˈplaɪz/
plight	/ˈplaɪt/
pliler	/ˈplaɪlɚ/
plimpton	/ˈplɪmptən/
plinius	/ˈplɪniəs/
plink	/ˈplɪŋk/
plinking	/ˈplɪŋkɪŋ/
plinth	/ˈplɪnθ/
pliny	/ˈplɪni/
pliocene	/ˈplaɪəˌsin/
plisetskaya	/ˌplɪsətˈskaɪə/
pliska	/ˈplɪskə/
plitt	/ˈplɪt/
plocar	/ˈploʊkɑɹ/
plocek	/ˈploʊˌtʃɛk/
ploch	/ˈplɑk/
plocher	/ˈplɑkɚ/
plock	/ˈplɑk/
plod	/ˈplɑd/
plodded	/ˈplɑdɪd/
plodding	/ˈplɑdɪŋ/
ploeger	/ˈploʊɡɚ/
ploetz	/ˈploʊts/
plog	/ˈplɑɡ/
plohn	/ˈploʊn/
plonka	/ˈploʊŋkə/
plonski	/ˈplɑnski/
ploof	/ˈpluf/
plop	/ˈplɑp/
plopped	/ˈplɑpt/
plosive	/ˈploʊsɪv/
ploss	/ˈplɔs/
plot	/ˈplɑt/
plotkin	/ˈplɑtkɪn/
plotner	/ˈplɑtnɚ/
plotnick	/ˈplɑtnɪk/
plots	/ˈplɑts/
plott	/ˈplɑt/
plotted	/ˈplɑtɪd/
plotter	/ˈplɑtɚ/
plotters	/ˈplɑtɚz/
plotting	/ˈplɑtɪŋ/
plotts	/ˈplɑts/
plotz	/ˈplɑts/
plouff	/ˈploʊf/
plouffe	/ˈploʊf/
plough	/ˈplaʊ/
ploughed	/ˈplaʊd/
ploughs	/ˈplaʊz/
ploughshare	/ˈplaʊʃeɪɹ/
ploughshares	/ˈplaʊʃeɪɹz/
plourde	/ˈplɔɹd/
plover	/ˈplʌvɚ/
plovers	/ˈplʌvɚz/
plow	/ˈplaʊ/
plowden	/ˈplaʊdən/
plowed	/ˈplaʊd/
plowing	/ˈplaʊɪŋ/
plowman	/ˈplaʊmən/
plowman's	/ˈplaʊmənz/
plowright	/ˈplaʊˌɹaɪt/
plows	/ˈplaʊz/
plowshare	/ˈplaʊˌʃeɪɹ/
plowshares	/ˈplaʊˌʃeɪɹz/
ploy	/ˈplɔɪ/
ploys	/ˈplɔɪz/
plucinski	/pləˈtʃɪnski/
pluck	/ˈplʌk/
pluck's	/ˈplʌks/
plucked	/ˈplʌkt/
plucker	/ˈplʌkɚ/
plucking	/ˈplʌkɪŋ/
plucks	/ˈplʌks/
plucky	/ˈplʌki/
plude	/ˈplud/
plue	/ˈplu/
pluff	/ˈplʌf/
plug	/ˈplʌɡ/
plugged	/ˈplʌɡd/
plugging	/ˈplʌɡɪŋ/
plugin	/ˈplʌɡɪn/
plugins	/ˈplʌɡɪnz/
plugs	/ˈplʌɡz/
plum	/ˈplʌm/
plum's	/ˈplʌmz/
plumage	/ˈplumədʒ/
plumages	/ˈplumədʒəz/
plumb	/ˈplʌm/
plumbed	/ˈplʌmd/
plumber	/ˈplʌmɚ/
plumbers	/ˈplʌmɚz/
plumbing	/ˈplʌmɪŋ/
plume	/ˈplum/
plumer	/ˈplumɚ/
plumeri	/ˌpluˈmɛɹi/
plumes	/ˈplumz/
plumlee	/ˈplʌmˌli/
plumley	/ˈplʌmli/
plummer	/ˈplʌmɚ/
plummet	/ˈplʌmət/
plummeted	/ˈplʌmətɪd/
plummeting	/ˈplʌmətɪŋ/
plummets	/ˈplʌməts/
plump	/ˈplʌmp/
plumped	/ˈplʌmpt/
plums	/ˈplʌmz/
plunder	/ˈplʌndɚ/
plundered	/ˈplʌndɚd/
plundering	/ˈplʌndɚɪŋ/
plunge	/ˈplʌndʒ/
plunged	/ˈplʌndʒd/
plunger	/ˈplʌndʒɚ/
plunger's	/ˈplʌndʒɚz/
plunges	/ˈplʌndʒɪz/
plunging	/ˈplʌndʒɪŋ/
plunk	/ˈplʌŋk/
plunked	/ˈplʌŋkt/
plunker	/ˈplʌŋkɚ/
plunkers	/ˈplʌŋkɚz/
plunkett	/ˈplʌŋkɪt/
plunking	/ˈplʌŋkɪŋ/
plunkitt	/ˈplʌŋkɪt/
plural	/ˈplʊɹəl/
pluralism	/ˈplʊɹəˌlɪzəm/
pluralistic	/ˌplʊɹəˈlɪstɪk/
plurality	/plɚˈælɪti/
pluralize	/ˈplʊɹəlaɪz/
pluralized	/ˈplʊɹəlaɪzd/
pluralizes	/ˈplʊɹəlaɪzɪz/
pluralizing	/ˈplʊɹəlaɪzɪŋ/
plurals	/ˈplʊɹəlz/
pluribus	/ˈplʊɹɪbəs/
plurilateral	/ˌplʊɹɪˈlætɚəl/
plus	/ˈplʌs/
plus's	/ˈplʌsɪz/
pluses	/ˈplʌsɪz/
plush	/ˈplʌʃ/
pluta	/ˈplutə/
pluth	/ˈpluθ/
pluto	/ˈplutoʊ/
pluto's	/ˈplutoʊz/
plutocrat	/ˈplutəˌkɹæt/
plutocrats	/ˈplutəˌkɹæts/
plutonian	/pluˈtoʊniən/
plutonic	/pluˈtɑnɪk/
plutonium	/pluˈtoʊniəm/
pluvial	/ˈpluviəl/
ply	/ˈplaɪ/
plybon	/ˈplɪbən/
plying	/ˈplaɪɪŋ/
plyler	/ˈplaɪlɚ/
plymale	/ˈplaɪˌmeɪl/
plymouth	/ˈplɪməθ/
plymouth's	/ˈplɪməθs/
plympton	/ˈplɪmptən/
plywood	/ˈplaɪˌwʊd/
pm	/ˈpiˈɛm/
pneumatic	/nuˈmætɪk/
pneumatics	/nʊˈmætɪks/
pneumo	/ˈnumoʊ/
pneumocystis	/nuˈmoʊsɪstɪs/
pneumonia	/nuˈmoʊnjə/
pneumonic	/nuˈmɑnɪk/
po	/ˈpoʊ/
po-jen	/ˈpoʊˈdʒɛn/
poach	/ˈpoʊtʃ/
poached	/ˈpoʊtʃt/
poacher	/ˈpoʊtʃɚ/
poachers	/ˈpoʊtʃɚz/
poaching	/ˈpoʊtʃɪŋ/
poag	/ˈpoʊɡ/
poage	/ˈpoʊɪdʒ/
poarch	/ˈpɔɹh/
pobanz	/ˈpoʊbɑnz/
pobla	/ˈpoʊblə/
poblano	/poʊˈblɑnoʊ/
pobst	/ˈpɑbst/
pocahontas	/ˌpoʊkəˈhɑntəs/
pocatello	/ˌpoʊkəˈtɛloʊ/
poch	/ˈpɑk/
poche	/ˈpɑtʃ/
pochiluk	/pəˈtʃiluk/
pociask	/pəˈtʃiəsk/
pocius	/ˈpoʊsiɪs/
pock	/ˈpɑk/
pocked	/ˈpɑkt/
pocket	/ˈpɑkət/
pocketbook	/ˈpɑkətˌbʊk/
pocketbooks	/ˈpɑkətˌbʊks/
pocketed	/ˈpɑkətɪd/
pocketful	/ˈpɑkətˌfʊl/
pocketing	/ˈpɑkətɪŋ/
pockets	/ˈpɑkəts/
pocklington	/ˈpɑklɪŋtən/
pockmark	/ˈpɑkˌmɑɹk/
pockmarked	/ˈpɑkˌmɑɹkt/
pocks	/ˈpɑks/
poclain	/ˈpɑklɪn/
poco	/ˈpoʊkoʊ/
pocock	/ˈpɑkək/
pocono	/ˈpoʊkəˌnoʊ/
poconos	/ˈpoʊkənoʊz/
pocus	/ˈpoʊkəs/
pod	/ˈpɑd/
pod's	/ˈpɑdz/
podany	/pəˈdɔni/
podcast	/ˈpɔdˌkæst/
podcaster	/ˈpɔdˌkæstɚ/
podcasting	/ˈpɔdˌkæstɪŋ/
podell	/poʊˈdeɪl/
podesta	/poʊˈdɛstə/
podge	/ˈpɑdʒ/
podgorski	/pɑˈdʒɔɹski/
podgurski	/pɑˈdʒɝski/
podhoretz	/ˈpɑdhɚɛts/
podiatrist	/pəˈdaɪəˌtɹɪst/
podium	/ˈpoʊdiəm/
podiums	/ˈpoʊdiəmz/
podleska	/ˌpɑdˈlɛskə/
podnar	/ˈpɑdˌnɑɹ/
podolak	/pəˈdoʊlək/
podoll	/ˈpɑdəl/
podolski	/pəˈdoʊlski/
podolsky	/pəˈdoʊlski/
podrasky	/pəˈdɹæski/
podraza	/poʊˈdɹɑzə/
pods	/ˈpɑdz/
podunk	/ˈpoʊtəŋk/
poduska	/poʊˈdʌskə/
poe	/ˈpoʊ/
poe's	/ˈpoʊz/
poehl	/ˈpoʊl/
poehl's	/ˈpoʊlz/
poehler	/ˈpoʊlɚ/
poehlman	/ˈpoʊlmən/
poel	/ˈpoʊəl/
poelman	/ˈpoʊlmən/
poem	/ˈpoʊəm/
poems	/ˈpoʊəmz/
poer	/ˈpoʊɚ/
poeschel	/ˈpoʊʃəl/
poeschl	/ˈpoʊskəl/
poet	/ˈpoʊət/
poet's	/ˈpoʊəts/
poetic	/poʊˈɛtɪk/
poetical	/poʊˈɛtɪkəl/
poetically	/poʊˈɛtɪkli/
poetics	/poʊˈɛtɪks/
poetry	/ˈpoʊətɹi/
poets	/ˈpoʊəts/
pofahl	/ˈpɑfɑl/
poff	/ˈpɔf/
poffenbarger	/ˈpɑfɪnbɑɹɡɚ/
poffenberger	/ˈpɔfənbɚɡɚ/
pog	/ˈpɑɡ/
poggi	/ˈpɑdʒi/
poggioli	/ˌpoʊˈdʒoʊli/
pogo	/ˈpoʊˌɡoʊ/
pogorzelski	/pəɡɚˈzɛlski/
pogrom	/pəˈɡɹɑm/
pogroms	/pəˈɡɹɑmz/
pogs	/ˈpɑɡz/
pogue	/ˈpoʊɡ/
poh	/ˈpoʊ/
pohang	/ˈpoʊhæŋ/
pohjola	/ˌpoʊˈdʒoʊlə/
pohl	/ˈpoʊl/
pohl's	/ˈpoʊlz/
pohlad	/ˈpoʊlæd/
pohle	/ˈpoʊhəl/
pohlman	/ˈpoʊlmən/
pohlmann	/ˈpoʊlmən/
pohnpei	/ˈpoʊnˌpeɪ/
poignancy	/ˈpɔɪnjənsi/
poignant	/ˈpɔɪnjənt/
poignantly	/ˈpɔɪnjəntli/
poindexter	/ˈpɔɪnˌdɛkstɚ/
poindexter's	/ˈpɔɪnˌdɛkstɚz/
poinot	/ˈpɔɪˌnɑt/
poinsett	/ˈpɔɪnsɪt/
poinsettia	/ˌpɔɪnˈsɛˌtiə/
poinsettias	/ˌpɔɪnˈsɛˌtiəz/
point	/ˈpɔɪnt/
point's	/ˈpɔɪnts/
pointe	/ˈpɔɪnt/
pointed	/ˈpɔɪntɪd/
pointedly	/ˈpɔɪntɪdˌli/
pointenoire	/ˈpɔɪntəˌnɔɪɹ/
pointer	/ˈpɔɪntɚ/
pointers	/ˈpɔɪntɚz/
pointing	/ˈpɔɪntɪŋ/
pointingly	/ˈpɔɪntɪŋli/
pointless	/ˈpɔɪntləs/
points	/ˈpɔɪnts/
pointy	/ˈpɔɪnti/
poirier	/ˈpɔɪɹiɚ/
poirot	/ˌpwɑˈɹoʊ/
poirrier	/ˈpɔɪɹiɚ/
poise	/ˈpɔɪz/
poised	/ˈpɔɪzd/
poison	/ˈpɔɪzən/
poisoned	/ˈpɔɪzənd/
poisoning	/ˈpɔɪzənɪŋ/
poisonings	/ˈpɔɪzənɪŋz/
poisonous	/ˈpɔɪzənəs/
poisons	/ˈpɔɪzənz/
poissant	/pɔɪzˈsɔnt/
poisson	/ˈpɔɪzsən/
poitier	/ˈpɔɪtjɚ/
poitra	/ˈpɔɪtɹɑ/
poitras	/pɔɪˈtɹɑz/
pokazukha	/ˌpɔkəˈzukɑ/
poke	/ˈpoʊk/
poked	/ˈpoʊkt/
pokemon	/ˈpoʊkeɪmən/
poker	/ˈpoʊkɚ/
pokes	/ˈpoʊks/
pokeweed	/ˈpoʊˌkwid/
pokey	/ˈpoʊki/
poking	/ˈpoʊkɪŋ/
pokorney	/ˈpɑkɚni/
pokorny	/pəˈkɔɹni/
pokorski	/pəˈkɔɹski/
poky	/ˈpoʊki/
pol	/ˈpɔl/
polacek	/ˈpɑlətʃɛk/
polachek	/ˈpɑləkɪk/
polack	/ˈpoʊlæk/
polak	/ˈpoʊlək/
polakoff	/ˈpɑləkɔf/
polakowski	/pələˈkɔfski/
polan	/ˈpoʊlən/
polanco	/poʊˈlɑnkoʊ/
poland	/ˈpoʊlənd/
poland's	/ˈpoʊləndz/
polandri	/pəˈlɑndɹi/
polanski	/pəˈlænski/
polansky	/pəˈlænski/
polar	/ˈpoʊlɚ/
polarimeter	/ˌpoʊlɚˈɪmətɚ/
polaris	/poʊˈlɛɹəs/
polariscope	/poʊˈlɛɹəˌskoʊp/
polarity	/poʊˈlɛɹəti/
polarization	/ˌpoʊlɚəˈzeɪʃən/
polarize	/ˈpoʊlɚˌaɪz/
polarized	/ˈpoʊlɚˌaɪzd/
polarizer	/ˈpoʊlɚˌaɪzɚ/
polarizes	/ˈpoʊlɚˌaɪzɪz/
polarizing	/ˈpoʊlɚˌaɪzɪŋ/
polarography	/ˌpoʊlɚˈɑɡɹəfi/
polaroid	/ˈpoʊlɚˌɔɪd/
polaroid's	/ˈpoʊlɚˌɔɪdz/
polaroids	/ˈpoʊlɚˌɔɪdz/
polasek	/pəˈlɑsɛk/
polaski	/pəˈlɑski/
polasky	/pəˈlɑski/
polce	/ˈpoʊls/
polcyn	/ˈpoʊlsɪn/
polder	/ˈpoʊldɚ/
pole	/ˈpoʊl/
polecat	/ˈpoʊlˌkæt/
polecats	/ˈpoʊlˌkæts/
polek	/ˈpoʊlɛk/
polemic	/pəˈlɛmɪk/
polemical	/pəˈlɛməkəl/
polemicist	/pəˈlɛməsəst/
polemics	/poʊˈlɛmɪks/
polen	/ˈpoʊlən/
poles	/ˈpoʊlz/
poletti	/poʊˈlɛti/
polevanov	/pəˈlɛvənɑv/
polevoi	/ˈpoʊləˌvɔɪ/
poleward	/ˈpoʊlwɚd/
poley	/ˈpoʊli/
polgar	/ˈpoʊlɡɚ/
polhamus	/ˈpoʊlhəmɪs/
polhemus	/ˈpoʊlhɪməs/
polhill	/ˈpoʊlˌhɪl/
poli	/ˈpoʊli/
policastro	/poʊliˈkæstɹoʊ/
police	/pəˈlis/
police's	/pəˈlisɪz/
policed	/pəˈlist/
policeman	/pəˈlismən/
policeman's	/pəˈlismənz/
policemen	/pəˈlismɪn/
polices	/pəˈlisɪz/
policewoman	/pəˈliˌswʊmən/
policewomen	/pəˈliˌswɪmɛn/
polich	/ˈpɑlɪk/
policies	/ˈpɑləsiz/
policing	/pəˈlisɪŋ/
policy	/ˈpɑləsi/
policy's	/ˈpɑləsiz/
policyholder	/ˈpɑləsiˌhoʊldɚ/
policyholder's	/ˈpɑləsiˌhoʊldɚz/
policyholders	/ˈpɑləsiˌhoʊldɚz/
policyholders'	/ˈpɑləsiˌhoʊldɚz/
policymaker	/ˈpɑləsiˌmeɪkɚ/
policymakers	/ˈpɑləsiˌmeɪkɚz/
policymaking	/ˈpɑləsiˌmeɪkɪŋ/
polidori	/poʊliˈdɔɹi/
polidoro	/poʊliˈdɔɹoʊ/
polifroni	/pɑləˈfɹoʊni/
polimeni	/poʊliˈmɛni/
polin	/ˈpoʊlɪn/
poling	/ˈpoʊlɪŋ/
polino	/poʊˈlinoʊ/
polinski	/pəˈlɪnski/
polinsky	/pəˈlɪnski/
polio	/ˈpoʊliˌoʊ/
poliquin	/poʊliˈkwin/
polis	/ˈpoʊləs/
polisario	/ˌpoʊlɪˈsɛɹioʊ/
polish	/ˈpɑlɪʃ/
polished	/ˈpɑlɪʃt/
polishing	/ˈpɑlɪʃɪŋ/
politano	/poʊliˈtɑnoʊ/
politburo	/ˈpɑlətbˌjʊɹoʊ/
politburo's	/ˈpɑlətbˌjʊɹoʊz/
polite	/pəˈlaɪt/
politely	/pəˈlaɪtli/
politeness	/pəˈlaɪtnəs/
polites	/pəˈlaɪts/
politi	/poʊˈliti/
politic	/ˈpɑləˌtɪk/
political	/pəˈlɪtəkəl/
politically	/pəˈlɪtɪkəli/
politician	/ˌpɑləˈtɪʃən/
politician's	/ˌpɑləˈtɪʃənz/
politicians	/ˌpɑləˈtɪʃənz/
politicians'	/ˌpɑləˈtɪʃənz/
politicization	/pəˌlɪtəsəˈzeɪʃən/
politicize	/pəˈlɪtɪˌsaɪz/
politicized	/pəˈlɪtɪˌsaɪzd/
politicizing	/pəˈlɪtɪˌsaɪzɪŋ/
politicking	/ˈpɑləˌtɪkɪŋ/
politico	/pəˈlɪtɪˌkoʊ/
politicos	/pəˈlɪtɪˌkoʊz/
politics	/ˈpɑləˌtɪks/
politics'	/ˈpɑləˌtɪks/
politis	/ˈpɑlaɪtɪs/
polito	/poʊˈlitoʊ/
politte	/pəˈlɪt/
polity	/ˈpɑləti/
politz	/ˈpɑlɪts/
polivka	/poʊˈlivkə/
polizzi	/poʊˈlitsi/
polje	/ˈpoʊldʒi/
polk	/ˈpoʊk/
polk's	/ˈpoʊks/
polka	/ˈpoʊlkɑ/
polkas	/ˈpoʊlkɑz/
polkinghorn	/ˈpoʊlkɪŋˌhɔɹn/
poll	/ˈpoʊl/
poll's	/ˈpoʊlz/
pollack	/ˈpɑlək/
pollack's	/ˈpɑləks/
pollak	/ˈpɑlək/
pollan	/ˈpɑlən/
polland	/ˈpɑlənd/
pollard	/ˈpɑlɚd/
pollard's	/ˈpɑlɚdz/
polled	/ˈpoʊld/
pollen	/ˈpɑlən/
pollens	/ˈpɑlənz/
pollet	/ˈpɑlɪt/
pollett	/ˈpɑlɪt/
polley	/ˈpɑli/
pollick	/ˈpɑlɪk/
pollina	/poʊˈlinə/
pollinate	/ˈpɑləˌneɪt/
pollinated	/ˈpɑlɪˌneɪtɪd/
pollinates	/ˈpɑləˌneɪts/
pollination	/ˌpɑləˈneɪʃən/
polling	/ˈpoʊlɪŋ/
pollinger	/ˈpoʊlɪŋɚ/
pollini	/pəˈlini/
pollinia	/pɑˈlɪniə/
pollino	/poʊˈlinoʊ/
pollio	/ˈpɑlioʊ/
pollitt	/ˈpɑlɪt/
pollman	/ˈpoʊlmən/
pollner	/ˈpoʊlnɚ/
pollo	/ˈpɑloʊ/
pollock	/ˈpɑlək/
polloi	/ˌpɑˈlɔɪ/
pollok	/ˈpɑlək/
polls	/ˈpoʊlz/
pollster	/ˈpoʊlstɚ/
pollsters	/ˈpoʊlstɚz/
pollutant	/pəˈlutənt/
pollutants	/pəˈlutənts/
pollute	/pəˈlut/
polluted	/pəˈlutɪd/
polluter	/pəˈlutɚ/
polluters	/pəˈlutɚz/
pollutes	/pəˈluts/
polluting	/pəˈlutɪŋ/
pollution	/pəˈluʃən/
pollux	/ˈpɑləks/
polly	/ˈpɑli/
polly's	/ˈpɑliz/
pollyanna	/ˌpɑliˈænə/
pollyannish	/ˌpɑliˈænɪʃ/
polo	/ˈpoʊloʊ/
polo's	/ˈpoʊloʊz/
polonaise	/ˌpɑləˈneɪz/
polonium	/pəˈloʊniəm/
polonius	/pəˈloʊniəs/
polonsky	/pəˈlɑnski/
pols	/ˈpoʊlz/
polsby	/ˈpoʊlzbi/
polsinelli	/poʊlsiˈnɛli/
polskin	/ˈpɑlskɪn/
polsky	/ˈpoʊlski/
polson	/ˈpoʊlsən/
polster	/ˈpoʊlstɚ/
polston	/ˈpoʊlstən/
poltergeist	/ˈpoʊltɚˌɡaɪst/
poltergeists	/ˈpoʊltɚˌɡaɪsts/
poltrack	/ˈpoʊlˌtɹæk/
polus	/ˈpoʊləs/
poly	/ˈpɑli/
poly's	/ˈpɑliz/
polyacetylene	/ˌpɑˌliəˈsɛtəˌlin/
polyak	/ˈpɑljæk/
polyamide	/ˌpɑˌliˈæˌmaɪd/
polyandrous	/ˌpɑˌliˈændɹəs/
polyandry	/ˌpɑˌliˈændɹi/
polybutylene	/ˌpɑˌlibˈjutəˌlin/
polycarpic	/ˌpɑˌliˈkɑɹpɪk/
polycast	/ˈpɑˌliˌkæst/
polychlorinate	/ˌpɑˌliˈklɔɹɪˌneɪt/
polychlorinated	/ˌpɑˌliˈklɔɹɪˌneɪtɪd/
polychrome	/ˈpɑˌliˌkɹoʊm/
polyconomics	/ˌpɑlɪkəˈnɑmɪks/
polyester	/ˌpɑˌliˈɛstɚ/
polyesters	/ˈpɑˌliˌɛstɚz/
polyethylene	/ˌpɑˌliˈɛθəˌlin/
polygamous	/pəˈlɪɡəməs/
polygamy	/pəˈlɪɡəˌmi/
polyglot	/ˌpɑˌliɡlɑt/
polygon	/ˈpɑlɪˌɡɑn/
polygonal	/pəˈlɪɡənəl/
polygram	/ˈpɑˌliˌɡɹæm/
polygram's	/ˈpɑˌliˌɡɹæmz/
polygraph	/ˈpɑˌliˌɡɹæf/
polygraphs	/ˈpɑˌliˌɡɹæfs/
polygynous	/pəˈlɪdʒənəs/
polygyny	/pəˈlɪdʒəni/
polyhedron	/ˌpɑˌliˈhidɹən/
polyhedrons	/ˌpɑˌliˈhidɹənz/
polyhemoglobin	/ˌpɑˌlihəˈmɑɡləbɪn/
polymarker	/ˌpɑˌliˈmɑɹkɚ/
polymarkers	/ˌpɑˌliˈmɑɹkɚz/
polymer	/ˈpɑləmɚ/
polymerase	/ˈpɑˌlɪmɚˌeɪs/
polymerization	/ˌpɑlɪmɚəˈzeɪʃən/
polymerize	/ˈpɑlɪmɚˌaɪz/
polymerized	/ˈpɑlɪmɚˌaɪzd/
polymerizes	/ˈpɑlɪmɚˌaɪzəz/
polymers	/ˈpɑlɪmɚz/
polymorph	/ˈpɑˌliˌmɔɹf/
polymorphic	/ˌpɑˌliˈmɔɹfɪk/
polymorphism	/ˌpɑˌliˈmɔɹfɪzm/
polynesia	/ˌpɑˌlɪˈniʒə/
polynesian	/ˌpɑˌlɪˈniʒən/
polynomial	/ˌpɑˌliˈnoʊmiəl/
polynomials	/ˌpɑˌliˈnoʊmiəlz/
polyolefin	/ˌpɑˌliˈoʊləfɪn/
polyp	/ˈpɑlɪp/
polyphase	/ˈpɑˌliˌfeɪz/
polyphonic	/ˌpɑˌlɪˈfɑnɪk/
polyphony	/pəˈlɪfəni/
polypropylene	/ˌpɑˌliˈpɹoʊpəˌlin/
polyps	/ˈpɑlɪps/
polysaccharide	/ˌpɑˌliˈsækɚˌaɪd/
polysaccharides	/ˌpɑˌliˈsækɚˌaɪdz/
polysar	/ˈpɑlɪsɑɹ/
polysar's	/ˈpɑlɪsɑɹz/
polysilicon	/ˌpɑliˈsɪlɪˌkɑn/
polystyrene	/ˌpɑˌliˈstaɪˌɹin/
polysyllabic	/ˌpɑˌlisɪˈlæbɪk/
polytech	/ˌpɑˌliˈtɛk/
polytechnic	/ˌpɑlɪˈtɛknɪk/
polytechnologies	/ˌpɑˌlitɛkˈnɑlədʒiz/
polytechnology	/ˌpɑˌlitɛkˈnɑlədʒi/
polytheism	/ˈpɑˌliθiɪzəm/
polytheistic	/ˌpɑˌliθiˈɪstɪk/
polytropic	/ˌpɑˌliˈtɹɔpɪk/
polyurethane	/ˌpɑˌliˈʊɹəˌθeɪn/
polyvinyl	/ˌpɑliˈvaɪnəl/
polzer	/ˈpoʊlzɚ/
polzin	/ˈpoʊlzɪn/
pom	/ˈpɔm/
poma	/ˈpoʊmə/
pombo	/ˈpɑmboʊ/
pomegranate	/ˌpɑməˈɡɹænət/
pomerance	/ˈpɑmɚˈæns/
pomerania	/ˌpɑmɚˈeɪniə/
pomeranian	/ˌpɑmɚˈeɪniən/
pomerantz	/ˈpɑmɚˌænts/
pomeranz	/ˈpɑmɚˈæns/
pomerleau	/ˈpɑmɚloʊ/
pomeroy	/ˈpɑmɚˌɔɪ/
pomicino	/ˌpoʊmɪˈsinoʊ/
pommel	/ˈpɑməl/
pommer	/ˈpɑmɚ/
pommier	/ˈpɑmiɚ/
pomodoro	/ˌpɑməˈdɔɹoʊ/
pomography	/pəˈmɑɡɹəfi/
pomology	/poʊˈmɑlədʒi/
pomona	/poʊˈmoʊnə/
pomp	/ˈpɑmp/
pompa	/ˈpɑmpə/
pompadour	/ˈpɑmpədɔɹ/
pompadur	/ˈpɑmpədɚ/
pompano	/ˈpɑmpəˌnoʊ/
pompeo	/ˈpoʊmpioʊ/
pomper	/ˈpɑmpɚ/
pompey	/ˈpɑmpi/
pompidou	/ˈpɑmpɪˌdu/
pompilio	/poʊmˈpilioʊ/
pomplun	/ˈpɑmplən/
pompom	/ˈpɑmpɑm/
pompoms	/ˈpɑmpɑmz/
pompon	/ˈpɑmˌpɑn/
pomponio	/poʊmˈpoʊnioʊ/
pompons	/ˈpɑmˌpɑnz/
pomposity	/ˌpɑmˈpɑsɪti/
pompous	/ˈpɑmpəs/
pompousness	/ˈpɑmpəsnəs/
pomrenze	/ˈpɑmɹənz/
pomroy	/ˈpɑmˌɹɔɪ/
pon	/ˈpɑn/
ponce	/ˈpoʊnseɪ/
poncet	/ˈpɑnsət/
ponchan	/ˈpɑntʃən/
poncho	/ˈpɑntʃoʊ/
ponchos	/ˈpɑntʃoʊz/
pond	/ˈpɑnd/
pond's	/ˈpɑndz/
ponder	/ˈpɑndɚ/
pondered	/ˈpɑndɚd/
pondering	/ˈpɑndɚɪŋ/
ponderosa	/ˌpɑndɚˈoʊsə/
ponderosa's	/ˌpɑndɚˈoʊsəz/
ponderous	/ˈpɑndɚəs/
ponders	/ˈpɑndɚz/
pondimin	/ˈpɑndəmɪn/
ponds	/ˈpɑndz/
pong	/ˈpɔŋ/
pongratz	/ˈpɑŋɡɹəts/
poniatowski	/pəniəˈtɔfski/
ponied	/ˈpoʊnid/
ponies	/ˈpoʊniz/
pons	/ˈpɑnz/
ponsolle	/ˈpɑnsoʊl/
pont	/ˈpɑnt/
pont's	/ˈpɑnts/
pontarelli	/poʊntɑˈɹɛli/
pontbriand	/ˈpɑntbɹiənd/
ponte	/ˈpɑnt/
pontes	/ˈpoʊntɛs/
ponti	/ˈpɑnti/
pontiac	/ˈpɑntiˌæk/
pontiac's	/ˈpɑntiˌæks/
pontiacs	/ˈpɑntiˌæks/
pontiff	/ˈpɑntəf/
pontiff's	/ˈpɑntəfs/
pontifical	/pɑnˈtɪfəkəl/
pontificate	/pɑnˈtɪfəˌkeɪt/
pontificated	/pɑnˈtɪfəˌkeɪtɪd/
pontificater	/pɑnˈtɪfəˌkeɪtɚ/
pontificaters	/pɑnˈtɪfəˌkeɪtɚz/
pontificates	/pɑnˈtɪfəˌkeɪts/
pontificating	/pɑnˈtɪfəˌkeɪtɪŋ/
pontification	/pɑnˌtɪfəˈkeɪʃən/
pontifications	/pɑnˌtɪfəˈkeɪʃənz/
pontikes	/ˌpɑnˈtiˌkɛz/
pontillo	/poʊnˈtɪloʊ/
pontious	/ˈpoʊnʃɪs/
pontius	/ˈpɑnˌtiɪs/
ponto	/ˈpɑnˌtoʊ/
ponton	/ˈpɑntən/
pontoon	/pɑnˈtun/
pontoons	/ˌpɑnˈtunz/
ponts	/ˈpɑnts/
pony	/ˈpoʊˌni/
ponytail	/ˈpoʊniˌteɪl/
ponzetti	/pɑnˈzɛti/
ponzi	/ˈpɑnzi/
ponzio	/ˈpɑnziˌoʊ/
ponzo	/ˈpɑnˌzoʊ/
poo	/ˈpu/
pooch	/ˈputʃ/
pooches	/ˈputʃɪz/
poodle	/ˈpudəl/
poodles	/ˈpudəlz/
poof	/ˈpuf/
pooh	/ˈpu/
pooh-bah	/ˈpuˈbʌ/
poohed	/ˈpud/
pookie	/ˈpuˌki/
pool	/ˈpul/
pool-side	/ˈpulˈsaɪd/
pool's	/ˈpulz/
poolas	/ˈpuləs/
poole	/ˈpul/
pooled	/ˈpuld/
pooler	/ˈpulɚ/
pooley	/ˈpuli/
pooling	/ˈpulɪŋ/
pools	/ˈpulz/
poolside	/ˈpulˌsaɪd/
poon	/ˈpun/
poop	/ˈpup/
pooped	/ˈpupt/
pooper	/ˈpupɚ/
poopers	/ˈpupɚz/
poops	/ˈpups/
poor	/ˈpuɹ/
poor-spirited	/ˈpuɹˈspɪɹɪtɪd/
poor-spiritedness	/ˈpuɹˈspɪɹɪtɪdnəs/
poor's	/ˈpuɹz/
poorbaugh	/ˈpuɹbɔ/
poore	/ˈpuɹ/
poorer	/ˈpuɹɚ/
poorest	/ˈpuɹɪst/
poorhouse	/ˈpuɹˌhaʊs/
poorly	/ˈpuɹli/
poorman	/ˈpuɹmən/
poors	/ˈpuɹz/
pooser	/ˈpuzɚ/
poovey	/ˈpuvi/
pop	/ˈpɑp/
pop's	/ˈpɑps/
popa	/ˈpoʊpə/
poparelli	/ˌpoʊpəˈɹɛli/
popcorn	/ˈpɑpˌkɔɹn/
pope	/ˈpoʊp/
pope's	/ˈpoʊps/
popeil	/ˌpoʊˈpil/
popejoy	/ˈpoʊpˌdʒɔɪ/
popejoy's	/ˈpoʊpˌdʒɔɪz/
popek	/ˈpoʊpɪk/
popelka	/pəˈpɛlkə/
popes	/ˈpoʊpz/
popeye	/ˈpɑˌpaɪ/
popeye's	/ˈpɑˌpaɪz/
popeyes	/ˈpɔˌpaɪz/
popham	/ˈpɑfəm/
popick	/ˈpɑpɪk/
popiel	/ˈpɑpil/
popieluszko	/poʊˌpiɛˈlʌskoʊ/
popik	/ˈpoʊpɪk/
popken	/ˈpɑpkən/
popkin	/ˈpɑpkɪn/
popko	/ˈpoʊpkoʊ/
poplar	/ˈpɑplɚ/
poplawski	/pəˈplɑfski/
poplin	/ˈpɑplɪn/
poplins	/ˈpɑplɪnz/
popoff	/ˈpɑˌpɔf/
popolare	/ˌpɑpoʊˈlɑɹi/
popov	/ˈpoʊpəv/
popovic	/ˈpɑpəvɪk/
popovich	/ˈpɑpəvɪtʃ/
popowski	/pəˈpɔfski/
popp	/ˈpɑp/
poppa	/ˈpɑpə/
poppadom	/ˈpɔpəˌdɔm/
poppe	/ˈpɑp/
poppea	/ˈpɑpiə/
popped	/ˈpɑpt/
poppell	/ˈpɑpəl/
poppen	/ˈpɑpən/
popper	/ˈpɑpɚ/
poppers	/ˈpɑpɚz/
poppies	/ˈpɑpiz/
popping	/ˈpɑpɪŋ/
poppins	/ˈpɑpɪnz/
popple	/ˈpɑpəl/
poppleton	/ˈpɑpəltɑn/
popplewell	/ˈpɑpəlwɛl/
poppy	/ˈpɑpi/
poppy's	/ˈpɑpiz/
poppycock	/ˈpɑpiˌkɔk/
pops	/ˈpɑps/
popsicle	/ˈpɑpsɪkəl/
popu	/ˈpoʊpju/
populace	/ˈpɑpjələs/
popular	/ˈpɑpjəlɚ/
popularity	/ˌpɑpjəˈlɛɹəti/
popularization	/ˌpɑpjəlɚəˈzeɪʃən/
popularize	/ˈpɑpjəlɚˌaɪz/
popularized	/ˈpɑpjəlɚˌaɪzd/
popularizer	/ˈpɑpjəlɚˌaɪzɚ/
popularizing	/ˈpɑpjəlɚˌaɪzɪŋ/
popularly	/ˈpɑpjəlɚli/
populate	/ˈpɑpjəˌleɪt/
populated	/ˈpɑpjəˌleɪtɪd/
populating	/ˈpɑpjəˌleɪtɪŋ/
population	/ˌpɑpjəˈleɪʃən/
populations	/ˌpɑpjəˈleɪʃənz/
populism	/ˈpɑpjəˌlɪzəm/
populist	/ˈpɑpjələst/
populists	/ˈpɑpjəlɪsts/
populous	/ˈpɑpjələs/
popup	/ˈpɑˌpʌp/
popwell	/ˈpɑpˌwɛl/
poquette	/pəˈkɛt/
por	/ˈpɔɹ/
porada	/pɔˈɹɑdə/
porath	/ˈpɔɹəθ/
porcaro	/pɔɹˈkɑɹoʊ/
porcelain	/ˈpɔɹsələn/
porcelains	/ˈpɔɹsələnz/
porcella	/pɔɹˈtʃɛlə/
porcelli	/pɔɹˈtʃɛli/
porcello	/pɔɹˈtʃɛloʊ/
porch	/ˈpɔɹtʃ/
porcher	/ˈpɔɹtʃɚ/
porches	/ˈpɔɹtʃəz/
porchia	/ˈpɔɹkiə/
porco	/ˈpɔɹkoʊ/
porcupine	/ˈpɔɹkjəˌpaɪn/
porcupines	/ˈpɔɹkjəˌpaɪnz/
pordy	/ˈpɔɹdi/
pore	/ˈpɔɹ/
pored	/ˈpɔɹd/
poremba	/pɔˈɹɛmbə/
pores	/ˈpɔɹz/
porges	/ˈpɔɹdʒɪz/
porgy	/ˈpɔɹɡi/
poring	/ˈpɔɹɪŋ/
pork	/ˈpɔɹk/
pork-barrel	/ˈpɔɹkˌbɛɹəl/
porker	/ˈpɔɹkɚ/
porkers	/ˈpɔɹkɚz/
porky	/ˈpɔɹki/
porn	/ˈpɔɹn/
porno	/ˈpɔɹnoʊ/
pornographer	/ˌpɔɹˈnɑɡɹəfɚ/
pornographers	/ˌpɔɹˈnɑɡɹəfɚz/
pornographic	/ˌpɔɹnəˈɡɹæfɪk/
pornography	/pɔɹˈnɑɡɹəfi/
porous	/ˈpɔɹəs/
porphyritic	/ˌpɔɹfɚˈɪtɪk/
porphyry	/ˈpɔɹfɚi/
porpoise	/ˈpɔɹpəs/
porpoises	/ˈpɔɹpəsəz/
porr	/ˈpɔɹ/
porras	/ˈpɔɹɑz/
porrazzo	/pɔˈɹɑzoʊ/
porreca	/pɔˈɹɛkə/
porretta	/pɔˈɹɛtə/
porridge	/ˈpɔɹədʒ/
porritt	/ˈpɔɹɪt/
porro	/ˈpɔɹoʊ/
porsche	/ˈpɔɹʃə/
porsche's	/ˈpɔɹʃəz/
porsches	/ˈpɔɹʃɪz/
port	/ˈpɔɹt/
port-angeles	/ˈpɔɹˈtændʒəlɪs/
port-arthur	/ˈpɔɹˈtɑɹθɚ/
port-au-prince	/ˌpɔɹtoʊˈpɹɪns/
port-clinton	/ˈpɔɹtˈklɪntən/
port-london	/ˈpɔɹtˈlʌndən/
port-victoria	/ˈpɔɹtvɪkˈtɔɹiə/
port's	/ˈpɔɹts/
porta	/ˈpɔɹtə/
portability	/ˌpɔɹtəˈbɪlɪti/
portable	/ˈpɔɹtəbəl/
portables	/ˈpɔɹtəbəlz/
portadown	/ˈpɔɹtədaʊn/
portage	/ˈpɔɹtədʒ/
portal	/ˈpɔɹtəl/
portales	/pɔɹˈtɑlɛs/
portals	/ˈpɔɹtəlz/
portanova	/pɔɹtɑˈnoʊvə/
portculis	/pɔɹtˈkʌlɪs/
porte	/ˈpɔɹt/
portec	/ˈpɔɹˌtɛk/
portec's	/ˈpɔɹˌtɛks/
ported	/ˈpɔɹtɪd/
portee	/ˈpɔɹˈti/
portela	/pɔɹˈtɛlə/
portell	/pɔɹˈteɪl/
portelli	/pɔɹˈtɛli/
portend	/pɔɹˈtɛnd/
portending	/pɔɹˈtɛndɪŋ/
portends	/pɔɹˈtɛndz/
portent	/ˈpɔɹtɛnt/
portentous	/pɔɹˈtɛntəs/
portents	/ˈpɔɹˌtɛnts/
porteous	/ˈpɔɹtiɪs/
porter	/ˈpɔɹtɚ/
porter's	/ˈpɔɹtɚz/
portera	/pɔɹˈtɛɹə/
porterages	/ˈpɔɹtɚɪdʒɪz/
porterfield	/ˈpɔɹtɚˌfild/
porters	/ˈpɔɹtɚz/
portfolio	/pɔɹtˈfoʊliˌoʊ/
portfolio's	/pɔɹtˈfoʊliˌoʊz/
portfolios	/pɔɹtˈfoʊliˌoʊz/
porth	/ˈpɔɹθ/
porthos	/pɔɹˈtɔs#foreignfrench/
portia	/ˈpɔɹʃə/
portico	/ˈpɔɹtəˌkoʊ/
portier	/ˈpɔɹtiɚ/
portilla	/ˌpɔɹˈtɪlə/
portillo	/ˌpɔɹˈtɪloʊ/
portinadi	/ˌpɔɹtɪˈnɑdi/
porting	/ˈpɔɹtɪŋ/
portion	/ˈpɔɹʃən/
portions	/ˈpɔɹʃənz/
portis	/ˈpɔɹtɪs/
portland	/ˈpɔɹtlənd/
portland's	/ˈpɔɹtləndz/
portlock	/ˈpɔɹtˌlɑk/
portly	/ˈpɔɹtli/
portman	/ˈpɔɹtmən/
portmanteau	/ˈpɔɹtmɑnˌtoʊ/
portner	/ˈpɔɹtnɚ/
portney	/ˈpɔɹtni/
portnoy	/ˈpɔɹtnɔɪ/
porto	/ˈpɔɹtoʊ/
portrait	/ˈpɔɹtɹət/
portraits	/ˈpɔɹtɹəts/
portray	/pɔɹˈtɹeɪ/
portrayal	/pɔɹˈtɹeɪəl/
portrayals	/pɔɹˈtɹeɪəlz/
portrayed	/pɔɹˈtɹeɪd/
portraying	/pɔɹˈtɹeɪɪŋ/
portrays	/pɔɹˈtɹeɪz/
ports	/ˈpɔɹts/
portsmouth	/ˈpɔɹtsməθ/
portugal	/ˈpɔɹtʃəɡəl/
portugal's	/ˈpɔɹtʃəɡəlz/
portugalia	/ˌpɔɹˈtʃuˈɡeɪliə/
portuguese	/ˈpɔɹtʃəˌɡiz/
portwood	/ˈpɔɹˌtwʊd/
portz	/ˈpɔɹts/
porzio	/ˈpɔɹzioʊ/
pos	/ˈpɑs/
posa	/ˈpoʊsə/
posada	/poʊˈsɑdə/
posavina	/poʊsəˈvinə/
posch	/ˈpɔʃ/
posco	/ˈpɔskoʊ/
pose	/ˈpoʊz/
posed	/ˈpoʊzd/
poseidon	/pəˈsaɪdən/
poseidon's	/pəˈsaɪdənz/
posen	/ˈpoʊzən/
poser	/ˈpoʊzɚ/
poses	/ˈpoʊzəz/
poseur	/ˈpoʊzɚ/
poseurs	/ˈpoʊzɚz/
posey	/ˈpoʊzi/
posh	/ˈpɑʃ/
poshard	/ˈpɑʃɚd/
posing	/ˈpoʊzɪŋ/
posit	/ˈpɑzət/
posited	/ˈpɑzətɪd/
position	/pəˈzɪʃən/
positioned	/pəˈzɪʃənd/
positioning	/pəˈzɪʃənɪŋ/
positions	/pəˈzɪʃənz/
positive	/ˈpɑzətɪv/
positively	/ˈpɑzətɪvli/
positives	/ˈpɑzətɪvz/
positivism	/ˈpɑzətɪˌvɪzəm/
positron	/ˈpɑzəˌtɹɑn/
positrons	/ˈpɑzəˌtɹɑnz/
posits	/ˈpɑzəts/
posluns	/ˈpɔzlənz/
posluszny	/pəˈslʌʃni/
posner	/ˈpoʊznɚ/
posner's	/ˈpoʊznɚz/
posners	/ˈpoʊznɚz/
posnick	/ˈpɔsnɪk/
pospisil	/poʊspiˈsil/
poss	/ˈpɔs/
posse	/ˈpɑsi/
possehl	/ˈpɑsəl/
posses	/ˈpɑsiz/
possess	/pəˈzɛs/
possessed	/pəˈzɛst/
possesses	/pəˈzɛsəz/
possessing	/pəˈzɛsɪŋ/
possession	/pəˈzɛʃən/
possessions	/pəˈzɛʃənz/
possessive	/pəˈzɛsɪv/
possessiveness	/pəˈzɛsɪvnəs/
possessor	/pəˈzɛsɚ/
possibilities	/ˌpɑsəˈbɪlətiz/
possibility	/ˌpɑsəˈbɪləˌti/
possible	/ˈpɑsəbəl/
possibly	/ˈpɑsəbli/
possum	/ˈpɑsəm/
possums	/ˈpɑsəmz/
post	/ˈpoʊst/
post-attack	/ˈpoʊstəˈtæk/
post-mortem	/poʊstˈmɔɹtɛm/
post-traumatic	/ˌpoʊstɹɔˈmætɪk/
post's	/ˈpoʊsts/
postage	/ˈpoʊstədʒ/
postal	/ˈpoʊstəl/
postal's	/ˈpoʊstəlz/
postcard	/ˈpoʊstˌkɑɹd/
postcards	/ˈpoʊstˌkɑɹdz/
postcrash	/ˈpoʊstˌkɹæʃ/
postdate	/ˌpoʊstˈdeɪt/
postdated	/ˌpoʊstˈdeɪtɪd/
postdates	/ˌpoʊstˈdeɪts/
postdating	/ˌpoʊstˈdeɪtɪŋ/
postdoctoral	/ˌpoʊstˈdɑkˌtɝəl/
posted	/ˈpoʊstɪd/
postel	/ˈpɑstəl/
postell	/ˈpɑstəl/
postema	/pɑˈstɛmə/
posten	/ˈpoʊstən/
poster	/ˈpoʊstɚ/
posteraro	/ˌpɔstɛˈɹɑɹoʊ/
posterior	/ˌpɔˈstɪɹjɚ/
posteriors	/ˌpɔˈstɪɹjɚz/
posterity	/pɑˈstɛɹəti/
posterize	/ˈpoʊstɚˌaɪz/
posters	/ˈpoʊstɚz/
postgame	/ˌpoʊstˈɡeɪm/
posthole	/ˈpoʊstˌhoʊl/
postholes	/ˈpoʊstˌhoʊlz/
posthumous	/ˈpɑstʃʊməs/
posthumously	/ˈpɑstʃʊməsli/
posting	/ˈpoʊstɪŋ/
postings	/ˈpoʊstɪŋz/
postino	/pɔˈstinoʊ/
postipankki	/ˌpɔstɪˈpæŋki/
postit	/ˈpoʊstɪt/
postle	/ˈpɑsəl/
postlethwait	/ˈpoʊstəlθweɪt/
postlewait	/ˈpɑstəlweɪt/
postlewaite	/ˈpoʊstəlweɪt/
postma	/ˈpoʊstmə/
postman	/ˈpoʊstmən/
postmark	/ˈpoʊstˌmɑɹk/
postmarked	/ˈpoʊstˌmɑɹkt/
postmaster	/ˈpoʊstˌmæstɚ/
postmasters	/ˈpoʊstˌmæstɚz/
postmodern	/ˌpoʊstˈmɑdɚn/
postmodernism	/ˌpoʊstˈmɑdɚˌnɪzm/
postmortem	/ˌpoʊstˈmɔɹtɛm/
postnatal	/ˌpoʊstˈneɪtəl/
poston	/ˈpoʊstən/
postoperative	/ˌpoʊˈstɔpəɹətɪv/
postpone	/poʊstˈpoʊn/
postponed	/poʊstˈpoʊnd/
postponement	/poʊstˈpoʊnmənt/
postponements	/poʊstˈpoʊnmənts/
postpones	/poʊstˈpoʊnz/
postponing	/poʊstˈpoʊnɪŋ/
postrel	/ˈpɔstɹɛl/
postrelle	/ˌpoʊˈstɹɛl/
postretirement	/ˌpoʊstɹiˈtaɪɚmənt/
posts	/ˈpoʊsts/
postscript	/ˈpoʊˌskɹɪpt/
postscripts	/ˈpoʊˌskɹɪpts/
posttraumatic	/ˌpoʊsttɹɔˈmætɪk/
postulate	/ˈpɑstʃəˌleɪt/
postulated	/ˈpɑstʃəˌleɪtɪd/
postulates	/ˈpɑstʃəˌleɪts/
postum	/ˈpoʊstəm/
posture	/ˈpɑstʃɚ/
postures	/ˈpɑstʃɚz/
posturing	/ˈpɑstʃɚɪŋ/
posturings	/ˈpɑstʃɚɪŋz/
postwar	/ˈpoʊsˈtwɔɹ/
posuvalyuk	/ˌpɑsuˈvɑljʊk/
pot	/ˈpɑt/
pot's	/ˈpɑts/
potable	/ˈpoʊtəbəl/
potage	/ˈpoʊˌtɑʒ/
potala	/ˌpoʊˈtɑlə/
potamkin	/ˈpoʊˌtæmkɪn/
potapov	/ˈpɑtəˌpɑv/
potash	/ˈpɑˌtæʃ/
potassium	/pəˈtæsiəm/
potato	/pəˈteɪˌtoʊ/
potatoe	/pəˈteɪˌtoʊ/
potatoes	/pəˈteɪtoʊz/
potbaryoskin	/ˌpɑtbɑɹˈjɔskən/
potboiler	/ˌpɑˈbɔɪlɚ/
potboilers	/ˌpɑˈbɔɪlɚz/
pote	/ˈpoʊt/
poteat	/poʊˈtit/
poteet	/ˈpɑtit/
poteete	/ˈpɑtit/
potemkin	/pəˈtɛmkɪn/
potempa	/poʊˈtɛmpə/
poten	/ˈpoʊtən/
potency	/ˈpoʊtənsi/
potent	/ˈpoʊtənt/
potentate	/ˈpoʊtənˌteɪt/
potentates	/ˈpoʊtənˌteɪts/
potential	/pəˈtɛnʃəl/
potentially	/pəˈtɛnʃəli/
potentials	/pəˈtɛnʃəlz/
potenza	/poʊˈtɛnzə/
poth	/ˈpɑθ/
pothier	/ˈpoʊθiɚ/
pothitos	/pəˈθitoʊs/
pothole	/ˈpɑtˌhoʊl/
potholed	/ˈpɑtˌhoʊld/
potholes	/ˈpɑtˌhoʊlz/
potier	/ˈpoʊtiɚ/
potiker	/ˈpoʊtɪkɚ/
potion	/ˈpoʊʃən/
potions	/ˈpoʊʃənz/
potlatch	/ˈpɑtˌlætʃ/
potluck	/ˈpɑtˌlʌk/
potocki	/pəˈtoʊtski/
potomac	/pəˈtoʊmək/
potpie	/ˈpɑtˌpaɪ/
potpies	/ˈpɑtˌpaɪz/
potpourri	/ˌpoʊpʊˈɹi/
potpourris	/ˌpoʊpʊˈɹiz/
potratz	/ˈpɑtɹəts/
pots	/ˈpɑts/
potsdam	/ˈpɑtsˌdæm/
potshot	/ˈpɑˌʃɑt/
potshots	/ˈpɑˌtʃɑts/
pott	/ˈpɑt/
pottage	/ˈpɑtədʒ/
pottebaum	/ˈpɑtbaʊm/
potted	/ˈpɑtɪd/
potteiger	/ˈpɑtaɪɡɚ/
pottenger	/ˈpɑtɪndʒɚ/
potter	/ˈpɑtɚ/
potter's	/ˈpɑtɚz/
potters	/ˈpɑtɚz/
pottery	/ˈpɑtɚi/
potthast	/ˈpɑθəst/
potthoff	/ˈpɑtˌhɔf/
potthurst	/ˈpɑthɚst/
pottinger	/ˈpɑtɪŋɚ/
pottle	/ˈpɑtəl/
pottorff	/ˈpɑtɚf/
potts	/ˈpɑts/
potty	/ˈpɑti/
potucek	/ˈpɑtətʃɛk/
potvin	/ˈpɑtvɪn/
pou	/ˈpu/
pouch	/ˈpaʊtʃ/
poucher	/ˈpaʊtʃɚ/
pouches	/ˈpaʊtʃəz/
poudrier	/ˈpaʊdɚiɚ/
pough	/ˈpaʊ/
poughkeepsie	/pəˈkɪpsi/
poughkeepsie's	/pəˈkɪpsiz/
poul	/ˈpul/
poulenc	/ˈpuləŋk/
poulenc's	/ˈpuləŋks/
poulin	/puˈlæn/
pouliot	/ˈpulioʊ/
poulos	/ˈpuləs/
poulsen	/ˈpaʊlsən/
poulson	/ˈpaʊlsən/
poulter	/ˈpoʊltɚ/
poultice	/ˈpoʊltəs/
poultices	/ˈpoʊltəsɪz/
poulton	/ˈpaʊltən/
poultry	/ˈpoʊltɹi/
pounce	/ˈpaʊns/
pounced	/ˈpaʊnst/
pouncey	/ˈpaʊnsi/
pouncing	/ˈpaʊnsɪŋ/
pouncy	/puŋˈki/
pound	/ˈpaʊnd/
pound's	/ˈpaʊndz/
poundage	/ˈpaʊndɪdʒ/
pounded	/ˈpaʊndɪd/
pounder	/ˈpaʊndɚ/
pounders	/ˈpaʊndɚz/
pounding	/ˈpaʊndɪŋ/
pounds	/ˈpaʊndz/
poundstone	/ˈpaʊndˌstoʊn/
poupard	/ˈpupɚd/
pour	/ˈpɔɹ/
pourciau	/ˈpɔɹsioʊ/
poured	/ˈpɔɹd/
pouring	/ˈpɔɹɪŋ/
pours	/ˈpɔɹz/
poussaint	/ˌpuˈsɑnt/
poussant	/ˈpusənt/
poussin	/ˈpusɪn/
pousson	/ˌpuˈsɑn/
poust	/ˈpaʊst/
pout	/ˈpaʊt/
pouted	/ˈpaʊtɪd/
pouter	/ˈpaʊtɚ/
pouting	/ˈpaʊtɪŋ/
poutre	/ˈpaʊtɚ/
pouts	/ˈpaʊts/
pouty	/ˈpaʊti/
poveromo	/ˌpoʊvɛˈɹoʊmoʊ/
poverty	/ˈpɑvɚti/
povich	/ˈpoʊvɪtʃ/
povich's	/ˈpoʊvɪtʃɪz/
pow	/ˈpaʊ/
powalsky	/poʊˈælski/
powder	/ˈpaʊdɚ/
powdered	/ˈpaʊdɚd/
powdering	/ˈpaʊdɚɪŋ/
powderly	/ˈpaʊdɚli/
powders	/ˈpaʊdɚz/
powdery	/ˈpaʊdɚi/
powe	/ˈpaʊ/
powell	/ˈpaʊəl/
powell's	/ˈpoʊɪlz/
powelson	/ˈpaʊəlsən/
power	/ˈpaʊɚ/
power's	/ˈpaʊɚz/
powerball	/ˈpaʊɚˌbɔl/
powerboat	/ˈpaʊɚˌboʊt/
powerbook	/ˈpaʊɚˌbʊk/
powercise	/ˈpaʊɹˌsaɪz/
powered	/ˈpaʊɚd/
powerful	/ˈpaʊɚfəl/
powerfully	/ˈpaʊɚfli/
powergen	/ˈpaʊɚˌdʒɛn/
powerhouse	/ˈpaʊɚˌhaʊs/
powerhouses	/ˈpaʊɚˌhaʊsɪz/
powering	/ˈpaʊɚɪŋ/
powerless	/ˈpaʊɚləs/
powerlessness	/ˈpaʊɚləsnəs/
powerpc	/ˈpaʊɚˈpiˈsi/
powerpcs	/ˈpaʊɚˈpiˈsiz/
powerpcs'	/ˈpaʊɚˈpiˈsiz/
powerpoint	/ˈpaʊɚˌpɔɪnt/
powerpoints	/ˈpaʊɚˌpɔɪnts/
powers	/ˈpaʊɚz/
powers'	/ˈpaʊɚz/
powersoft	/ˈpaʊɚˌsɑft/
powertrain	/ˈpaʊɹˌtɹeɪn/
powis	/ˈpaʊɪs/
powles	/ˈpaʊəlz/
powless	/ˈpaʊlɪs/
powley	/ˈpaʊli/
pownall	/ˈpaʊnəl/
pows	/ˈpoʊz/
powter	/ˈpaʊtɚ/
powwow	/ˈpaʊˌwaʊ/
powwows	/ˈpaʊˌwaʊz/
pox	/ˈpɑks/
poyer	/ˈpɔɪɚ/
poyner	/ˈpɔɪnɚ/
poynor	/ˈpɔɪnɚ/
poynter	/ˈpɔɪntɚ/
poynton	/ˈpɔɪnˌtʌn/
poyser	/ˈpɔɪsɚ/
poythress	/ˈpɔɪθɹɪs/
poznan	/ˈpɑznən/
poznanski	/pəzˈnænski/
pozner	/ˈpɑznɚ/
pozniak	/ˈpɑzniæk/
poznikov	/ˈpɑznɪˌkɑv/
pozo	/ˈpoʊzoʊ/
pozos	/ˈpoʊzoʊs/
pozzi	/ˈpɑzi/
ppm	/ˈpiˈpiˈɛm/
pr	/ˈpiˈɑɹ/
prab	/ˈpɹæb/
pracht	/ˈpɹækt/
practicable	/ˈpɹæktəkəbəl/
practical	/ˈpɹæktəkəl/
practicality	/ˌpɹæktɪˈkæləti/
practically	/ˈpɹæktɪkli/
practice	/ˈpɹæktəs/
practiced	/ˈpɹæktəst/
practices	/ˈpɹæktəsəz/
practicing	/ˈpɹæktəsɪŋ/
practise	/ˈpɹæktɪs/
practised	/ˈpɹæktɪst/
practises	/ˈpɹæktɪsɪz/
practitioner	/pɹækˈtɪʃənɚ/
practitioners	/pɹækˈtɪʃənɚz/
prada	/ˈpɹɑdə/
pradesh	/pɹəˈdɛʃ/
pradetto	/pɹəˈdɛtoʊ/
prado	/ˈpɹɑdoʊ/
praeger	/ˈpɹeɪɡɚ/
praetor	/ˈpɹitɚ/
praetorian	/pɹiˈtɔɹiən/
prager	/ˈpɹeɪɡɚ/
pragma	/ˈpɹæɡmə/
pragmatic	/pɹæɡˈmætɪk/
pragmatically	/pɹæɡˈmætɪkəli/
pragmatism	/ˈpɹæɡməˌtɪzəm/
pragmatist	/ˈpɹæɡmətɪst/
pragmatists	/ˈpɹæɡmətɪsts/
prague	/ˈpɹɑɡ/
prague's	/ˈpɹɑɡz/
prahl	/ˈpɹɑl/
prairie	/ˈpɹɛɹi/
prairie's	/ˈpɹɛɹiz/
prairies	/ˈpɹeɪɹiz/
praise	/ˈpɹeɪz/
praised	/ˈpɹeɪzd/
praises	/ˈpɹeɪzəz/
praiseworthy	/ˈpɹeɪzˌwɝði/
praising	/ˈpɹeɪzɪŋ/
prakash	/pɹɑˈkɑʃ/
prall	/ˈpɹɔl/
pralle	/ˈpɹeɪl/
pran	/ˈpɹɑn/
prance	/ˈpɹæns/
prancer	/ˈpɹænsɚ/
prances	/ˈpɹænsɪz/
prancing	/ˈpɹænsɪŋ/
prange	/ˈpɹeɪndʒ/
pranger	/ˈpɹeɪndʒɚ/
prank	/ˈpɹæŋk/
pranks	/ˈpɹæŋks/
prankster	/ˈpɹæŋkstɚ/
pranksters	/ˈpɹæŋkstɚz/
prapas	/ˈpɹɑpəs/
prasad	/ˈpɹæsəd/
prasek	/ˈpɹɑsɛk/
prashant	/ˌpɹɑˈʃɑnt/
pratap	/ˈpɹɑtəp/
prater	/ˈpɹeɪtɚ/
pratfall	/ˈpɹætˌfɔl/
pratfalls	/ˈpɹætˌfɔlz/
prather	/ˈpɹæðɚ/
prato	/ˈpɹɑtoʊ/
prats	/ˈpɹæts/
pratt	/ˈpɹæt/
pratt's	/ˈpɹæts/
pratte	/ˈpɹæt/
prattle	/ˈpɹætəl/
prattled	/ˈpɹætəld/
prattles	/ˈpɹætəlz/
prattling	/ˈpɹætlɪŋ/
prattville	/ˈpɹætvɪl/
praun	/ˈpɹɔn/
prause	/ˈpɹɔz/
pravda	/ˈpɹævdə/
pravda's	/ˈpɹævdəz/
prawn	/ˈpɹɔn/
prawns	/ˈpɹɔnz/
praxair	/ˈpɹækˈsɛɹ/
praxis	/ˈpɹæksɪs/
pray	/ˈpɹeɪ/
prayed	/ˈpɹeɪd/
prayer	/ˈpɹɛɹ/
prayerful	/ˈpɹɛɹfəl/
prayers	/ˈpɹɛɹz/
praying	/ˈpɹeɪɪŋ/
prays	/ˈpɹeɪz/
praytor	/ˈpɹeɪtɚ/
prazak	/ˈpɹɑzək/
prchal	/pɚˈʃæl/
pre	/ˈpɹi/
pre-emptive	/ˌpɹiˈɛmptɪv/
pre-season	/ˌpɹiˈsizən/
preach	/ˈpɹitʃ/
preached	/ˈpɹitʃt/
preacher	/ˈpɹitʃɚ/
preacher's	/ˈpɹitʃɚz/
preachers	/ˈpɹitʃɚz/
preaches	/ˈpɹitʃɪz/
preaching	/ˈpɹitʃɪŋ/
preachy	/ˈpɹitʃi/
preadolescence	/ˌpɹiædəˈlɛsɪs/
preadolescent	/ˌpɹiædəˈlɛsɪnt/
preakness	/ˈpɹiknəs/
preamble	/pɹiˈæmbəl/
prearrange	/ˌpɹiɚˈeɪndʒ/
prearranged	/ˌpɹiɚˈeɪndʒd/
prearranges	/ˌpɹiɚˈeɪndʒəz/
prearranging	/ˌpɹiɚˈeɪndʒɪŋ/
preas	/ˈpɹiz/
prebble	/ˈpɹɛbəl/
prebe	/ˈpɹib/
prebiotic	/ˌpɹiˌbaɪˈɔtɪk/
preble	/ˈpɹɛbəl/
prebon	/ˈpɹibɑn/
precambrian	/pɹiˈkæmbɹiən/
precancerous	/pɹiˈkænsɚəs/
precarious	/pɹiˈkɛɹiəs/
precariously	/pɹɪˈkɛɹiəsli/
precast	/pɹiˈkæst/
precaution	/pɹiˈkɔʃən/
precautionary	/pɹɪˈkɔʃənɛɹi/
precautions	/pɹiˈkɔʃənz/
precede	/pɹɪˈsid/
preceded	/pɹɪˈsidɪd/
precedence	/ˈpɹɛsədəns/
precedent	/ˈpɹɛsɪdənt/
precedents	/ˈpɹɛsədənts/
precedes	/pɹɪˈsidz/
preceding	/pɹiˈsidɪŋ/
preceed	/pɹɪˈsid/
preceeding	/pɹɪˈsidɪŋ/
preceeds	/pɹɪˈsidz/
precept	/ˈpɹiˌsɛpt/
precepts	/ˈpɹiˌsɛpts/
precession	/pɹiˈsɛʃən/
precht	/ˈpɹɛkt/
prechter	/ˈpɹɛktɚ/
prechtl	/ˈpɹɛktəl/
preciado	/pɹɛˈtʃɑdoʊ/
precinct	/ˈpɹiˌsɪŋkt/
precincts	/ˈpɹiˌsɪŋkts/
precious	/ˈpɹɛʃəs/
precip	/ˈpɹɛsɪp/
precipice	/ˈpɹɛsəpəs/
precipitate	/pɹɪˈsɪpɪˌteɪt/
precipitated	/pɹɪˈsɪpɪˌteɪtɪd/
precipitating	/pɹɪˈsɪpəˌteɪtɪŋ/
precipitation	/pɹɪˌsɪpɪˈteɪʃən/
precipitous	/pɹɪˈsɪpɪtəs/
precipitously	/ˌpɹiˈsɪpɪtəsli/
precis	/ˈpɹeɪˌsi/
precise	/pɹɪˈsaɪs/
precisely	/pɹɪˈsaɪsli/
precision	/pɹiˈsɪʒən/
preclinical	/pɹiˈklɪnɪkəl/
preclude	/pɹɪˈklud/
precluded	/pɹɪˈkludɪd/
precludes	/pɹɪˈkludz/
precluding	/pɹɪˈkludɪŋ/
preclusion	/pɹɪˈkluʒən/
precocious	/pɹɪˈkoʊʃəs/
preconceive	/ˌpɹikənˈsiv/
preconceived	/ˌpɹikənˈsivd/
preconception	/pɹikənˈsɛpʃən/
preconceptions	/pɹikənˈsɛpʃənz/
precondition	/ˌpɹikənˈdɪʃən/
preconditions	/ˌpɹikənˈdɪʃənz/
precook	/ˈpɹiˈkʊk/
precooked	/pɹiˈkʊkt/
precourt	/pɹɪˈkɔɹt/
precrash	/pɹiˈkɹæʃ/
precursor	/pɹiˈkɝsɚ/
precursors	/pɹiˈkɝsɚz/
predaceous	/pɹiˈdeɪʃəs/
predate	/pɹiˈdeɪt/
predated	/pɹiˈdeɪtɪd/
predates	/ˈpɹiˈdeɪts/
predation	/pɹəˈdeɪʃən/
predator	/ˈpɹɛdətɚ/
predators	/ˈpɹɛdətɚz/
predatory	/ˈpɹɛdəˌtɔɹi/
predawn	/pɹiˈdɔn/
preddy	/ˈpɹɛdi/
predecessor	/ˈpɹɛdəˌsɛsɚ/
predecessor's	/ˈpɹɛdəˌsɛsɚz/
predecessors	/ˈpɹɛdəˌsɛsɚz/
predecessors'	/ˌpɹɛdəˈsɛsɚz/
predefined	/ˌpɹidɪˈfaɪnd/
predestination	/ˌpɹiˌdɛstəˈneɪʃən/
predestine	/ˌpɹiˈdɛstən/
predestined	/ˌpɹiˈdɛstənd/
predetermine	/ˌpɹidɪˈtɝmən/
predetermined	/ˌpɹidiˈtɝmɪnd/
predicament	/pɹɪˈdɪkəmənt/
predicaments	/pɹɪˈdɪkəmənts/
predicate	/ˈpɹɛdəˌkeɪt/
predicated	/ˈpɹɛdəˌkeɪtɪd/
predicates	/ˈpɹɛdəˌkeɪts/
predicating	/ˈpɹɛdəˌkeɪtɪŋ/
predict	/pɹɪˈdɪkt/
predictability	/pɹɪˌdɪktəˈbɪlɪti/
predictable	/pɹɪˈdɪktəbəl/
predictably	/pɹɪˈdɪktəbli/
predicted	/pɹɪˈdɪktɪd/
predicting	/pɹɪˈdɪktɪŋ/
prediction	/pɹiˈdɪkʃən/
predictions	/pɹiˈdɪkʃənz/
predictive	/pɹɪˈdɪktɪv/
predictor	/pɹɪˈdɪktɚ/
predictors	/pɹɪˈdɪktɚz/
predicts	/pɹɪˈdɪkts/
predilection	/ˌpɹɛdəˈlɛkʃən/
predilections	/ˌpɹɛdəˈlɛkʃənz/
predispose	/ˌpɹidɪˈspoʊz/
predisposed	/ˌpɹidɪˈspoʊzd/
predisposing	/ˌpɹidɪˈspoʊzɪŋ/
predisposition	/ˌpɹidɪspəˈzɪʃən/
predispositions	/ˌpɹidɪspəˈzɪʃənz/
predmore	/ˈpɹɛdmɔɹ/
predominance	/pɹɪˈdɑmənəns/
predominant	/pɹɪˈdɑmənənt/
predominantly	/ˌpɹɪˈdɑmənəntˌli/
predominate	/pɹɪˈdɑməˌneɪt/
predominated	/pɹɪˈdɑməˌneɪtɪd/
predominately	/ˌpɹɪˈdɑmənəntˌli/
predominates	/pɹɪˈdɑməˌneɪts/
predominating	/pɹɪˈdɑməˌneɪtɪŋ/
pree	/ˈpɹi/
preece	/ˈpɹis/
preelection	/pɹiɪˈlɛkʃən/
preeminence	/pɹiˈɛmənəns/
preeminent	/pɹiˈɛmənənt/
preempt	/ˈpɹiˌɛmpt/
preempted	/pɹiˈɛmptɪd/
preempting	/pɹiˈɛmptɪŋ/
preemption	/ˌpɹiˈɛmpʃən/
preemptive	/pɹiˈɛmptɪv/
preemptively	/pɹiˈɛmptɪvli/
preempts	/ˈpɹiˌɛmpts/
preen	/ˈpɹin/
preened	/ˈpɹind/
preening	/ˈpɹinɪŋ/
preexist	/ˈpɹiɪɡˈzɪst/
preexisted	/ˈpɹiɪɡˈzɪstɪd/
preexisting	/ˈpɹiɪɡˈzɪstɪŋ/
preexists	/ˈpɹiɪɡˈzɪsts/
prefab	/ˈpɹiˈfæb/
prefabricate	/pɹiˈfæbɹɪˌkeɪt/
prefabricated	/pɹiˈfæbɹɪˌkeɪtɪd/
prefabrication	/ˌpɹiˌfæbɹəˈkeɪʃən/
prefabs	/ˈpɹiˈfæbz/
preface	/ˈpɹɛfəs/
prefaced	/ˈpɹɛfəst/
prefect	/ˈpɹiˌfɛkt/
prefectural	/pɹiˈfɛktʃɚəl/
prefecture	/ˈpɹiˌfɛktʃɚ/
prefer	/pɹəˈfɝ/
preferable	/ˈpɹɛfɚəbəl/
preferably	/ˈpɹɛfɚəbli/
prefered	/pɹɪˈfɝd/
preference	/ˈpɹɛfɚəns/
preferenced	/ˈpɹɛfɚənst/
preferences	/ˈpɹɛfɚənsɪz/
preferential	/ˌpɹɛfɚˈɛnʃəl/
preferentially	/ˌpɹɛfɚˈɛnʃəli/
preferred	/pɹəˈfɝd/
preferreds	/pɹiˈfɝədz/
preferring	/pɹɪˈfɝɪŋ/
prefers	/pɹəˈfɝz/
prefix	/ˈpɹifɪks/
prefrontal	/pɹiˈfɹʌntəl/
pregler	/ˈpɹɛɡlɚ/
pregnancies	/ˈpɹɛɡnənsiz/
pregnancy	/ˈpɹɛɡnənsi/
pregnant	/ˈpɹɛɡnənt/
prego	/ˈpɹeɪɡoʊ/
preheim	/ˈpɹɛhaɪm/
prehistoric	/ˌpɹihɪˈstɔɹɪk/
prehn	/ˈpɹɛn/
preholiday	/ˌpɹiˈhɔlɪdeɪ/
preignition	/ˌpɹiəɡˈnɪʃən/
preis	/ˈpɹiz/
preiser	/ˈpɹaɪsɚ/
preisig	/ˈpɹaɪzɪɡ/
preisler	/ˈpɹaɪsəlɚ/
preiss	/ˈpɹaɪs/
prejean	/ˌpɹiˈdʒin/
prejudge	/pɹiˈdʒʌdʒ/
prejudged	/pɹiˈdʒʌdʒd/
prejudgment	/pɹiˈdʒʌdʒmənt/
prejudice	/ˈpɹɛdʒədɪs/
prejudiced	/ˈpɹɛdʒədəst/
prejudices	/ˈpɹɛdʒədɪsɪz/
prejudicial	/ˌpɹɛdʒəˈdɪʃəl/
prejudicing	/ˈpɹɛdʒədɪsɪŋ/
prekindergarten	/pɹiˈkɪndɚˌɡɑdən/
prelate	/ˈpɹɛlɪt/
prelates	/ˈpɹɛlɪts/
prelim	/pɹɪˈlɪm/
preliminaries	/pɹɪˈlɪməˌnɛɹiz/
preliminarily	/pɹɪˌlɪməˈnɛɹɪli/
preliminary	/pɹɪˈlɪməˌnɛɹi/
prelims	/ˈpɹiˌlɪmz/
prell	/ˈpɹɛl/
prellwitz	/ˈpɹɛlwɪts/
prelude	/ˈpɹeɪˌlud/
preludes	/ˈpɹeɪˌludz/
prem	/ˈpɹɛm/
premadasa	/ˌpɹiməˈdɑsə/
premarin	/ˈpɹɛmɚɪn/
premarital	/pɹiˈmɛɹətəl/
premark	/pɹiˈmɑɹk/
premarket	/ˈpɹiˈmɑɹkət/
premature	/ˌpɹiməˈtʃʊɹ/
prematurely	/ˌpɹiməˈtʃʊɹli/
premeditate	/pɹiˈmɛdəˌteɪt/
premeditated	/pɹiˈmɛdəˌteɪtɪd/
premeditation	/pɹiˌmɛdəˈteɪʃən/
premier	/pɹɛˈmɪɹ/
premier's	/pɹɛˈmɪɹz/
premiere	/pɹɛˈmɪɹ/
premiered	/pɹɛˈmɪɹd/
premieres	/pɹɛˈmɪɹz/
premiering	/pɹɛˈmɪɹɪŋ/
premiers	/pɹɛˈmɪɹz/
premiership	/pɹɛˈmɪɹˌʃɪp/
premise	/ˈpɹɛmɪs/
premised	/ˈpɹɛməst/
premises	/ˈpɹɛməsəz/
premium	/ˈpɹimiəm/
premiums	/ˈpɹimiəmz/
premo	/ˈpɹɛmoʊ/
premodern	/pɹiˈmɔdɚn/
premonition	/pɹɛməˈnɪʃən/
premonitions	/pɹɛməˈnɪʃənz/
premonitory	/pɹəˈmʌnətɚi/
prenatal	/pɹiˈneɪtəl/
prendergast	/ˈpɹɛndɚˌɡæst/
prenger	/ˈpɹɛndʒɚ/
prenn	/ˈpɹɛn/
prensa	/ˈpɹɛnsə/
prentice	/ˈpɹɛntɪs/
prentiss	/ˈpɹɛntɪs/
prentnieks	/ˈpɹɛntniˌɛks/
prenuptial	/pɹiˈnʌpʃəl/
preoccupation	/pɹiˌɑkjəˈpeɪʃən/
preoccupations	/pɹiˌɑkjəˈpeɪʃənz/
preoccupied	/pɹiˈɑkjəˌpaɪd/
preoccupies	/pɹiˈɑkjəˌpaɪz/
preoccupy	/pɹiˈɑkjəˌpaɪ/
preoperative	/ˌpɹiˈɔpəɹətɪv/
preordain	/ˌpɹiɔɹˈdeɪn/
preordained	/ˌpɹiɔɹˈdeɪnd/
preordered	/ˌpɹiɔɹdɚd/
preorders	/ˌpɹiˈɔɹdɚz/
prep	/ˈpɹɛp/
prepackage	/pɹiˈpækədʒ/
prepackaged	/pɹiˈpækədʒd/
prepaid	/pɹiˈpeɪd/
preparation	/ˌpɹɛpɚˈeɪʃən/
preparations	/ˌpɹɛpɚˈeɪʃənz/
preparatory	/pɹɪˈpɛɹəˌtɔɹi/
prepare	/pɹiˈpɛɹ/
prepared	/pɹiˈpɛɹd/
preparedness	/pɹiˈpɛɹədnəs/
preparer	/pɹiˈpɛɹɚ/
preparers	/pɹiˈpɛɹɚz/
prepares	/pɹiˈpɛɹz/
preparing	/pɹiˈpɛɹɪŋ/
prepay	/pɹiˈpeɪ/
prepaying	/pɹiˈpeɪɪŋ/
prepayment	/pɹiˈpeɪmənt/
prepayments	/pɹiˈpeɪmənts/
preplanning	/pɹiˈplænɪŋ/
preponderance	/pɹiˈpɑndɹəns/
preposterous	/pɹɪˈpɑstɚəs/
prepped	/ˈpɹɛpt/
preppie	/ˈpɹɛpi/
prepping	/ˈpɹɛpɪŋ/
preppy	/ˈpɹɛpi/
prepuce	/ˈpɹɛpˌjus/
prequel	/ˈpɹikwɛl/
prerecord	/ˌpɹiɹiˈkɔɹd/
prerecorded	/ˌpɹiɹiˈkɔɹdɪd/
prerequisite	/pɹiˈɹɛkwəzət/
prerequisites	/pɹiˈɹɛkwəzəts/
prerogative	/pɹɪˈɹɑɡətɪv/
prerogatives	/pɹɪˈɹɑɡətɪvz/
pres	/ˈpɹɛz/
presage	/ˈpɹɛsɪdʒ/
presaged	/ˈpɹɛsɪdʒd/
presages	/ˈpɹɛsɪdʒɪz/
presaging	/ˈpɹɛsɪdʒɪŋ/
presale	/ˈpɹiˌseɪl/
presario	/pɹɪˈsɑɹiˌoʊ/
presby	/ˈpɹɛsbi/
presbyterian	/ˌpɹɛsbɪˈtɪɹiən/
presbyterians	/ˌpɹɛsbɪˈtɪɹiənz/
preschel	/ˈpɹɛʃəl/
prescher	/ˈpɹɛʃɚ/
preschool	/pɹiˈskul/
preschooler	/ˈpɹiˌskulɚ/
preschoolers	/ˈpɹiˌskulɚz/
preschools	/pɹiˈskulz/
prescience	/ˈpɹiʃiəns/
prescient	/ˈpɹɛsiənt/
prescot	/ˈpɹɛskət/
prescott	/ˈpɹɛskɑt/
prescribe	/pɹəˈskɹaɪb/
prescribed	/pɹiˈskɹaɪbd/
prescriber	/pɹiˈskɹaɪbɚ/
prescribers	/pɹiˈskɹaɪbɚz/
prescribes	/pɹiˈskɹaɪbz/
prescribing	/pɹiˈskɹaɪbɪŋ/
prescription	/pɹəˈskɹɪpʃən/
prescriptions	/pɹəˈskɹɪpʃənz/
preseason	/ˌpɹiˈsizən/
presence	/ˈpɹɛzəns/
presences	/ˈpɹɛzənsɪz/
present	/ˈpɹɛzənt/
presentable	/pɹəˈzɛntəbəl/
presentation	/ˌpɹɛzənˈteɪʃən/
presentations	/ˌpɹɛzənˈteɪʃənz/
presented	/pɹiˈzɛntɪd/
presenter	/ˈpɹɛzəntɚ/
presenters	/ˈpɹɛzəntɚz/
presenting	/pɹɪˈzɛntɪŋ/
presently	/ˈpɹɛzəntli/
presentment	/pɹiˈzɛntmənt/
presents	/ˈpɹɛzənts/
preservation	/ˌpɹɛzɚˈveɪʃən/
preservationist	/ˌpɹɛzɚˈveɪʃənɪst/
preservationists	/ˌpɹɛzɚˈveɪʃənɪsts/
preservative	/pɹiˈzɝvətɪv/
preservatives	/pɹəˈzɝvətɪvz/
preserve	/pɹəˈzɝv/
preserved	/pɹəˈzɝvd/
preserver	/pɹiˈzɝvɚ/
preservers	/pɹiˈzɝvɚz/
preserves	/pɹəˈzɝvz/
preserving	/pɹəˈzɝvɪŋ/
preset	/pɹiˈsɛt/
preside	/pɹɪˈzaɪd/
presided	/pɹɪˈzaɪdɪd/
presidencies	/ˈpɹɛzədənsiz/
presidency	/ˈpɹɛzədənsi/
presidency's	/ˈpɹɛzədənsiz/
president	/ˈpɹɛzəˌdɛnt/
president's	/ˈpɹɛzɪdənts/
presidential	/ˌpɹɛzəˈdɛnʃəl/
presidential's	/ˌpɹɛzəˈdɛnʃəlz/
presidentialist	/ˌpɹɛzəˈdɛnʃəlɪst/
presidentially	/ˌpɹɛsɪˈdɛnʃəli/
presidents	/ˈpɹɛzəˌdɛnts/
presidents'	/ˈpɹɛzɪdənts/
presides	/pɹɪˈzaɪdz/
presiding	/pɹɪˈzaɪdɪŋ/
presidio	/pɹɪˈsɪdiˌoʊ/
presidium	/pɹɪˈsɪdiəm/
preslar	/pɹɪˈslɑɹ/
presler	/ˈpɹɛsəlɚ/
presley	/ˈpɹɛsli/
presley's	/ˈpɹɛsliz/
presnall	/ˈpɹɛsnəl/
presnell	/ˈpɹɛsnəl/
presplit	/ˈpɹiˈsplɪt/
presque-isle	/ˈpɹɛskaɪl/
press	/ˈpɹɛs/
press'	/ˈpɹɛs/
press's	/ˈpɹɛsɪz/
pressboard	/ˈpɹɛsˌbɔɹd/
pressburger	/ˈpɹɛsbɚɡɚ/
presse	/ˈpɹɛs/
pressed	/ˈpɹɛst/
pressel	/ˈpɹɛsəl/
presser	/ˈpɹɛsɚ/
presser's	/ˈpɹɛsɚz/
presses	/ˈpɹɛsəz/
pressey	/ˈpɹɛsi/
pressing	/ˈpɹɛsɪŋ/
pressler	/ˈpɹɛslɚ/
pressley	/ˈpɹɛsli/
pressly	/ˈpɹɛsli/
pressman	/ˈpɹɛsmən/
pressnell	/ˈpɹɛsnəl/
presson	/ˈpɹɛsən/
presstek	/ˈpɹɛˌstɛk/
pressure	/ˈpɹɛʃɚ/
pressure's	/ˈpɹɛʃɚz/
pressured	/ˈpɹɛʃɚd/
pressures	/ˈpɹɛʃɚz/
pressuring	/ˈpɹɛʃɚɪŋ/
pressurization	/ˌpɹɛʃɚɪˈzeɪʃən/
pressurize	/ˈpɹɛʃɚˌaɪz/
pressurized	/ˈpɹɛʃɚˌaɪzd/
pressurizes	/ˈpɹɛʃɚˌaɪzɪz/
pressurizing	/ˈpɹɛʃɚˌaɪzɪŋ/
presswood	/ˈpɹɛˌswʊd/
presswoods	/ˈpɹɛˌswʊdz/
prest	/ˈpɹɛst/
presta	/ˈpɹɛstə/
prestage	/ˈpɹɛstɪdʒ/
prestech	/pɹɛˈstɛk/
presti	/ˈpɹɛsti/
prestia	/ˈpɹɛstjə/
prestidge	/ˈpɹɛstɪdʒ/
prestidigitation	/ˌpɹɛstɪdɪdʒəˈteɪʃən/
prestidigitator	/ˌpɹɛstɪˈdɪdʒəteɪtɚ/
prestidigitators	/ˌpɹɛstɪˈdɪdʒəteɪtɚz/
prestige	/pɹɛˈstiʒ/
prestigiacomo	/pɹɛˈstidʒəkoʊmoʊ/
prestigious	/pɹɛˈstɪdʒəs/
presto	/ˈpɹɛˌstoʊ/
preston	/ˈpɹɛstən/
preston's	/ˈpɹɛstənz/
prestowitz	/ˈpɹɛstəwɪts/
prestridge	/ˈpɹɛstɹɪdʒ/
prestwich	/ˈpɹɛstwɪtʃ/
prestwood	/ˈpɹɛsˌtwʊd/
presumably	/pɹəˈzuməbli/
presume	/pɹɪˈzum/
presumed	/pɹəˈzumd/
presumes	/pɹəˈzumz/
presuming	/pɹɪˈzumɪŋ/
presumption	/pɹɪˈzʌmpʃən/
presumptions	/pɹɪˈzʌmpʃənz/
presumptive	/pɹiˈzʌmptɪv/
presumptuous	/pɹɪˈzʌmptʃəwəs/
presuppose	/ˌpɹisəˈpoʊz/
presupposes	/ˌpɹisəˈpoʊzɪz/
presupposition	/ˌpɹisəpəˈzɪʃən/
presutti	/pɹɛˈsuti/
preszler	/ˈpɹɛslɚ/
pret	/ˈpɹɛt/
pretax	/ˈpɹiˈtæks/
prete	/ˈpɹit/
preteen	/ˌpɹiˈtin/
preteens	/ˌpɹiˈtinz/
pretend	/pɹiˈtɛnd/
pretended	/pɹiˈtɛndɪd/
pretender	/pɹiˈtɛndɚ/
pretenders	/pɹiˈtɛndɚz/
pretending	/pɹiˈtɛndɪŋ/
pretends	/pɹiˈtɛndz/
pretense	/pɹiˈtɛns/
pretenses	/pɹiˈtɛnsɪz/
pretension	/pɹiˈtɛnʃən/
pretensions	/pɹəˈtɛnʃənz/
pretentious	/pɹiˈtɛnʃəs/
preterm	/ˈpɹitɚm/
pretext	/ˈpɹiˌtɛkst/
pretoria	/pɹiˈtɔɹiə/
pretoria's	/pɹiˈtɔɹiəz/
pretrial	/pɹiˈtɹaɪəl/
pretti	/ˈpɹɛti/
prettier	/ˈpɹɪtiɚ/
pretties	/ˈpɹɪtiz/
prettiest	/ˈpɹɪtiəst/
pretty	/ˈpɹɪti/
prettyman	/ˈpɹɛtimən/
pretzel	/ˈpɹɛtzəl/
pretzels	/ˈpɹɛtzəlz/
pretzer	/ˈpɹɛtzɚ/
preuss	/ˈpɹus/
preussag	/ˈpɹusæɡ/
preusser	/ˈpɹɔɪsɚ/
prevail	/pɹɪˈveɪl/
prevailed	/pɹɪˈveɪld/
prevailing	/pɹɪˈveɪlɪŋ/
prevails	/pɹɪˈveɪlz/
preval	/ˈpɹivæl/
prevalence	/ˈpɹɛvələns/
prevalent	/ˈpɹɛvələnt/
prevaricate	/pɹəˈvɛɹəkeɪt/
prevaricated	/pɹəˈvɛɹəkeɪtɪd/
prevaricates	/pɹəˈvɛɹəkeɪts/
prevaricating	/pɹəˈvɛɹəkeɪtɪŋ/
prevarication	/pɹəˌvɛɹəˈkeɪʃən/
prevatt	/pɹɪˈvæt/
prevatte	/pɹɪˈvæt/
prevent	/pɹɪˈvɛnt/
preventable	/pɹɪˈvɛntəbəl/
preventative	/pɹiˈvɛntətɪv/
preventatives	/pɹiˈvɛntətɪvz/
prevented	/pɹɪˈvɛntɪd/
preventing	/pɹɪˈvɛntɪŋ/
prevention	/pɹiˈvɛnʃən/
preventive	/pɹɪˈvɛntɪv/
prevents	/pɹɪˈvɛnts/
prevette	/pɹɪˈvɛt/
preview	/ˈpɹivˌju/
previewed	/ˈpɹivˌjud/
previewing	/ˈpɹivˌjuɪŋ/
previews	/ˈpɹivˌjuz/
previn	/ˈpɹɛvən/
previous	/ˈpɹiviəs/
previously	/ˈpɹiviəsli/
previte	/ˈpɹɛvaɪt/
previti	/pɹɛˈviti/
prevo	/ˈpɹɛvoʊ/
prevost	/ˈpɹeɪvoʊst/
prew	/ˈpɹu/
prewar	/pɹiˈwɔɹ/
preway	/ˈpɹiˌweɪ/
prewett	/ˈpɹuɪt/
prewitt	/ˈpɹuɪt/
prey	/ˈpɹeɪ/
preyed	/ˈpɹeɪd/
preyer	/ˈpɹeɪɚ/
preying	/ˈpɹeɪɪŋ/
preyista	/ˈpɹeɪˌɪstə/
preyistas	/ˈpɹeɪˌɪstəz/
preys	/ˈpɹeɪz/
preziosi	/pɹɛziˈoʊsi/
prezioso	/pɹɛziˈoʊsoʊ/
prezzano	/pɹɛˈzɑnoʊ/
pri	/ˈpɹaɪ/
priam	/ˈpɹaɪˌæm/
priam's	/ˈpɹaɪˌæmz/
pribble	/ˈpɹɪbəl/
pribula	/pɹiˈbulə/
pribyl	/ˈpɹɪbəl/
price	/ˈpɹaɪs/
price's	/ˈpɹaɪsɪz/
priced	/ˈpɹaɪst/
priceless	/ˈpɹaɪsləs/
pricer	/ˈpɹaɪsɚ/
prices	/ˈpɹaɪsəz/
pricey	/ˈpɹaɪsi/
prichard	/ˈpɹɪtʃɚd/
prichett	/ˈpɹɪtʃɪt/
pricier	/ˈpɹaɪsiɚ/
priciest	/ˌpɹaɪsiɪst/
pricing	/ˈpɹaɪsɪŋ/
pricings	/ˈpɹaɪsɪŋz/
prick	/ˈpɹɪk/
pricked	/ˈpɹɪkt/
prickett	/ˈpɹɪkɪt/
prickleback	/ˈpɹɪkəlˌbæk/
pricklebacks	/ˈpɹɪkəlˌbæks/
prickly	/ˈpɹɪkli/
pricks	/ˈpɹɪks/
pricor	/ˈpɹaɪˌkɔɹ/
priddy	/ˈpɹɪdi/
pride	/ˈpɹaɪd/
prideaux	/ˈpɹɪdoʊ/
prided	/ˈpɹaɪdɪd/
pridemore	/ˈpɹaɪdmɔɹ/
prides	/ˈpɹaɪdz/
pridgen	/ˈpɹɪdʒən/
pridgeon	/ˈpɹɪddʒɪn/
pridmore	/ˈpɹɪdmɔɹ/
priebe	/ˈpɹib/
priebke	/ˈpɹibki/
pried	/ˈpɹaɪd/
priem	/ˈpɹim/
prien	/ˈpɹin/
prier	/ˈpɹaɪɚ/
pries	/ˈpɹaɪz/
priess	/ˈpɹis/
priest	/ˈpɹist/
priest's	/ˈpɹists/
priester	/ˈpɹistɚ/
priestess	/ˈpɹistəs/
priesthood	/ˈpɹisthʊd/
priestley	/ˈpɹistli/
priestly	/ˈpɹistli/
priests	/ˈpɹists/
prieta	/ˈpɹitə/
prieto	/ˈpɹitoʊ/
prieur	/ˈpɹiɚ/
prig	/ˈpɹɪɡ/
prigge	/ˈpɹɪɡ/
prigmore	/ˈpɹɪɡmɔɹ/
prihoda	/pɹiˈhoʊdə/
prijedor	/pɹɪˈdʒɛdɚ/
prill	/ˈpɹɪl/
prillaman	/ˈpɹɪləmən/
prim	/ˈpɹɪm/
prima	/ˈpɹimə/
primack	/ˈpɹɪmək/
primacy	/ˈpɹaɪməsi/
primakov	/ˈpɹiməkɑv/
primal	/ˈpɹaɪməl/
primaries	/ˈpɹaɪˌmɛɹiz/
primarily	/pɹaɪˈmɛɹəli/
primark	/ˈpɹɪmɑɹk/
primary	/ˈpɹaɪˌmɛɹi/
primate	/ˈpɹaɪˌmeɪt/
primates	/ˈpɹaɪˌmeɪts/
primavera	/pɹimɑˈvɛɹə/
prime	/ˈpɹaɪm/
prime's	/ˈpɹaɪmz/
primeau	/pɹɪˈmoʊ/
primeaux	/pɹɪˈmoʊ/
primebank	/ˈpɹaɪmˌbæŋk/
primeco	/ˈpɹaɪmˌkoʊ/
primed	/ˈpɹaɪmd/
primenews	/ˈpɹaɪmˈnuz/
primer	/ˈpɹaɪmɚ/
primerica	/pɹɪˈmɛɹɪkə/
primerica's	/pɹɪˈmɛɹɪkəz/
primers	/ˈpɹaɪmɚz/
primes	/ˈpɹaɪmz/
primestar	/ˈpɹaɪmˌstɑɹ/
primetime	/ˈpɹaɪmˌtaɪm/
primeval	/pɹaɪˈmivəl/
primiano	/ˌpɹimiˈɑnoʊ/
priming	/ˈpɹaɪmɪŋ/
primitive	/ˈpɹɪmətɪv/
primitivistic	/ˌpɹɪmɪtɪˈvɪstɪk/
primly	/ˈpɹɪmli/
primm	/ˈpɹɪm/
primmer	/ˈpɹɪmɚ/
primo	/ˈpɹiˌmoʊ/
primo's	/ˈpɹiˌmoʊz/
primordial	/pɹɪˈmɔɹdiəl/
primp	/ˈpɹɪmp/
primrose	/ˈpɹɪmˌɹoʊz/
primroses	/ˈpɹɪmˌɹoʊzəz/
primus	/ˈpɹaɪməs/
prince	/ˈpɹɪns/
prince's	/ˈpɹɪnsɪz/
princely	/ˈpɹɪnsli/
princes	/ˈpɹɪnsəz/
princess	/ˈpɹɪnsɛs/
princess'	/ˈpɹɪnsɛs/
princess's	/ˈpɹɪnsɛsɪz/
princesses	/ˈpɹɪnsɛsɪz/
princeton	/ˈpɹɪnstən/
princeton's	/ˈpɹɪnstənz/
princeville	/ˈpɹɪnsˌvɪl/
principal	/ˈpɹɪnsəpəl/
principal's	/ˈpɹɪnsəpəlz/
principalities	/ˌpɹɪnsɪˈpælɪtiz/
principality	/ˌpɹɪnsɪˈpælɪti/
principally	/ˈpɹɪnsɪpli/
principals	/ˈpɹɪnsəpəlz/
principato	/pɹintʃiˈpɑtoʊ/
principe	/pɹinˈtʃipi/
principia	/pɹɪnˈsɪpiə/
principle	/ˈpɹɪnsəpəl/
principled	/ˈpɹɪnsəpəld/
principles	/ˈpɹɪnsəpəlz/
prindiville	/pɹinˈdivɪl/
prindl	/ˈpɹɪndəl/
prindle	/ˈpɹɪndəl/
prine	/ˈpɹaɪn/
pring	/ˈpɹɪŋ/
pringle	/ˈpɹɪŋɡəl/
pringle's	/ˈpɹɪŋɡəlz/
prinkey	/ˈpɹɪŋki/
prinos	/ˈpɹinoʊs/
prins	/ˈpɹɪnz/
prinsen	/ˈpɹɪnsən/
print	/ˈpɹɪnt/
printable	/ˈpɹɪntəbəl/
printed	/ˈpɹɪntɪd/
printemps	/ˈpɹɪntɛmps/
printer	/ˈpɹɪntɚ/
printer's	/ˈpɹɪntɚz/
printers	/ˈpɹɪntɚz/
printing	/ˈpɹɪntɪŋ/
printing's	/ˈpɹɪntɪŋz/
printings	/ˈpɹɪntɪŋz/
printmaker	/ˈpɹɪntˌmeɪkɚ/
printmakers	/ˈpɹɪntˌmeɪkɚz/
printmaking	/ˈpɹɪntˌmeɪkɪŋ/
printon	/ˈpɹɪntən/
printout	/ˈpɹɪnˌtaʊt/
printouts	/ˈpɹɪnˌtaʊts/
prints	/ˈpɹɪnts/
printup	/ˈpɹɪnˌtʌp/
printy	/ˈpɹɪnti/
printz	/ˈpɹɪnts/
prinz	/ˈpɹɪnz/
prinz's	/ˈpɹɪnzəz/
priola	/pɹiˈoʊlə/
prioleau	/pɹiˈoʊloʊ/
priolo	/pɹiˈoʊloʊ/
prior	/ˈpɹaɪɚ/
priore	/pɹiˈɔɹi/
priori	/pɹaɪˈɔˌɹaɪ/
priorities	/pɹaɪˈɔɹətiz/
prioritize	/pɹaɪˈɔɹəˌtaɪz/
prioritized	/pɹaɪˈɔɹəˌtaɪzd/
prioritizes	/pɹaɪˈɔɹəˌtaɪzɪz/
prioritizing	/pɹaɪˈɔɹəˌtaɪzɪŋ/
priority	/pɹaɪˈɔɹəti/
priors	/ˈpɹaɪɚz/
priory	/ˈpɹaɪɚi/
priroda	/pɹəˈɹoʊdə/
pris	/ˈpɹɪs/
prisburg	/ˈpɹɪsbɚɡ/
priscilla	/pɹɪˈsɪlə/
priscilla's	/pɹɪˈsɪləz/
prisco	/ˈpɹiskoʊ/
prisk	/ˈpɹɪsk/
prism	/ˈpɹɪzəm/
prismatic	/pɹɪzˈmætɪk/
prisms	/ˈpɹɪzəmz/
prison	/ˈpɹɪzən/
prison's	/ˈpɹɪzənz/
prisoned	/ˈpɹɪzənd/
prisoner	/ˈpɹɪzənɚ/
prisoner's	/ˈpɹɪzənɚz/
prisoners	/ˈpɹɪzənɚz/
prisoners'	/ˈpɹɪzənɚz/
prisons	/ˈpɹɪzənz/
prissie	/ˈpɹɪsi/
prissy	/ˈpɹɪsi/
pristine	/ˈpɹɪstin/
pritchard	/ˈpɹɪtʃɚd/
pritchett	/ˈpɹɪtʃɪt/
prithvi	/ˈpɹɪθvi/
pritt	/ˈpɹɪt/
pritts	/ˈpɹɪts/
pritz	/ˈpɹɪts/
pritzker	/ˈpɹɪtskɚ/
pritzkers	/ˈpɹɪtskɚz/
pritzl	/ˈpɹɪtzəl/
prius	/ˈpɹaɪəs/
privacies	/ˈpɹaɪvəsiz/
privacy	/ˈpɹaɪvəsi/
private	/ˈpɹaɪvət/
private-eye	/ˈpɹaɪvəˈtaɪ/
privately	/ˈpɹaɪvətli/
privates	/ˈpɹaɪvəts/
privation	/pɹaɪˈveɪʃən/
privations	/pɹaɪˈveɪʃənz/
privatisation	/ˈpɹaɪvətəˈzeɪʃən/
privatization	/ˈpɹaɪvətəˈzeɪʃən/
privatizations	/ˈpɹaɪvətəˈzeɪʃənz/
privatize	/ˈpɹɪvəˌtaɪz/
privatized	/ˈpɹaɪvəˌtaɪzd/
privatizing	/ˈpɹaɪvəˌtaɪzɪŋ/
privett	/ˈpɹɪvɪt/
privette	/pɹɪˈvɛt/
privilege	/ˈpɹɪvlədʒ/
privileged	/ˈpɹɪvlədʒd/
privileges	/ˈpɹɪvlədʒəz/
privitera	/pɹiviˈtɛɹə/
privott	/ˈpɹɪvət/
privy	/ˈpɹɪvi/
prix	/ˈpɹi/
priyam	/ˈpɹiəm/
prizant	/ˈpɹizɑnt/
prize	/ˈpɹaɪz/
prized	/ˈpɹaɪzd/
prizes	/ˈpɹaɪzəz/
prizm	/ˈpɹɪzəm/
pro	/ˈpɹoʊ/
pro's	/ˈpɹoʊz/
proactive	/ˌpɹoʊˈæktɪv/
proactively	/ˌpɹoʊˈæktɪvˌli/
prob	/ˈpɹɑb/
proba	/ˈpɹoʊbɑ/
probabilistic	/ˌpɹɑbəbɪˈlɪstək/
probabilistically	/ˌpɹɑbəbɪˈlɪstəkli/
probabilities	/ˌpɹɑbəˈbɪləˌtiz/
probability	/ˌpɹɑbəˈbɪləˌti/
probable	/ˈpɹɑbəbəl/
probably	/ˈpɹɑbəˌbli/
probasco	/pɹoʊˈbɑˌskoʊ/
probate	/ˈpɹoʊˌbeɪt/
probation	/pɹoʊˈbeɪʃən/
probationary	/pɹoʊˈbeɪʃəˌnɛˌɹi/
probationer	/pɹoʊˈbeɪʃənɚ/
probationers	/pɹoʊˈbeɪʃənɚz/
probative	/pɹoʊˈbeɪtɪv/
probe	/ˈpɹoʊb/
probe's	/ˈpɹoʊbz/
probed	/ˈpɹoʊbd/
probenecid	/ˌpɹɑˈbɛnəsɪd/
probert	/ˈpɹɑbɚt/
probes	/ˈpɹoʊbz/
probing	/ˈpɹoʊbɪŋ/
probity	/ˈpɹoʊbəti/
problem	/ˈpɹɑbləm/
problem's	/ˈpɹɑbləmz/
problematic	/ˌpɹɑbləˈmætɪk/
problematical	/ˌpɹɑbləˈmætɪkəl/
problems	/ˈpɹɑbləmz/
proboscis	/pɹoʊˈbɑsəs/
probst	/ˈpɹɑbst/
probursa	/ˌpɹoʊˈbɝsə/
probus	/ˈpɹoʊbɪs/
procaccini	/pɹoʊkɑˈtʃini/
procaine	/ˈpɹoʊˌkeɪn/
procardia	/pɹoʊˈkɑɹdiə/
procassini	/ˌpɹɑkəˈsini/
procedural	/pɹəˈsidʒɚəl/
procedurally	/pɹəˈsidʒɚəli/
procedure	/pɹəˈsidʒɚ/
procedures	/pɹəˈsidʒɚz/
proceed	/pɹəˈsid/
proceeded	/pɹəˈsidɪd/
proceeding	/pɹəˈsidɪŋ/
proceedings	/pɹoʊˈsidɪŋz/
proceeds	/pɹəˈsidz/
procell	/pɹoʊˈsɛl/
proceso	/ˌpɹoʊˈsɛsoʊ/
process	/ˈpɹɑˌsɛs/
processed	/ˈpɹɑsɛst/
processes	/ˈpɹɑsɛsəz/
processing	/ˈpɹɑsɛsɪŋ/
procession	/pɹəˈsɛʃən/
processional	/pɹəˈsɛʃənəl/
processions	/pɹoʊˈsɛʃənz/
processor	/ˈpɹɑˌsɛsɚ/
processor's	/ˈpɹɑˌsɛsɚz/
processors	/ˈpɹɑˌsɛsɚz/
proch	/ˈpɹɑk/
prochaska	/pɹəˈhɑskə/
prochazka	/pɹəˈhɑzkə/
prochnow	/ˈpɹɑnaʊ/
procida	/pɹoʊˈtʃidə/
prock	/ˈpɹɑk/
prockter	/ˈpɹɑktɚ/
proclaim	/pɹoʊˈkleɪm/
proclaimed	/pɹoʊˈkleɪmd/
proclaiming	/pɹoʊˈkleɪmɪŋ/
proclaims	/pɹoʊˈkleɪmz/
proclamation	/ˌpɹɑkləˈmeɪʃən/
proclamations	/ˌpɹɑkləˈmeɪʃənz/
proclivities	/pɹoʊˈklɪvətiz/
proclivity	/pɹoʊˈklɪvəti/
proconsul	/pɹoʊˈkɑnsəl/
procopio	/pɹoʊˈkoʊpioʊ/
procordia	/pɹɑˈkɔɹdiə/
procrastinate	/pɹəˈkɹæstəˌneɪt/
procrastinated	/pɹəˈkɹæstəˌneɪtɪd/
procrastinates	/pɹəˈkɹæstəˌneɪts/
procrastinating	/pɹəˈkɹæstəˌneɪtɪŋ/
procrastination	/pɹəˌkɹæstəˈneɪʃən/
procrastinator	/pɹəˈkɹæstəˌneɪtɚ/
procrastinators	/pɹəˈkɹæstəˌneɪtɚz/
procreate	/ˈpɹoʊkɹiˈeɪt/
procreated	/ˈpɹoʊkɹiˈeɪtɪd/
procreates	/ˈpɹoʊkɹiˈeɪts/
procreating	/ˈpɹoʊkɹiˈeɪtɪŋ/
procreation	/ˈpɹoʊkɹiˈeɪʃən/
procter	/ˈpɹɑktɚ/
proctologist	/ˌpɹɔkˈtɑləˌɡɪst/
proctor	/ˈpɹɑktɚ/
proctor's	/ˈpɹɑktɚz/
proctors	/ˈpɹɑktɚz/
proctorsilex	/ˌpɹɔktɚˈsaɪlɛks/
proctoscope	/ˈpɹɔktɑˌskoʊp/
proctoscopy	/ˌpɹɔkˈtɑskoʊˌpi/
procure	/pɹoʊkˈjʊɹ/
procured	/pɹoʊkˈjʊɹd/
procurement	/pɹoʊkˈjʊɹmənt/
procurements	/pɹoʊkˈjʊɹmənts/
procurer	/pɹoʊkˈjʊɹɚ/
procuring	/pɹoʊkˈjʊɹɪŋ/
procyte	/ˈpɹoʊˌsaɪt/
prod	/ˈpɹɑd/
prodded	/ˈpɹɑdɪd/
prodding	/ˈpɹɑdɪŋ/
prodi	/ˈpɹoʊdi/
prodi's	/ˈpɹoʊdiz/
prodigal	/ˈpɹɑdɪɡəl/
prodigies	/ˈpɹɑdədʒiz/
prodigious	/pɹəˈdɪdʒəs/
prodigiously	/pɹoʊˈdɪdʒɪsli/
prodigy	/ˈpɹɑdədʒi/
prodigy's	/ˈpɹɑdədʒiz/
prods	/ˈpɹɑdz/
produc	/pɹoʊˈduk/
produce	/pɹəˈdus/
produced	/pɹəˈdust/
producer	/pɹəˈdusɚ/
producer's	/pɹəˈdusɚz/
producers	/pɹəˈdusɚz/
producers'	/pɹəˈdusɚz/
produces	/pɹəˈdusəz/
producing	/pɹəˈdusɪŋ/
product	/ˈpɹɑdəkt/
product's	/ˈpɹɑdəkts/
production	/pɹəˈdʌkʃən/
production's	/pɹoʊˈdʌkʃənz/
productions	/pɹəˈdʌkʃənz/
productions'	/pɹəˈdʌkʃənz/
productive	/pɹəˈdʌktɪv/
productively	/pɹəˈdʌktɪvli/
productivity	/ˌpɹoʊdəkˈtɪvəti/
products	/ˈpɹɑdəkts/
products'	/ˈpɹɔdəkts/
prody	/ˈpoʊdi/
proehl	/ˈpɹoʊl/
prof.	/ˈpɹɔf/
profanation	/ˌpɹɔfəˈneɪʃən/
profane	/pɹoʊˈfeɪn/
profanity	/pɹoʊˈfænəti/
profess	/pɹəˈfɛs/
professed	/pɹəˈfɛst/
professes	/pɹəˈfɛsɪz/
professing	/pɹəˈfɛsɪŋ/
profession	/pɹəˈfɛʃən/
profession's	/pɹəˈfɛʃənz/
professional	/pɹəˈfɛʃənəl/
professionalism	/pɹəˈfɛʃənəˌlɪzəm/
professionalize	/pɹəˈfɛʃənəˌlaɪz/
professionalized	/pɹəˈfɛʃənəˌlaɪzd/
professionally	/pɹəˈfɛʃənəli/
professionals	/pɹəˈfɛʃənəlz/
professionals'	/pɹəˈfɛʃənəlz/
professions	/pɹəˈfɛʃənz/
professor	/pɹəˈfɛsɚ/
professor's	/pɹəˈfɛsɚz/
professorial	/ˌpɹoʊfəˈsɔɹiəl/
professors	/pɹəˈfɛsɚz/
professors'	/pɹəˈfɛsɚz/
professorship	/pɹəˈfɛsɚˌʃɪp/
professorships	/pɹəˈfɛsɚˌʃɪps/
profeta	/pɹoʊˈfɛtə/
proffer	/ˈpɹɑfɚ/
proffered	/ˈpɹɑfɚd/
proffering	/ˈpɹɑfɚɪŋ/
proffit	/ˈpɹɑfɪt/
proffitt	/ˈpɹɑfɪt/
proficiency	/pɹəˈfɪʃənsi/
proficient	/pɹɑˈfɪʃənt/
profile	/ˈpɹoʊˌfaɪl/
profiled	/ˈpɹoʊˌfaɪld/
profiles	/ˈpɹoʊˌfaɪlz/
profiling	/ˈpɹoʊˌfaɪlɪŋ/
profit	/ˈpɹɑfət/
profitability	/ˌpɹɑfɪtəˈbɪlɪti/
profitable	/ˈpɹɑfətəbəl/
profitably	/ˈpɹɑfətəbli/
profited	/ˈpɹɑfətəd/
profiteer	/ˌpɹɑfəˈtɪɹ/
profiteering	/ˌpɹɑfəˈtɪɹɪŋ/
profiteers	/ˌpɹɑfəˈtɪɹz/
profiting	/ˈpɹɑfətɪŋ/
profits	/ˈpɹɑfɪts/
profitt	/ˈpɹɑfɪt/
profittaking	/ˈpɹɑfɪtˌteɪkɪŋ/
profligacy	/ˈpɹɔflɪˌɡæsi/
profligate	/ˈpɹɔflɪˌɡeɪt/
profound	/pɹoʊˈfaʊnd/
profoundly	/pɹoʊˈfaʊndli/
profs	/ˈpɹɑfs/
profuse	/pɹəfˈjus/
profusely	/pɹəfˈjusli/
profusion	/pɹəfˈjuʒən/
progenitor	/pɹoʊˈdʒɛnɪtɚ/
progeny	/ˈpɹɑdʒəni/
progesterone	/pɹoʊˈdʒɛstɚˌoʊn/
progestin	/pɹoʊˈdʒɛstɪn/
proglacial	/pɹoʊˈɡleɪʃəl/
prognoses	/pɹɑɡˈnoʊsiz/
prognosis	/pɹɑɡˈnoʊsəs/
prognosticate	/ˌpɹɑɡˈnɑstəˌkeɪt/
prognosticated	/ˌpɹɑɡˈnɑstəˌkeɪtɪd/
prognosticater	/ˌpɹɑɡˈnɑstəˌkeɪtɚ/
prognosticates	/ˌpɹɑɡˈnɑstəˌkeɪts/
prognosticating	/ˌpɹɑɡˈnɑstəˌkeɪtɪŋ/
prognostication	/pɹɑɡˌnɑstəˈkeɪʃən/
prognostications	/pɹɑɡˌnɑstəˈkeɪʃənz/
prognosticative	/ˌpɹɑɡˈnɑstəˌkeɪtɪv/
program	/ˈpɹoʊˌɡɹæm/
program's	/ˈpɹoʊˌɡɹæmz/
programing	/ˈpɹoʊˌɡɹæmɪŋ/
programmable	/ˈpɹoʊˌɡɹæməbəl/
programmatic	/ˌpɹɑɡɹəˈmætɪk/
programme	/ˈpɹoʊˌɡɹæm/
programmed	/ˈpɹoʊˌɡɹæmd/
programmer	/ˈpɹoʊˌɡɹæmɚ/
programmers	/ˈpɹoʊˌɡɹæmɚz/
programming	/ˈpɹoʊˌɡɹæmɪŋ/
programs	/ˈpɹoʊˌɡɹæmz/
programs'	/ˈpɹoʊˌɡɹæmz/
progress	/ˈpɹɑˌɡɹɛs/
progressed	/pɹəˈɡɹɛst/
progresses	/ˈpɹɑˌɡɹɛsəz/
progressing	/pɹəˈɡɹɛsɪŋ/
progression	/pɹəˈɡɹɛʃən/
progressive	/pɹəˈɡɹɛsɪv/
progressively	/pɹɑˈɡɹɛsɪvli/
progressives	/pɹɑˈɡɹɛsɪvz/
progressivity	/ˌpɹɑɡɹɛˈsɪvəti/
prohaska	/pɹəˈhɑskə/
prohibit	/pɹoʊˈhɪbət/
prohibited	/pɹoʊˈhɪbətəd/
prohibiting	/pɹoʊˈhɪbətɪŋ/
prohibition	/ˌpɹoʊəˈbɪʃən/
prohibition's	/ˌpɹoʊəˈbɪʃənz/
prohibitions	/ˌpɹoʊəˈbɪʃənz/
prohibitive	/pɹoʊˈhɪbətɪv/
prohibitively	/pɹoʊˈhɪbətɪvli/
prohibitory	/pɹoʊˈhɪbəˌtɔɹi/
prohibits	/pɹoʊˈhɪbəts/
proia	/ˈpɹoʊjə/
proietti	/pɹɔɪˈɛti/
project	/ˈpɹɑdʒɛkt/
project's	/ˈpɹɑdʒɛkts/
projected	/pɹəˈdʒɛktəd/
projectile	/pɹəˈdʒɛktəl/
projectiles	/pɹəˈdʒɛktəlz/
projecting	/pɹəˈdʒɛktɪŋ/
projection	/pɹəˈdʒɛkʃən/
projections	/pɹəˈdʒɛkʃənz/
projective	/pɹəˈdʒɛktɪv/
projector	/pɹəˈdʒɛktɚ/
projectors	/pɹəˈdʒɛktɚz/
projects	/ˈpɹɑdʒɛkts/
projects'	/ˈpɹɔdʒɛkts/
prokofiev	/ˈpɹɑkoʊˌfiv/
prokop	/ˈpɹoʊkəp/
prolactin	/pɹoʊˈlæktən/
proler	/ˈpɹoʊlɚ/
proletarian	/ˌpɹoʊləˈtɛɹiən/
proletariat	/ˌpɹoʊləˈtɛɹiət/
proleukin	/ˈpɹoʊlukɪn/
proliferate	/pɹoʊˈlɪfɚˌeɪt/
proliferated	/pɹəˈlɪfɚˌeɪtɪd/
proliferates	/pɹoʊˈlɪfɚˌeɪts/
proliferating	/pɹoʊˈlɪfɚˌeɪtɪŋ/
proliferation	/ˌpɹoʊlɪfɚˈeɪʃən/
prolific	/pɹoʊˈlɪfɪk/
prolifically	/pɹoʊˈlɪfɪkli/
prolinea	/ˌpɹoʊˈlɪniə/
prolog	/pɹoʊˈlɑɡ/
prologue	/ˈpɹoʊlɑɡ/
prolong	/pɹəˈlɔŋ/
prolonged	/pɹəˈlɔŋd/
prolonging	/pɹoʊˈlɔŋɪŋ/
prolongs	/pɹəˈlɔŋz/
prom	/ˈpɹɑm/
promenade	/ˌpɹɑməˈneɪd/
promenades	/ˌpɹɑməˈneɪdz/
prometheus	/pɹəˈmiˌθiəs/
promethium	/pɹəˈmiˌθiəm/
promilacidic	/pɹoʊmɪləˈsidɪk/
prominence	/ˈpɹɑmənəns/
prominences	/ˈpɹɑmənənsəz/
prominent	/ˈpɹɑmənənt/
prominently	/ˈpɹɑmənəntli/
promiscuity	/ˌpɹoʊmɪskˈjuəti/
promiscuous	/ˈpɹoʊmɪskwəs/
promise	/ˈpɹɑməs/
promised	/ˈpɹɑməst/
promises	/ˈpɹɑməsəz/
promising	/ˈpɹɑməsɪŋ/
promissory	/ˈpɹɑməˌsɔɹi/
promo	/ˈpɹoʊˌmoʊ/
promos	/ˈpɹoʊˌmoʊz/
promote	/pɹəˈmoʊt/
promoted	/pɹəˈmoʊtɪd/
promoter	/pɹəˈmoʊtɚ/
promoters	/pɹəˈmoʊtɚz/
promotes	/pɹəˈmoʊts/
promoting	/pɹəˈmoʊtɪŋ/
promotion	/pɹəˈmoʊʃən/
promotional	/pɹəˈmoʊʃənəl/
promotions	/pɹəˈmoʊʃənz/
prompt	/ˈpɹɑmpt/
prompted	/ˈpɹɑmptɪd/
prompting	/ˈpɹɑmptɪŋ/
promptly	/ˈpɹɑmptli/
prompts	/ˈpɹɑmpts/
proms	/ˈpɹɑmz/
promster	/ˈpɹɑmstɚ/
promsters	/ˈpɹɑmstɚz/
promulgate	/pɹoʊˈmʌlɡeɪt/
promulgated	/ˈpɹɑməlˌɡeɪtɪd/
promulgates	/pɹoʊˈmʌlɡeɪts/
promulgating	/ˈpɹɑməlˌɡeɪtɪŋ/
promus	/ˈpɹoʊməs/
prone	/ˈpɹoʊn/
prong	/ˈpɹɔŋ/
pronged	/ˈpɹɔŋd/
pronger	/ˈpɹɔnɡɚ/
pronghorn	/ˈpɹɔŋˌhɔɹn/
prongs	/ˈpɹɔŋz/
pronoun	/ˈpɹoʊnaʊn/
pronounce	/pɹəˈnaʊns/
pronounced	/pɹəˈnaʊnst/
pronouncement	/pɹəˈnaʊnsmənt/
pronouncements	/pɹəˈnaʊnsmənts/
pronounces	/pɹəˈnaʊnsɪz/
pronouncing	/pɹəˈnaʊnsɪŋ/
pronouns	/ˈpɹoʊnaʊnz/
pronovost	/pɹoʊˈnoʊvoʊst/
pronto	/ˈpɹɑntoʊ/
pronunciation	/pɹoʊˌnʌnsiˈeɪʃən/
pronunciations	/pɹoʊˌnʌnsiˈeɪʃənz/
proof	/ˈpɹuf/
proofed	/ˈpɹuft/
proofing	/ˈpɹufɪŋ/
proofread	/ˈpɹuˌfɹid/
proofreading	/ˈpɹuˌfɹidɪŋ/
proofs	/ˈpɹufs/
prop	/ˈpɹɑp/
propaganda	/ˌpɹɑpəˈɡændə/
propagandist	/ˌpɹɑpəˈɡændəst/
propagandistic	/ˌpɹɑpəɡənˈdɪstɪk/
propagandists	/ˌpɹɑpəˈɡændəsts/
propagandize	/ˌpɹɑpəˈɡænˌdaɪz/
propagate	/ˈpɹɑpəˌɡeɪt/
propagated	/ˈpɹɑpəˌɡeɪtɪd/
propagating	/ˈpɹɑpəˌɡeɪtɪŋ/
propagation	/ˌpɹɑpəˈɡeɪʃən/
propane	/ˈpɹoʊˌpeɪn/
propel	/pɹəˈpɛl/
propellant	/pɹəˈpɛlənt/
propellants	/pɹoʊˈpɛlənts/
propelled	/pɹəˈpɛld/
propeller	/pɹəˈpɛlɚ/
propellers	/pɹəˈpɛlɚz/
propelling	/pɹəˈpɛlɪŋ/
propels	/pɹəˈpɛlz/
propensities	/pɹəˈpɛnsətiz/
propensity	/pɹəˈpɛnsɪti/
proper	/ˈpɹɑpɚ/
properly	/ˈpɹɑpɚli/
properties	/ˈpɹɑpɚtiz/
properties'	/ˈpɹoʊpɚtiz/
property	/ˈpɹɑpɚti/
property's	/ˈpɹɑpɚtiz/
propes	/ˈpɹoʊps/
propfan	/ˈpɹɑpˌfæn/
prophecies	/ˈpɹɑfəsiz/
prophecy	/ˈpɹɑfəsi/
prophesied	/ˈpɹɑfəˌsaɪd/
prophesies	/ˈpɹɑfəsaɪz/
prophet	/ˈpɹɑfət/
prophetess	/ˈpɹɑfətəs/
prophetic	/pɹəˈfɛtɪk/
prophets	/ˈpɹɑfəts/
prophylactic	/ˌpɹɑfɪˈlæktɪk/
propionic	/ˌpɹoʊpiˈɑnɪk/
propitious	/pɹəˈpɪʃəs/
proponent	/pɹəˈpoʊnənt/
proponents	/pɹəˈpoʊnənts/
proportion	/pɹəˈpɔɹʃən/
proportional	/pɹəˈpɔɹʃənəl/
proportionality	/pɹəˌpɔɹʃəˈnælɪti/
proportionally	/pɹəˈpɔɹʃənəli/
proportionate	/pɹəˈpɔɹʃənət/
proportionately	/pɹəˈpɔɹʃənətli/
proportioned	/pɹəˈpɔɹʃənd/
proportions	/pɹəˈpɔɹʃənz/
proposal	/pɹəˈpoʊzəl/
proposal's	/pɹəˈpoʊzəlz/
proposals	/pɹəˈpoʊzəlz/
propose	/pɹəˈpoʊz/
proposed	/pɹəˈpoʊzd/
proposes	/pɹəˈpoʊzɪz/
proposing	/pɹəˈpoʊzɪŋ/
proposition	/ˌpɹɑpəˈzɪʃən/
propositioned	/ˌpɹɑpəˈzɪʃənd/
propositions	/ˌpɹɑpəˈzɪʃənz/
propound	/pɹəˈpaʊnd/
propounded	/pɹəˈpaʊndɪd/
propp	/ˈpɹɑp/
propped	/ˈpɹɑpt/
propper	/ˈpɹɑpɚ/
propping	/ˈpɹɑpɪŋ/
propps	/ˈpɹɑps/
proprietaries	/pɹəˈpɹaɪəˌtɛɹiz/
proprietary	/pɹəˈpɹaɪəˌtɛɹi/
proprietor	/pɹəˈpɹaɪətɚ/
proprietor's	/pɹəˈpɹaɪətɚz/
proprietors	/pɹəˈpɹaɪətɚz/
proprietorship	/pɹəˈpɹaɪətɚˌʃɪp/
proprietorships	/pɹəˈpɹaɪətɚˌʃɪps/
propriety	/pɹəˈpɹaɪəti/
props	/ˈpɹɑps/
propst	/ˈpɹɑpst/
propulsion	/pɹəˈpʌlʃən/
propylene	/pɹoʊpəˈlin/
prorate	/ˈpɹoʊˈɹeɪt/
prorated	/ˈpɹoʊˌɹeɪtɪd/
proration	/ˌpɹoʊˈɹeɪʃən/
prorok	/ˈpɹɔɹək/
pros	/ˈpɹoʊz/
pros'	/ˈpɹoʊz/
prosaic	/pɹoʊˈzeɪɪk/
proscar	/ˈpɹɔˌskɑɹ/
prosch	/ˈpɹɔʃ/
proscia	/ˈpɹoʊstʃə/
prosciutto	/pɹəˈʃuˌtoʊ/
proscribe	/pɹoʊˈskɹaɪb/
proscribed	/pɹoʊˈskɹaɪbd/
proscribes	/pɹoʊˈskɹaɪbz/
proscription	/pɹoʊˈskɹɪpʃən/
prose	/ˈpɹoʊz/
prosecutable	/ˈpɹɑsɪkˌjutəbəl/
prosecute	/ˈpɹɑsəkˌjut/
prosecuted	/ˈpɹɑsɪkˌjutɪd/
prosecutes	/ˈpɹɑsɪkˌjuts/
prosecuting	/ˈpɹɑsɪkˌjutɪŋ/
prosecution	/ˌpɹɑsəkˈjuʃən/
prosecution's	/ˌpɹɑsəkˈjuʃənz/
prosecutions	/ˌpɹɑsəkˈjuʃənz/
prosecutor	/ˈpɹɑsɪkˌjutɚ/
prosecutor's	/ˈpɹɑsɪkˌjutɚz/
prosecutorial	/ˌpɹɑsɪkjuˈtɔɹiəl/
prosecutors	/ˈpɹɑsɪkˌjutɚz/
prosecutors'	/ˈpɹɑsəkjutɚz/
prosek	/ˈpɹoʊsɛk/
prosekey	/pɹoʊˈsɛki/
proselytize	/ˈpɹɑsələˌtaɪz/
proselytized	/ˈpɹɑsələˌtaɪzd/
proselytizing	/ˈpɹɑsələˌtaɪzɪŋ/
proserpina	/pɹoʊˈsɝpənə/
proserv	/ˈpɹoʊˌsɝv/
proshare	/ˈpɹoʊˌʃɛɹ/
prosise	/ˈpɹoʊsaɪz/
proskauer	/ˈpɹɔskaʊɹ/
proske	/ˈpɹoʊsk/
prosody	/ˈpɹɑsədi/
prosorba	/pɹɑˈsɔɹbə/
prospect	/ˈpɹɑspɛkt/
prospecting	/ˌpɹɔˈspɛktɪŋ/
prospective	/pɹəˈspɛktɪv/
prospectively	/pɹəˈspɛktɪvli/
prospector	/ˈpɹɔˌspɛktɚ/
prospectors	/ˈpɹɔˌspɛktɚz/
prospects	/ˈpɹɑspɛkts/
prospectus	/pɹəˈspɛktəs/
prospectuses	/pɹəˈspɛktəsɪz/
prospekt	/ˈpɹɑspɛkt/
prosper	/ˈpɹɑspɚ/
prospera	/pɹoʊˈspɛɹə/
prospered	/ˈpɹɑspɚd/
prosperi	/pɹoʊˈspɛɹi/
prospering	/ˈpɹɑspɚɪŋ/
prosperity	/pɹɑˈspɛɹəti/
prosperous	/ˈpɹɑspɚəs/
prospers	/ˈpɹɑspɚz/
pross	/ˈpɹɔs/
prosser	/ˈpɹɔsɚ/
prost	/ˈpɹɑst/
prostaglandin	/pɹoʊstæˈɡlændɪn/
prostaglandins	/pɹoʊstæˈɡlændɪnz/
prostate	/ˈpɹɑˌsteɪt/
prostatectomy	/ˌpɹɑsteɪˈtɛktəmi/
prostatic	/pɹoʊˈstætɪk/
prostheses	/pɹɑsˈθisiz/
prosthesis	/ˌpɹɔsˈθɛsɪs/
prosthetic	/pɹɑsˈθɛtɪk/
prosthetics	/pɹɑsˈθɛtɪks/
prostitute	/ˈpɹɑstəˌtut/
prostitutes	/ˈpɹɑstəˌtuts/
prostitution	/ˌpɹɑstəˈtuʃən/
prostrate	/ˈpɹɑstɹeɪt/
prostration	/pɹɑˈstɹeɪʃən/
protagonist	/pɹoʊˈtæɡənəst/
protagonists	/pɹoʊˈtæɡənəsts/
protean	/pɹoʊˈtiən/
protease	/ˈpɹoʊtiˌeɪz/
protect	/pɹəˈtɛkt/
protected	/pɹəˈtɛktɪd/
protectee	/pɹəˈtɛkti/
protectees	/pɹəˈtɛktiz/
protecting	/pɹəˈtɛktɪŋ/
protection	/pɹəˈtɛkʃən/
protectionism	/pɹəˈtɛkʃəˌnɪzəm/
protectionist	/pɹəˈtɛkʃənɪst/
protectionists	/pɹəˈtɛkʃənɪsts/
protections	/pɹəˈtɛkʃənz/
protective	/pɹəˈtɛktɪv/
protectively	/pɹəˈtɛktɪvli/
protector	/pɹəˈtɛktɚ/
protectorate	/pɹəˈtɛktɚət/
protectors	/pɹəˈtɛktɚz/
protects	/pɹəˈtɛkts/
protege	/ˈpɹoʊtəˌʒeɪ/
proteges	/ˈpɹoʊtɪˌʒeɪz/
protein	/ˈpɹoʊˌtin/
protein's	/ˈpɹoʊˌtinz/
proteinaceous	/ˌpɹoʊtɪˈneɪʃəs/
proteins	/ˈpɹoʊˌtinz/
proteome	/ˈpɹoʊˌtiˈoʊm/
protest	/ˈpɹoʊˌtɛst/
protestant	/ˈpɹɑtəstənt/
protestantism	/ˈpɹɑtəstənˌtɪzəm/
protestants	/ˈpɹɑtəstənts/
protestation	/ˌpɹoʊˌtɛˈsteɪʃən/
protestations	/ˌpɹoʊˌtɛˈsteɪʃənz/
protested	/pɹəˈtɛstɪd/
protester	/ˈpɹoʊˌtɛstɚ/
protesters	/ˈpɹoʊˌtɛstɚz/
protesters'	/ˈpɹoʊˌtɛstɚz/
protesting	/pɹəˈtɛstɪŋ/
protestors	/ˈpɹoʊˌtɛstɚz/
protests	/ˈpɹoʊˌtɛsts/
prothallus	/ˌpɹoʊˈθæləs/
prothero	/ˈpɹɑðɚˌoʊ/
prothorax	/pɹoʊˈθɔɹæks/
prothro	/ˈpɹoʊθɹoʊ/
protigal	/ˈpɹɑtɪɡəl/
protium	/ˈpɹoʊtiəm/
proto	/ˈpɹoʊtə/
proto-stirrup	/ˌpɹoʊˈtoʊˈstɝəp/
protocol	/ˈpɹoʊtəˌkɑl/
protocols	/ˈpɹoʊtəˌkɔlz/
protohistory	/ˌpɹoʊtoʊˈhɪstɚi/
proton	/ˈpɹoʊˌtɑn/
proton's	/ˈpɹoʊˌtɑnz/
protons	/ˈpɹoʊˌtɑnz/
prototype	/ˈpɹoʊtəˌtaɪp/
prototypes	/ˈpɹoʊtəˌtaɪps/
prototypical	/ˌpɹoʊtəˈtɪpɪkəl/
prototyping	/ˈpɹoʊtoʊˌtaɪpɪŋ/
protozoa	/ˌpɹoʊtəˈzoʊə/
protozoan	/ˌpɹoʊtəˈzoʊən/
protozoans	/ˌpɹoʊtəˈzoʊənz/
protract	/pɹoʊˈtɹækt/
protracted	/pɹoʊˈtɹæktɪd/
protropin	/ˈpɹɑtɹəpɪn/
protrude	/pɹoʊˈtɹud/
protruding	/pɹoʊˈtɹudɪŋ/
protuberance	/pɹoʊˈtubɚəns/
protuberances	/pɹoʊˈtubɚənsəz/
protz	/ˈpɹɑts/
protzman	/ˈpɹɑtsmən/
proud	/ˈpɹaʊd/
prouder	/ˈpɹaʊdɚ/
proudest	/ˈpɹaʊdəst/
proudfit	/ˈpɹaʊdˌfɪt/
proudfoot	/ˈpɹaʊdˌfʊt/
proudfoot's	/ˈpɹaʊdˌfʊts/
proudly	/ˈpɹaʊdli/
prough	/ˈpɹaʊ/
proulx	/ˈpɹaʊlks/
prouse	/ˈpɹaʊs/
proust	/ˈpɹaʊst/
prout	/ˈpɹaʊt/
prouty	/ˈpɹaʊti/
provable	/ˈpɹuvəbəl/
provance	/ˈpɹoʊvəns/
provant	/ˈpɹoʊvənt/
prove	/ˈpɹuv/
proved	/ˈpɹuvd/
proven	/ˈpɹuvən/
provenance	/ˈpɹɑvənəns/
provence	/ˈpɹoʊvəns/
provencher	/ˈpɹɑvɪntʃɚ/
provencio	/ˌpɹoʊˈvɛnsioʊ/
provenience	/pɹəˈvɛniəns/
proventus	/ˌpɹoʊˈvɛntəs/
provenza	/ˌpɹoʊˈvɛnzə/
provenzano	/ˌpɹoʊvɛnˈzɑnoʊ/
provera	/ˌpɹoʊˈvɛɹə/
proverb	/ˈpɹɑvɚb/
proverbial	/pɹəˈvɝbiəl/
proverbs	/ˈpɹɑvɚbz/
proves	/ˈpɹuvz/
provide	/pɹəˈvaɪd/
provided	/pɹəˈvaɪdɪd/
providence	/ˈpɹɑvədəns/
providence's	/ˈpɹɑvədənsɪz/
provideniya	/ˌpɹoʊvɪˈdɛnɪjə/
provident	/ˈpɹɑvɪdənt/
providential	/ˌpɹɑvəˈdɛnʃəl/
provider	/pɹəˈvaɪdɚ/
providers	/pɹəˈvaɪdɚz/
provides	/pɹəˈvaɪdz/
providian	/ˌpɹoʊˈvɪdiən/
providing	/pɹəˈvaɪdɪŋ/
provigo	/ˌpɹoʊˈvɪɡoʊ/
provigo's	/pɹoʊˈviɡoʊz/
province	/ˈpɹɑvəns/
province's	/ˈpɹɑvənsɪz/
provinces	/ˈpɹɑvənsəz/
provincetown	/ˈpɹɑvənˌstaʊn/
provincial	/pɹəˈvɪnʃəl/
provincialism	/pɹəˈvɪnʃəˌlɪzəm/
provincially	/pɹəˈvɪnʃəli/
provine	/pɹoʊˈvini/
proving	/ˈpɹuvɪŋ/
provision	/pɹəˈvɪʒən/
provisional	/pɹəˈvɪʒənəl/
provisionally	/pɹəˈvɪʒənəli/
provisioning	/pɹəˈvɪʒənɪŋ/
provisions	/pɹəˈvɪʒənz/
proviso	/pɹəˈvaɪzoʊ/
provisos	/pɹəˈvaɪzoʊz/
provo	/ˈpɹoʊvoʊ/
provocation	/ˌpɹɑvəˈkeɪʃən/
provocations	/ˌpɹɑvəˈkeɪʃənz/
provocative	/pɹoʊˈvɑkətɪv/
provocatively	/pɹoʊˈvɑkətɪvli/
provoke	/pɹəˈvoʊk/
provoked	/pɹəˈvoʊkt/
provokes	/pɹəˈvoʊks/
provoking	/pɹəˈvoʊkɪŋ/
provolone	/ˈpɹoʊvəloʊn/
provost	/ˈpɹoʊvoʊst/
provosts	/ˈpɹoʊvoʊsts/
provote	/ˈpɹoʊvoʊt/
provus	/ˈpɹoʊvəs/
prow	/ˈpɹaʊ/
prowant	/ˈpɹaʊənt/
prowell	/ˈpɹɑwɛl/
prowess	/ˈpɹaʊəs/
prowl	/ˈpɹaʊl/
prowler	/ˈpɹaʊlɚ/
prowling	/ˈpɹaʊlɪŋ/
prows	/ˈpɹaʊz/
prowse	/ˈpɹaʊz/
proxies	/ˈpɹɑksiz/
proximal	/ˈpɹɑksəməl/
proximate	/ˈpɹɑksəmət/
proximity	/pɹɑkˈsɪməti/
proxmire	/ˈpɹɑkˌsmaɪɹ/
proxy	/ˈpɹɑksi/
prozac	/ˈpɹoʊˌzæk/
pru	/ˈpɹu/
pru's	/ˈpɹuz/
prucapital	/ˌpɹuˈkæpɪtəl/
prucha	/ˈpɹʌtʃə/
prude	/ˈpɹud/
pruden	/ˈpɹudən/
prudence	/ˈpɹudəns/
prudency	/ˈpɹudənsi/
prudent	/ˈpɹudənt/
prudente	/ˈpɹʌdɪnt/
prudential	/pɹuˈdɛnʃəl/
prudential's	/pɹuˈdɛnʃəlz/
prudentialbache	/pɹuˌdɛntiˈælbætʃ/
prudently	/ˈpɹudəntli/
prudentrust	/ˈpɹudənˌtɹʌst/
prudery	/ˈpɹudɚi/
prudhoe	/ˈpɹʌdˌhoʊ/
prudhomme	/ˈpɹʌdhəm/
prudish	/ˈpɹudɪʃ/
prudit	/ˈpɹudɪt/
prue	/ˈpɹu/
pruer	/ˈpɹuɚ/
pruess	/ˈpɹus/
prueter	/ˈpɹʊtɚ/
pruett	/ˈpɹut/
pruette	/pɹuˈɛt/
prugh	/ˈpɹu/
pruiett	/ˈpɹuɪt/
pruitt	/ˈpɹuɪt/
prune	/ˈpɹun/
pruneau	/pɹəˈnoʊ/
pruned	/ˈpɹund/
pruneda	/pɹuˈnɛdə/
prunedale	/ˈpɹunˌdeɪl/
prunella	/pɹuˈnɛlə/
pruner	/ˈpɹunɚ/
prunes	/ˈpɹunz/
prunier	/ˈpɹuniɚ/
pruning	/ˈpɹunɪŋ/
prunskiene	/ˈpɹunˌskin/
prunty	/ˈpɹʌnti/
prurient	/ˈpɹʊɹiənt/
prus	/ˈpɹʌs/
prusak	/ˈpɹusək/
prusha	/ˈpɹʌʃə/
prusinski	/pɹəˈsɪnski/
pruski	/ˈpɹʌski/
pruss	/ˈpɹʌs/
prussak	/ˈpɹʌsək/
prussia	/ˈpɹʌʃə/
prussian	/ˈpɹʌʃən/
prust	/ˈpɹʌst/
prutzman	/ˈpɹʌtsmən/
pruyn	/ˈpɹaɪn/
pry	/ˈpɹaɪ/
pryce	/ˈpɹaɪs/
pryde	/ˈpɹaɪd/
pryer	/ˈpɹaɪɚ/
prying	/ˈpɹaɪɪŋ/
prynne	/ˈpɹɪn/
pryor	/ˈpɹaɪɚ/
pryor's	/ˈpɹaɪɚz/
przybocki	/pɹəzˈbɑki/
przybyl	/pɚˈzɪbəl/
przybyla	/ˌpɝzəˈbɪlə/
przybylski	/ˌpɝzəˈbɪlski/
przybysz	/pɚˈzɪbɪʃ/
przywara	/pɚzəˈvɑɹə/
psalm	/ˈsɑlm/
psalms	/ˈsɑlmz/
psalter	/ˈsɔltɚ/
psalters	/ˈsɔltɚz/
psarouthakis	/ˌsɛɹuˈθɑkɪs/
psencik	/ˈsɛnsɪk/
pseudo	/ˈsudoʊ/
pseudomonas	/ˌsudəˈmoʊnəz/
pseudonym	/ˈsudəˌnɪm/
pseudonyms	/ˈsudəˌnɪmz/
pseudopodial	/ˌsudəˈpoʊdiəl/
pseudoscience	/ˌsudoʊˈsaɪəns/
pseudoscientific	/ˌsudoʊˌsaɪənˈtɪfɪk/
pshaw	/ˈpʃaʊ/
pshew	/ˈpʃu/
psi	/ˈsaɪ/
psilocybin	/ˌsaɪləˈsaɪbən/
psoriasis	/sɚˈaɪəsəs/
psych	/ˈsaɪk/
psyche	/ˈsaɪki/
psyched	/ˈsaɪkt/
psychedelic	/ˌsaɪkəˈdɛlɪk/
psyches	/ˈsaɪkiz/
psychiatric	/ˌsaɪkiˈætɹɪk/
psychiatrist	/səˈkaɪətɹəst/
psychiatrist's	/səˈkaɪətɹəsts/
psychiatrists	/səˈkaɪətɹəsts/
psychiatry	/saɪˈkaɪətɹi/
psychic	/ˈsaɪkɪk/
psychical	/ˈsaɪkɪkəl/
psychics	/ˈsaɪkɪks/
psycho	/ˈsaɪkoʊ/
psycho-social	/ˈsaɪkoʊˌsoʊʃəl/
psychoanalysis	/ˌsaɪkoʊəˈnæləsəs/
psychoanalyst	/ˌsaɪkoʊˈænələst/
psychoanalytic	/ˌsaɪkoʊˌænəˈlɪtɪk/
psychobabble	/ˌsaɪkoʊˈbæbəl/
psychodynamic	/ˌsaɪkoʊdaɪˈnæmɪk/
psychogenic	/ˌsaɪkoʊˈdʒɛnɪk/
psychokinesis	/ˌsaɪkoʊkəˈnisəs/
psychological	/ˌsaɪkəˈlɑdʒɪkəl/
psychologically	/ˌsaɪkəˈlɑdʒɪkli/
psychologist	/saɪˈkɑlədʒəst/
psychologists	/saɪˈkɑlədʒəsts/
psychology	/saɪˈkɑlədʒi/
psychopath	/ˈsaɪkoʊˌpæθ/
psychopathic	/ˌsaɪkəˈpæθɪk/
psychopathologies	/ˌsaɪkəpæˈθɔləˌɡiz/
psychopathology	/ˌsaɪkəpæˈθɔləˌɡi/
psychopaths	/ˈsaɪkoʊˌpæθs/
psychopathy	/saɪˈkɑpəθi/
psychosis	/saɪˈkoʊsəs/
psychosocial	/ˈsaɪkoʊˌsoʊʃəl/
psychosomatic	/saɪˌkoʊsəˈmætɪk/
psychotherapeutic	/ˌsaɪkoʊˌθɛɹəpˈjutɪk/
psychotherapist	/ˌsaɪkəˈθɛɹəpɪst/
psychotherapists	/ˌsaɪkəˈθɛɹəpɪsts/
psychotherapy	/ˌsaɪkoʊˈθɛɹəpi/
psychotic	/ˌsaɪˈkɑtɪk/
psyllium	/ˈsɪliəm/
ptacek	/ˈtɑˌtʃɛk/
ptak	/ˈtæk/
ptolemaic	/ˌtɑləˈmeɪɪk/
ptolemy	/ˈtɑləmi/
ptomaine	/ˈtoʊmeɪn/
ptomaines	/ˈtoʊmeɪnz/
ptovsky	/pəˈtɔvski/
ptsd	/ˌpiˈtiˌɛsˈdi/
pty	/ˈtaɪ/
ptyon	/ˈtaɪɔn/
pu	/ˈpu/
puat	/ˈpjuæt/
pub	/ˈpʌb/
pubco	/ˈpʌbkoʊ/
puberty	/ˈpjubɚti/
pubic	/ˈpjubɪk/
public	/ˈpʌblɪk/
public-spirit	/ˈpʌblɪkˈspɪɹɪt/
public-spirited	/ˈpʌblɪkˈspɪɹɪtɪd/
public-spiritedness	/ˌpʌblɪkˈspɪɹɪˌtɪdnəs/
public's	/ˈpʌblɪks/
publically	/ˈpʌblɪkli/
publication	/ˌpʌblɪˈkeɪʃən/
publication's	/ˌpʌblɪˈkeɪʃənz/
publications	/ˌpʌblɪˈkeɪʃənz/
publications'	/ˌpʌblɪˈkeɪʃənz/
publicis	/pəˈblisɪs/
publicist	/ˈpʌblɪsɪst/
publicists	/ˈpʌblɪsɪsts/
publicity	/pəˈblɪsəti/
publicize	/ˈpʌblɪˌsaɪz/
publicized	/ˈpʌblɪˌsaɪzd/
publicizing	/ˈpʌbləˌsaɪzɪŋ/
publicker	/ˈpʌblɪkɚ/
publicly	/ˈpʌblɪkli/
publics	/ˈpʌblɪks/
publish	/ˈpʌblɪʃ/
published	/ˈpʌblɪʃt/
publisher	/ˈpʌblɪʃɚ/
publisher's	/ˈpʌblɪʃɚz/
publishers	/ˈpʌblɪʃɚz/
publishers'	/ˈpʌblɪʃɚz/
publishes	/ˈpʌblɪʃəz/
publishing	/ˈpʌblɪʃɪŋ/
publishing's	/ˈpʌblɪʃɪŋz/
publishings	/ˈpʌblɪʃɪŋz/
publitech	/ˈpʌblɪˌtɛk/
publix	/ˈpʌblɪks/
pubs	/ˈpʌbz/
pucci	/ˈputʃi/
pucciarelli	/putʃɚˈɛli/
puccinelli	/putʃiˈnɛli/
puccini	/puˈtʃini/
puccio	/ˈputʃioʊ/
puchalski	/pəˈhɑlski/
puche	/ˈputʃ/
pucillo	/puˈtʃɪloʊ/
puck	/ˈpʌk/
pucker	/ˈpʌkɚ/
puckett	/ˈpʌkɪt/
puckish	/ˈpʌkɪʃ/
pudding	/ˈpʊdɪŋ/
puddings	/ˈpʊdɪŋz/
puddle	/ˈpʌdəl/
puddles	/ˈpʌdəlz/
puder	/ˈpjudɚ/
pudgie	/ˈpʌdʒi/
pudgie's	/ˈpʌdʒiz/
pudgies	/ˈpʌdʒiz/
pudgy	/ˈpʌdʒi/
pudlo	/ˈpʌdloʊ/
pudong	/ˈpjuˈdɔŋ/
pudwill	/pəˈdwɪl/
puebla	/ˈpweɪblə/
pueblo	/ˈpwɛbloʊ/
puente	/ˈpunt/
puentes	/ˈpwɛntɛs/
puerile	/pjuˈɹil/
puerto	/ˈpwɛɹˌtoʊ/
puerto-rican	/ˈpwɛɹˌtoʊˈɹikən/
puerto-ricans	/ˈpwɛɹˌtoʊˈɹikənz/
puerto-rico	/ˈpwɛɹˌtoʊˈɹikoʊ/
puett	/ˈput/
puetz	/ˈputs/
pufahl	/ˈpjufɑl/
puff	/ˈpʌf/
puffed	/ˈpʌft/
puffenbarger	/ˈpʌfɪnbɑɹɡɚ/
puffer	/ˈpʌfɚ/
puffer's	/ˈpʌfɚz/
puffery	/ˈpʌfɚi/
puffin	/ˈpʌˌfɪn/
puffing	/ˈpʌfɪŋ/
puffins	/ˈpʌˌfɪnz/
puffs	/ˈpʌfs/
puffy	/ˈpʌfi/
pug	/ˈpʌɡ/
puga	/ˈpjuɡə/
puget	/ˈpjudʒɪt/
pugh	/ˈpju/
pugh's	/ˈpjuz/
pughs	/ˈpjuz/
pugilism	/ˈpjudʒəlɪzəm/
pugilist	/ˈpjudʒəlɪst/
pugilistic	/ˌpjudʒəˈlɪstɪk/
puglia	/ˈpʌɡliə/
pugliese	/puɡliˈeɪzi/
puglisi	/puˈɡlisi/
pugmire	/ˈpʌɡˌmaɪɹ/
pugnacious	/pəɡˈnæʃɪs/
pugsley	/ˈpʌɡsli/
pugwash	/ˈpʌˌɡwɑʃ/
puhl	/ˈpʌl/
puig	/ˈpuɡ/
puipoe	/ˈpuiˌpoʊ/
pujol	/ˈpjudʒəl/
puke	/ˈpjuk/
pukes	/ˈpjuks/
puking	/ˈpjuˌkɪŋ/
pulaski	/pjuˈlæˌski/
pulcini	/pulˈtʃiˌni/
puleo	/ˈpulioʊ/
pulford	/ˈpʊlfɚd/
pulice	/ˈpulɪs/
pulido	/puˈlidoʊ/
pulitzer	/ˈpʊlətsɚ/
pulkrabek	/ˈpʌlkɹəbɪk/
pull	/ˈpʊl/
pullam	/ˈpʊləm/
pullan	/ˈpʊlən/
pullano	/puˈlɑnoʊ/
pullara	/puˈlɑɹə/
pullback	/ˈpʊlˌbæk/
pullbacks	/ˈpʊlˌbæks/
pulled	/ˈpʊld/
pullen	/ˈpʊlən/
puller	/ˈpʊlɚ/
pulley	/ˈpʊli/
pulleys	/ˈpʊliz/
pulliam	/ˈpʊliəm/
pullin	/ˈpʊlɪn/
pulling	/ˈpʊlɪŋ/
pullins	/ˈpʊlɪnz/
pullman	/ˈpʊlmən/
pullman's	/ˈpʊlmənz/
pullout	/ˈpʊˌlaʊt/
pullouts	/ˈpʊˌlaʊts/
pulls	/ˈpʊlz/
pullum	/ˈpʊləm/
pulmazyme	/ˈpʊlməˌzaɪm/
pulmazyme's	/ˈpʊlməˌzaɪmz/
pulmonary	/ˈpʊlməˌnɛɹi/
pulmozyme	/ˈpʊlmoʊˌzaɪm/
pulos	/ˈpuloʊz/
pulp	/ˈpʌlp/
pulping	/ˈpʌlpɪŋ/
pulpit	/ˈpʊlpɪt/
pulpits	/ˈpʊlpɪts/
pulpwood	/ˈpʌlpˌwʊd/
puls	/ˈpʊlz/
pulsar	/ˈpʊlsɚ/
pulsar's	/ˈpʊlsɚz/
pulsating	/ˈpʌlˌseɪtɪŋ/
pulse	/ˈpʌls/
pulsed	/ˈpʌlst/
pulses	/ˈpʌlsɪz/
pulsifer	/ˈpʌlsɪfɚ/
pulsing	/ˈpʌlsɪŋ/
pulsipher	/ˈpʊlsɪfɚ/
pulte	/ˈpʊlti/
pultz	/ˈpʊlts/
pulver	/ˈpʊlvɚ/
pulverize	/ˈpʌlvɚˌaɪz/
pulverized	/ˈpʌlvɚˌaɪzd/
pulvermacher	/ˈpʌlvɚməkɚ/
puma	/ˈpumə/
puma's	/ˈpjuməz/
pumice	/ˈpʌməs/
pumilia	/puˈmiliə/
puming	/ˈpumɪŋ/
pummel	/ˈpʌməl/
pummeled	/ˈpʌməld/
pummeling	/ˈpʌməlɪŋ/
pummill	/ˈpʌmɪl/
pump	/ˈpʌmp/
pumped	/ˈpʌmpt/
pumpernickel	/ˈpʌmpɚˌnɪkəl/
pumphrey	/ˈpʌmfɹi/
pumping	/ˈpʌmpɪŋ/
pumpkin	/ˈpʌmpkɪn/
pumpkins	/ˈpʌmpkənz/
pumps	/ˈpʌmps/
pumsie	/ˈpʌmzi/
pun	/ˈpʌn/
punch	/ˈpʌntʃ/
punched	/ˈpʌntʃt/
punches	/ˈpʌntʃɪz/
punching	/ˈpʌntʃɪŋ/
punchline	/ˈpʌntʃˌlaɪn/
punchy	/ˈpʌntʃi/
punctate	/ˈpʌnkˌteɪt/
punctilious	/pəŋkˈtɪliəs/
punctual	/ˈpʌŋktʃuəl/
punctuality	/ˌpʌŋktʃuˈælɪti/
punctuate	/ˈpʌŋktʃuˌeɪt/
punctuated	/ˈpʌŋktʃuˌeɪtɪd/
punctuating	/ˈpʌŋktʃuˌeɪdɪŋ/
punctuation	/ˌpʌŋktʃuˈeɪʃən/
puncture	/ˈpʌŋktʃɚ/
punctured	/ˈpʌŋktʃɚd/
punctures	/ˈpʌŋktʃɚz/
puncturing	/ˈpʌŋktʃɚɪŋ/
pundit	/ˈpʌndət/
punditry	/ˈpʌndətɹi/
pundits	/ˈpʌndɪts/
pundt	/ˈpʌnt/
puneet	/ˌpuˈnit/
pung	/ˈpʌŋ/
pungent	/ˈpʌndʒənt/
pungently	/ˈpʌndʒəntli/
punic	/ˈpjunɪk/
punish	/ˈpʌnɪʃ/
punishable	/ˈpʌnɪʃəbəl/
punished	/ˈpʌnɪʃt/
punisher	/ˈpʌnɪʃɚ/
punishes	/ˈpʌnɪʃəz/
punishing	/ˈpʌnɪʃɪŋ/
punishingly	/ˈpʌnɪʃɪŋli/
punishment	/ˈpʌnɪʃmənt/
punishments	/ˈpʌnɪʃmənts/
punit	/ˈpʌnɪt/
punitive	/ˈpjunətɪv/
punjab	/pənˈdʒɑb/
punjab's	/pənˈdʒɑbz/
punk	/ˈpʌŋk/
punkin	/ˈpʌŋkɪn/
punks	/ˈpʌŋks/
punky	/ˈpʌŋki/
puns	/ˈpʌnz/
punsalan	/pənˈsɑlən/
punt	/ˈpʌnt/
punta	/ˈpʊntɚ/
punter	/ˈpʌntɚ/
punto	/ˈpunˌtoʊ/
punts	/ˈpʌnts/
punxatauney	/ˌpʌŋksəˈtɑni/
punxsutawney	/ˌpʌŋksəˈtaʊˌni/
puny	/ˈpjuni/
puopolo	/pwoʊˈpoʊloʊ/
pup	/ˈpʌp/
pupa	/ˈpjupə/
pupil	/ˈpjupəl/
pupils	/ˈpjupəlz/
pupo	/ˈpupoʊ/
puppet	/ˈpʌpət/
puppeteer	/pəpəˈtiɹ/
puppeteers	/pəpəˈtiɹz/
puppetry	/ˈpʌpətɹi/
puppets	/ˈpʌpəts/
puppies	/ˈpʌpiz/
puppy	/ˈpʌpi/
pups	/ˈpʌps/
pur	/ˈpɝ/
pura	/ˈpʊɹə/
purcell	/pɚˈsɛl/
purchase	/ˈpɝtʃəs/
purchased	/ˈpɝtʃəst/
purchaser	/ˈpɝtʃəsɚ/
purchaser's	/ˈpɝtʃəsɚz/
purchasers	/ˈpɝtʃəsɚz/
purchasers'	/ˈpɝtʃəsɚz/
purchases	/ˈpɝtʃəsəz/
purchasing	/ˈpɝtʃəsɪŋ/
purdham	/ˈpɝdəm/
purdie	/ˈpɝdi/
purdin	/ˈpɝdɪn/
purdom	/ˈpɝdəm/
purdon	/ˈpɝdən/
purdue	/pɚˈdu/
purdum	/ˈpɝdəm/
purdy	/ˈpɝdi/
pure	/ˈpjʊɹ/
purebred	/ˈpjʊɹˈbɹɛd/
purebreds	/ˈpjʊɹˈbɹɛdz/
puree	/pjʊˈɹeɪ/
purely	/ˈpjʊɹli/
purer	/ˈpjʊɹɚ/
purest	/ˈpjʊɹəst/
purex	/ˈpjʊɹɛks/
purgason	/ˈpɝɡəsən/
purgatory	/ˈpɝɡəˌtɔɹi/
purge	/ˈpɝdʒ/
purged	/ˈpɝdʒd/
purges	/ˈpɝdʒɪz/
purging	/ˈpɝdʒɪŋ/
puri	/ˈpʊɹi/
puricelli	/pʊɹiˈtʃɛli/
purification	/ˌpjʊɹəfəˈkeɪʃən/
purified	/ˈpjʊɹəˌfaɪd/
purifier	/ˈpjʊɹəˌfaɪɚ/
purifiers	/ˈpjʊɹəˌfaɪɚz/
purifoy	/ˈpjuɹɪfɔɪ/
purify	/ˈpjʊɹəˌfaɪ/
purifying	/ˈpjʊɹəˌfaɪɪŋ/
purile	/ˈpjuɹəl/
purim	/ˈpʊɹəm/
purina	/pjʊˈɹɪnə/
purington	/ˈpjʊɹɪŋtən/
purinton	/ˈpjuɹɪntən/
puris	/ˈpjʊɹɪs/
purist	/ˈpjʊɹɪst/
puristic	/pjʊˈɹɪstɪk/
purists	/ˈpjʊɹɪsts/
puritan	/ˈpjʊɹətən/
puritanical	/ˌpjʊɹəˈtænɪkəl/
puritanism	/ˈpjʊɹətəˌnɪzəm/
puritanisms	/ˈpjʊɹətəˌnɪzəmz/
puritans	/ˈpjʊɹətənz/
purity	/ˈpjʊɹəti/
purk	/ˈpɝk/
purkey	/ˈpɝki/
purloin	/pɚˈlɔɪn/
purloined	/pɚˈlɔɪnd/
purnell	/ˈpɝnəl/
purolator	/ˈpjʊɹəleɪtɚ/
purolator's	/ˈpjʊɹəleɪtɚz/
purpa	/ˈpɝpə/
purple	/ˈpɝpəl/
purples	/ˈpɝpəlz/
purplish	/ˈpɝplɪʃ/
purport	/ˈpɝˌpɔɹt/
purported	/pɚˈpɔɹtɪd/
purportedly	/pɚˈpɔɹtɪdˌli/
purporting	/pɚˈpɔɹtɪŋ/
purports	/pɚˈpɔɹts/
purpose	/ˈpɝpəs/
purposeful	/ˈpɝpəsfəl/
purposefully	/ˈpɝpəsfəli/
purposeless	/ˈpɝpəsləs/
purposely	/ˈpɝpəsli/
purposes	/ˈpɝpəsəz/
purr	/ˈpɝ/
purring	/ˈpɝɪŋ/
purrington	/ˈpɝɪŋtən/
purrs	/ˈpɝz/
purse	/ˈpɝs/
pursed	/ˈpɝst/
pursel	/ˈpɝsəl/
pursell	/ˈpɝsəl/
purser	/ˈpɝsɚ/
purses	/ˈpɝsɪz/
pursifull	/ˈpɝsɪfəl/
pursley	/ˈpɝsli/
pursuant	/pɚˈsuənt/
pursue	/pɚˈsu/
pursued	/pɚˈsud/
pursuer	/pɚˈsuɚ/
pursuers	/pɚˈsuɚz/
pursues	/pɚˈsuz/
pursueth	/pɚˈsuəθ/
pursuing	/pɚˈsuɪŋ/
pursuit	/pɚˈsut/
pursuits	/pɚˈsuts/
purt	/ˈpɝt/
purtee	/ˈpɝti/
purtell	/ˈpɝtəl/
purtle	/ˈpɝtəl/
purulent	/ˈpjʊɹulənt/
purves	/ˈpɝvz/
purvey	/pɚˈveɪ/
purveyed	/pɚˈveɪd/
purveying	/pɚˈveɪɪŋ/
purveyor	/pɚˈveɪɚ/
purveyors	/pɚˈveɪɚz/
purveys	/pɚˈveɪz/
purviance	/pʊɹˈviəns/
purview	/ˈpɝvˌju/
purvin	/ˈpɝvɪn/
purvis	/ˈpɝvɪs/
puryear	/ˌpɝˈjɪɹ/
pus	/ˈpʌs/
pusan	/ˈpusɑn/
pusant	/ˈpjusɑnt/
pusateri	/pusɑˈtɛɹi/
pusch	/ˈpʌʃ/
pusey	/ˈpjuzi/
push	/ˈpʊʃ/
push-up	/ˈpʊˌʃʌp/
push-ups	/ˈpʊˌʃʌps/
pushed	/ˈpʊʃt/
pusher	/ˈpʊʃɚ/
pushers	/ˈpʊʃɚz/
pushes	/ˈpʊʃəz/
pushing	/ˈpʊʃɪŋ/
pushkin	/ˈpʊʃkɪn/
pushover	/ˈpʊˌʃoʊvɚ/
pushup	/ˈpʊˌʃʌp/
pushups	/ˈpʊˌʃʌps/
pushy	/ˈpʊʃi/
pusillanimous	/pjusəˈlænəməs/
puskar	/ˈpʌskɚ/
puskarich	/ˈpʌskɚɪk/
puskas	/ˈpʌskəz/
puss	/ˈpʊs/
pusses	/ˈpʊsɪz/
pussies	/ˈpʊsiz/
pussy	/ˈpʊsi/
pussycat	/ˈpʊsiˌkæt/
pussycats	/ˈpʊsiˌkæts/
pussyfoot	/ˈpʊsiˈfʊt/
pussyfooted	/ˈpʊsiˈfʊtɪd/
pussyfooting	/ˈpʊsiˈfʊtɪŋ/
pussyfoots	/ˈpʊsiˈfʊts/
pustejovsky	/pəsteɪˈɑvski/
put	/ˈpʊt/
put-on	/ˈpʊˈtɑn/
put-ons	/ˈpʊˈtɑnz/
putative	/ˈpjutətɪv/
putco	/ˈpʌtkoʊ/
putdown	/ˈpʊtˌdaʊn/
putdowns	/ˈpʊtˌdaʊnz/
pute	/ˈpjut/
puterbaugh	/pjuˈtɝbɔ/
putes	/ˈpjuts/
puth	/ˈpuθ/
puthoff	/ˈpʌtˌhɔf/
putin	/ˈputɪn/
putman	/ˈpʌtmən/
putnam	/ˈpʌtnəm/
putnam's	/ˈpʌtnəmz/
putney	/ˈpʌtni/
putrid	/ˈpjutɹɪd/
puts	/ˈpʊts/
putsch	/ˈpʊtʃ/
putt	/ˈpʌt/
puttable	/ˈpʌtəbəl/
putted	/ˈpʌtɪd/
puttenbay	/ˈpʌtɪnˌbeɪ/
putter	/ˈpʌtɚ/
putterer	/ˈpʌtɚɚ/
puttering	/ˈpʌtɚɪŋ/
putterman	/ˈpʌtɚmən/
putters	/ˈpʌtɚz/
putting	/ˈpʌtɪŋ/
puttnam	/ˈpʌtnəm/
puttnam's	/ˈpʌtnəmz/
putts	/ˈpʌts/
putty	/ˈpʌti/
putz	/ˈpʌts/
putzier	/ˈpʌtziɚ/
puusepp	/ˈpuzəp/
puza	/ˈpuzə/
puzio	/ˈpuzioʊ/
puzo	/ˈpuzoʊ/
puzzle	/ˈpʌzəl/
puzzled	/ˈpʌzəld/
puzzlemaster	/ˈpʌzəlˌmæstɚ/
puzzlement	/ˈpʌzəlmənt/
puzzler	/ˈpʌzlɚ/
puzzles	/ˈpʌzəlz/
puzzling	/ˈpʌzəlɪŋ/
puzzo	/ˈpuzoʊ/
pvc	/ˌpiˌviˈsi/
pyatt	/ˈpaɪət/
pyburn	/ˈpɪbɚn/
pye	/ˈpaɪ/
pyeatt	/ˈpaɪət/
pygmalion	/ˌpɪɡˈmeɪljən/
pygmies	/ˈpɪɡmiz/
pygmy	/ˈpɪɡmi/
pyhrric	/ˈpɪɹɪk/
pyka	/ˈpɪkə/
pyke	/ˈpaɪk/
pyland	/ˈpaɪlənd/
pylant	/pɪˈlɔnt/
pyle	/ˈpaɪl/
pyle's	/ˈpaɪlz/
pyles	/ˈpaɪlz/
pylon	/ˈpaɪˌlɑn/
pylons	/ˈpaɪˌlɑnz/
pylori	/ˌpaɪˈlɔɹi/
pylos	/ˈpaɪloʊs/
pymm	/ˈpɪm/
pyne	/ˈpaɪn/
pynes	/ˈpaɪnz/
pyongyang	/ˈpjɔŋˈjæŋ/
pyongyang's	/ˈpjɔŋˈjæŋz/
pyper	/ˈpaɪpɚ/
pyramid	/ˈpɪɹəmɪd/
pyramidal	/pɚˈæmədəl/
pyramids	/ˈpɪɹəmɪdz/
pyre	/ˈpaɪɚ/
pyrena	/pɪˈɹinə/
pyrenees	/ˈpɪɹəiz/
pyrenees'	/ˈpɪɹəiz/
pyres	/ˈpaɪɚz/
pyrite	/ˈpaɪɹaɪt/
pyro	/ˈpaɪɹoʊ/
pyron	/ˈpɪɹən/
pyrotechnic	/ˌpaɪɹoʊˈtɛknɪk/
pyrotechnics	/ˌpaɪɹoʊˈtɛknɪks/
pyroxene	/paɪˈɹɑksin/
pyrrhic	/ˈpɪɹɪk/
pysher	/ˈpɪʃɚ/
pytel	/ˈpɪtəl/
pythagoras	/ˌpɪθəˈɡɔɹɑs/
pythagorean	/ˌpɪθəˈɡɔɹiən/
pythagorus	/pɪˈθæɡəɹəs/
pythia	/ˈpɪθiə/
python	/ˈpaɪθɑn/
python's	/ˈpaɪθɑnz/
pyxis	/ˈpɪksɪs/
q	/ˈkju/
q.	/ˈkju/
q.'s	/ˈkjuz/
q.s	/ˈkjuz/
q's	/ˈkjuz/
qaeda	/ˈkaɪdɑ/
qana	/ˈkɑnə/
qantas	/ˈkæntəs/
qasr	/ˈkeɪzɚ/
qatar	/ˌkʌˈtɑɹ/
qawi	/ˈkɑwi/
qi	/ˈki/
qian	/ˈkiˌɑn/
qiao	/ˌkiˈaʊ/
qiaotou	/ˌkiˈaʊˌtu/
qichen	/ˈkiˌtʃɛn/
qin	/ˈkɪn/
qing	/ˈkɪŋ/
qingdao	/ˈtʃɪŋˈdaʊ/
qingming	/ˈkɪŋˈmɪŋ/
qintex	/ˈkɪnˌtɛks/
qiryat	/kɪɹˈjɑt/
qmax	/ˈkjuˌmæks/
qom	/ˈkɑm/
qu	/ˈku/
qua	/ˈkwɑ/
quach	/ˈkwɑtʃ/
quack	/ˈkwæk/
quackenbush	/ˈkwækənˌbʊʃ/
quackery	/ˈkwækɚi/
quacks	/ˈkwæks/
quad	/ˈkwɑd/
quade	/ˈkweɪd/
quadra	/ˈkwædɹə/
quadrant	/ˈkwɑdɹənt/
quadratic	/kwɑˈdɹɑtɪk/
quadrennial	/kwɑˈdɹɛniəl/
quadrex	/ˈkwɑdɹɛks/
quadriceps	/ˈkwɑdɹəˌsɛps/
quadriplegic	/ˌkwɑdɹəˈplidʒɪk/
quadruple	/kwɑˈdɹupəl/
quadrupled	/kwɑˈdɹupəld/
quadrupling	/kwɑˈdɹupəlɪŋ/
quads	/ˈkwɑdz/
quaeda	/ˌkeɪdɑ/
quaff	/ˈkwɑf/
quaffed	/ˈkwɑfəd/
quaglia	/ˈkwæɡliə/
quagmire	/ˈkwæɡˌmaɪɚ/
quahog	/ˈkwɑˌhɔɡ/
quai	/ˈki/
quaid	/ˈkweɪd/
quail	/ˈkweɪl/
quails	/ˈkweɪlz/
quain	/ˈkweɪn/
quaint	/ˈkweɪnt/
quaintance	/ˈkweɪntəns/
quaintly	/ˈkweɪntli/
quake	/ˈkweɪk/
quake's	/ˈkweɪks/
quakenbush	/kwəˈkɛnbʊʃ/
quaker	/ˈkweɪkɚ/
quaker's	/ˈkweɪkɚz/
quakers	/ˈkweɪkɚz/
quakes	/ˈkweɪks/
quaking	/ˈkweɪkɪŋ/
qual	/ˈkwɑl/
qualcast	/ˈkwɑlˌkæst/
qualcomm	/ˈkwɑlˌkɑm/
qualcomm's	/ˈkwɑlˌkɑmz/
quale	/ˈkweɪl/
qualex	/ˈkwɑlɛks/
qualey	/ˈkweɪli/
qualification	/ˌkwɑləfəˈkeɪʃən/
qualifications	/ˌkwɑləfəˈkeɪʃənz/
qualified	/ˈkwɑləˌfaɪd/
qualifier	/ˈkwɑləˌfaɪɚ/
qualifiers	/ˈkwɑləˌfaɪɚz/
qualifies	/ˈkwɑləˌfaɪz/
qualify	/ˈkwɑləˌfaɪ/
qualifying	/ˈkwɑləˌfaɪɪŋ/
qualitative	/ˈkwɑləˌteɪtɪv/
qualitatively	/ˌkwɑləˈteɪtɪvli/
qualities	/ˈkwɑlətiz/
quality	/ˈkwɑləti/
qualley	/ˈkwɔli/
qualls	/ˈkwɑlz/
qualms	/ˈkwɑmz/
quam	/ˈkwɑm/
quamme	/ˈkwæm/
quan	/ˈkwɔn/
quandaries	/ˈkwɑndɚiz/
quandary	/ˈkwɑndɚi/
quandt	/ˈkwɔndt/
quanex	/ˈkwɑnɛks/
quang	/ˈkwɔŋ/
quant	/ˈkwænt/
quantico	/ˈkwɑntɪkoʊ/
quantifiable	/ˌkwɑntɪˈfaɪəbɛl/
quantification	/ˌkwɑntɪfəˈkeɪʃən/
quantified	/ˈkwɑntɪˌfaɪd/
quantify	/ˈkwɑntɪˌfaɪ/
quantifying	/ˈkwɑntɪˌfaɪɪŋ/
quantitative	/ˈkwɑntɪˌteɪtɪv/
quantitatively	/ˌkwɑntɪˈteɪtəvli/
quantities	/ˈkwɑntətiz/
quantity	/ˈkwɑntəti/
quantum	/ˈkwɑntəm/
quantum's	/ˈkwɑntəmz/
quaquil	/ˈkwækwɪl/
quaranta	/kwɚˈæntə/
quarante	/kwɚˈɑnteɪ/
quarantine	/ˈkwɔɹənˌtin/
quarantined	/ˈkwɔɹənˌtind/
quarantines	/ˈkwɔɹənˌtinz/
quarantining	/ˈkwɔɹənˌtinɪŋ/
quark	/ˈkwɑɹk/
quarks	/ˈkwɑɹks/
quarles	/ˈkwɔɹlz/
quarnstrom	/ˈkwɔɹnstɹəm/
quarre	/ˈkwɑɹ/
quarrel	/ˈkwɔɹəl/
quarreled	/ˈkwɔɹəld/
quarreling	/ˈkwɑɹəlɪŋ/
quarrels	/ˈkwɔɹəlz/
quarrelsome	/ˈkwɔɹəlsəm/
quarries	/ˈkwɔɹiz/
quarry	/ˈkwɔɹi/
quarrying	/ˈkwɔɹiɪŋ/
quart	/ˈkwɔɹt/
quartararo	/kwɑɹtɑˈɹɑɹoʊ/
quarter	/ˈkwɔɹtɚ/
quarter's	/ˈkwɔɹtɚz/
quarterback	/ˈkwɔɹtɚˌbæk/
quarterbacking	/ˈkwɔɹtɚˌbækɪŋ/
quarterbacks	/ˈkwɔɹtɚˌbæks/
quarterdeck	/ˈkwɔɹtɚˌdɛk/
quarterly	/ˈkwɔɹtɚli/
quarterman	/ˈkwɔɹtɚmən/
quartermaster	/ˈkwɔɹtɚˌmæstɚ/
quarters	/ˈkwɔɹtɚz/
quarters'	/ˈkwɔɹtɚz/
quarters's	/ˈkwɔɹtɚz/
quartet	/kwɔɹˈtɛt/
quartet's	/kwɔɹˈtɛts/
quartets	/kwɔɹˈtɛts/
quarteurlanc	/ˌkwɑɹtɚˈlæŋk/
quartile	/ˈkwɔɹtɪl/
quarto	/ˈkwɔɹtoʊ/
quarts	/ˈkwɔɹts/
quartz	/ˈkwɔɹts/
quasar	/ˈkweɪzɑɹ/
quash	/ˈkwɔʃ/
quashed	/ˈkwɔʃt/
quashing	/ˈkwɔʃɪŋ/
quasi	/ˈkwɑsi/
quasimodo	/kæziˈmoʊdoʊ/
quassia	/ˈkwɑʃiə/
quast	/ˈkwɑst/
quaternary	/ˈkwɑtɚˌnɛɹi/
quattlebaum	/ˈkwɔtəlbaʊm/
quattro	/ˈkwɔtɹoʊ/
quattrocchi	/kwɑˈtɹoʊki/
quattrochi	/kwɑˈtɹoʊki/
quattrone	/kwɑˈtɹoʊni/
quave	/ˈkweɪv/
quaver	/ˈkweɪvɚ/
quavered	/ˈkweɪvɚd/
quavering	/ˈkweɪvɚɪŋ/
quavers	/ˈkweɪvɚz/
quay	/ˈki/
quay's	/ˈkiz/
quaye	/ˈkeɪ/
quayle	/ˈkweɪl/
quayle's	/ˈkweɪlz/
quayles	/ˈkweɪlz/
quays	/ˈkiz/
quazulu	/ˌkwɑˈzulu/
quazulu's	/ˌkwɑˈzuluz/
qubilah	/ˈkubɪlə/
quddus	/ˈkuˌdus/
que	/ˈkju/
quealy	/ˈkwili/
queasiness	/ˈkwizinəs/
queasy	/ˈkwizi/
queau	/ˈkwoʊ/
quebec	/kwəˈbɛk/
quebec's	/kwɪˈbɛks/
quebecker	/kwəˈbɛkɚ/
quebeckers	/ˈkwɛˌbɛkɚz/
quebecois	/ˈkwɛbəˌswɑ/
quebecoise	/ˈkɛbɛˌkwɑ/
quebecor	/ˈkwɛbɪkɔɹ/
quebedeaux	/ˈkwɛbɪdoʊ/
quechee	/ˈkwɛtʃi/
queen	/ˈkwin/
queen's	/ˈkwinz/
queena	/ˈkwinə/
queenan	/ˈkwinən/
queener	/ˈkwinɚ/
queenfish	/ˈkwinˌfɪʃ/
queenfish's	/ˈkwinˌfɪʃɪz/
queenie	/ˈkwini/
queens	/ˈkwinz/
queensberry	/ˈkwinzˌbɛɹi/
queensland	/ˈkwinzˌlænd/
queensway	/ˈkwinzˌweɪ/
queer	/ˈkwɪɹ/
queerer	/ˈkwɪɹɚ/
queers	/ˈkwɪɹz/
quek	/ˈkwɛk/
quel	/ˈkwɛl/
quell	/ˈkwɛl/
quelled	/ˈkwɛld/
quellette	/kwɪˈlɛt/
quelling	/ˈkwɛlɪŋ/
quello	/ˈkwɛloʊ/
quemoy	/ˈkiˌmɔɪ/
quenby	/ˈkwɛnbi/
quench	/ˈkwɛntʃ/
quencher	/ˈkwɛntʃɚ/
quenchers	/ˈkwɛntʃɚz/
quenches	/ˈkwɛntʃəz/
quenching	/ˈkwɛntʃɪŋ/
quennel	/ˈkwɛnəl/
quenneville	/kweɪneɪˈvɪl/
quentin	/ˈkwɛntɪn/
quenzer	/ˈkwɛnzɚ/
querida	/kwɛˈɹidə/
queried	/ˈkwɪɹid/
queries	/ˈkwɪɹiz/
querns	/ˈkwɝnz/
querry	/ˈkwɛɹi/
querulous	/ˈkwɛɹələs/
query	/ˈkwiɹi/
ques	/ˈkjuz/
quesada	/kweɪˈsɑdə/
quesenberry	/ˈkwizənbɛɹi/
quesinberry	/ˈkwɛsɪnbɛɹi/
quesnel	/kweɪˈsnɛl/
quesnell	/kweɪˈsneɪl/
quest	/ˈkwɛst/
questar	/ˈkwɛstɚ/
questech	/ˈkwɛˌstɛk/
question	/ˈkwɛstʃən/
question-mark	/ˈkwɛstʃənˈmɑɹk/
question's	/ˈkwɛstʃənz/
questionable	/ˈkwɛstʃənəbəl/
questioned	/ˈkwɛstʃənd/
questioner	/ˈkwɛstʃənɚ/
questioners	/ˈkwɛstʃənɚz/
questioning	/ˈkwɛstʃənɪŋ/
questionings	/ˈkwɛstʃənɪŋz/
questionnaire	/ˌkwɛstʃəˈnɛɹ/
questionnaires	/ˌkwɛstʃəˈnɛɹz/
questions	/ˈkwɛstʃənz/
questions'	/ˈkwɛstʃənz/
questran	/ˈkwɛˌstɹæn/
questrom	/ˈkwɛstɹəm/
quests	/ˈkwɛsts/
quetzalcoatl	/ˈkɛtsɑlˌkwɔtl/
queue	/ˈkju/
queues	/ˈkjuz/
queuing	/ˈkjuɪŋ/
quevedo	/kweɪˈveɪdoʊ/
quezada	/kweɪˈzɑdə/
qui	/ˈki/
quibble	/ˈkwɪbəl/
quibbles	/ˈkwɪbəlz/
quibbling	/ˈkwɪbəlɪŋ/
quiche	/ˈkiʃ/
quick	/ˈkwɪk/
quickel	/ˈkwɪkəl/
quicken	/ˈkwɪkən/
quickened	/ˈkwɪkənd/
quickening	/ˈkwɪkənɪŋ/
quickens	/ˈkwɪkənz/
quicker	/ˈkwɪkɚ/
quickest	/ˈkwɪkɪst/
quickie	/ˈkwɪki/
quickly	/ˈkwɪkli/
quickness	/ˈkwɪknəs/
quicksand	/ˈkwɪkˌsænd/
quicksands	/ˈkwɪkˌsændz/
quicksilver	/ˈkwɪkˈsɪlvɚ/
quicktime	/ˈkwɪkˌtaɪm/
quid	/ˈkwɪd/
quiescent	/kwaɪˈɛsənt/
quiet	/ˈkwaɪət/
quieted	/ˈkwaɪətɪd/
quieter	/ˈkwaɪətɚ/
quietest	/ˈkwaɪətəst/
quieting	/ˈkwaɪətɪŋ/
quietist	/ˈkwaɪətəst/
quietly	/ˈkwaɪətli/
quietness	/ˈkwaɪətnəs/
quiets	/ˈkwaɪəts/
quiett	/ˈkwit/
quievoni	/kwɪˈvɔni/
quigg	/ˈkwɪɡ/
quiggle	/ˈkwɪɡəl/
quigley	/ˈkwɪɡli/
quijada	/kwiˈjɑdə/
quijano	/kwiˈjɑnoʊ/
quik	/ˈkwɪk/
quiksilver	/ˈkwɪkˈsɪlvɚ/
quilali	/kwɪˈlɑli/
quiles	/ˈkwilɛs/
quilici	/kwiˈlitʃi/
quill	/ˈkwɪl/
quillan	/ˈkwɪlən/
quillen	/ˈkwɪlən/
quillian	/ˈkwɪljən/
quillin	/ˈkwɪlɪn/
quilling	/ˈkwɪlɪŋ/
quillman	/kwilˈmæn/
quillon	/ˈkwɪlən/
quilmes	/ˈkwɪlmz/
quilt	/ˈkwɪlt/
quilted	/ˈkwɪltɪd/
quilter	/ˈkwɪltɚ/
quilters	/ˈkwɪltɚz/
quilting	/ˈkwɪltɪŋ/
quilts	/ˈkwɪlts/
quilty	/ˈkwɪlti/
quimby	/ˈkwɪmbi/
quin	/ˈkwɪn/
quina	/ˈkwinə/
quina's	/ˈkwinəz/
quinby	/ˈkwɪnbi/
quince	/ˈkwɪns/
quincey	/ˈkwɪnsi/
quincy	/ˈkwɪnsi/
quincy's	/ˈkwɪnsiz/
quindlen	/ˈkwɪndlən/
quine	/ˈkwaɪn/
quinine	/ˈkwaɪˌnaɪn/
quinlan	/ˈkwɪnlən/
quinley	/ˈkwɪnli/
quinlin	/ˈkwɪnlɪn/
quinlivan	/ˈkwɪnlɪvən/
quinn	/ˈkwɪn/
quinn's	/ˈkwɪnz/
quinnell	/ˈkwɪnəl/
quinney	/ˈkwɪni/
quinoa	/ˌkiˈnoʊə/
quinobequin	/ˌkwɪˈnoʊbɪkwɪn/
quinoco	/kwɪˈnoʊkoʊ/
quinon	/ˈkwɪnən/
quinones	/kwɪˈnoʊnz/
quinonez	/kwiˈnoʊnɛz/
quint	/ˈkwɪnt/
quinta	/ˈkwɪntə/
quintal	/ˈkwɪntəl/
quintana	/kwinˈtænə/
quintanar	/ˈkwɪntənɚ/
quintanilla	/ˌkwɪntəˈnɪlə/
quintela	/kwinˈteɪlə/
quinter	/ˈkwɪntɚ/
quintero	/kwinˈtɛɹoʊ/
quinteros	/kwinˈtɛɹoʊz/
quintessence	/kwɪnˈtɛsəns/
quintessential	/ˌkwɪntɪˈsɛnʃəl/
quintessentially	/ˌkwɪntəˈsɛnʃəli/
quintet	/kwɪnˈtɛt/
quintile	/ˈkwɪntɪl/
quintin	/ˈkwɪntɪn/
quintina	/kwinˈtinə/
quinto	/ˈkwɪntoʊ/
quinton	/kwɪnˈtɔn/
quints	/ˈkwɪnts/
quintuple	/ˈkwɪntupəl/
quintupled	/kwɪntˈjupəld/
quintuplet	/ˈkwɪnˈtʌplət/
quintuplets	/ˈkwɪnˈtʌpləts/
quip	/ˈkwɪp/
quipp	/ˈkwɪp/
quipped	/ˈkwɪpt/
quips	/ˈkwɪps/
quipster	/ˈkwɪpstɚ/
quiram	/ˈkwiɹəm/
quire	/ˈkwaɪɹ/
quirin	/ˈkwɪɹɪn/
quiring	/ˈkwaɪɹɪŋ/
quirion	/ˈkwɪɹiən/
quirk	/ˈkwɝk/
quirke	/ˈkwɝk/
quirks	/ˈkwɝks/
quirky	/ˈkwɝki/
quiroga	/kwɪˈɹoʊɡə/
quiros	/ˈkwɪɹoʊz/
quiroz	/ˈkwɪɹoʊz/
quiry	/ˈkwaɪɹi/
quisenberry	/ˈkwaɪzənbɛɹi/
quisling	/ˈkwɪzlɪŋ/
quist	/ˈkwɪst/
quist's	/ˈkwɪsts/
quit	/ˈkwɪt/
quite	/ˈkwaɪt/
quito	/ˈkwitoʊ/
quito's	/ˈkwitoʊz/
quits	/ˈkwɪts/
quitter	/ˈkwɪtɚ/
quitters	/ˈkwɪtɚz/
quitting	/ˈkwɪtɪŋ/
quiver	/ˈkwɪvɚ/
quivering	/ˈkwɪvɚɪŋ/
quixote	/kiˈhoʊti/
quixotic	/kwɪkˈsɑtɪk/
quiz	/ˈkwɪz/
quizard	/ˈkwɪzɚd/
quizzed	/ˈkwɪzd/
quizzes	/ˈkwɪzɪz/
quizzical	/ˈkwɪzəkəl/
quizzing	/ˈkwɪzɪŋ/
quo	/ˈkwoʊ/
quod	/ˈkwɔd/
quoin	/ˈkwɔɪn/
quon	/ˈkwɑn/
quora	/ˈkwɔɹə/
quorum	/ˈkwɔɹəm/
quorums	/ˈkwɔɹəmz/
quota	/ˈkwoʊtə/
quotable	/ˈkwoʊtəbəl/
quotas	/ˈkwoʊtəz/
quotation	/kwoʊˈteɪʃən/
quotations	/kwoʊˈteɪʃənz/
quote	/ˈkwoʊt/
quoted	/ˈkwoʊtɪd/
quotes	/ˈkwoʊts/
quoth	/ˈkwoʊθ/
quotient	/ˈkwoʊʃənt/
quoting	/ˈkwoʊtɪŋ/
quotron	/ˈkwoʊtɹɑn/
quotron's	/ˈkwoʊtɹɑnz/
qureshey	/kʊˈɹeɪʃeɪ/
qureshi	/kʊˈɹeɪʃi/
r	/ˈɑɹ/
r.	/ˈɑɹ/
r.'s	/ˈɑɹz/
r.s	/ˈɑɹz/
r's	/ˈɑɹz/
ra	/ˈɹɑ/
raab	/ˈɹɑb/
raab's	/ˈɹɑbz/
raabe	/ˈɹɑb/
raad	/ˈɹɑd/
raap	/ˈɹɑp/
raasch	/ˈɹɑʃ/
raatz	/ˈɹɑts/
rab	/ˈɹæb/
rabago	/ɹɑˈbɑɡoʊ/
rabalais	/ˈɹæbəˌleɪ/
rabb	/ˈɹæb/
rabbani	/ɹəˈbæni/
rabbi	/ˈɹæˌbaɪ/
rabbinic	/ɹəˈbɪnɪk/
rabbinical	/ɹəˈbɪnɪkəl/
rabbis	/ˈɹæˌbaɪz/
rabbit	/ˈɹæbət/
rabbitears	/ˈɹæbɪˈtiɹz/
rabbitlike	/ˈɹæbətˌlaɪk/
rabbits	/ˈɹæbəts/
rabbitt	/ˈɹæbɪt/
rabble	/ˈɹæbəl/
rabe	/ˈɹeɪb/
rabel	/ˈɹæbəl/
raben	/ˈɹæbən/
rabenold	/ˈɹæbɪˌnoʊld/
raber	/ˈɹeɪbɚ/
rabes	/ˈɹeɪbiz/
rabey	/ˈɹeɪbi/
rabi	/ˈɹɑbi/
rabid	/ˈɹæbɪd/
rabideau	/ˈɹæbɪˌdoʊ/
rabies	/ˈɹeɪbiz/
rabin	/ˌɹɑˈbin/
rabin's	/ˌɹɑˈbinz/
rabine	/ɹəˈbin/
rabiner	/ɹəˈbinɚ/
rabinovich	/ɹəˈbɪnəvɪtʃ/
rabinovitz	/ɹəˈbɪnəvɪts/
rabinowitz	/ɹəˈbɪnəwɪts/
rabkin	/ˈɹæbkɪn/
rabobank	/ˈɹɑboʊˌbæŋk/
raboin	/ɹəˈbɔɪn/
rabold	/ˈɹæboʊld/
rabon	/ɹɑˈbɔn/
raborn	/ˈɹæbɚn/
rabourn	/ɹəˈbʊɹn/
raboy	/ˈɹæbɔɪ/
rabuck	/ˈɹæbək/
rabuka	/ɹəˈbukə/
rabun	/ˈɹæbən/
raburn	/ˈɹæbɚn/
raby	/ˈɹeɪbi/
racal	/ˈɹækəl/
racamier	/ˈɹækəˌmaɪɹ/
racanelli	/ɹɑkɑˈnɛli/
racca	/ˈɹækə/
raccoon	/ɹæˈkun/
raccoons	/ɹæˈkunz/
race	/ˈɹeɪs/
race's	/ˈɹeɪsɪz/
raced	/ˈɹeɪst/
racehorse	/ˈɹeɪsˌhɔɹs/
racehorses	/ˈɹæsˌhɔɹsɪz/
raceman	/ˈɹeɪsmən/
racemes	/ɹeɪˈsimz/
racer	/ˈɹeɪsɚ/
racers	/ˈɹeɪsɚz/
races	/ˈɹeɪsəz/
racetrack	/ˈɹeɪˌstɹæk/
racetracks	/ˈɹeɪˌstɹæks/
racette	/ɹəˈsɛt/
raceway	/ˈɹeɪˌsweɪ/
racey	/ˈɹeɪsi/
rach	/ˈɹætʃ/
rachad	/ɹəˈʃɑd/
rachael	/ˈɹeɪtʃəl/
rachal	/ˈɹækəl/
rachel	/ˈɹeɪtʃəl/
rachel's	/ˈɹeɪtʃəlz/
rachelle	/ɹəˈʃɛl/
rachels	/ˈɹeɪtʃɪlz/
rachelvolt	/ɹəˈʃɛlˌvɔlt/
rachford	/ˈɹætʃfɚd/
rachi	/ˈɹʌʃi/
rachlin	/ˈɹæklɪn/
rachmaninoff	/ɹækˈmænɪnɔf/
racial	/ˈɹeɪʃəl/
racialism	/ˈɹeɪʃəˌlɪzəm/
racially	/ˈɹeɪʃəli/
racicot	/ˈɹæsɪkɑt/
racier	/ˈɹeɪsiɚ/
raciest	/ˈɹeɪsiəst/
racine	/ɹəˈsin/
raciness	/ˈɹeɪsinəs/
racing	/ˈɹeɪsɪŋ/
racing's	/ˈɹeɪsɪŋz/
racioppi	/ɹɑˈtʃoʊpi/
racism	/ˈɹeɪˌsɪzəm/
racist	/ˈɹeɪsɪst/
racists	/ˈɹeɪsɪsts/
rack	/ˈɹæk/
racked	/ˈɹækt/
racker	/ˈɹækɚ/
rackers	/ˈɹækɚz/
racket	/ˈɹækɪt/
racketeer	/ˌɹækɪˈtɪɹ/
racketeering	/ˌɹækɪˈtɪɹɪŋ/
racketeers	/ˌɹækəˈtɪɹz/
rackets	/ˈɹækəts/
racking	/ˈɹækɪŋ/
rackley	/ˈɹækli/
rackliff	/ˈɹæklɪf/
rackliffe	/ˈɹæklɪf/
rackmil	/ˈɹækmɪl/
rackow	/ˈɹɑskoʊ/
racks	/ˈɹæks/
raconteur	/ˌɹækɑnˈtuɹ/
racquet	/ˈɹækɪt/
racquetball	/ˈɹækətˌbɔl/
racquets	/ˈɹækɪts/
racy	/ˈɹeɪsi/
racz	/ˈɹɑtʃ/
raczka	/ˈɹɑtʃkə/
raczkowski	/ɹətʃˈkɔfski/
raczynski	/ɹəˈtʃɪnski/
rad	/ˈɹæd/
rada	/ˈɹɑdə/
radabaugh	/ˈɹædəbɔ/
radakovich	/ɹəˈdækəvɪtʃ/
radant	/ˈɹɑdənt/
radar	/ˈɹeɪˌdɑɹ/
radars	/ˈɹeɪˌdɑɹz/
radatz	/ˈɹædəts/
radavan	/ˈɹɑdəvən/
radbert	/ˈɹædbɚt/
radborne	/ɹədˈbɔɹn/
radbourn	/ɹədˈbʊɹn/
radbourne	/ɹədˈbʊɹn/
radburn	/ˈɹædbɚn/
radcliff	/ˈɹædklɪf/
radcliffe	/ˈɹædklɪf/
raddatz	/ˈɹædəts/
radde	/ˈɹæd/
radder	/ˈɹædɚ/
radditz	/ˈɹædɪts/
radebaugh	/ˈɹædɪbɔ/
radecki	/ɹəˈdɛki/
radel	/ˈɹædəl/
radell	/ɹɑˈdeɪl/
radella	/ɹəˈdɛlə/
rademacher	/ˈɹædɪməkɚ/
rademaker	/ˈɹeɪdmeɪkɚ/
raden	/ˈɹeɪdən/
rader	/ˈɹeɪdɚ/
radermacher	/ˈɹædɚməkɚ/
radford	/ˈɹædfɚd/
radha	/ˈɹɑdə/
radi	/ˈɹɑdi/
radial	/ˈɹeɪdiəl/
radially	/ˈɹeɪdiəli/
radials	/ˈɹeɪdiəlz/
radiance	/ˈɹeɪˌdiəns/
radiant	/ˈɹeɪˌdiənt/
radiate	/ˈɹeɪdiət/
radiated	/ˈɹeɪdiˌeɪtɪd/
radiates	/ˈɹeɪdiˌeɪts/
radiating	/ˈɹeɪdiˌeɪtɪŋ/
radiation	/ˌɹeɪdiˈeɪʃən/
radiation's	/ˌɹeɪdiˈeɪʃənz/
radiator	/ˈɹeɪdiˌeɪtɚ/
radiators	/ˈɹeɪdiˌeɪtɚz/
radical	/ˈɹædəkəl/
radicalism	/ˈɹædɪkəˌlɪzəm/
radicalization	/ˌɹædɪkəlɪˈzeɪʃən/
radicalize	/ˈɹædɪkəˌlaɪz/
radicalized	/ˈɹædɪkəˌlaɪzd/
radically	/ˈɹædɪkli/
radicals	/ˈɹædəkəlz/
radice	/ˈɹædɪs/
radich	/ˈɹædɪk/
radick	/ˈɹædɪk/
radin	/ˈɹædɪn/
radinka	/ɹəˈdɪŋkə/
radio	/ˈɹeɪdiˌoʊ/
radio's	/ˈɹeɪdiˌoʊz/
radioactive	/ˌɹeɪdioʊˈæktɪv/
radioactivity	/ˈɹeɪdioʊˌækˌtɪvəˌti/
radioed	/ˈɹeɪdiˌoʊd/
radiographic	/ˌɹeɪdiˌoʊˈɡɹɑfɪk/
radiography	/ˌɹeɪdiˈɑɡɹəfi/
radiological	/ˌɹeɪdiəˈlɑdʒɪkəl/
radiologist	/ˌɹeɪdiˈɑlədʒɪst/
radiologists	/ˌɹeɪdiˈɑlədʒɪsts/
radiology	/ˌɹeɪdiˈɑlədʒi/
radioman	/ˈɹeɪdioʊˌmæn/
radios	/ˈɹeɪdiˌoʊz/
radish	/ˈɹædɪʃ/
radishes	/ˈɹædɪʃɪz/
radisson	/ˈɹædəsən/
raditz	/ˈɹeɪdɪts/
radium	/ˈɹeɪdiəm/
radius	/ˈɹeɪdiəs/
radke	/ˈɹeɪdki/
radko	/ˈɹædkoʊ/
radle	/ˈɹeɪdəl/
radler	/ˈɹeɪdəlɚ/
radley	/ˈɹædli/
radliff	/ˈɹædlɪf/
radloff	/ˈɹædlɔf/
radman	/ˈɹædmən/
radmilla	/ˌɹædˈmɪlə/
radmund	/ˈɹædmənd/
radner	/ˈɹædnɚ/
radney	/ˈɹædni/
radnor	/ˈɹædnɚ/
rado	/ˈɹɑdoʊ/
radolf	/ˈɹædoʊlf/
radomski	/ɹəˈdɑmski/
radon	/ˈɹeɪˌdɑn/
rados	/ˈɹɑdoʊz/
radosevich	/ɹəˈdɑsɪvɪtʃ/
radosh	/ɹəˈdɔʃ/
radovan	/ˈɹɑˌdoʊˌvɑn/
radowski	/ɹəˈdoʊski/
radowski's	/ɹəˈdoʊskiz/
radtke	/ˈɹædki/
radu	/ˈɹɑdu/
radwan	/ˈɹædwən/
rady	/ˈɹeɪdi/
radziewicz	/ˈɹɑdʒəvɪtʃ/
radzik	/ˈɹædzɪk/
rae	/ˈɹeɪ/
raeburn	/ˈɹeɪbɚn/
raeder	/ˈɹɛdɚ/
raedler	/ˈɹɛdlɚ/
rael	/ˈɹeɪl/
raether	/ˈɹɛðɚ/
raetz	/ˈɹits/
raf	/ˈɹæf/
rafael	/ˌɹɑfaɪˈɛl/
rafale	/ɹəˈfeɪl/
rafalski	/ɹəˈfɑlski/
rafe	/ˈɹeɪf/
rafelghem	/ɹəˈfɛlɡəm/
raff	/ˈɹæf/
raffa	/ˈɹæfə/
raffaele	/ɹɑfaɪˈɛleɪ/
raffaelli	/ɹɑfɑˈɛli/
raffel	/ˈɹæfəl/
raffensperger	/ˈɹæfɪnspɚɡɚ/
rafferty	/ˈɹæfɚti/
raffetto	/ɹɑˈfɛtoʊ/
raffety	/ˈɹæfti/
raffi	/ˈɹæfi/
raffi's	/ˈɹæfiz/
raffield	/ˈɹæˌfild/
raffish	/ˈɹæfɪʃ/
raffle	/ˈɹæfəl/
raffles	/ˈɹæfəlz/
raffo	/ˈɹæfoʊ/
rafi	/ˈɹæfi/
rafik	/ˈɹæfɪk/
rafsanjani	/ˌɹæfsənˈdʒɑni/
raft	/ˈɹæft/
rafted	/ˈɹæftɪd/
rafter	/ˈɹæftɚ/
rafters	/ˈɹæftɚz/
raftery	/ˈɹæftɚi/
rafting	/ˈɹæftɪŋ/
rafts	/ˈɹæfts/
rafuse	/ɹɑˈfusi/
rag	/ˈɹæɡ/
ragain	/ˈɹæɡən/
ragan	/ˈɹeɪɡən/
ragas	/ˈɹɑɡəz/
ragavan	/ˈɹɑɡəˌvɑn/
ragavan's	/ˈɹɑɡəˌvɑnz/
rage	/ˈɹeɪdʒ/
raged	/ˈɹeɪdʒd/
ragel	/ˈɹeɪɡəl/
ragen	/ˈɹæɡən/
rager	/ˈɹeɪɡɚ/
rages	/ˈɹeɪdʒɪz/
ragged	/ˈɹæɡəd/
raggedy	/ˈɹæɡədi/
raggio	/ˈɹɑdʒioʊ/
raghida	/ɹəˈɡidə/
ragin	/ˈɹædʒɪn/
raging	/ˈɹeɪdʒɪŋ/
ragland	/ˈɹæɡlənd/
ragle	/ˈɹeɪɡəl/
raglin	/ˈɹæɡlɪn/
ragmen	/ˈɹæɡmən/
rago	/ˈɹɑɡoʊ/
ragon	/ɹɑˈɡɔn/
ragona	/ɹɑˈɡoʊnə/
ragone	/ɹɑˈɡoʊni/
ragonese	/ɹɑɡoʊˈneɪzi/
rags	/ˈɹæɡz/
ragsdale	/ˈɹæɡzˌdeɪl/
ragtag	/ˈɹæɡˌtæɡ/
ragtime	/ˈɹæɡˌtaɪm/
ragtop	/ˈɹæɡtɔp/
ragu	/ɹæˈɡu/
ragucci	/ɹɑˈɡutʃi/
rague	/ˈɹeɪɡ/
ragunathan	/ɹɑˈɡunəθɑn/
ragusa	/ɹɑˈɡusə/
ragweed	/ˈɹæˌɡwid/
rah	/ˈɹɑ/
rahal	/ɹəˈhɑl/
rahe	/ˈɹeɪhi/
raheem	/ɹəˈhim/
rahill	/ˈɹɑhɪl/
rahilly	/ˈɹæhəli/
rahim	/ɹəˈhim/
rahl	/ˈɹɑl/
rahm	/ˈɹæm/
rahman	/ˈɹɑmən/
rahman's	/ˈɹɑmənz/
rahming	/ˈɹɑmɪŋ/
rahn	/ˈɹæn/
rahrig	/ˈɹæɹɪɡ/
rahul	/ɹəˈhul/
rahway	/ˈɹɑˌweɪ/
rai	/ˈɹɑi/
raia	/ˈɹɑjə/
raible	/ˈɹeɪbəl/
raiche	/ˈɹeɪtʃ/
raid	/ˈɹeɪd/
raided	/ˈɹeɪdɪd/
raider	/ˈɹeɪdɚ/
raider's	/ˈɹeɪdɚz/
raiders	/ˈɹeɪdɚz/
raiders'	/ˈɹeɪdɚz/
raiding	/ˈɹeɪdɪŋ/
raids	/ˈɹeɪdz/
raiff	/ˈɹeɪf/
raiford	/ˈɹeɪfɚd/
raikes	/ˈɹeɪks/
raiko	/ˈɹeɪkoʊ/
rail	/ˈɹeɪl/
rail's	/ˈɹeɪlz/
railbike	/ˈɹeɪlˌbaɪk/
railbiker	/ˈɹeɪlbaɪkɚ/
railbikers	/ˈɹeɪlbɪkɚz/
railcar	/ˈɹeɪlˌkɑɹ/
railcars	/ˈɹeɪlˌkɑɹz/
raile	/ˈɹeɪl/
railed	/ˈɹeɪld/
railey	/ˈɹeɪli/
railing	/ˈɹeɪlɪŋ/
railings	/ˈɹeɪlɪŋz/
railroad	/ˈɹeɪlˌɹoʊd/
railroad's	/ˈɹeɪlˌɹoʊdz/
railroaded	/ˈɹeɪlˌɹoʊdɪd/
railroading	/ˈɹeɪlˌɹoʊdɪŋ/
railroads	/ˈɹeɪlˌɹoʊdz/
railroads'	/ˈɹeɪlˌɹoʊdz/
rails	/ˈɹeɪlz/
railsback	/ˈɹeɪlzˌbæk/
railtex	/ˈɹeɪlˌtɛks/
railway	/ˈɹeɪlˌweɪ/
railway's	/ˈɹeɪlˌweɪz/
railways	/ˈɹeɪlˌweɪz/
raimer	/ˈɹeɪmɚ/
raimo	/ˈɹeɪmoʊ/
raimond	/ˈɹeɪmənd/
raimondi	/ɹəˈmoʊndi/
raimondo	/ˌɹeɪˈmɑndoʊ/
rain	/ˈɹeɪn/
raina	/ˈɹeɪnə/
rainbolt	/ˈɹeɪnˌboʊlt/
rainbow	/ˈɹeɪnˌboʊ/
rainbows	/ˈɹeɪnˌboʊz/
raincoat	/ˈɹeɪnˌkoʊt/
raincoat's	/ˈɹeɪnˌkoʊts/
raincoats	/ˈɹeɪnˌkoʊts/
raindancer	/ˈɹeɪnˌdænsɚ/
raindrop	/ˈɹeɪnˌdɹɑp/
raindrops	/ˈɹeɪnˌdɹɑps/
raine	/ˈɹeɪn/
rained	/ˈɹeɪnd/
rainer	/ˈɹeɪnɚ/
raineri	/ɹəˈnɛɹi/
raines	/ˈɹeɪnz/
rainey	/ˈɹeɪni/
rainfall	/ˈɹeɪnˌfɔl/
rainfalls	/ˈɹeɪnˌfɔlz/
rainford	/ˈɹaɪnfɚd/
rainforest	/ˈɹaɪnˌfɔɹəst/
rainforests	/ˈɹaɪnˌfɔɹəsts/
rainger	/ˈɹɑɪŋɚ/
rainie	/ˈɹeɪni/
rainier	/ɹeɪˈnɪɹ/
rainiest	/ˈɹeɪniəst/
raining	/ˈɹeɪnɪŋ/
rainley	/ˈɹeɪnli/
rainley's	/ˈɹeɪnliz/
rainmaker	/ˈɹeɪnˌmeɪkɚ/
rainman	/ˈɹeɪnmən/
rainone	/ˈɹeɪˌnoʊn/
rains	/ˈɹeɪnz/
rainstorm	/ˈɹeɪnˌstɔɹm/
rainstorms	/ˈɹeɪnˌstɔɹmz/
rainville	/ˈɹeɪnˌvɪl/
rainwater	/ˈɹeɪnˌwɔtɚ/
rainy	/ˈɹeɪni/
rais	/ˈɹeɪs/
raisa	/ˈɹeɪsə/
raisanen	/ˈɹaɪsənən/
raisbeck	/ˈɹeɪzˌbɛk/
raisch	/ˈɹaɪʃ/
raise	/ˈɹeɪz/
raised	/ˈɹeɪzd/
raiser	/ˈɹeɪzɚ/
raisers	/ˈɹeɪzɚz/
raises	/ˈɹeɪzəz/
raisin	/ˈɹeɪzɪn/
raising	/ˈɹeɪzɪŋ/
raisins	/ˈɹeɪzənz/
raisler	/ˈɹeɪzlɚ/
raison	/ˈɹeɪsɑn/
raisor	/ˈɹeɪzɚ/
raissa	/ˈɹeɪsə/
rait	/ˈɹeɪt/
raith	/ˈɹeɪθ/
raithel	/ˈɹeɪθəl/
raitt	/ˈɹeɪt/
raj	/ˈɹɑʒ/
rajala	/ɹɑˈjɑlə/
rajaratnam	/ɹɑdʒɚˈɑtnɑm/
rajewski	/ɹaɪˈɛfski/
rajiv	/ɹɑˈdʒiv/
rajko	/ˈɹɑʒkoʊ/
rajkumar	/ˈɹɑʒkuˈmɑɹ/
rajneesh	/ɹɑdʒˈniʃ/
raju	/ˈɹɑju/
rak	/ˈɹæk/
rake	/ˈɹeɪk/
raked	/ˈɹeɪkt/
raker	/ˈɹeɪkɚ/
rakers	/ˈɹeɪkɚz/
rakes	/ˈɹeɪks/
rakestraw	/ˈɹeɪkˌstɹɔ/
rakich	/ˈɹækɪtʃ/
raking	/ˈɹeɪkɪŋ/
rakish	/ˈɹeɪkɪʃ/
rakiya	/ɹəˈkiə/
rakocy	/ɹəˈkoʊtʃi/
rakoczy	/ɹəˈkoʊtʃi/
rakoff	/ˈɹæˌkɔf/
rakolta	/ɹəˈkɑltə/
rakovica	/ɹəˈkoʊvɪkə/
rakow	/ˈɹækaʊ/
rakowski	/ɹəˈkaʊski/
raleigh	/ˈɹɔli/
raleigh's	/ˈɹɔliz/
rales	/ˈɹeɪlz/
rales'	/ˈɹeɪlz/
rales's	/ˈɹeɪlzɪz/
raleses	/ɹəˈlisɪz/
raley	/ˈɹæli/
ralf	/ˈɹɑlf/
rall	/ˈɹɔl/
rallied	/ˈɹælid/
rallies	/ˈɹæliz/
rallis	/ˈɹælɪs/
rallo	/ˈɹæloʊ/
ralls	/ˈɹɔlz/
rally	/ˈɹæli/
rally's	/ˈɹæliz/
rallying	/ˈɹæliɪŋ/
ralph	/ˈɹælf/
ralph's	/ˈɹælfs/
ralphs	/ˈɹælfs/
ralston	/ˈɹɔlstən/
ralston's	/ˈɹɑlstənz/
ram	/ˈɹæm/
rama	/ˈɹɑmə/
ramada	/ɹəˈmɑdə/
ramada's	/ɹəˈmɑdəz/
ramadan	/ˈɹæmədən/
ramage	/ˈɹæmɪdʒ/
ramaker	/ˈɹɑmeɪkɚ/
ramala	/ɹəˈmɑlə/
ramallah	/ɹəˈmælə/
raman	/ˈɹeɪmən/
ramaphosa	/ˌɹæməˈfoʊsə/
ramaswami	/ˌɹɑməˈswɑmi/
ramat	/ˈɹæmæt/
rambeau	/ɹəmˈboʊ/
ramberg	/ˈɹæmbɚɡ/
rambert	/ˈɹæmbɚt/
rambin	/ˈɹæmbɪn/
ramble	/ˈɹæmbəl/
rambled	/ˈɹæmbəld/
rambler	/ˈɹæmblɚ/
ramblers	/ˈɹæmblɚz/
rambling	/ˈɹæmblɪŋ/
rambo	/ˈɹæmboʊ/
rambow	/ˈɹæmboʊ/
rambunctious	/ɹæmˈbʌŋkʃəs/
ramel	/ˈɹæməl/
ramella	/ɹəˈmɛlə/
ramer	/ˈɹeɪmɚ/
rameriz	/ɹɑˈmɛɹiz/
rameses	/ˈɹæməˌsiz/
ramesh	/ˈɹɑˌmɛʃ/
ramesses	/ˈɹæməsɪz/
ramey	/ˈɹæmi/
rami	/ˈɹɑmi/
ramification	/ˌɹæməfəˈkeɪʃən/
ramifications	/ˌɹæməfəˈkeɪʃənz/
ramify	/ˈɹæməˌfaɪ/
ramires	/ɹɑˈmɪɹɛs/
ramirez	/ɹəˈmɪɹɛz/
ramiro	/ɹəˈmɪɹoʊ/
ramlawi	/ˌɹæmˈlaʊi/
ramler	/ˈɹæmlɚ/
ramlow	/ˈɹæmˌloʊ/
ramm	/ˈɹæm/
rammed	/ˈɹæmd/
rammel	/ˈɹæməl/
rammer	/ˈɹæmɚ/
ramming	/ˈɹæmɪŋ/
ramo	/ˈɹeɪmoʊ/
ramon	/ɹəˈmoʊn/
ramona	/ɹəˈmoʊnə/
ramonda	/ɹəˈmɑndə/
ramone	/ɹəˈmoʊn/
ramos	/ˈɹɑmoʊs/
ramp	/ˈɹæmp/
rampage	/ˈɹæmˌpeɪdʒ/
rampaged	/ɹæmˈpeɪdʒd/
rampager	/ˈɹæmˌpeɪdʒɚ/
rampages	/ˈɹæmˌpeɪdʒɪz/
rampaging	/ˈɹæmˌpeɪdʒɪŋ/
rampant	/ˈɹæmpənt/
rampart	/ˈɹæmˌpɑɹt/
ramparts	/ˈɹæmˌpɑɹts/
rampell	/ɹæmˈpɛl/
rampey	/ˈɹæmpi/
ramping	/ˈɹæmpɪŋ/
rampley	/ˈɹæmpli/
ramps	/ˈɹæmps/
rampy	/ˈɹæmpi/
ramqvist	/ˈɹæmkˌvɪst/
ramrod	/ˈɹæmˌɹɑd/
rams	/ˈɹæmz/
ramsay	/ˈɹæmzi/
ramsburg	/ˈɹæmsbɚɡ/
ramsdell	/ˈɹæmsdəl/
ramsden	/ˈɹæmsdən/
ramser	/ˈɹæmzɚ/
ramses	/ˈɹæmˌsiz/
ramseur	/ɹəmˈsɝ/
ramsey	/ˈɹæmzi/
ramsey's	/ˈɹæmziz/
ramseyer	/ˈɹæmziɚ/
ramseys	/ˈɹæmziz/
ramshackle	/ˈɹæmˌʃækəl/
ramstad	/ˈɹæmstəd/
ramstein	/ˈɹæmˌstaɪn/
ramtane	/ˈɹæmteɪn/
ramtek	/ˈɹæmˌtɛk/
ramtha	/ˈɹæmθə/
ramthun	/ˈɹæmθən/
ramu	/ˌɹɑˈmu/
ramune	/ˈɹæmˌjun/
ramus	/ˈɹeɪməs/
ramzi	/ˈɹæmzi/
ran	/ˈɹæn/
rana	/ˈɹænə/
ranalli	/ɹəˈnæli/
ranallo	/ɹəˈnæloʊ/
rance	/ˈɹæns/
rance's	/ˈɹænsɪz/
ranch	/ˈɹæntʃ/
ranch's	/ˈɹæntʃɪz/
rancher	/ˈɹæntʃɚ/
ranchera	/ɹɑnˈtʃɛɹə/
ranchero	/ɹɑnˈtʃɛɹoʊ/
ranchers	/ˈɹæntʃɚz/
ranches	/ˈɹæntʃəz/
ranching	/ˈɹæntʃɪŋ/
ranchland	/ˈɹæntʃlənd/
rancho	/ˈɹæntʃoʊ/
rancid	/ˈɹænsɪd/
rancidity	/ɹænˈsɪdɪti/
ranck	/ˈɹæŋk/
ranco	/ˈɹæŋkoʊ/
rancor	/ˈɹæŋkɚ/
rancorous	/ˈɹæŋkɚəs/
rancorousness	/ˈɹæŋkɚəsnɪs/
rancourt	/ɹənˈkɔɹt/
rand	/ˈɹænd/
rand's	/ˈɹændz/
randa	/ˈɹɑndə/
randa's	/ˈɹɑndəz/
randal	/ˈɹændəl/
randall	/ˈɹændəl/
randazzo	/ɹɑnˈdɑzoʊ/
randel	/ˈɹændəl/
randell	/ˈɹænˈdɛl/
rander	/ˈɹændɚ/
randi	/ˈɹændi/
randle	/ˈɹændəl/
randleman	/ˈɹændəlmən/
randles	/ˈɹændəlz/
randlett	/ˈɹændlɪt/
rando	/ˈɹɑndoʊ/
randol	/ˈɹændəl/
randolf	/ˈɹænˌdoʊlf/
randolph	/ˈɹændɑlf/
random	/ˈɹændəm/
randomize	/ˈɹændəˌmaɪz/
randomized	/ˈɹændəˌmaɪzd/
randomly	/ˈɹændəmli/
randomness	/ˈɹændəmnəs/
rands	/ˈɹændz/
randy	/ˈɹændi/
randy's	/ˈɹændiz/
ranee	/ˈɹæˈni/
raneri	/ɹɑˈnɛɹi/
ranes	/ˈɹeɪnz/
raney	/ˈɹeɪni/
ranft	/ˈɹænft/
rang	/ˈɹæŋ/
range	/ˈɹeɪndʒ/
ranged	/ˈɹeɪndʒd/
rangel	/ˈɹænˈdʒɛl/
ranger	/ˈɹeɪndʒɚ/
ranger's	/ˈɹeɪndʒɚz/
rangers	/ˈɹeɪndʒɚz/
rangers'	/ˈɹeɪndʒɚz/
ranges	/ˈɹeɪndʒəz/
ranging	/ˈɹeɪndʒɪŋ/
rangoon	/ɹæŋˈɡun/
rangoon's	/ɹæŋˈɡunz/
rangy	/ˈɹeɪndʒi/
ranh	/ˈɹæn/
rani	/ˈɹɑni/
rania	/ˈɹɑniə/
ranieri	/ˌɹæniˈɛɹi/
rank	/ˈɹæŋk/
ranke	/ˈɹæŋk/
ranked	/ˈɹæŋkt/
ranker	/ˈɹæŋkɚ/
rankers	/ˈɹæŋkɚz/
rankin	/ˈɹæŋkɪn/
rankine	/ˈɹæŋˌkaɪn/
ranking	/ˈɹæŋkɪŋ/
rankings	/ˈɹæŋkɪŋz/
rankins	/ˈɹæŋkɪnz/
rankle	/ˈɹæŋkəl/
rankled	/ˈɹæŋkəld/
rankles	/ˈɹæŋkəlz/
rankling	/ˈɹæŋklɪŋ/
ranks	/ˈɹæŋks/
ranley	/ˈɹænli/
rann	/ˈɹæn/
ranney	/ˈɹæni/
rannow	/ˈɹænoʊ/
rans	/ˈɹænz/
ransack	/ˈɹænˌsæk/
ransacked	/ˈɹænˌsækt/
ransacking	/ˈɹænˌsækɪŋ/
ransall	/ˈɹænsɑl/
ransbottom	/ˈɹænsˌbɑtəm/
ransburg	/ˈɹænzbɚɡ/
ransburg's	/ˈɹænzbɚɡz/
ransdell	/ˈɹænzˈdɛl/
ransford	/ˈɹænsfɚd/
ransier	/ˈɹænsiɚ/
ransley	/ˈɹænsli/
ransom	/ˈɹænsəm/
ransom's	/ˈɹænsəmz/
ransome	/ˈɹænsəm/
ransoms	/ˈɹænsəmz/
ranson	/ˈɹænsən/
ransone	/ˈɹænsən/
rant	/ˈɹænt/
ranta	/ˈɹæntə/
rantala	/ɹɑnˈtɑlə/
ranted	/ˈɹæntɪd/
ranting	/ˈɹæntɪŋ/
rantoul	/ˌɹænˈtul/
rantz	/ˈɹænts/
ranum	/ˈɹænəm/
ranz	/ˈɹænz/
rao	/ˈɹaʊ/
rao's	/ˈɹaʊz/
raoul	/ɹɑˈul/
raoux	/ɹæˈu/
rap	/ˈɹæp/
rapacious	/ɹəˈpæʃɪs/
rapacz	/ˈɹɑpətʃ/
rapanelli	/ˌɹæpəˈnɛli/
rapaport	/ˈɹæpəˌpɔɹt/
rape	/ˈɹeɪp/
raped	/ˈɹeɪpt/
raper	/ˈɹeɪpɚ/
rapers	/ˈɹeɪpɚz/
rapes	/ˈɹeɪps/
rapeseed	/ˈɹeɪpˌsid/
raphael	/ˌɹɑfaɪˈɛl/
raphaela	/ˈɹæfaɪˈɛlə/
raphaelite	/ɹæfˈjɛlaɪt/
raphalian	/ɹəˈfeɪliən/
raphel	/ˈɹæfəl/
rapid	/ˈɹæpəd/
rapidity	/ɹəˈpɪdəti/
rapidly	/ˈɹæpədli/
rapids	/ˈɹæpədz/
rapier	/ˈɹeɪpiɚ/
raping	/ˈɹeɪpɪŋ/
rapist	/ˈɹeɪpɪst/
rapist's	/ˈɹeɪpɪsts/
rapists	/ˈɹeɪpɪsts/
rapkin	/ˈɹæpkɪn/
rapley	/ˈɹæpli/
rapoca	/ɹəˈpoʊkɚ/
rapoport	/ɹəˈpɑpɔɹt/
raposa	/ɹɑˈpoʊsə/
raposo	/ɹɑˈpoʊsoʊ/
rapoza	/ɹɑˈpoʊzə/
rapozo	/ɹɑˈpoʊzoʊ/
rapp	/ˈɹæp/
rappa	/ˈɹæpə/
rappahannock	/ˌɹæpəˈhænək/
rappaport	/ˈɹæpəpɔɹt/
rappe	/ˈɹæp/
rapped	/ˈɹæpt/
rappelling	/ɹəˈpɛlɪŋ/
rapper	/ˈɹæpɚ/
rappers	/ˈɹæpɚz/
rapping	/ˈɹæpɪŋ/
rappold	/ˈɹæˌpoʊld/
rappoport	/ˈɹæpəpɔɹt/
rapport	/ɹæˈpɔɹ/
rapprochement	/ˌɹæˌpɹoʊʃˈmɑn/
raps	/ˈɹæps/
rapson	/ˈɹæpsən/
rapt	/ˈɹæpt/
raptis	/ɹəpˈtis/
raptly	/ˈɹæptli/
raptopoulos	/ɹæpˈtɑpoʊləs/
raptor	/ˈɹæptɚ/
raptorial	/ˌɹæpˈtɔɹiəl/
raptors	/ˈɹæptɚz/
rapture	/ˈɹæptʃɚ/
rapturous	/ˈɹæptʃɚəs/
rapuano	/ɹɑpuˈɑnoʊ/
rapunzel	/ˌɹɑˈpʊzəl/
raquel	/ɹəˈkɛl/
rara	/ˈɹɑɹə/
rardon	/ˈɹɑɹdən/
rare	/ˈɹɛɹ/
rarefied	/ˈɹɛɹəfaɪd/
rarefy	/ˈɹɛɹəfaɪ/
rarely	/ˈɹɛɹli/
rareness	/ˈɹɛɹnɪs/
rarer	/ˈɹɛɹɚ/
rarest	/ˈɹɛɹəst/
rarick	/ˈɹæɹɪk/
raritan	/ˈɹɛɹɪtən/
rarities	/ˈɹɛɹɪtiz/
rarity	/ˈɹɛɹəti/
ras	/ˈɹæs/
rasbury	/ˈɹæsbɛɹi/
rascal	/ˈɹæskəl/
rascals	/ˈɹæskəlz/
rasch	/ˈɹæʃ/
rasche	/ˈɹæʃ/
raschke	/ˈɹæʃk/
rasco	/ˈɹɑskoʊ/
rascoe	/ˈɹæskoʊ/
rascon	/ˈɹæskən/
rase	/ˈɹeɪz/
raser	/ˈɹeɪzɚ/
rasey	/ˈɹæsi/
rash	/ˈɹæʃ/
rashad	/ɹəˈʃɑd/
rasheed	/ɹəˈʃid/
rashes	/ˈɹæʃɪz/
rashid	/ɹəˈʃid/
rasia	/ˈɹɑsiə/
rask	/ˈɹæsk/
raska	/ˈɹɑskə/
raske	/ˈɹeɪsk/
raskin	/ˈɹæskɪn/
raskyn	/ˈɹæskɪn/
rasmin	/ˈɹæsmən/
rasmus	/ˈɹæzmɪs/
rasmuson	/ˈɹæzməsən/
rasmussen	/ˈɹæsməsən/
rasmusson	/ˈɹæzməsən/
rasnake	/ˈɹæsnək/
rasner	/ˈɹæsnɚ/
rasnick	/ˈɹæsnɪk/
raso	/ˈɹɑsoʊ/
rasor	/ˈɹeɪzɚ/
rasorite	/ˈɹæsɚˌaɪt/
rasp	/ˈɹæsp/
raspberries	/ˈɹæzˌbɛɹiz/
raspberry	/ˈɹæzˌbɛɹi/
rasped	/ˈɹæspt/
rasps	/ˈɹæsps/
rasputin	/ɹəspˈjutɪn/
rasputin's	/ɹæspˈjutənz/
raspy	/ˈɹæspi/
rast	/ˈɹæst/
raster	/ˈɹæstɚ/
rasterop	/ˈɹæstɚˌɑp/
rasterops	/ˈɹæstɚˌɑps/
rastetter	/ˈɹeɪstɪtɚ/
rastus	/ˈɹæstəs/
rat	/ˈɹæt/
rat-a-tat	/ˈɹætəˈtæt/
rat's	/ˈɹæts/
rata	/ˈɹætə/
ratajczak	/ˈɹætətʃɛk/
ratatisement	/ˈɹætəˌtaɪzmənt/
ratatisements	/ˈɹætəˌtaɪzmənts/
ratatouille	/ˌɹætəˈtuj/
ratay	/ˈɹæteɪ/
ratchet	/ˈɹætʃət/
ratcheted	/ˈɹætʃətɪd/
ratcheting	/ˈɹætʃətɪŋ/
ratchford	/ˈɹætʃfɚd/
ratcliff	/ˈɹætklɪf/
ratcliffe	/ˈɹætklɪf/
rate	/ˈɹeɪt/
rate's	/ˈɹeɪts/
rated	/ˈɹeɪtɪd/
rateliff	/ˈɹætlɪf/
ratepayer	/ˈɹeɪtˌpeɪɚ/
ratepayers	/ˈɹeɪtˌpeɪɚz/
ratepayers'	/ˈɹeɪtˌpeɪɚz/
rater	/ˈɹeɪtɚ/
raters	/ˈɹeɪtɚz/
rates	/ˈɹeɪts/
rath	/ˈɹæθ/
rathbone	/ˈɹæθˌboʊn/
rathbun	/ˈɹæθbən/
rathburn	/ˈɹæθbɚn/
rathburne	/ˈɹæθbɚn/
rathburne's	/ˈɹæθbɚnz/
rathe	/ˈɹeɪð/
rathel	/ˈɹæθəl/
rather	/ˈɹæðɚ/
rather's	/ˈɹæðɚz/
rathert	/ˈɹæθɚt/
rathfarnham	/ˌɹʌðˈfɑɹnəm/
rathgeber	/ˈɹæθɡɪbɚ/
rathje	/ˈɹæθdʒə/
rathjen	/ˈɹæθdʒən/
rathke	/ˈɹæθkə/
rathman	/ˈɹæθmən/
rathmann	/ˈɹæθmən/
rathskeller	/ˈɹæθˌskɛlɚ/
ratican	/ˈɹætɪkən/
ratieni	/ɹəˈtini/
ratier	/ˈɹeɪtjɚ/
ratification	/ˌɹætəfəˈkeɪʃən/
ratified	/ˈɹætəˌfaɪd/
ratifies	/ˈɹætəˌfaɪz/
ratify	/ˈɹætəˌfaɪ/
ratifying	/ˈɹætəˌfaɪɪŋ/
rating	/ˈɹeɪtɪŋ/
ratings	/ˈɹeɪtɪŋz/
ratio	/ˈɹeɪʃiˌoʊ/
ration	/ˈɹæʃən/
rational	/ˈɹæʃənəl/
rationale	/ˌɹæʃəˈnæl/
rationales	/ˌɹæʃəˈnælz/
rationality	/ˌɹæʃəˈnælɪti/
rationalization	/ˌɹæʃənəlɪˈzeɪʃən/
rationalizations	/ˌɹæʃənəlɪˈzeɪʃənz/
rationalize	/ˈɹæʃənəˌlaɪz/
rationalized	/ˈɹæʃənəˌlaɪzd/
rationalizing	/ˈɹæʃənəˌlaɪzɪŋ/
rationally	/ˈɹæʃənəli/
rationed	/ˈɹæʃənd/
rationing	/ˈɹæʃənɪŋ/
rations	/ˈɹæʃənz/
ratios	/ˈɹeɪʃiˌoʊz/
ratko	/ˈɹætkoʊ/
ratkovich	/ˈɹɑtkəvɪtʃ/
ratkowski	/ɹətˈkɔfski/
ratledge	/ˈɹætlɪdʒ/
ratley	/ˈɹætli/
ratliff	/ˈɹætlɪf/
ratliffe	/ˈɹætlɪf/
ratliffe's	/ˈɹætlɪfs/
ratner	/ˈɹætnɚ/
ratners	/ˈɹætnɚz/
raton	/ɹəˈtoʊn/
rats	/ˈɹæts/
rattan	/ɹæˈtæn/
rattatouille	/ɹætəˈtui/
ratte	/ˈɹæt/
ratterman	/ˈɹætɚmən/
ratterree	/ˈɹætɚˈi/
rattigan	/ˈɹætɪɡən/
rattigan's	/ˈɹætɪɡənz/
rattle	/ˈɹætəl/
rattled	/ˈɹætəld/
rattler	/ˈɹætəlɚ/
rattles	/ˈɹætəlz/
rattlesnake	/ˈɹætəlˌsneɪk/
rattlesnakes	/ˈɹætəlˌsneɪks/
rattling	/ˈɹætlɪŋ/
rattner	/ˈɹætnɚ/
rattray	/ˈɹætɹeɪ/
ratts	/ˈɹæts/
ratty	/ˈɹæti/
ratu	/ɹɑˈtu/
ratz	/ˈɹæts/
ratzinger	/ˈɹætˌsɪŋɚ/
ratzlaff	/ˈɹætzləf/
rau	/ˈɹaʊ/
raub	/ˈɹɔb/
rauber	/ˈɹaʊbɚ/
raucci	/ˈɹɔtʃi/
rauch	/ˈɹɔtʃ/
raucher	/ˈɹɔtʃɚ/
raucher's	/ˈɹɔtʃɚz/
raucous	/ˈɹɔkəs/
raudabaugh	/ˈɹɔdəbɔ/
raudenbush	/ˈɹaʊdɪnbʊʃ/
rauen	/ˈɹaʊən/
rauer	/ˈɹaʊɚ/
rauh	/ˈɹɔ/
raul	/ˈɹɔl/
raulerson	/ˈɹɔlɚsən/
rauls	/ɹɑˈulz/
raulston	/ˈɹɔlstən/
raum	/ˈɹɔm/
raun	/ˈɹɔn/
raunchy	/ˈɹɔntʃi/
raup	/ˈɹɔp/
raupp	/ˈɹɔp/
rausch	/ˈɹaʊʃ/
rauschenberg	/ˈɹaʊʃənbɚɡ/
rauscher	/ˈɹaʊʃɚ/
rauser	/ˈɹaʊsɚ/
raut	/ˈɹaʊt/
rautenberg	/ˈɹaʊtənbɚɡ/
rauth	/ˈɹɔθ/
rautio	/ˈɹaʊtioʊ/
ravage	/ˈɹævɪdʒ/
ravaged	/ˈɹævɪdʒd/
ravages	/ˈɹævɪdʒɪz/
ravaging	/ˈɹævɪdʒɪŋ/
ravan	/ˈɹeɪvən/
rave	/ˈɹeɪv/
raved	/ˈɹeɪvd/
ravel	/ˈɹævəl/
ravel's	/ɹəˈvɛlz/
raveled	/ˈɹævəld/
raveling	/ˈɹævəlɪŋ/
ravelo	/ɹɑˈvɛloʊ/
raven	/ˈɹeɪvən/
ravenel	/ˈɹævɪnɛl/
ravenell	/ˈɹævɪnɛl/
ravenna	/ɹəˈvɛnə/
ravenous	/ˈɹævənəs/
ravens	/ˈɹeɪvənz/
ravenscraft	/ˈɹeɪvənzˌkɹæft/
ravenscroft	/ˈɹeɪvənzˌkɹɔft/
ravenswood	/ˈɹeɪvənzˌwʊd/
raver	/ˈɹeɪvɚ/
raves	/ˈɹeɪvz/
ravi	/ˌɹɑˈvi/
ravi's	/ˌɹɑˈvis/
ravin	/ˈɹævɪn/
ravin's	/ˈɹævɪnz/
ravindran	/ˈɹɑˌvɪndɹən/
ravine	/ɹəˈvin/
ravines	/ɹəˈvinz/
raving	/ˈɹeɪvɪŋ/
ravinous	/ˈɹeɪvɪnɪs/
ravinus	/ˈɹeɪvənɪs/
ravioli	/ˌɹæviˈoʊli/
ravishankar	/ˌɹɑviˈʃɑŋˌkɑɹ/
ravishing	/ˈɹævɪʃɪŋ/
ravitch	/ˈɹævɪtʃ/
ravitz	/ˈɹævɪts/
raw	/ˈɹɑ/
rawalpindi	/ˌɹæwɔlˈpɪndi/
rawding	/ˈɹɔdɪŋ/
rawdon	/ˈɹɔdən/
rawe	/ˈɹɔ/
rawest	/ˈɹɑəst/
rawhide	/ˈɹɔˌhaɪd/
rawl	/ˈɹɔl/
rawles	/ˈɹɔlz/
rawley	/ˈɹɔli/
rawling	/ˈɹɔlɪŋ/
rawlings	/ˈɹɔlɪŋz/
rawlins	/ˈɹɔlɪnz/
rawlinson	/ˈɹɔlɪnsən/
rawls	/ˈɹɔlz/
rawness	/ˈɹɔnɪs/
rawski	/ˈɹɔˌski/
rawson	/ˈɹɔsən/
rax	/ˈɹæks/
raxter	/ˈɹækstɚ/
ray	/ˈɹeɪ/
ray's	/ˈɹeɪz/
raya	/ˈɹeɪə/
raybon	/ˈɹeɪbən/
rayborn	/ˈɹeɪbɚn/
raybould	/ˈɹeɪˌboʊld/
raybourn	/ɹeɪˈbʊɹn/
raybuck	/ˈɹeɪˌbʌk/
rayburn	/ˈɹeɪbɚn/
rayburn's	/ˈɹeɪˌbɝnz/
raychem	/ˈɹeɪˌkɛm/
raycon	/ˈɹeɪkən/
raycraft	/ˈɹeɪˌkɹæft/
raye	/ˈɹeɪ/
rayed	/ˈɹeɪd/
rayfield	/ˈɹeɪˌfild/
rayford	/ˈɹeɪfɚd/
raygoza	/ˌɹeɪˈɡoʊzə/
rayl	/ˈɹeɪl/
rayle	/ˈɹeɪl/
rayman	/ˈɹeɪmən/
raymark	/ˈɹeɪˌmɑɹk/
raymark's	/ˈɹeɪˌmɑɹks/
rayment	/ˈɹeɪmənt/
raymer	/ˈɹeɪmɚ/
raymo	/ˈɹeɪmoʊ/
raymond	/ˈɹeɪmənd/
raymonda	/ˌɹeɪˈmɑndə/
raymund	/ˈɹeɪmənd/
raymundo	/ˌɹeɪˈmʌndoʊ/
raynard	/ˈɹeɪnɚd/
rayne	/ˈɹeɪn/
rayner	/ˈɹeɪnɚ/
raynes	/ˈɹeɪnz/
raynet	/ˈɹeɪˌnɛt/
rayno	/ˈɹeɪnoʊ/
raynor	/ˈɹeɪnɚ/
rayon	/ˈɹeɪən/
rayonier	/ˌɹeɪoʊˈnɪɹ/
rayos	/ˈɹeɪoʊz/
rayovac	/ˈɹeɪəvæk/
rayrock	/ˈɹeɪˌɹɑk/
rays	/ˈɹeɪz/
rayson	/ˈɹeɪzən/
raysor	/ˈɹeɪsɚ/
raytech	/ˈɹeɪˌtɛk/
raytheon	/ˈɹeɪθiɑn/
raytheon's	/ˈɹeɪθiɑnz/
raz	/ˈɹæz/
raza	/ˈɹæzə/
razaleigh	/ˈɹæzəˌli/
raze	/ˈɹeɪz/
razed	/ˈɹeɪzd/
razing	/ˈɹeɪzɪŋ/
razo	/ˈɹɑzoʊ/
razor	/ˈɹeɪzɚ/
razor's	/ˈɹeɪzɚz/
razorback	/ˈɹeɪzɚˌbæk/
razorback's	/ˈɹeɪzɚˌbæks/
razorbacks	/ˈɹeɪzɚˌbæks/
razors	/ˈɹeɪzɚz/
razr	/ˈɹæzɹ/
razzano	/ɹɑtˈsɑnoʊ/
razzle	/ˈɹæzəl/
razzmatazz	/ˈɹæzməˈtæz/
rca	/ˌɑɹˌsiˈeɪ/
re	/ˈɹeɪ/
re-entered	/ˌɹiˈɛntɚd/
re's	/ˈɹeɪz/
rea	/ˈɹeɪ/
rea's	/ˈɹeɪz/
reabsorb	/ˌɹiəbˈzɔɹb/
reabsorbed	/ˌɹiəbˈzɔɹbd/
reach	/ˈɹitʃ/
reachable	/ˈɹitʃəbəl/
reached	/ˈɹitʃt/
reaches	/ˈɹitʃəz/
reaching	/ˈɹitʃɪŋ/
reacquire	/ɹiəˈkwaɪɹ/
reacquired	/ɹiəˈkwaɪɹd/
react	/ɹiˈækt/
reacted	/ɹiˈæktɪd/
reacting	/ɹiˈæktɪŋ/
reaction	/ɹiˈækʃən/
reactionaries	/ɹiˈækʃəˌnɛɹiz/
reactionary	/ɹiˈækʃəˌnɛɹi/
reactions	/ɹiˈækʃənz/
reactivate	/ˈɹiˈæktəˌveɪt/
reactivated	/ˈɹiˈæktəˌveɪtɪd/
reactivating	/ˈɹiˈæktɪˌveɪtɪŋ/
reactive	/ɹiˈæktɪv/
reactivity	/ˌɹiˌækˈtɪvəti/
reactor	/ɹiˈæktɚ/
reactor's	/ɹiˈæktɚz/
reactors	/ɹiˈæktɚz/
reacts	/ɹiˈækts/
read	/ˈɹɛd/
read's	/ˈɹidz/
readability	/ˌɹidəˈbɪlɪti/
readable	/ˈɹidəbəl/
reade	/ˈɹɛd/
reader	/ˈɹidɚ/
reader's	/ˈɹidɚz/
readerman	/ˈɹidɚmən/
readers	/ˈɹidɚz/
readers'	/ˈɹidɚz/
readership	/ˈɹidɚˌʃɪp/
readied	/ˈɹɛdid/
readier	/ˈɹɛdiɚ/
readies	/ˈɹɛdiz/
readily	/ˈɹɛdəli/
readiness	/ˈɹɛdinəs/
reading	/ˈɹidɪŋ/
readinger	/ˈɹɛdɪŋɚ/
readings	/ˈɹidɪŋz/
readjust	/ˌɹiəˈdʒʌst/
readjusted	/ˌɹiəˈdʒʌstɪd/
readjusting	/ˌɹiəˈdʒʌstɪŋ/
readjustment	/ɹiəˈdʒʌstmənt/
readjustments	/ɹiəˈdʒʌstmənts/
readmission	/ˌɹiædˈmɪʃən/
readmit	/ˌɹiədˈmɪt/
readmitted	/ˌɹiədˈmɪtɪd/
readout	/ˈɹiˌdaʊt/
reads	/ˈɹidz/
readus	/ˈɹɛdɪs/
ready	/ˈɹɛdi/
readying	/ˈɹɛdiɪŋ/
reaffiliation	/ɹiəˌfɪliˈeɪʃən/
reaffirm	/ˌɹiəˈfɝm/
reaffirmation	/ˌɹiæfɚˈmeɪʃən/
reaffirmed	/ˌɹiəˈfɝmd/
reaffirming	/ˌɹiəˈfɝmɪŋ/
reaffirms	/ˌɹiəˈfɝmz/
reagan	/ˈɹeɪɡən/
reagan's	/ˈɹeɪɡənz/
reaganesque	/ˈɹeɪɡəˈnɛsk/
reaganism	/ˈɹeɪɡəˌnɪzəm/
reaganite	/ˈɹeɪɡəˌnaɪt/
reaganites	/ˈɹeɪɡəˌnaɪts/
reaganomics	/ˌɹeɪɡəˈnɑmɪks/
reagans	/ˈɹeɪɡənz/
reagans'	/ˈɹeɪɡənz/
reagen	/ˈɹiɡən/
reagent	/ɹiˈeɪdʒənt/
reagents	/ɹiˈeɪdʒənts/
reagle	/ˈɹiɡəl/
reagor	/ˈɹiɡɚ/
real	/ˈɹil/
real-estate	/ˈɹilɪˌsteɪt/
real-life	/ˈɹilˌlaɪf/
real-time	/ˈɹilˌtaɪm/
real-world	/ˈɹilˌwɝld/
realamerica	/ˌɹiləˈmɛɹɪkə/
realcap	/ˈɹilˌkæp/
reale	/ˈɹiˌæl/
realestate	/ˈɹilɪˌsteɪt/
reali	/ˈɹili/
realign	/ɹiəˈlaɪn/
realigned	/ɹiəˈlaɪnd/
realigning	/ɹiəˈlaɪnɪŋ/
realignment	/ɹiəˈlaɪnmənt/
realignments	/ɹiəˈlaɪnmənts/
realisable	/ˌɹiəˈlaɪzəbəl/
realisation	/ˈɹiləˈzeɪʃən/
realisations	/ˈɹiləˈzeɪʃənz/
realise	/ˈɹiəˌlaɪz/
realised	/ˈɹiəˌlaɪzd/
realises	/ˈɹiəˌlaɪzɪz/
realism	/ˈɹiəlɪzm/
realist	/ˈɹiəlɪst/
realistic	/ˌɹiəˈlɪstɪk/
realistically	/ˌɹiəˈlɪstɪkli/
realists	/ˈɹiəlɪsts/
realities	/ˌɹiˈæləˌtiz/
reality	/ˌɹiˈæləˌti/
realizable	/ˌɹiəˈlaɪzəbəl/
realization	/ˈɹiləˈzeɪʃən/
realizations	/ˈɹiləˈzeɪʃənz/
realize	/ˈɹiəˌlaɪz/
realized	/ˈɹiəˌlaɪzd/
realizes	/ˈɹiəˌlaɪzɪz/
realizing	/ˈɹiəˌlaɪzɪŋ/
reallocate	/ɹiˈæləkeɪt/
reallocated	/ˌɹiˈæləˌkeɪtɪd/
reallocating	/ɹiˈæləˌkeɪtɪŋ/
reallocation	/ɹiˌæləˈkeɪʃən/
reallowance	/ˈɹiəˈlaʊəns/
really	/ˈɹɪli/
realm	/ˈɹɛlm/
realms	/ˈɹɛlmz/
realmuto	/ɹəlˈmutoʊ/
realpolitik	/ˌɹilˌpɔlɪˈtɪk/
realtime	/ˈɹiəlˌtaɪm/
realtor	/ˈɹiəltɚ/
realtor's	/ˈɹiəltɚz/
realtors	/ˈɹiəltɚz/
realty	/ˈɹiəlˌti/
realty's	/ˈɹiəlˌtiz/
ream	/ˈɹim/
reamer	/ˈɹimɚ/
reamer's	/ˈɹimɚz/
reamers	/ˈɹimɚz/
reames	/ˈɹimz/
reams	/ˈɹimz/
reamy	/ˈɹimi/
reanalyze	/ɹiˈænəˌlaɪz/
reanalyzed	/ɹiˈænəˌlaɪzd/
reanalyzes	/ɹiˈænəˌlaɪzəz/
reanalyzing	/ɹiˈænəˌlaɪzɪŋ/
reaney	/ˈɹini/
reap	/ˈɹip/
reaped	/ˈɹipt/
reaper	/ˈɹipɚ/
reaping	/ˈɹipɪŋ/
reappear	/ˌɹiəˈpɪɹ/
reappearance	/ˌɹiəˈpɪɹəns/
reappeared	/ˌɹiəˈpɪɹd/
reappears	/ˌɹiəˈpɪɹz/
reapply	/ˌɹiəplaɪ/
reappoint	/ˌɹiəˈpɔɪnt/
reappointed	/ˌɹiəˈpɔɪntɪd/
reappointment	/ˌɹiəˈpɔɪntmənt/
reapportionment	/ˌɹiəˈpɔɹʃənmənt/
reappraisal	/ˌɹiəˈpɹeɪzəl/
reappraise	/ˌɹiəˈpɹeɪz/
reappraised	/ɹiəˈpɹeɪzd/
reaps	/ˈɹips/
rear	/ˈɹɪɹ/
rearden	/ˈɹɪɹdən/
reardon	/ˈɹɪɹdən/
reared	/ˈɹɪɹd/
rearick	/ˈɹɪɹɪk/
rearing	/ˈɹɪɹɪŋ/
rearm	/ˈɹiˈɑɹm/
rearmament	/ɹiˈɑɹməmənt/
rearming	/ˈɹiˈɑɹmɪŋ/
rearrange	/ˌɹiɚˈeɪndʒ/
rearranged	/ˌɹiɚˈeɪndʒd/
rearrangement	/ɹiɚˈeɪndʒmənt/
rearranging	/ˌɹiɚˈeɪndʒɪŋ/
rearrest	/ɹiɚˈɛst/
rearrested	/ɹiɚˈɛstɪd/
rears	/ˈɹɪɹz/
rearview	/ˈɹɪɹvju/
reas	/ˈɹiz/
rease	/ˈɹis/
reaser	/ˈɹisɚ/
reasner	/ˈɹisnɚ/
reason	/ˈɹizən/
reasonable	/ˈɹizənəbəl/
reasonableness	/ˈɹizənəˌbʌlnəs/
reasonably	/ˈɹizənəbli/
reasoned	/ˈɹizənd/
reasoner	/ˈɹizənɚ/
reasoner's	/ˈɹizənɚz/
reasoning	/ˈɹizənɪŋ/
reasonover	/ˈɹizəˌnoʊvɚ/
reasons	/ˈɹizənz/
reasor	/ˈɹisɚ/
reassemble	/ˌɹiəˈsɛmbəl/
reassembled	/ˌɹiəˈsɛmbəld/
reassembly	/ˌɹiəˈsɛmbli/
reassert	/ˌɹiəˈsɝt/
reasserted	/ˌɹiəˈsɝtɪd/
reasserting	/ˌɹiəˈsɝtɪŋ/
reassertion	/ˌɹiəˈsɝʃən/
reasserts	/ˌɹiəˈsɝts/
reassess	/ɹiəˈsɛs/
reassessed	/ɹiəˈsɛst/
reassessing	/ɹiəˈsɛsɪŋ/
reassessment	/ˌɹiəˈsɛsmənt/
reassign	/ˌɹiəˈsaɪn/
reassigned	/ˌɹiəˈsaɪnd/
reassigning	/ˌɹiəˈsaɪnɪŋ/
reassignment	/ɹiəˈsaɪnmənt/
reassignments	/ˌɹiəˈsaɪnmənts/
reassume	/ɹiəˈsum/
reassumed	/ɹiəˈsumd/
reassurance	/ˌɹiəˈʃʊɹəns/
reassurances	/ˌɹiəˈʃɝənsɪz/
reassure	/ˌɹiəˈʃʊɹ/
reassured	/ˌɹiəˈʃʊɹd/
reassures	/ˌɹiəˈʃʊɹz/
reassuring	/ˌɹiəˈʃʊɹɪŋ/
reassuringly	/ɹiəˈʃɝɪŋli/
reatta	/ˌɹiˈɑtə/
reattach	/ˈɹiəˈtætʃ/
reattached	/ˈɹiəˈtætʃt/
reaume	/ˈɹum/
reauthorization	/ɹiˌɔθɚɪˈzeɪʃən/
reauthorize	/ɹiˈɔθɚˌaɪz/
reauthorized	/ɹiˈɔθɚˌaɪzd/
reauthorizing	/ɹiˈɔθɚˌaɪzɪŋ/
reaux	/ˈɹoʊ/
reave	/ˈɹiv/
reaver	/ˈɹivɚ/
reaver's	/ˈɹivɚz/
reaves	/ˈɹivz/
reavis	/ˈɹivɪs/
reawaken	/ˌɹiəˈweɪkən/
reawakened	/ˌɹiəˈweɪkənd/
reawakening	/ˌɹiəˈweɪkənɪŋ/
reay	/ˈɹeɪ/
reba	/ˈɹibə/
reback	/ˈɹibæk/
rebalancing	/ɹiˈbælənsɪŋ/
rebar	/ˈɹiˌbɑɹ/
rebate	/ˈɹiˌbeɪt/
rebated	/ˈɹiˌbeɪtɪd/
rebates	/ˈɹiˌbeɪts/
rebbe	/ˈɹibə/
rebbe's	/ˈɹibəz/
rebecca	/ɹəˈbɛkə/
rebecca's	/ɹəˈbɛkəz/
rebeck	/ˈɹibɛk/
rebeka	/ɹɪˈbikə/
rebekka	/ɹɪˈbɛkə/
rebel	/ˈɹɛbəl/
rebel's	/ˈɹɛbəlz/
rebelled	/ɹɪˈbɛld/
rebelling	/ɹɪˈbɛlɪŋ/
rebellion	/ɹɪˈbɛljən/
rebellion's	/ɹɪˈbɛljənz/
rebellions	/ɹɪˈbɛljənz/
rebellious	/ɹɪˈbɛljəs/
rebelliousness	/ɹəˈbɛliəsnəs/
rebello	/ɹɛˈbɛloʊ/
rebelo	/ɹɛˈbɛloʊ/
rebels	/ˈɹɛbəlz/
rebels'	/ˈɹɛbəlz/
reber	/ˈɹɛbɚ/
rebert	/ˈɹɛbɚt/
rebholz	/ˈɹɛbhoʊlz/
rebid	/ɹiˈbɪd/
rebirth	/ɹiˈbɝθ/
rebirths	/ɹiˈbɝθs/
rebman	/ˈɹɛbmən/
rebmann	/ˈɹɛbmən/
rebo	/ˈɹiboʊ/
reboard	/ɹiˈbɔɹd/
rebook	/ɹiˈbʊk/
rebooked	/ɹiˈbʊkt/
reboot	/ɹiˈbut/
reboots	/ɹiˈbuts/
reborn	/ˈɹiˈbɔɹn/
rebound	/ɹiˈbaʊnd/
rebounded	/ɹiˈbaʊndɪd/
rebounding	/ɹiˈbaʊndɪŋ/
rebounds	/ˈɹiˌbaʊndz/
rebroadcast	/ɹiˈbɹɔdˌkæst/
rebstock	/ˈɹɛbˌstɑk/
rebuck	/ˈɹɛbək/
rebuff	/ɹɪˈbʌf/
rebuffed	/ɹɪˈbʌft/
rebuffing	/ɹiˈbʌfɪŋ/
rebuffs	/ɹiˈbʌfs/
rebuild	/ɹiˈbɪld/
rebuilder	/ɹiˈbɪldɚ/
rebuilders	/ɹiˈbɪldɚz/
rebuilding	/ɹiˈbɪldɪŋ/
rebuilds	/ɹiˈbɪldz/
rebuilt	/ɹiˈbɪlt/
rebuke	/ɹibˈjuk/
rebuked	/ɹɪbˈjukt/
rebukes	/ɹibˈjuks/
rebuking	/ɹibˈjukɪŋ/
rebus	/ˈɹibəs/
rebut	/ɹɪˈbʌt/
rebuttal	/ɹɪˈbʌtəl/
rebuttals	/ɹɪˈbʌtəlz/
rebutted	/ɹɪˈbʌtɪd/
rebutting	/ɹɪˈbʌtɪŋ/
rec	/ˈɹɛk/
recadi	/ɹɪˈkædi/
recalcitrance	/ɹɪˈkælsətɹəns/
recalcitrant	/ɹɪˈkælsɪtɹənt/
recalculate	/ɹiˈkælkjəˌleɪt/
recalculated	/ɹiˈkælkjəˌleɪtɪd/
recalculating	/ɹiˈkælkjəˌleɪtɪŋ/
recalculation	/ɹiˌkælkjəˈleɪʃən/
recall	/ˈɹiˌkɔl/
recalled	/ɹɪˈkɔld/
recalling	/ɹɪˈkɔlɪŋ/
recalls	/ˈɹiˌkɔlz/
recant	/ɹiˈkænt/
recantation	/ˌɹɛkənˈteɪʃən/
recanted	/ɹiˈkæntɪd/
recanting	/ɹəˈkæntɪŋ/
recap	/ˈɹiˌkæp/
recapitalization	/ˌɹiˌkæpɪtəlɪˈzeɪʃən/
recapitalizations	/ɹiˌkæpətələˈzeɪʃənz/
recapitalize	/ˌɹiˈkæpɪtəˌlaɪz/
recapitalized	/ˌɹiˈkæpɪtəˌlaɪzd/
recapitalizing	/ˌɹiˈkæpɪtəˌlaɪzɪŋ/
recapitulate	/ˌɹikəˈpɪtʃəˌleɪt/
recapitulates	/ˌɹikəˈpɪtʃəˌleɪts/
recapped	/ɹiˈkæpt/
recapping	/ɹiˈkæpɪŋ/
recaps	/ˈɹiˌkæps/
recapture	/ɹiˈkæptʃɚ/
recaptured	/ɹiˈkæptʃɚd/
recapturing	/ɹiˈkæptʃɚɪŋ/
recarey	/ɹiˈkɛɹi/
recast	/ɹiˈkæst/
recasting	/ɹiˈkæstɪŋ/
recchia	/ˈɹɛkiə/
recede	/ɹɪˈsid/
receded	/ɹəˈsidɪd/
recedes	/ɹiˈsidz/
receding	/ɹɪˈsidɪŋ/
receipt	/ɹɪˈsit/
receipts	/ɹɪˈsits/
receivable	/ɹɪˈsivəbəl/
receivables	/ɹɪˈsivəbəlz/
receive	/ɹəˈsiv/
received	/ɹəˈsivd/
receiver	/ɹəˈsivɚ/
receivers	/ɹəˈsivɚz/
receivership	/ɹɪˈsivɚˌʃɪp/
receiverships	/ɹɪˈsivɚˌʃɪps/
receives	/ɹəˈsivz/
receiving	/ɹəˈsivɪŋ/
recent	/ˈɹisənt/
recently	/ˈɹisəntli/
receptacle	/ɹəˈsɛptəkəl/
receptacles	/ɹɪˈsɛptɪkəlz/
receptech	/ˈɹiˌsɛpˈtɛk/
reception	/ɹɪˈsɛpʃən/
receptionist	/ɹɪˈsɛpʃənɪst/
receptionists	/ɹɪˈsɛpʃənɪsts/
receptions	/ɹɪˈsɛpʃənz/
receptive	/ɹɪˈsɛptɪv/
receptivity	/ˈɹiˌsɛpˈtɪvɪti/
receptor	/ɹiˈsɛptɚ/
receptors	/ɹəˈsɛptɚz/
recertification	/ˌɹisɚtəfəˈkeɪʃən/
recertified	/ɹiˈsɝtɪfaɪd/
recertify	/ɹiˈsɝtəfaɪ/
recertifying	/ɹiˈsɝtəfaɪɪŋ/
recess	/ɹɪˈsɛs/
recessed	/ɹɪˈsɛst/
recesses	/ˈɹisɛsəz/
recessing	/ˌɹiˈsɛsɪŋ/
recession	/ɹɪˈsɛʃən/
recession's	/ˌɹiˈsɛʃənz/
recessionary	/ɹiˈsɛʃəˌnɛɹi/
recessions	/ɹɪˈsɛʃənz/
recessive	/ɹəˈsɛsɪv/
rech	/ˈɹɛk/
recharge	/ɹiˈtʃɑɹdʒ/
rechargeable	/ɹiˈtʃɑɹdʒəbəl/
recharged	/ɹiˈtʃɑɹdʒd/
recharging	/ɹiˈtʃɑɹdʒɪŋ/
recheck	/ˈɹiˈtʃɛk/
rechecked	/ɹiˈtʃɛkt/
rechristen	/ˈɹiˈkɹɪsən/
rechristened	/ˈɹiˈkɹɪsənd/
recht	/ˈɹɛkt/
recidivism	/ɹəˈsɪdɪˌvɪzəm/
recidivist	/ɹəˈsɪdɪˌvɪst/
recidivists	/ɹəˈsɪdɪˌvɪsts/
recine	/ɹɛˈtʃini/
recio	/ˈɹɛtʃioʊ/
recipe	/ˈɹɛsəpi/
recipe's	/ˈɹɛsəpiz/
recipes	/ˈɹɛsəpiz/
recipient	/ɹəˈsɪpiənt/
recipient's	/ɹɪˈsɪpiənts/
recipients	/ɹɪˈsɪpiənts/
recipients'	/ɹɪˈsɪpiənts/
reciprocal	/ɹɪˈsɪpɹəkəl/
reciprocant	/ɹiˈsɪpɹəkənt/
reciprocants	/ɹiˈsɪpɹəkənts/
reciprocate	/ɹɪˈsɪpɹəˌkeɪt/
reciprocated	/ɹɪˈsɪpɹəˌkeɪtɪd/
reciprocates	/ɹɪˈsɪpɹəˌkeɪts/
reciprocating	/ɹɪˈsɪpɹəˌkeɪtɪŋ/
reciprocity	/ˌɹɛsɪˈpɹɑsɪti/
recision	/ɹɪˈsɪʒən/
recisions	/ɹɪˈsɪʒənz/
recission	/ɹəˈsɪʃən/
recital	/ɹəˈsaɪtəl/
recitals	/ɹɪˈsaɪtəlz/
recitation	/ˌɹɛsəˈteɪʃən/
recitations	/ˌɹɛsɪˈteɪʃənz/
recitatives	/ˌɹɛsətəˈtivz/
recite	/ɹəˈsaɪt/
recited	/ɹəˈsaɪtɪd/
recites	/ɹiˈsaɪts/
reciting	/ɹiˈsaɪtɪŋ/
reck	/ˈɹɛk/
reckard	/ˈɹɛkɚd/
recker	/ˈɹɛkɚ/
reckitt	/ˈɹɛkɪt/
reckless	/ˈɹɛkləs/
recklessly	/ˈɹɛkləsli/
recklessness	/ˈɹɛkləsnəs/
reckner	/ˈɹɛknɚ/
reckon	/ˈɹɛkən/
reckoned	/ˈɹɛkənd/
reckoning	/ˈɹɛkənɪŋ/
reckons	/ˈɹɛkənz/
recktenwald	/ˌɹɪkˈtɛnwəld/
reclaim	/ɹiˈkleɪm/
reclaimed	/ɹiˈkleɪmd/
reclaimer	/ɹiˈkleɪmɚ/
reclaimer's	/ɹiˈkleɪmɚz/
reclaiming	/ɹiˈkleɪmɪŋ/
reclamation	/ˌɹɛkləˈmeɪʃən/
reclassification	/ɹiˌklæsəfəˈkeɪʃən/
reclassified	/ɹiˈklæsəˌfaɪd/
reclassify	/ɹiˈklæsɪˌfaɪ/
reclassifying	/ɹiˈklæsɪˌfaɪɪŋ/
recline	/ɹɪˈklaɪn/
reclined	/ɹɪˈklaɪnd/
recliner	/ɹɪˈklaɪnɚ/
reclines	/ɹɪˈklaɪnz/
reclining	/ɹɪˈklaɪnɪŋ/
recluse	/ɹɪˈklus/
reclusive	/ɹɪˈklusɪv/
reco	/ˈɹɛkoʊ/
recognise	/ˈɹɛkəɡˌnaɪz/
recognised	/ˈɹɛkəɡˌnaɪzd/
recognises	/ˈɹɛkəɡˌnaɪzɪz/
recognising	/ˈɹɛkəɡˌnaɪzɪŋ/
recognition	/ˌɹɛkəɡˈnɪʃən/
recognition's	/ˌɹɛkɪɡˈnɪʃənz/
recognizable	/ˌɹɛkəɡˈnaɪzəbəl/
recognizably	/ˈɹɛkəɡˌnaɪzəbli/
recognizance	/ɹɪˈkɑnəzəns/
recognize	/ˈɹɛkəɡˌnaɪz/
recognized	/ˈɹɛkəɡˌnaɪzd/
recognizes	/ˈɹɛkəɡˌnaɪzəz/
recognizing	/ˈɹɛkəɡˌnaɪzɪŋ/
recoil	/ɹiˈkɔɪl/
recoiled	/ɹiˈkɔɪld/
recoils	/ɹiˈkɔɪlz/
recollect	/ˌɹɛkəˈlɛkt/
recollected	/ˌɹɛkəˈlɛktɪd/
recollecting	/ˌɹɛkəˈlɛktɪŋ/
recollection	/ˌɹɛkəˈlɛkʃən/
recollections	/ˌɹɛkəˈlɛkʃənz/
recollects	/ˌɹɛkəˈlɛkts/
recombinant	/ɹɪˈkɑmbɪnənt/
recombination	/ɹiˌkɑmbɪˈneɪʃən/
recombine	/ˌɹikəmˈbaɪn/
recommend	/ˌɹɛkəˈmɛnd/
recommendation	/ˌɹɛkəmənˈdeɪʃən/
recommendations	/ˌɹɛkəmənˈdeɪʃənz/
recommended	/ˌɹɛkəˈmɛndɪd/
recommending	/ˌɹɛkəˈmɛndɪŋ/
recommends	/ˌɹɛkəˈmɛndz/
recommit	/ɹɪˈkɑmɪt/
recommited	/ɹɪˈkɑˌmɪtɪd/
recommits	/ɹɪˈkɑmɪts/
recommitted	/ˌɹikəˈmɪtɪd/
recompense	/ˈɹɛkəmˌpɛns/
recon	/ˈɹikɔn/
reconcile	/ˈɹɛkənˌsaɪl/
reconciled	/ˈɹɛkənˌsaɪld/
reconciles	/ˈɹɛkənˌsaɪlz/
reconciliation	/ˌɹɛkənˌsɪliˈeɪʃən/
reconciliations	/ˌɹɛkənˌsɪliˈeɪʃənz/
reconciling	/ˈɹɛkənˌsaɪlɪŋ/
recondite	/ˈɹɛkənˌdaɪt/
recondition	/ˌɹikənˈdɪʃən/
reconditioned	/ˌɹikənˈdɪʃənd/
reconditioning	/ˌɹikənˈdɪʃənɪŋ/
reconfiguration	/ɹikənˌfɪɡjɚˈeɪʃən/
reconfigure	/ˌɹikənˈfɪɡjɚ/
reconfigured	/ˌɹikənˈfɪɡjɚd/
reconfirm	/ˌɹikənˈfɝm/
reconfirmation	/ˌɹiˌkɑnfɚˈmeɪʃən/
reconfirmed	/ˌɹikənˈfɝmd/
reconnaissance	/ɹiˈkɑnəsəns/
reconnect	/ɹikəˈnɛkt/
reconnected	/ɹikəˈnɛktɪd/
reconnecting	/ɹikəˈnɛktɪŋ/
reconnects	/ɹikəˈnɛkts/
reconnoiter	/ˌɹikəˈnɔɪtɚ/
reconnoitre	/ˌɹikəˈnɔɪtɚ/
reconquer	/ɹiˈkɔŋkɚ/
reconquered	/ɹiˈkɔŋkɚd/
reconsider	/ˌɹikənˈsɪdɚ/
reconsideration	/ɹikənˌsɪdɚˈeɪʃən/
reconsidered	/ˌɹikənˈsɪdɚd/
reconsidering	/ˌɹikənˈsɪdɚɪŋ/
reconstitute	/ɹiˈkɑnstəˌtut/
reconstituted	/ɹiˈkɑnstəˌtutɪd/
reconstituting	/ɹiˈkɑnstɪˌtutɪŋ/
reconstruct	/ˌɹikənˈstɹʌkt/
reconstructed	/ˌɹikənˈstɹʌktɪd/
reconstructing	/ˌɹikənˈstɹʌktɪŋ/
reconstruction	/ˌɹikənˈstɹʌkʃən/
reconstructions	/ˌɹikənˈstɹʌkʃənz/
reconstructive	/ˌɹikənˈstɹʌktɪv/
reconvene	/ɹikənˈvin/
reconvened	/ɹikənˈvind/
reconvenes	/ɹikənˈvinz/
record	/ɹəˈkɔɹd/
record's	/ˈɹɛkɚdz/
recordable	/ɹɪˈkɔɹdəbəl/
recorded	/ɹəˈkɔɹdɪd/
recorder	/ɹɪˈkɔɹdɚ/
recorders	/ɹɪˈkɔɹdɚz/
recording	/ɹəˈkɔɹdɪŋ/
recordings	/ɹɪˈkɔɹdɪŋz/
recordkeeping	/ˈɹɛkɚdˌkipɪŋ/
records	/ɹəˈkɔɹdz/
records'	/ˈɹɛkɚdz/
recore	/ɹɛˈkɔɹi/
recoton	/ɹɪˈkɔtɪn/
recount	/ɹɪˈkaʊnt/
recounted	/ɹɪˈkaʊntɪd/
recounting	/ɹɪˈkaʊntɪŋ/
recounts	/ˌɹiˈkaʊnts/
recoup	/ɹɪˈkup/
recouped	/ɹɪˈkupt/
recouping	/ɹɪˈkupɪŋ/
recoups	/ɹɪˈkups/
recourse	/ˈɹikɔɹs/
recover	/ɹɪˈkʌvɚ/
recoverable	/ɹɪˈkʌvɚəbəl/
recovered	/ɹəˈkʌvɚd/
recoveries	/ɹɪˈkʌvɚiz/
recovering	/ɹəˈkʌvɚɪŋ/
recovers	/ɹɪˈkʌvɚz/
recovery	/ɹɪˈkʌvɹi/
recovery's	/ɹɪˈkʌvɚiz/
recreate	/ˈɹɛkɹiˌeɪt/
recreated	/ˈɹɛkɹiˌeɪtɪd/
recreates	/ˈɹɛkɹiˌeɪts/
recreating	/ˈɹɛkɹiˌeɪtɪŋ/
recreation	/ˌɹɛkɹiˈeɪʃən/
recreational	/ˌɹɛkɹiˈeɪʃənəl/
recriminate	/ɹɪˌkɹɪmɪˈneɪt/
recrimination	/ɹɪˌkɹɪmɪˈneɪʃən/
recriminations	/ɹɪˌkɹɪmɪˈneɪʃənz/
recross	/ɹiˈkɹɔs/
recruit	/ɹəˈkɹut/
recruit's	/ɹiˈkɹuts/
recruited	/ɹɪˈkɹutɪd/
recruiter	/ɹɪˈkɹutɚ/
recruiters	/ɹɪˈkɹutɚz/
recruiting	/ɹəˈkɹutɪŋ/
recruitment	/ɹəˈkɹutmənt/
recruits	/ɹəˈkɹuts/
rectal	/ˈɹɛktəl/
rectangle	/ˈɹɛktæŋɡəl/
rectangles	/ˈɹɛkˌtæŋɡəlz/
rectangular	/ɹɛkˈtæŋɡjəlɚ/
rectenwald	/ˈɹɛktɪnwɔld/
rectification	/ˌɹɛktəfəˈkeɪʃən/
rectified	/ˈɹɛktəˌfaɪd/
rectifier	/ˈɹɛktəˌfaɪɚ/
rectifiers	/ˈɹɛktəˌfaɪɚz/
rectifies	/ˈɹɛktəˌfaɪz/
rectify	/ˈɹɛktəˌfaɪ/
rectifying	/ˈɹɛktəˌfaɪɪŋ/
rectitude	/ˈɹɛktɪˌtud/
rector	/ˈɹɛktɚ/
rectory	/ˈɹɛktɚi/
rectum	/ˈɹɛktəm/
recuperate	/ɹɪˈkupɚˌeɪt/
recuperated	/ɹɪˈkupɚˌeɪtɪd/
recuperater	/ɹɪˈkupɚˌeɪtɚ/
recuperates	/ɹɪˈkupɚˌeɪts/
recuperating	/ɹɪˈkupɚˌeɪtɪŋ/
recuperation	/ɹɪˌkupɚˈeɪʃən/
recuperative	/ɹɪˈkupɚətɪv/
recupero	/ɹeɪkuˈpɛɹoʊ/
recur	/ɹɪˈkɝ/
recurred	/ɹiˈkɝd/
recurrence	/ɹɪˈkɝəns/
recurrent	/ɹɪˈkɝənt/
recurring	/ɹɪˈkɝɪŋ/
recursive	/ˌɹiˈkɝsɪv/
recusal	/ɹɪkˈjuzəl/
recuse	/ˌɹɪkˈjuz/
recused	/ɹɪkˈjuzd/
recusing	/ˌɹɪkˈjuzɪŋ/
recyclable	/ɹiˈsaɪkləbəl/
recyclables	/ɹiˈsaɪkləbəlz/
recycle	/ɹiˈsaɪkəl/
recycled	/ɹiˈsaɪkəld/
recycler	/ɹiˈsaɪklɚ/
recyclers	/ɹiˈsaɪklɚz/
recycles	/ɹiˈsaɪkəlz/
recycling	/ɹiˈsaɪkəlɪŋ/
reczek	/ˈɹɛtʃɛk/
red	/ˈɹɛd/
red-eye	/ˈɹɛˌdaɪ/
red-eye's	/ˈɹɛˌdaɪz/
red-eyes	/ˈɹɛˌdaɪz/
red-handed	/ˈɹɛdˈhændɪd/
red-herring	/ˈɹɛdˈhɛɹɪŋ/
red-herrings	/ˈɹɛdˈhɛɹɪŋz/
reda	/ˈɹeɪdə/
redact	/ɹɪˈdækt/
redacted	/ɹɪˈdæktɪd/
redactes	/ɹɪˈdækts/
redacting	/ɹɪˈdæktɪŋ/
redbird	/ˈɹɛdˌbɝd/
redbook	/ˈɹɛdˌbʊk/
redbud	/ˈɹɛdˌbʌd/
redburn	/ˈɹɛdˌbɝn/
redcay	/ˈɹɛdkeɪ/
redco	/ˈɹɛdkoʊ/
redcoat	/ˈɹɛdˌkoʊt/
redcoats	/ˈɹɛdˌkoʊts/
redd	/ˈɹɛd/
reddell	/ˈɹɛdəl/
redden	/ˈɹɛdən/
redder	/ˈɹɛdɚ/
reddest	/ˈɹɛdɪst/
reddick	/ˈɹɛdɪk/
reddig	/ˈɹɛdɪɡ/
reddin	/ˈɹɛdɪn/
redding	/ˈɹɛdɪŋ/
reddinger	/ˈɹɛdɪŋɚ/
reddington	/ˈɹɛdɪŋtən/
reddish	/ˈɹɛdɪʃ/
reddit	/ˈɹɛdɪt/
redditt	/ˈɹɛdɪt/
reddoch	/ˈɹɛdək/
reddy	/ˈɹɛdi/
redecorate	/ɹiˈdɛkɚˌeɪt/
redecorated	/ɹiˈdɛkɚˌeɪtɪd/
redecorating	/ɹiˈdɛkɚˌeɪtɪŋ/
redecoration	/ˌɹidɛkɚˈeɪʃən/
rededicate	/ˌɹiˈdɛdəˌkeɪt/
rededication	/ɹiˌdɛdəˈkeɪʃən/
redeem	/ɹɪˈdim/
redeemable	/ɹɪˈdiməbəl/
redeemed	/ɹɪˈdimd/
redeeming	/ɹɪˈdimɪŋ/
redeems	/ɹəˈdimz/
redefine	/ɹidɪˈfaɪn/
redefined	/ɹidɪˈfaɪnd/
redefines	/ɹidɪˈfaɪnz/
redefining	/ɹidɪˈfaɪnɪŋ/
redefinition	/ɹiˌdɛfəˈnɪʃən/
redeker	/ˈɹɛdɪkɚ/
redel	/ˈɹɛdəl/
redell	/ˈɹɛdəl/
redemption	/ɹɪˈdɛmpʃən/
redemptions	/ɹɪˈdɛmpʃənz/
redemptive	/ɹɪˈdɛmptɪv/
redenbaugh	/ˈɹɛdɪnbaʊ/
redenius	/ˈɹɛdiniɪs/
redeploy	/ˌɹidɪˈplɔɪ/
redeployed	/ˌɹidɪˈplɔɪd/
redeploying	/ˌɹidɪˈplɔɪɪŋ/
redeployment	/ˌɹidɪˈplɔɪmənt/
redeployments	/ˌɹidɪˈplɔɪmənts/
redeposition	/ɹiˌdɛpəˈzɪʃən/
reder	/ˈɹɛdɚ/
redesign	/ˌɹidɪˈzaɪn/
redesigned	/ˌɹidɪˈzaɪnd/
redesigning	/ˌɹidɪˈzaɪnɪŋ/
redevelop	/ɹidɪˈvɛləp/
redevelopment	/ˌɹidɪˈvɛləpmənt/
redeye	/ˈɹɛdaɪ/
redeyes	/ˈɹɛdaɪz/
redfearn	/ˈɹɛdfɚn/
redfern	/ˈɹɛdˌfɝn/
redfield	/ˈɹɛdˌfild/
redfish	/ˈɹɛdˌfɪʃ/
redford	/ˈɹɛdfɚd/
redford's	/ˈɹɛdfɚdz/
redgrave	/ˈɹɛdˌɡɹeɪv/
redhanded	/ˈɹɛdˌhændɪd/
redhead	/ˈɹɛdˌhɛd/
redheaded	/ˈɹɛdˌhɛdɪd/
redheads	/ˈɹɛdˈhɛdz/
redi	/ˈɹɛdi/
redial	/ɹiˈdaɪəl/
redic	/ˈɹɛdɪk/
redick	/ˈɹɛdɪk/
redicker	/ɹiˈdɪkɚ/
redid	/ɹiˈdɪd/
redifer	/ˈɹɛdɪfɚ/
rediffusion	/ɹidɪfˈjuʒən/
rediger	/ˈɹɛdɪɡɚ/
rediker	/ˈɹɛdɪkɚ/
reding	/ˈɹidɪŋ/
redinger	/ˈɹɛdɪŋɚ/
redington	/ˈɹɛdɪŋtən/
redirect	/ˌɹidɚˈɛkt/
redirected	/ˌɹidɚˈɛktɪd/
redirecting	/ˌɹidɚˈɛktɪŋ/
redirection	/ˌɹidɚˈɛkʃən/
rediscover	/ɹidɪˈskʌvɚ/
rediscovered	/ɹidɪˈskʌvɚd/
rediscovering	/ɹidɪˈskʌvɚɪŋ/
rediscovery	/ɹidɪˈskʌvɹi/
redish	/ˈɹɛdɪʃ/
redisplay	/ɹidɪˈspleɪ/
redistribute	/ˌɹidɪˈstɹɪbjut/
redistributed	/ˌɹidɪˈstɹɪbjutɪd/
redistributing	/ˌɹidɪˈstɹɪbjutɪŋ/
redistribution	/ˌɹidɪstɹəbˈjuʃən/
redistributive	/ɹidɪˈstɹɪbjutɪv/
redistricting	/ɹiˈdɪstɹɪktɪŋ/
redken	/ˈɹɛdkən/
redland	/ˈɹɛdlənd/
redler	/ˈɹɛdlɚ/
redley	/ˈɹɛdli/
redlich	/ˈɹɛdlɪk/
redlin	/ˈɹɛdlɪn/
redlinger	/ˈɹɛdəlɪŋɚ/
redlining	/ˈɹɛdˌlaɪnɪŋ/
redman	/ˈɹɛdˌmæn/
redmann	/ˈɹɛdmən/
redmon	/ˈɹɛdmən/
redmond	/ˈɹɛdmənd/
redmund	/ˈɹɛdmənd/
redneck	/ˈɹɛdˌnɛk/
rednecks	/ˈɹɛdˌnɛks/
redner	/ˈɹɛdnɚ/
redness	/ˈɹɛdnəs/
rednour	/ɹɛdˈnʊɹ/
redo	/ɹiˈdu/
redoglia	/ɹəˈdɑɡliə/
redoing	/ɹiˈduɪŋ/
redolent	/ˈɹɛdələnt/
redondo	/ɹɪˈdɑndoʊ/
redone	/ɹiˈdʌn/
redouble	/ɹiˈdʌbəl/
redoubled	/ɹiˈdʌbəld/
redoubling	/ɹiˈdʌbəlɪŋ/
redoubt	/ɹiˈdaʊt/
redoubtable	/ɹiˈdaʊtəbəl/
redound	/ɹiˈdaʊnd/
redpath	/ˈɹɛdˌpæθ/
redpoll	/ˈɹɛdˌpoʊl/
redpolls	/ˈɹɛdˌpoʊlz/
redraft	/ɹiˈdɹæft/
redrafted	/ɹiˈdɹæftɪd/
redraw	/ɹiˈdɹɔ/
redrawing	/ɹiˈdɹɔɪŋ/
redrawn	/ɹiˈdɹɔn/
redress	/ɹɪˈdɹɛs/
redressing	/ɹiˈdɹɛsɪŋ/
reds	/ˈɹɛdz/
reds'	/ˈɹɛdz/
redshaw	/ˈɹɛdˌʃɔ/
redskin	/ˈɹɛdˌskɪn/
redskins	/ˈɹɛdˌskɪnz/
redskins'	/ˈɹɛdˌskɪnz/
redstone	/ˈɹɛdˌstoʊn/
redstone's	/ˈɹɛdˌstoʊnz/
reduce	/ɹəˈdus/
reduced	/ɹəˈdust/
reduces	/ɹəˈdusəz/
reducible	/ɹəˈdusəbəl/
reducing	/ɹəˈdusɪŋ/
reduction	/ɹəˈdʌkʃən/
reductions	/ɹiˈdʌkʃənz/
redundancies	/ɹɪˈdʌndənsiz/
redundancy	/ɹɪˈdʌndənsi/
redundant	/ɹɪˈdʌndənt/
redus	/ˈɹidəs/
redux	/ˈɹiˌdʌks/
redwald	/ˈɹɛdwəld/
redwine	/ˈɹɛˌdwaɪn/
redwood	/ˈɹɛˌdwʊd/
redwoods	/ˈɹɛˌdwʊdz/
ree	/ˈɹi/
reeb	/ˈɹib/
reeb's	/ˈɹibz/
reebok	/ˈɹibɑk/
reebok's	/ˈɹibɑks/
reeboks	/ˈɹibɑks/
reebs	/ˈɹibz/
reebs'	/ˈɹibz/
reece	/ˈɹis/
reeche	/ˈɹitʃ/
reeck	/ˈɹik/
reed	/ˈɹid/
reed's	/ˈɹidz/
reeder	/ˈɹidɚ/
reeders	/ˈɹidɚz/
reeds	/ˈɹidz/
reeducate	/ˈɹiˌɛdʒəˌkeɪt/
reeducation	/ɹiˌɛdjəˌkeɪʃən/
reedy	/ˈɹidi/
reef	/ˈɹif/
reefer	/ˈɹifɚ/
reefers	/ˈɹifɚz/
reefs	/ˈɹifs/
reeg	/ˈɹiɡ/
reeh	/ˈɹi/
reek	/ˈɹik/
reeking	/ˈɹikɪŋ/
reeks	/ˈɹiks/
reel	/ˈɹil/
reelect	/ɹiɪˈlɛkt/
reelected	/ɹiɪˈlɛktɪd/
reelecting	/ɹiɪˈlɛktɪŋ/
reelection	/ɹiɪˈlɛkʃən/
reeled	/ˈɹild/
reeling	/ˈɹilɪŋ/
reels	/ˈɹilz/
reemerge	/ɹiɪˈmɝdʒ/
reemerged	/ɹiɪˈmɝdʒd/
reemergence	/ɹiɪˈmɝdʒəns/
reemphasize	/ɹiˈɛmfəˌsaɪz/
reemployment	/ɹiɪmˈplɔɪmənt/
reen	/ˈɹin/
reenact	/ɹiɪˈnækt/
reenacted	/ɹiɪˈnæktɪd/
reenactment	/ɹiɪˈnæktmənt/
reenactments	/ɹiɪˈnæktmənts/
reenacts	/ɹiɪˈnækts/
reengineer	/ɹiˌɛndʒəˈnɪɹ/
reengineering	/ɹiˌɛndʒəˈnɪɹɪŋ/
reenter	/ɹiˈɪntɚ/
reentered	/ɹiˈɪntɚd/
reentering	/ɹiˈɪntɚɪŋ/
reentry	/ɹiˈɪntɹi/
reents	/ˈɹints/
reep	/ˈɹip/
rees	/ˈɹiz/
reese	/ˈɹis/
reese's	/ˈɹisɪz/
reeser	/ˈɹisɚ/
reesjones	/ˌɹisˈdʒoʊnz/
reesjones'	/ˌɹisˈdʒoʊnz/
reesman	/ˈɹismən/
reesor	/ˈɹisɚ/
reestablish	/ɹiɪˈstæblɪʃ/
reestablished	/ˌɹiɪˈstæblɪʃt/
reestablishing	/ɹiɪˈstæblɪʃɪŋ/
reetz	/ˈɹits/
reevaluate	/ˌɹiɪˈvæluˌeɪt/
reevaluated	/ɹiɪˈvæljuˌeɪtɪd/
reevaluating	/ɹiɪˈvæljuˌeɪtɪŋ/
reevaluation	/ɹiɪˌvæljuˈeɪʃən/
reeve	/ˈɹiv/
reever	/ˈɹivɚ/
reeves	/ˈɹivz/
reeves'	/ˈɹivz/
reeves's	/ˈɹivzɪz/
reexamination	/ɹiɪɡˌzæməˈneɪʃən/
reexamine	/ɹiɛɡˈzæmən/
reexamined	/ɹiɪɡˈzæmənd/
reexamining	/ɹiɪɡˈzæmənɪŋ/
reexport	/ɹiˈɛkˌspɔɹt/
reexports	/ɹiˈɛkˌspɔɹts/
ref	/ˈɹɛf/
refaat	/ɹəˈfɑt/
refah	/ɹəˈfɑ/
refco	/ˈɹɛfkoʊ/
refcorp	/ˈɹɛfkɔɹp/
refenes	/ˈɹɛfɪˌnɛs/
refer	/ɹəˈfɝ/
referee	/ˌɹɛfɚˈi/
referee's	/ˌɹɛfɚˈiz/
referees	/ˌɹɛfɚˈiz/
reference	/ˈɹɛfɚəns/
referenced	/ˈɹɛfɚənst/
references	/ˈɹɛfɚənsɪz/
referencing	/ˈɹɛfɚənsɪŋ/
referenda	/ˌɹɛfɚˈɛndə/
referendum	/ˌɹɛfɚˈɛndəm/
referendums	/ˌɹɛfɚˈɛndəmz/
refering	/ɹɪˈfɝɪŋ/
referral	/ɹɪˈfɝəl/
referrals	/ɹɪˈfɝəlz/
referred	/ɹəˈfɝd/
referring	/ɹɪˈfɝɪŋ/
refers	/ɹəˈfɝz/
reff	/ˈɹɛf/
reffett	/ˈɹɛfɪt/
reffitt	/ˈɹɛfɪt/
reffner	/ˈɹɛfnɚ/
refile	/ɹiˈfaɪl/
refiled	/ɹiˈfaɪld/
refill	/ˈɹifɪl/
refilled	/ɹiˈfɪld/
refills	/ɹiˈfɪlz/
refinance	/ˌɹifəˈnæns/
refinanced	/ˌɹifəˈnænst/
refinances	/ˌɹifəˈnænsɪz/
refinancing	/ˌɹifəˈnænsɪŋ/
refinancings	/ˌɹifəˈnænsɪŋz/
refine	/ɹəˈfaɪn/
refined	/ɹəˈfaɪnd/
refinement	/ɹəˈfaɪnmənt/
refinements	/ɹɪˈfaɪnmənts/
refiner	/ɹɪˈfaɪnɚ/
refiner's	/ɹɪˈfaɪnɚz/
refineries	/ɹɪˈfaɪnɚiz/
refiners	/ɹɪˈfaɪnɚz/
refiners'	/ɹɪˈfaɪnɚz/
refinery	/ɹɪˈfaɪnɚi/
refinery's	/ɹɪˈfaɪnɚiz/
refines	/ɹɪˈfaɪnz/
refining	/ɹəˈfaɪnɪŋ/
refinish	/ɹiˈfɪnɪʃ/
refinished	/ɹiˈfɪnɪʃt/
refinishing	/ɹiˈfɪnɪʃɪŋ/
refit	/ɹiˈfɪt/
refitted	/ɹiˈfɪtɪd/
refitting	/ɹiˈfɪtɪŋ/
reflag	/ɹiˈflæɡ/
reflagged	/ɹiˈflæɡd/
reflagging	/ɹiˈflæɡɪŋ/
reflate	/ɹiˈfleɪt/
reflation	/ɹiˈfleɪʃən/
reflect	/ɹɪˈflɛkt/
reflected	/ɹɪˈflɛktɪd/
reflecting	/ɹɪˈflɛktɪŋ/
reflection	/ɹɪˈflɛkʃən/
reflections	/ɹɪˈflɛkʃənz/
reflective	/ɹɪˈflɛktɪv/
reflectone	/ɹiˈflɛkˌtoʊn/
reflectone's	/ɹiˈflɛkˌtoʊnz/
reflector	/ɹɪˈflɛktɚ/
reflectors	/ɹɪˈflɛktɚz/
reflects	/ɹɪˈflɛkts/
reflex	/ˈɹiflɛks/
reflexes	/ˈɹiflɛksəz/
reflexive	/ɹəˈflɛksɪv/
reflexively	/ɹiˈflɛksɪvli/
reflexivity	/ˌɹiˌflɛkˈsɪvɪti/
reflux	/ˈɹiˌflʌks/
refocus	/ɹiˈfoʊkəs/
refocused	/ɹiˈfoʊkəst/
refocuses	/ɹiˈfoʊkəsɪz/
refocusing	/ɹiˈfoʊkəsɪŋ/
reforest	/ɹiˈfɔɹəst/
reforestation	/ˌɹifɔɹəˈsteɪʃən/
reform	/ɹəˈfɔɹm/
reforma	/ɹɪˈfɔɹmə/
reformation	/ˌɹɛfɚˈmeɪʃən/
reformatories	/ɹɪˈfɔɹməˌtɔɹiz/
reformatory	/ɹɪˈfɔɹməˌtɔɹi/
reformed	/ɹɪˈfɔɹmd/
reformer	/ɹɪˈfɔɹmɚ/
reformers	/ɹɪˈfɔɹmɚz/
reformers'	/ɹɪˈfɔɹmɚz/
reforming	/ɹɪˈfɔɹmɪŋ/
reformist	/ɹɪˈfɔɹmɪst/
reformists	/ɹɪˈfɔɹmɪsts/
reforms	/ɹəˈfɔɹmz/
reformulate	/ɹiˈfɔɹmjəˌleɪt/
reformulated	/ɹiˈfɔɹmjəˌleɪtɪd/
refractive	/ɹəˈfɹæktɪv/
refractor	/ɹəˈfɹæktɚ/
refractories	/ɹɪˈfɹæktɚiz/
refractors	/ɹəˈfɹæktɚz/
refractory	/ɹəˈfɹæktɚi/
refrain	/ɹɪˈfɹeɪn/
refrained	/ɹɪˈfɹeɪnd/
refraining	/ɹɪˈfɹeɪnɪŋ/
refrains	/ɹɪˈfɹeɪnz/
refresh	/ɹɪˈfɹɛʃ/
refreshed	/ɹiˈfɹɛʃt/
refresher	/ɹɪˈfɹɛʃɚ/
refreshes	/ɹɪˈfɹɛʃɪz/
refreshing	/ɹɪˈfɹɛʃɪŋ/
refreshingly	/ɹiˈfɹɛʃɪŋli/
refreshment	/ɹəˈfɹɛʃmənt/
refreshments	/ɹəˈfɹɛʃmənts/
refrigerant	/ɹɪˈfɹɪdʒɚənt/
refrigerants	/ɹɪˈfɹɪdʒɚənts/
refrigerate	/ɹɪˈfɹɪdʒɚˌeɪt/
refrigerated	/ɹɪˈfɹɪdʒɚˌeɪtɪd/
refrigeration	/ɹɪˌfɹɪdʒɚˈeɪʃən/
refrigerator	/ɹəˈfɹɪdʒɚˌeɪtɚ/
refrigerators	/ɹɪˈfɹɪdʒɚˌeɪtɚz/
refsnes	/ˈɹɛfsniz/
refuel	/ɹifˈjuəl/
refueled	/ɹifˈjuəld/
refueling	/ɹifˈjuəlɪŋ/
refuge	/ˈɹɛfjudʒ/
refuge's	/ˈɹɛfjudʒɪz/
refugee	/ˈɹɛfjudʒi/
refugees	/ˈɹɛfˌjudʒiz/
refugees'	/ˈɹɛfˌjudʒiz/
refuges	/ɹɛfˈjudʒɪz/
refugio	/ɹəfˈjudʒioʊ/
refund	/ɹɪˈfʌnd/
refundable	/ɹɪˈfʌndəbəl/
refunded	/ɹɪˈfʌndɪd/
refunders	/ɹɪˈfʌndɚz/
refunding	/ɹɪˈfʌndɪŋ/
refundings	/ˈɹiˌfʌndɪŋz/
refunds	/ɹɪˈfʌndz/
refurbish	/ɹiˈfɝbɪʃ/
refurbished	/ɹiˈfɝbɪʃt/
refurbishing	/ɹiˈfɝbɪʃɪŋ/
refurbishment	/ɹiˈfɝbɪʃmənt/
refusal	/ɹəfˈjuzəl/
refusals	/ɹɪfˈjuzəlz/
refuse	/ɹəfˈjuz/
refused	/ɹəfˈjuzd/
refusenik	/ɹɪfˈjuznɪk/
refuseniks	/ɹɪfˈjuznɪks/
refuses	/ɹəfˈjuzəz/
refusing	/ɹəfˈjuzɪŋ/
refutation	/ˌɹɛfjuˈteɪʃən/
refute	/ɹɪfˈjut/
refuted	/ɹɪfˈjutɪd/
refutes	/ɹɪfˈjuts/
refuting	/ɹɪfˈjutɪŋ/
reg	/ˈɹɛɡ/
rega	/ˈɹiɡə/
regain	/ɹɪˈɡeɪn/
regained	/ɹiˈɡeɪnd/
regaining	/ɹɪˈɡeɪnɪŋ/
regains	/ɹiˈɡeɪnz/
regal	/ˈɹiɡəl/
regalado	/ɹeɪɡɑˈlɑdoʊ/
regale	/ɹɪˈɡeɪl/
regaled	/ɹɪˈɡeɪld/
regales	/ɹɪˈɡeɪlz/
regalia	/ɹɪˈɡeɪljə/
regaling	/ɹɪˈɡeɪlɪŋ/
regally	/ˈɹiɡəli/
regan	/ˈɹiɡən/
regan's	/ˈɹiɡənz/
regard	/ɹɪˈɡɑɹd/
regarded	/ɹɪˈɡɑɹdɪd/
regarding	/ɹɪˈɡɑɹdɪŋ/
regardless	/ɹəˈɡɑɹdləs/
regards	/ɹɪˈɡɑɹdz/
regas	/ˈɹiɡəz/
regatta	/ɹɪˈɡɑtə/
regattas	/ɹəˈɡɑtəz/
regehr	/ˈɹɛɡɪɹ/
regel	/ˈɹɛɡəl/
regen	/ˈɹɛɡən/
regency	/ˈɹidʒənsi/
regency's	/ˈɹidʒənsiz/
regenerate	/ɹiˈdʒɛnɚˌeɪt/
regenerated	/ɹiˈdʒɛnɚˌeɪtɪd/
regenerating	/ɹiˈdʒɛnɚˌeɪtɪŋ/
regeneration	/ɹiˈdʒɛnɚˈeɪʃən/
regeneron	/ɹiˈdʒɛnɚˌɔn/
regensburg	/ˈɹiɡənzbɚɡ/
regensteiner	/ˈɹɛɡənˌstaɪnɚ/
regent	/ˈɹidʒənt/
regents	/ˈɹidʒənts/
reger	/ˈɹiɡɚ/
regester	/ˈɹɛdʒɪstɚ/
reggae	/ˈɹɛˌɡeɪ/
reggaeton	/ˌɹɛɡeɪˈtoʊn/
reggie	/ˈɹɛdʒi/
reggio	/ˈɹɛdʒioʊ/
reggy	/ˈɹɛɡi/
regie	/ˈɹɛɡi/
regier	/ˈɹiɡiɚ/
regime	/ɹəˈʒim/
regime's	/ɹeɪˈʒimz/
regimen	/ˈɹɛdʒəmən/
regimens	/ˈɹɛdʒəmənz/
regiment	/ˈɹɛdʒəmənt/
regimental	/ˌɹɛdʒəˈmɛntəl/
regimentation	/ˌɹɛdʒəmɛnˈteɪʃən/
regimented	/ˈɹɛdʒəˌmɛntɪd/
regiments	/ˈɹɛdʒəmənts/
regimes	/ɹəˈʒimz/
regina	/ɹɪˈdʒinə/
reginald	/ˈɹɛdʒənəld/
reginald's	/ˈɹɛdʒənəldz/
region	/ˈɹidʒən/
region's	/ˈɹidʒənz/
regional	/ˈɹidʒənəl/
regionalize	/ˈɹidʒənəˌlaɪz/
regionalized	/ˈɹidʒənəˌlaɪzd/
regionally	/ˈɹidʒənəli/
regionals	/ˈɹidʒənəlz/
regions	/ˈɹidʒənz/
regis	/ˈɹidʒɪs/
register	/ˈɹɛdʒɪstɚ/
register's	/ˈɹɛdʒɪstɚz/
registered	/ˈɹɛdʒɪstɚd/
registering	/ˈɹɛdʒɪstɚɪŋ/
registers	/ˈɹɛdʒəstɚz/
registrant	/ˈɹɛdʒəstɹənt/
registrants	/ˈɹɛdʒəstɹənts/
registrar	/ˈɹɛdʒɪˌstɹɑɹ/
registrars	/ˈɹɛdʒɪˌstɹɑɹz/
registration	/ˌɹɛdʒɪˈstɹeɪʃən/
registrations	/ˌɹɛdʒɪˈstɹeɪʃənz/
registries	/ˈɹɛdʒɪstɹiz/
registry	/ˈɹɛdʒɪstɹi/
regner	/ˈɹɛɡnɚ/
regnery	/ˈɹɛɡnɚi/
regnier	/ˈɹɛɡniɚ/
rego	/ˈɹɛɡoʊ/
regress	/ˈɹiɡɹɛs/
regression	/ɹəˈɡɹɛʃən/
regressions	/ɹəˈɡɹɛʃənz/
regressive	/ɹəˈɡɹɛsɪv/
regret	/ɹəˈɡɹɛt/
regretful	/ɹɪˈɡɹɛtfəl/
regretfully	/ɹɪˈɡɹɛtfəli/
regrets	/ɹɪˈɡɹɛts/
regrettable	/ɹɪˈɡɹɛtəbəl/
regrettably	/ɹɪˈɡɹɛtəbli/
regretted	/ɹɪˈɡɹɛtɪd/
regretting	/ɹɪˈɡɹɛtɪŋ/
regroup	/ɹiˈɡɹup/
regrouped	/ɹiˈɡɹupt/
regrouping	/ɹiˈɡɹupɪŋ/
regs	/ˈɹɛɡz/
regula	/ɹɛˈɡulə/
regular	/ˈɹɛɡjəlɚ/
regularity	/ˌɹɛɡjəˈlɛɹəti/
regularly	/ˈɹɛɡjəlɚli/
regulars	/ˈɹɛɡjəlɚz/
regulate	/ˈɹɛɡjəˌleɪt/
regulated	/ˈɹɛɡjəˌleɪtɪd/
regulates	/ˈɹɛɡjəˌleɪts/
regulating	/ˈɹɛɡjəˌleɪtɪŋ/
regulatingly	/ˈɹɛɡjəˌleɪtɪŋli/
regulation	/ˌɹɛɡjəˈleɪʃən/
regulations	/ˌɹɛɡjəˈleɪʃənz/
regulative	/ˈɹɛɡjəˌleɪtɪv/
regulator	/ˈɹɛɡjəˌleɪtɚ/
regulator's	/ˈɹɛɡjəˌleɪtɚz/
regulators	/ˈɹɛɡjəˌleɪtɚz/
regulators'	/ˈɹɛɡjəˌleɪtɚz/
regulatory	/ˈɹɛɡjələˌtɔɹi/
regurgitate	/ˌɹɪˈɡɝdʒəˌteɪt/
regwan	/ˈɹɛɡwɑn/
reh	/ˈɹɛ/
reha	/ˈɹihə/
rehab	/ɹihæb/
rehabilitate	/ˌɹihəˈbɪləˌteɪt/
rehabilitated	/ˌɹihəˈbɪləˌteɪtɪd/
rehabilitating	/ˌɹihəˈbɪləˌteɪtɪŋ/
rehabilitation	/ˌɹihəˌbɪləˈteɪʃən/
rehabilitations	/ˌɹihəˌbɪləˈteɪʃənz/
rehabilitative	/ˌɹihəˈbɪləˌteɪtɪv/
rehabilitator	/ˌɹihəˈbɪləteɪtɚ/
rehabilitators	/ˌɹihəˈbɪləteɪtɚz/
rehability	/ˌɹihəˈbɪləti/
rehak	/ˈɹɛhək/
rehash	/ɹiˈhæʃ/
rehashing	/ɹiˈhæʃɪŋ/
rehbein	/ˈɹɛbaɪn/
rehberg	/ˈɹɛbɚɡ/
rehberger	/ˈɹɛbɚɡɚ/
rehder	/ˈɹɛdɚ/
rehear	/ɹiˈhiɹ/
rehearing	/ɹiˈhiɹɪŋ/
rehearings	/ɹiˈhiɹɪŋz/
rehearsal	/ɹɪˈhɝsəl/
rehearsals	/ɹɪˈhɝsəlz/
rehearse	/ɹiˈhɝs/
rehearsed	/ɹiˈhɝst/
rehearses	/ɹiˈhɝsɪz/
rehearsing	/ɹɪˈhɝsɪŋ/
reher	/ˈɹɛɹ/
rehfeld	/ˈɹɛˌfɛld/
rehfeldt	/ˈɹɛˌfɛlt/
rehg	/ˈɹɛdʒ/
rehire	/ɹiˈhaɪɹ/
rehired	/ɹiˈhaɪɚd/
rehiring	/ɹiˈhaɪɹɪŋ/
rehkopf	/ˈɹɛkɔpf/
rehling	/ˈɹɛlɪŋ/
rehm	/ˈɹɛm/
rehman	/ˈɹɛmən/
rehmann	/ˈɹɛmən/
rehmer	/ˈɹɛmɚ/
rehn	/ˈɹɛn/
rehnquist	/ˈɹɛnˌkwɪst/
rehor	/ˈɹɛhɚ/
rehrig	/ˈɹɛɹɪɡ/
rehydrate	/ɹiˈhaɪdɹeɪt/
rehydration	/ˌɹihaɪˈdɹeɪʃən/
reibel	/ˈɹaɪbəl/
reiber	/ˈɹaɪbɚ/
reich	/ˈɹaɪk/
reich's	/ˈɹaɪks/
reichard	/ˈɹaɪkɚd/
reichardt	/ˈɹaɪkɑɹt/
reichart	/ˈɹiɪkhɑɹt/
reiche	/ˈɹaɪk/
reichel	/ˈɹaɪkəl/
reichelderfer	/ˈɹaɪkɪldɚfɚ/
reichelt	/ˈɹaɪkɪlt/
reichenbach	/ˈɹaɪkənˌbɑk/
reichenberg	/ˈɹaɪkənbɚɡ/
reichenberger	/ˈɹaɪkənbɚɡɚ/
reicher	/ˈɹaɪkɚ/
reichert	/ˈɹaɪkɚt/
reichhold	/ˈɹaɪkˌhoʊld/
reichhold's	/ˈɹaɪkˌhoʊldz/
reichl	/ˈɹaɪkəl/
reichle	/ˈɹaɪkəl/
reichler	/ˈɹaɪklɚ/
reichley	/ˈɹaɪkli/
reichlin	/ˈɹaɪklɪn/
reichling	/ˈɹaɪkəlɪŋ/
reichman	/ˈɹaɪkmən/
reichmann	/ˈɹaɪkmən/
reichmanns	/ˈɹaɪkmənz/
reichmuth	/ˈɹaɪkˌmuθ/
reichow	/ˈɹaɪkoʊ/
reichstuhl	/ˈɹaɪkstul/
reichwein	/ˈɹaɪˌkwaɪn/
reick	/ˈɹik/
reicks	/ˈɹaɪks/
reid	/ˈɹid/
reid-miller	/ˈɹidˈmɪlɚ/
reid's	/ˈɹidz/
reidel	/ˈɹaɪdəl/
reidenbach	/ˈɹaɪdɪnbɑk/
reider	/ˈɹidɚ/
reiders	/ˈɹidɚz/
reiders'	/ˈɹidɚz/
reidinger	/ˈɹaɪdɪŋɚ/
reidt	/ˈɹidt/
reidy	/ˈɹidi/
reier	/ˈɹeɪɚ/
reierson	/ˈɹaɪɚsən/
reif	/ˈɹif/
reifel	/ˈɹaɪfəl/
reiff	/ˈɹif/
reifschneider	/ˈɹaɪfʃnaɪdɚ/
reifsnyder	/ˈɹaɪfsnaɪdɚ/
reifsteck	/ˈɹaɪfstɪk/
reigel	/ˈɹaɪɡəl/
reiger	/ˈɹaɪɡɚ/
reighard	/ˈɹaɪɡhɚd/
reigle	/ˈɹiɡəl/
reign	/ˈɹeɪn/
reigned	/ˈɹeɪnd/
reigning	/ˈɹeɪnɪŋ/
reignite	/ˌɹiɪɡˈnaɪt/
reignited	/ˌɹiɪɡˈnaɪtɪd/
reigniting	/ˌɹiɪɡˈnaɪtɪŋ/
reigns	/ˈɹeɪnz/
reiher	/ˈɹaɪhɚ/
reihl	/ˈɹaɪl/
reiki	/ˈɹeɪki/
reil	/ˈɹeɪl/
reiland	/ˈɹaɪlənd/
reiley	/ˈɹeɪli/
reiling	/ˈɹaɪlɪŋ/
reilley	/ˈɹeɪli/
reilly	/ˈɹaɪli/
reilly's	/ˈɹaɪliz/
reily	/ˈɹili/
reim	/ˈɹim/
reiman	/ˈɹaɪmən/
reimann	/ˈɹaɪmən/
reimburse	/ˌɹiɪmˈbɝs/
reimbursed	/ˌɹiɪmˈbɝst/
reimbursement	/ˌɹiɪmˈbɝsmənt/
reimbursements	/ˌɹiɪmˈbɝsmənts/
reimburses	/ˌɹiɪmˈbɝsɪz/
reimbursing	/ˌɹiɪmˈbɝsɪŋ/
reimer	/ˈɹaɪmɚ/
reimers	/ˈɹaɪmɚz/
reimpose	/ˌɹiɪmˈpoʊz/
reimposed	/ˌɹiɪmˈpoʊzd/
reimposing	/ˌɹiɪmˈpoʊzɪŋ/
reimposition	/ˌɹiɪmpəˈzɪʃən/
reims	/ˈɹimz/
rein	/ˈɹeɪn/
reina	/ɹeɪˈinə/
reinaldo	/ˌɹeɪˈnɑldoʊ/
reinard	/ˈɹaɪnɚd/
reinbold	/ˈɹaɪnˌboʊld/
reinbolt	/ˈɹaɪnˌboʊlt/
reincarnate	/ˌɹiɪnˈkɑɹˌneɪt/
reincarnated	/ˌɹiɪnˈkɑɹˌneɪtɪd/
reincarnation	/ˌɹiɪnkɑɹˈneɪʃən/
reincke	/ˈɹaɪŋki/
reincorporate	/ˌɹiɪnˈkɔɹpɚˌeɪt/
reincorporating	/ˌɹiɪnˈkɔɹpɚˌeɪtɪŋ/
reincorporation	/ˌɹiɪnˌkɔɹpɚˈeɪʃən/
reindeer	/ˈɹeɪnˌdɪɹ/
reindel	/ˈɹaɪndəl/
reinders	/ˈɹaɪndɚz/
reindl	/ˈɹaɪndəl/
reindustrialize	/ɹiɪnˈdʌstɹiəlaɪz/
reine	/ˈɹeɪn/
reineck	/ˈɹaɪnɛk/
reinecke	/ˈɹaɪnɪki/
reined	/ˈɹeɪnd/
reineke	/ˈɹaɪnɪk/
reiner	/ˈɹaɪnɚ/
reiner's	/ˈɹaɪnɚz/
reiners	/ˈɹaɪnɚz/
reinert	/ˈɹaɪnɚt/
reinertsen	/ˈɹaɪnɚtsən/
reinertson	/ˈɹaɪnɚtsən/
reines	/ˈɹeɪnz/
reiney	/ˈɹeɪni/
reinforce	/ˌɹiɪnˈfɔɹs/
reinforced	/ˌɹiɪnˈfɔɹst/
reinforcement	/ˌɹiɪnˈfɔɹsmənt/
reinforcements	/ˌɹiɪnˈfɔɹsmənts/
reinforces	/ˌɹiɪnˈfɔɹsɪz/
reinforcing	/ˌɹiɪnˈfɔɹsɪŋ/
reingold	/ˈɹaɪŋɡoʊld/
reinhard	/ˈɹaɪnˌhɑɹd/
reinhardt	/ˈɹaɪnˌhɑɹt/
reinhart	/ˈɹaɪnˌhɑɹt/
reinhart's	/ˈɹaɪnhɑɹts/
reinheimer	/ˈɹaɪnˌhaɪmɚ/
reinhold	/ˈɹaɪnhoʊlt/
reinholz	/ˈɹaɪnhoʊlz/
reinig	/ˈɹaɪnɪɡ/
reining	/ˈɹeɪnɪŋ/
reininger	/ˈɹaɪnɪŋɚ/
reinitz	/ˈɹaɪnɪts/
reinke	/ˈɹeɪŋk/
reinking	/ˈɹaɪŋkɪŋ/
reinoehl	/ˈɹaɪnoʊl/
reins	/ˈɹeɪnz/
reinsch	/ˈɹaɪnʃ/
reinsdorf	/ˈɹaɪnzˌdɔɹf/
reinsel	/ˈɹaɪnsəl/
reinspect	/ˌɹiɪnˈspɛkt/
reinspection	/ˌɹiɪnˈspɛkʃən/
reinspections	/ˌɹiɪnˈspɛkʃəns/
reinstall	/ˌɹiɪnˈstɑl/
reinstalled	/ˌɹiɪnˈstɑld/
reinstalls	/ˌɹiɪnˈstɑlz/
reinstate	/ˌɹiɪnˈsteɪt/
reinstated	/ˌɹiɪnˈsteɪtɪd/
reinstatement	/ˌɹiɪnˈsteɪtmənt/
reinstating	/ˌɹiɪnˈsteɪtɪŋ/
reinstein	/ˈɹaɪnˌstaɪn/
reinstitute	/ˌɹiˈɪnstɪtut/
reinstituted	/ˌɹiˈɪnstɪtutɪd/
reinstituting	/ˌɹiˈɪnstəˌtutɪŋ/
reinsurance	/ˌɹiɪnˈʃʊɹəns/
reinsure	/ˌɹiɪnˈʃʊɹ/
reinsured	/ˌɹiɪnˈʃʊɹd/
reinsurer	/ˌɹiɪnˈʃʊɹɚ/
reinsurers	/ˌɹiɪnˈʃʊɹɚz/
reintegrate	/ɹiˈɪntəˌɡɹeɪt/
reintegrated	/ɹiˈɪntəˌɡɹeɪtɪd/
reintegration	/ɹiˈɪntəˌɡɹeɪʃən/
reinterpret	/ˌɹiɪnˈtɝpɹət/
reinterpretation	/ɹiɪnˌtɝpɹəˈteɪʃən/
reinterpreted	/ɹiɪnˈtɝpɹətɪd/
reinterpreting	/ɹiɪnˈtɝpɹətɪŋ/
reintroduce	/ˌɹiɪntɹəˈdus/
reintroduced	/ˌɹiɪntɹəˈdust/
reintroduces	/ˌɹiɪntɹəˈdusɪz/
reintroducing	/ˌɹiɪntɹəˈdusɪŋ/
reintroduction	/ˌɹiɪntɹəˈdʌkʃən/
reints	/ˈɹaɪnts/
reinvent	/ˌɹiɪnˈvɛnt/
reinvented	/ˌɹiɪnˈvɛntɪd/
reinventing	/ˌɹiɪnˈvɛntɪŋ/
reinvention	/ˌɹiɪnˈvɛnʃən/
reinvest	/ˌɹiɪnˈvɛst/
reinvested	/ˌɹiɪnˈvɛstɪd/
reinvesting	/ˌɹiɪnˈvɛstɪŋ/
reinvestment	/ˌɹiɪnˈvɛstmənt/
reinvests	/ˌɹiɪnˈvɛsts/
reinvigorate	/ˌɹiɪnˈvɪɡɚˌeɪt/
reinvigorated	/ˌɹiɪnˈvɪɡɚˌeɪtɪd/
reinvigorating	/ˌɹiɪnˈvɪɡɚˌeɪtɪŋ/
reinvigoration	/ˌɹiɪnˌvɪɡɚˈeɪʃən/
reinvite	/ˌɹiɪnˈvaɪt/
reinvited	/ˌɹiɪnˈvaɪtɪd/
reinwald	/ˈɹaɪnˌwɔld/
reis	/ˈɹiz/
reisch	/ˈɹaɪʃ/
reischauer	/ˈɹaɪʃaʊɹ/
reischman	/ˈɹaɪʃmən/
reisdorf	/ˈɹaɪsdɔɹf/
reise	/ˈɹis/
reisen	/ˈɹaɪsən/
reisenauer	/ˈɹaɪsɪnaʊɚ/
reiser	/ˈɹaɪsɚ/
reisert	/ˈɹaɪsɚt/
reish	/ˈɹiɪʃ/
reisig	/ˈɹaɪsɪɡ/
reising	/ˈɹaɪsɪŋ/
reisinger	/ˈɹaɪsɪndʒɚ/
reisman	/ˈɹaɪsmən/
reisner	/ˈɹaɪsnɚ/
reiss	/ˈɹaɪs/
reissig	/ˈɹaɪsɪɡ/
reissman	/ˈɹaɪsmən/
reissue	/ɹiˈɪʃu/
reissued	/ɹiˈɪʃud/
reissuing	/ɹiˈɪʃuɪŋ/
reist	/ˈɹiɪst/
reister	/ˈɹiɪstɚ/
reiswig	/ˈɹaɪswɪɡ/
reisz	/ˈɹaɪʃ/
reit	/ˈɹaɪt/
reitan	/ˈɹaɪtən/
reitano	/ɹeɪiˈtɑnoʊ/
reiten	/ˈɹaɪtən/
reiter	/ˈɹaɪtɚ/
reitera	/ɹiˈɪtɚə/
reiterate	/ɹiˈɪtɚˌeɪt/
reiterated	/ɹiˈɪtɚˌeɪtɪd/
reiterates	/ɹiˈɪtɚˌeɪs/
reiterating	/ɹiˈɪtɚˌeɪtɪŋ/
reiteration	/ɹiˌɪtɚˈeɪʃən/
reith	/ˈɹiθ/
reither	/ˈɹaɪðɚ/
reitman	/ˈɹaɪtmən/
reitmeier	/ˈɹaɪtmaɪɚ/
reitmeyer	/ˈɹaɪtmaɪɚ/
reits	/ˈɹaɪts/
reitsma	/ˈɹaɪtsmə/
reitter	/ˈɹaɪtɚ/
reitz	/ˈɹaɪts/
reitzel	/ˈɹaɪtsəl/
reitzes	/ˈɹaɪtsɪz/
reitzfeld	/ˈɹitsˌfɛld/
reject	/ɹɪˈdʒɛkt/
rejected	/ɹɪˈdʒɛktɪd/
rejecting	/ɹɪˈdʒɛktɪŋ/
rejection	/ɹɪˈdʒɛkʃən/
rejectionist	/ɹɪˈdʒɛkʃənɪst/
rejectionists	/ɹɪˈdʒɛkʃənɪsts/
rejections	/ɹɪˈdʒɛkʃənz/
rejects	/ɹɪˈdʒɛkts/
rejiggering	/ɹiˈdʒɪɡɚɪŋ/
rejoice	/ɹɪˈdʒɔɪs/
rejoiced	/ɹɪˈdʒɔɪst/
rejoicing	/ɹɪˈdʒɔɪsɪŋ/
rejoin	/ɹiˈdʒɔɪn/
rejoinder	/ɹɪˈdʒɔɪndɚ/
rejoined	/ɹiˈdʒɔɪnd/
rejoining	/ɹiˈdʒɔɪnɪŋ/
rejoins	/ɹiˈdʒɔɪnz/
rejuvenate	/ɹɪˈdʒuvəˌneɪt/
rejuvenated	/ɹɪˈdʒuvəˌneɪtɪd/
rejuvenates	/ɹɪˈdʒuvɪˌneɪts/
rejuvenating	/ɹiˈdʒuvəˌneɪtɪŋ/
rejuvenation	/ɹɪˌdʒuvəˈneɪʃən/
rekenthaler	/ˈɹɛkənˌtɑlɚ/
reker	/ˈɹikɚ/
rekindle	/ɹiˈkɪndəl/
rekindled	/ɹiˈkɪndəld/
rekindling	/ɹiˈkɪndlɪŋ/
relabel	/ɹiˈleɪbəl/
relapse	/ɹiˈlæps/
relapsed	/ɹiˈlæpst/
relapses	/ɹiˈlæpsɪz/
relapsing	/ɹɪˈlæpsɪŋ/
relate	/ɹɪˈleɪt/
related	/ɹɪˈleɪtɪd/
relates	/ɹɪˈleɪts/
relating	/ɹɪˈleɪtɪŋ/
relation	/ɹiˈleɪʃən/
relational	/ɹiˈleɪʃənəl/
relations	/ɹiˈleɪʃənz/
relationship	/ɹiˈleɪʃənˌʃɪp/
relationships	/ɹiˈleɪʃənˌʃɪps/
relative	/ˈɹɛlətɪv/
relative's	/ˈɹɛlətɪvz/
relatively	/ˈɹɛlətɪvli/
relatives	/ˈɹɛlətɪvz/
relativism	/ˈɹɛlətɪˌvɪzəm/
relativistic	/ˌɹɛlətɪˈvɪstɪk/
relativity	/ˌɹɛləˈtɪvəti/
relaunch	/ɹiˈlɔntʃ/
relaunched	/ɹiˈlɔntʃt/
relax	/ɹɪˈlæks/
relaxation	/ˌɹilækˈseɪʃən/
relaxed	/ɹɪˈlækst/
relaxes	/ɹɪˈlæksɪz/
relaxing	/ɹɪˈlæksɪŋ/
relay	/ˈɹiˌleɪ/
relayed	/ˈɹiˌleɪd/
relaying	/ˈɹiˌleɪɪŋ/
relays	/ˈɹiˌleɪz/
relearn	/ɹiˈlɛɹn/
relearning	/ɹiˈlɛɹnɪŋ/
release	/ɹiˈlis/
released	/ɹiˈlist/
releases	/ɹɪˈlisɪz/
releasing	/ɹiˈlisɪŋ/
releford	/ˈɹɛlɪfɚd/
relegate	/ˈɹɛləˌɡeɪt/
relegated	/ˈɹɛləˌɡeɪtɪd/
relegating	/ˈɹɛləˌɡeɪtɪŋ/
relend	/ɹiˈlɛnd/
relending	/ɹiˈlɛndɪŋ/
relent	/ɹɪˈlɛnt/
relented	/ɹɪˈlɛntɪd/
relenting	/ɹɪˈlɛntɪŋ/
relentless	/ɹɪˈlɛntlɪs/
relentlessly	/ɹɪˈlɛntləsli/
relevance	/ˈɹɛləvəns/
relevancy	/ˈɹɛləvənsi/
relevant	/ˈɹɛləvənt/
relf	/ˈɹɛlf/
relford	/ˈɹɛlfɚd/
reli	/ˈɹɛli/
reliability	/ɹiˌlaɪəˈbɪləti/
reliable	/ɹɪˈlaɪəbəl/
reliably	/ɹɪˈlaɪəbli/
reliance	/ɹɪˈlaɪəns/
reliance's	/ɹɪˈlaɪənsɪz/
reliant	/ɹɪˈlaɪənt/
relic	/ˈɹɛlɪk/
relics	/ˈɹɛlɪks/
relied	/ɹɪˈlaɪd/
relief	/ɹɪˈlif/
reliefs	/ɹiˈlifs/
relies	/ɹɪˈlaɪz/
relieve	/ɹɪˈliv/
relieved	/ɹɪˈlivd/
reliever	/ɹiˈlivɚ/
relievers	/ɹiˈlivɚz/
relieves	/ɹiˈlivz/
relieving	/ɹɪˈlivɪŋ/
reliford	/ˈɹɛlɪfɔɹd/
relig	/ɹɪˈlɪdʒ/
religion	/ɹɪˈlɪdʒən/
religion's	/ɹɪˈlɪdʒənz/
religione	/ɹɪˌlɪdʒiˈoʊni/
religionist	/ɹiˈlɪdʒənɪst/
religions	/ɹiˈlɪdʒənz/
religiosity	/ɹɪˌlɪdʒiˈɑsəti/
religious	/ɹɪˈlɪdʒəs/
religiously	/ɹɪˈlɪdʒəsli/
relinquish	/ɹɪˈlɪŋkwɪʃ/
relinquished	/ɹɪˈlɪŋkwɪʃt/
relinquishes	/ɹɪˈlɪŋkwɪʃɪz/
relinquishing	/ɹiˈlɪŋkwɪʃɪŋ/
relish	/ˈɹɛlɪʃ/
relished	/ˈɹɛlɪʃt/
relishes	/ˈɹɛlɪʃəz/
relishing	/ˈɹɛlɪʃɪŋ/
relive	/ɹiˈlɪv/
relived	/ɹiˈlɪvd/
reliving	/ɹiˈlɪvɪŋ/
rella	/ˈɹɛlə/
reller	/ˈɹɛlɚ/
relman	/ˈɹɛlmən/
reload	/ɹiˈloʊd/
reloadable	/ˌɹiˈloʊdəbəl/
reloaded	/ˌɹiˈloʊdɪd/
reloads	/ˌɹiˈloʊdz/
relocate	/ˌɹiˈloʊkeɪt/
relocated	/ˌɹiˈloʊkeɪtɪd/
relocating	/ˌɹiˈloʊkeɪtɪŋ/
relocation	/ˌɹiˈloʊˈkeɪʃən/
relocations	/ˌɹiˈloʊˈkeɪʃənz/
relondo	/ɹɪˈlɔndoʊ/
reloral	/ɹiˈlɔɹəl/
relph	/ˈɹɛlf/
reluctance	/ɹɪˈlʌktəns/
reluctant	/ɹɪˈlʌktənt/
reluctantly	/ɹɪˈlʌktəntli/
rely	/ɹɪˈlaɪ/
relyea	/ˈɹɛlˌjeɪ/
relying	/ɹiˈlaɪɪŋ/
rem	/ˈɹɛm/
remade	/ɹiˈmeɪd/
remain	/ɹɪˈmeɪn/
remainder	/ɹɪˈmeɪndɚ/
remained	/ɹɪˈmeɪnd/
remaining	/ɹɪˈmeɪnɪŋ/
remains	/ɹɪˈmeɪnz/
remake	/ˈɹiˈmeɪk/
remakes	/ˈɹiˈmeɪks/
remaking	/ˈɹiˈmeɪkɪŋ/
remaley	/ˈɹɛməli/
remaly	/ˈɹiməli/
remand	/ɹɪˈmænd/
remanded	/ɹɪˈmændɪd/
remanufacture	/ˌɹiˌmænjuˈfæktʃɚ/
remanufactured	/ˌɹiˌmænjuˈfæktʃɚd/
remark	/ɹɪˈmɑɹk/
remarkable	/ɹɪˈmɑɹkəbəl/
remarkably	/ɹɪˈmɑɹkəbli/
remarked	/ɹɪˈmɑɹkt/
remarket	/ɹiˈmɑɹkət/
remarketed	/ɹiˈmɑɹkətɪd/
remarketing	/ɹiˈmɑɹkətɪŋ/
remarking	/ɹɪˈmɑɹkɪŋ/
remarks	/ɹɪˈmɑɹks/
remarriage	/ɹiˈmɛɹɪdʒ/
remarried	/ɹiˈmɛɹid/
remarry	/ɹiˈmɛɹi/
remarrying	/ɹiˈmɛɹiɪŋ/
rematch	/ˈɹiˈmætʃ/
rembert	/ˈɹɛmbɚt/
rembold	/ˈɹɛmˌboʊld/
rembrandt	/ˈɹɛmˌbɹænt/
rembrandt's	/ˈɹɛmˌbɹænts/
rembrandts	/ˈɹɛmˌbɹænts/
remco	/ˈɹɛmkoʊ/
remedial	/ɹɪˈmidiəl/
remediate	/ɹiˈmidiət/
remediation	/ɹɪˌmidiˈeɪʃən/
remedied	/ˈɹɛmədid/
remedies	/ˈɹɛmədiz/
remedy	/ˈɹɛmədi/
remedying	/ˈɹɛmədiɪŋ/
remember	/ɹɪˈmɛmbɚ/
remembered	/ɹɪˈmɛmbɚd/
remembering	/ɹɪˈmɛmbɚɪŋ/
remembers	/ɹɪˈmɛmbɚz/
remembrance	/ɹiˈmɛmbɹəns/
remembrances	/ɹɪˈmɛmbɹənsɪz/
remer	/ˈɹimɚ/
remerchandise	/ɹiˈmɝtʃənˌdaɪz/
remerchandised	/ɹiˈmɝtʃənˌdaɪzd/
remerci	/ɹɪˈmɝsi/
remi	/ˈɹɛmi/
remic	/ˈɹɛmɪk/
remick	/ˈɹɛmɪk/
remics	/ˈɹɛmɪks/
remigio	/ɹɪˈmɪdʒioʊ/
remillard	/ˈɹɛmɪlɚd/
remind	/ɹiˈmaɪnd/
reminded	/ɹiˈmaɪndɪd/
reminder	/ɹiˈmaɪndɚ/
reminders	/ɹiˈmaɪndɚz/
reminding	/ɹiˈmaɪndɪŋ/
reminds	/ɹiˈmaɪndz/
remington	/ˈɹɛmɪŋtən/
remingtons	/ˈɹɛmɪŋtənz/
reminisce	/ˌɹɛməˈnɪs/
reminisced	/ˌɹɛməˈnɪst/
reminiscence	/ˌɹɛməˈnɪsəns/
reminiscences	/ˌɹɛməˈnɪsənsɪz/
reminiscent	/ˌɹɛməˈnɪsənt/
reminisces	/ˌɹɛməˈnɪsɪz/
reminiscing	/ˌɹɛməˈnɪsɪŋ/
remis	/ˈɹeɪmiz/
remiss	/ɹiˈmɪs/
remisses	/ɹiˈmɪsɪz/
remission	/ɹiˈmɪʃən/
remissions	/ɹiˈmɪʃənz/
remit	/ɹiˈmɪt/
remittance	/ɹiˈmɪtəns/
remittances	/ɹiˈmɪtənsɪz/
remitted	/ɹiˈmɪtɪd/
remley	/ˈɹɛmli/
remlinger	/ˈɹɛməlɪŋɚ/
remme	/ˈɹɛm/
remmel	/ˈɹɛməl/
remmers	/ˈɹɛmɚz/
remmert	/ˈɹɛmɚt/
remmington	/ˈɹɛmɪŋtɪn/
remmy	/ˈɹɛmi/
remnant	/ˈɹɛmnənt/
remnants	/ˈɹɛmnənts/
remnick	/ˈɹɛmnɪk/
remo	/ˈɹɛmoʊ/
remodel	/ɹiˈmɑdəl/
remodeled	/ɹiˈmɑdəld/
remodeling	/ɹɪˈmɑdəlɪŋ/
remold	/ɹiˈmoʊld/
remolded	/ɹiˈmoʊldɪd/
remorse	/ɹɪˈmɔɹs/
remorseful	/ɹɪˈmɔɹsfəl/
remorseless	/ɹɪˈmɔɹsləs/
remote	/ɹɪˈmoʊt/
remotely	/ɹiˈmoʊtli/
remoteness	/ɹiˈmoʊtnəs/
remotest	/ɹɪˈmoʊtəst/
remoulded	/ɹiˈmoʊldɪd/
removable	/ɹɪˈmuvəbəl/
removal	/ɹɪˈmuvəl/
removals	/ɹɪˈmuvəlz/
remove	/ɹiˈmuv/
removed	/ɹiˈmuvd/
remover	/ɹɪˈmuvɚ/
removes	/ɹiˈmuvz/
removing	/ɹiˈmuvɪŋ/
rempac	/ˈɹɛmˌpæk/
rempe	/ˈɹɛmp/
rempel	/ˈɹɛmpəl/
rempfer	/ˈɹɛmpfɚ/
remsberg	/ˈɹɛmsbɚɡ/
remsburg	/ˈɹɛmsbɚɡ/
remsen	/ˈɹɛmsən/
remson	/ˈɹɛmsən/
remunerate	/ɹɪmˌjunɚˈeɪt/
remuneration	/ɹɪmˌjunɚˈeɪʃən/
remunerative	/ɹimˈjunɚətɪv/
remus	/ˈɹiməs/
remy	/ˈɹɛmi/
ren	/ˈɹɛn/
rena	/ˈɹinə/
renaissance	/ˌɹɛnəˈsɑns/
renaissance's	/ˌɹɛnəˈsɑnsɪz/
renal	/ˈɹinəl/
renaldo	/ɹɛˈnɑldoʊ/
rename	/ɹiˈneɪm/
renamed	/ɹiˈneɪmd/
renaming	/ɹiˈneɪmɪŋ/
renamo	/ɹɛˈnɑmoʊ/
renard	/ɹɪˈnɑɹd/
renata	/ɹəˈnɑtə/
renate	/ɹəˈnɑtə/
renationalization	/ɹiˌnæʃənəlɪˈzeɪʃən/
renationalize	/ɹiˈnæʃənəˌlaɪz/
renato	/ɹɛˈnɑtoʊ/
renaud	/ɹɪˈnoʊ/
renault	/ɹəˈnoʊ/
renault's	/ɹɪˈnɔlts/
renbarger	/ˈɹɛnˌbɑɹɡɚ/
rencen	/ˈɹɛnsən/
rench	/ˈɹɛntʃ/
rencher	/ˈɹɛntʃɚ/
renco	/ˈɹɛnkoʊ/
renda	/ˈɹɛndə/
rendall	/ˈɹɛndəl/
rende	/ˈɹɛnd/
rendell	/ˈɹɛndəl/
rendell's	/ˈɹɛndəlz/
render	/ˈɹɛndɚ/
rendered	/ˈ